mission_time_s,tx,ty,tz,error,x1,x2,x3,y1,y2,y3,z1,z2,z3
0.013486,NaN,NaN,NaN,NaN,-0.047337,-2.000466,2.023551,-0.119631,-2.013892,-2.029838,-9.844135,0.029499,-0.004593
0.022417,NaN,NaN,NaN,NaN,-0.045491,-2.000280,2.023577,-0.119695,-2.013752,-2.029965,-9.845318,0.029510,-0.004940
0.039009,NaN,NaN,NaN,NaN,-0.043651,-1.999915,2.023589,-0.119693,-2.013484,-2.030030,-9.846493,0.029545,-0.005112
0.053417,NaN,NaN,NaN,NaN,-0.042705,-1.999627,2.023615,-0.119673,-2.013200,-2.030090,-9.847046,0.029537,-0.005440
0.062604,NaN,NaN,NaN,NaN,-0.040820,-1.999486,2.023640,-0.119585,-2.013064,-2.030157,-9.848141,0.029545,-0.005756
0.073026,NaN,NaN,NaN,NaN,-0.039881,-1.999346,2.023642,-0.119518,-2.012933,-2.030158,-9.848686,0.029552,-0.005928
0.082971,NaN,NaN,NaN,NaN,-0.038911,-1.999239,2.023643,-0.119438,-2.012792,-2.030160,-9.849194,0.029526,-0.006084
0.093212,NaN,NaN,NaN,NaN,-0.037944,-1.999133,2.023643,-0.119344,-2.012654,-2.030165,-9.849712,0.029503,-0.006241
0.103419,NaN,NaN,NaN,NaN,-0.036019,-1.998925,2.023642,-0.119109,-2.012391,-2.030154,-9.850742,0.029465,-0.006550
0.113277,NaN,NaN,NaN,NaN,-0.035024,-1.998852,2.023640,-0.118983,-2.012269,-2.030138,-9.851227,0.029411,-0.006702
0.122457,NaN,NaN,NaN,NaN,-0.034033,-1.998780,2.023637,-0.118843,-2.012150,-2.030125,-9.851707,0.029362,-0.006851
0.135560,NaN,NaN,NaN,NaN,-0.033045,-1.998591,2.023639,-0.118688,-2.011813,-2.030082,-9.852188,0.029228,-0.007145
0.153943,NaN,NaN,NaN,NaN,-0.030019,-1.998544,2.023648,-0.118180,-2.011709,-2.030024,-9.853580,0.029171,-0.007431
0.163354,NaN,NaN,NaN,NaN,-0.029005,-1.998498,2.023652,-0.117989,-2.011608,-2.029998,-9.854034,0.029114,-0.007572
0.174032,NaN,NaN,NaN,NaN,-0.026989,-1.998409,2.023656,-0.117566,-2.011414,-2.029974,-9.854939,0.029018,-0.007710
0.184215,NaN,NaN,NaN,NaN,-0.025949,-1.998380,2.023665,-0.117343,-2.011322,-2.029873,-9.855370,0.028950,-0.007969
0.193450,NaN,NaN,NaN,NaN,-0.024914,-1.998352,2.023669,-0.117106,-2.011233,-2.029827,-9.855801,0.028881,-0.008095
0.203504,NaN,NaN,NaN,NaN,-0.023884,-1.998325,2.023673,-0.116857,-2.011146,-2.029783,-9.856232,0.028820,-0.008202
0.213541,NaN,NaN,NaN,NaN,-0.022859,-1.998298,2.023692,-0.116594,-2.011063,-2.029713,-9.856659,0.028763,-0.008289
0.225596,NaN,NaN,NaN,NaN,-0.020749,-1.998267,2.023711,-0.116043,-2.010801,-2.029645,-9.857475,0.028511,-0.008373
0.235453,NaN,NaN,NaN,NaN,-0.019703,-1.998257,2.023746,-0.115748,-2.010720,-2.029518,-9.857883,0.028435,-0.008549
0.253841,NaN,NaN,NaN,NaN,-0.017591,-1.998274,2.023820,-0.115124,-2.010510,-2.029347,-9.858681,0.028278,-0.008709
0.261934,NaN,NaN,NaN,NaN,-0.015466,-1.998282,2.023889,-0.114454,-2.010411,-2.029189,-9.859459,0.028210,-0.008877
0.273141,NaN,NaN,NaN,NaN,-0.014414,-1.998291,2.023940,-0.114101,-2.010315,-2.029094,-9.859844,0.028145,-0.008938
0.283664,NaN,NaN,NaN,NaN,-0.013328,-1.998318,2.023990,-0.113742,-2.010190,-2.029002,-9.860222,0.028061,-0.009003
0.293048,NaN,NaN,NaN,NaN,-0.012251,-1.998344,2.024039,-0.113373,-2.010069,-2.028913,-9.860596,0.027981,-0.009068
0.302892,NaN,NaN,NaN,NaN,-0.010117,-1.998397,2.024162,-0.112598,-2.009837,-2.028712,-9.861347,0.027832,-0.009178
0.313242,NaN,NaN,NaN,NaN,-0.009030,-1.998439,2.024237,-0.112201,-2.009701,-2.028600,-9.861713,0.027737,-0.009228
0.322691,NaN,NaN,NaN,NaN,-0.007950,-1.998480,2.024310,-0.111792,-2.009569,-2.028493,-9.862080,0.027645,-0.009293
0.335632,NaN,NaN,NaN,NaN,-0.005814,-1.998620,2.024474,-0.110941,-2.009170,-2.028253,-9.862839,0.027370,-0.009411
0.353283,NaN,NaN,NaN,NaN,-0.003661,-1.998681,2.024690,-0.110061,-2.009029,-2.027974,-9.863571,0.027264,-0.009502
0.361832,NaN,NaN,NaN,NaN,-0.002596,-1.998740,2.024789,-0.109606,-2.008891,-2.027844,-9.863937,0.027164,-0.009552
0.373432,NaN,NaN,NaN,NaN,-0.001541,-1.998860,2.024879,-0.109141,-2.008618,-2.027693,-9.864304,0.026958,-0.009586
0.382634,NaN,NaN,NaN,NaN,0.000590,-1.998922,2.025055,-0.108185,-2.008482,-2.027403,-9.864994,0.026840,-0.009651
0.393057,NaN,NaN,NaN,NaN,0.001642,-1.998983,2.025142,-0.107692,-2.008350,-2.027265,-9.865341,0.026730,-0.009689
0.403443,NaN,NaN,NaN,NaN,0.002686,-1.999043,2.025228,-0.107188,-2.008221,-2.027113,-9.865688,0.026623,-0.009712
0.413183,NaN,NaN,NaN,NaN,0.003729,-1.999102,2.025314,-0.106677,-2.008080,-2.026964,-9.866047,0.026489,-0.009739
0.421928,NaN,NaN,NaN,NaN,0.005788,-1.999217,2.025482,-0.105628,-2.007808,-2.026681,-9.866760,0.026249,-0.009796
0.435038,NaN,NaN,NaN,NaN,0.006804,-1.999273,2.025565,-0.105090,-2.007678,-2.026546,-9.867119,0.026142,-0.009827
0.442707,NaN,NaN,NaN,NaN,0.007811,-1.999329,2.025660,-0.104543,-2.007552,-2.026401,-9.867477,0.026043,-0.009850
0.453505,NaN,NaN,NaN,NaN,0.008824,-1.999453,2.025755,-0.103987,-2.007288,-2.026260,-9.867832,0.025799,-0.009876
0.461964,NaN,NaN,NaN,NaN,0.010820,-1.999513,2.025942,-0.102848,-2.007160,-2.025990,-9.868542,0.025684,-0.009930
0.473147,NaN,NaN,NaN,NaN,0.011804,-1.999573,2.026028,-0.102266,-2.007036,-2.025858,-9.868896,0.025574,-0.009956
0.482419,NaN,NaN,NaN,NaN,0.012810,-1.999639,2.026114,-0.101690,-2.006901,-2.025729,-9.869259,0.025452,-0.009979
0.494142,NaN,NaN,NaN,NaN,0.013806,-1.999833,2.026247,-0.101106,-2.006514,-2.025504,-9.869617,0.025162,-0.010029
0.513143,NaN,NaN,NaN,NaN,0.016764,-1.999902,2.026418,-0.099334,-2.006383,-2.025254,-9.870728,0.025059,-0.010109
0.522543,NaN,NaN,NaN,NaN,0.017750,-1.999970,2.026510,-0.098744,-2.006255,-2.025132,-9.871101,0.024960,-0.010155
0.534514,NaN,NaN,NaN,NaN,0.019691,-2.000163,2.026687,-0.097540,-2.005880,-2.024880,-9.871849,0.024670,-0.010231
0.553422,NaN,NaN,NaN,NaN,0.021642,-2.000222,2.026862,-0.096353,-2.005755,-2.024625,-9.872616,0.024570,-0.010292
0.563167,NaN,NaN,NaN,NaN,0.022601,-2.000281,2.026948,-0.095748,-2.005633,-2.024503,-9.872997,0.024479,-0.010319
0.573813,NaN,NaN,NaN,NaN,0.023549,-2.000395,2.027033,-0.095136,-2.005388,-2.024368,-9.873390,0.024281,-0.010334
0.583813,NaN,NaN,NaN,NaN,0.025470,-2.000451,2.027201,-0.093940,-2.005265,-2.024110,-9.874222,0.024178,-0.010368
0.603964,NaN,NaN,NaN,NaN,0.026414,-2.000561,2.027283,-0.093331,-2.005030,-2.023988,-9.874638,0.023983,-0.010387
0.624175,NaN,NaN,NaN,NaN,0.028284,-2.000664,2.027439,-0.092122,-2.004793,-2.023729,-9.875488,0.023781,-0.010418
0.630712,NaN,NaN,NaN,NaN,0.030126,-2.000715,2.027592,-0.090914,-2.004680,-2.023485,-9.876369,0.023685,-0.010433
0.641427,NaN,NaN,NaN,NaN,0.031028,-2.000766,2.027677,-0.090300,-2.004570,-2.023361,-9.876812,0.023598,-0.010429
0.651506,NaN,NaN,NaN,NaN,0.031935,-2.000814,2.027761,-0.089709,-2.004453,-2.023241,-9.877274,0.023487,-0.010429
0.661218,NaN,NaN,NaN,NaN,0.032830,-2.000861,2.027844,-0.089110,-2.004340,-2.023123,-9.877731,0.023384,-0.010429
0.671132,NaN,NaN,NaN,NaN,0.033712,-2.000954,2.028010,-0.088505,-2.004122,-2.022880,-9.878185,0.023178,-0.010426
0.681595,NaN,NaN,NaN,NaN,0.035466,-2.000988,2.028092,-0.087301,-2.004010,-2.022755,-9.879093,0.023075,-0.010422
0.691041,NaN,NaN,NaN,NaN,0.036337,-2.001023,2.028174,-0.086702,-2.003900,-2.022633,-9.879543,0.022972,-0.010426
0.702817,NaN,NaN,NaN,NaN,0.037197,-2.001092,2.028335,-0.086097,-2.003691,-2.022399,-9.880009,0.022785,-0.010433
0.711559,NaN,NaN,NaN,NaN,0.038878,-2.001126,2.028411,-0.084869,-2.003590,-2.022281,-9.880928,0.022697,-0.010422
0.722956,NaN,NaN,NaN,NaN,0.039730,-2.001157,2.028486,-0.084265,-2.003476,-2.022165,-9.881405,0.022610,-0.010418
0.730752,NaN,NaN,NaN,NaN,0.040570,-2.001189,2.028561,-0.083655,-2.003365,-2.022052,-9.881874,0.022526,-0.010414
0.741561,NaN,NaN,NaN,NaN,0.042211,-2.001252,2.028635,-0.082419,-2.003151,-2.021942,-9.882805,0.022373,-0.010410
0.751197,NaN,NaN,NaN,NaN,0.043033,-2.001300,2.028768,-0.081823,-2.003046,-2.021726,-9.883274,0.022308,-0.010395
0.761128,NaN,NaN,NaN,NaN,0.043842,-2.001348,2.028835,-0.081222,-2.002944,-2.021622,-9.883739,0.022243,-0.010387
0.770769,NaN,NaN,NaN,NaN,0.044639,-2.001395,2.028901,-0.080617,-2.002843,-2.021521,-9.884201,0.022182,-0.010384
0.781527,NaN,NaN,NaN,NaN,0.045422,-2.001442,2.028958,-0.080006,-2.002745,-2.021413,-9.884659,0.022125,-0.010380
0.793192,NaN,NaN,NaN,NaN,0.046981,-2.001555,2.029071,-0.078821,-2.002572,-2.021208,-9.885586,0.022030,-0.010372
0.803074,NaN,NaN,NaN,NaN,0.047742,-2.001665,2.029128,-0.078221,-2.002407,-2.021109,-9.886044,0.021961,-0.010368
0.821512,NaN,NaN,NaN,NaN,0.049244,-2.001798,2.029238,-0.077018,-2.002282,-2.020896,-9.886959,0.021904,-0.010311
0.830577,NaN,NaN,NaN,NaN,0.050716,-2.001863,2.029346,-0.075811,-2.002221,-2.020695,-9.887875,0.021881,-0.010265
0.841224,NaN,NaN,NaN,NaN,0.051433,-2.001928,2.029402,-0.075200,-2.002163,-2.020578,-9.888325,0.021862,-0.010227
0.851206,NaN,NaN,NaN,NaN,0.052162,-2.001999,2.029457,-0.074601,-2.002106,-2.020464,-9.888786,0.021854,-0.010189
0.861228,NaN,NaN,NaN,NaN,0.052878,-2.002069,2.029512,-0.073999,-2.002052,-2.020353,-9.889240,0.021858,-0.010155
0.870617,NaN,NaN,NaN,NaN,0.054271,-2.002208,2.029630,-0.072781,-2.001947,-2.020114,-9.890141,0.021870,-0.010086
0.881162,NaN,NaN,NaN,NaN,0.054964,-2.002289,2.029692,-0.072180,-2.001898,-2.019985,-9.890583,0.021889,-0.010044
0.889919,NaN,NaN,NaN,NaN,0.055644,-2.002369,2.029753,-0.071575,-2.001851,-2.019860,-9.891022,0.021912,-0.010002
0.902571,NaN,NaN,NaN,NaN,0.056963,-2.002610,2.029883,-0.070354,-2.001729,-2.019601,-9.891880,0.021996,-0.009911
0.921637,NaN,NaN,NaN,NaN,0.058266,-2.002693,2.030018,-0.069126,-2.001697,-2.019339,-9.892727,0.022038,-0.009811
0.930346,NaN,NaN,NaN,NaN,0.058897,-2.002774,2.030084,-0.068507,-2.001667,-2.019212,-9.893139,0.022079,-0.009762
0.943034,NaN,NaN,NaN,NaN,0.060158,-2.002938,2.030268,-0.067265,-2.001616,-2.018948,-9.894009,0.022186,-0.009602
0.951758,NaN,NaN,NaN,NaN,0.060787,-2.003019,2.030358,-0.066641,-2.001595,-2.018820,-9.894444,0.022251,-0.009525
0.963613,NaN,NaN,NaN,NaN,0.061402,-2.003179,2.030447,-0.066014,-2.001559,-2.018694,-9.894871,0.022385,-0.009453
0.981916,NaN,NaN,NaN,NaN,0.062590,-2.003257,2.030639,-0.064752,-2.001542,-2.018447,-9.895710,0.022457,-0.009289
0.992926,NaN,NaN,NaN,NaN,0.063821,-2.003437,2.030842,-0.063506,-2.001530,-2.018208,-9.896576,0.022644,-0.009113
1.002779,NaN,NaN,NaN,NaN,0.064414,-2.003526,2.030943,-0.062879,-2.001526,-2.018092,-9.896999,0.022739,-0.009029
1.009331,NaN,NaN,NaN,NaN,0.064994,-2.003615,2.031058,-0.062250,-2.001523,-2.017971,-9.897419,0.022831,-0.008919
1.021665,NaN,NaN,NaN,NaN,0.065616,-2.003811,2.031173,-0.061626,-2.001543,-2.017852,-9.897861,0.023037,-0.008808
1.031071,NaN,NaN,NaN,NaN,0.066815,-2.003908,2.031402,-0.060371,-2.001555,-2.017621,-9.898727,0.023144,-0.008602
1.041474,NaN,NaN,NaN,NaN,0.067392,-2.004004,2.031536,-0.059741,-2.001567,-2.017489,-9.899151,0.023254,-0.008476
1.050866,NaN,NaN,NaN,NaN,0.068010,-2.004108,2.031668,-0.059112,-2.001589,-2.017358,-9.899597,0.023369,-0.008339
1.062572,NaN,NaN,NaN,NaN,0.069201,-2.004416,2.031931,-0.057850,-2.001660,-2.017105,-9.900471,0.023708,-0.008076
1.081250,NaN,NaN,NaN,NaN,0.070395,-2.004547,2.032234,-0.056580,-2.001680,-2.016830,-9.901337,0.023823,-0.007778
1.090871,NaN,NaN,NaN,NaN,0.070998,-2.004678,2.032384,-0.055943,-2.001700,-2.016697,-9.901768,0.023937,-0.007637
1.103620,NaN,NaN,NaN,NaN,0.072159,-2.005086,2.032705,-0.054666,-2.001776,-2.016437,-9.902607,0.024269,-0.007359
1.121208,NaN,NaN,NaN,NaN,0.073350,-2.005235,2.033044,-0.053405,-2.001807,-2.016185,-9.903446,0.024372,-0.007084
1.130482,NaN,NaN,NaN,NaN,0.073922,-2.005383,2.033211,-0.052774,-2.001840,-2.016061,-9.903854,0.024475,-0.006954
1.141297,NaN,NaN,NaN,NaN,0.074480,-2.005695,2.033377,-0.052144,-2.001904,-2.015934,-9.904255,0.024681,-0.006805
1.151241,NaN,NaN,NaN,NaN,0.075625,-2.005858,2.033705,-0.050876,-2.001937,-2.015686,-9.905052,0.024776,-0.006523
1.161946,NaN,NaN,NaN,NaN,0.076174,-2.006177,2.033867,-0.050241,-2.002002,-2.015566,-9.905445,0.024967,-0.006390
1.181596,NaN,NaN,NaN,NaN,0.077246,-2.006357,2.034181,-0.048976,-2.002041,-2.015317,-9.906204,0.025047,-0.006073
1.190162,NaN,NaN,NaN,NaN,0.078276,-2.006711,2.034488,-0.047716,-2.002119,-2.015077,-9.906944,0.025211,-0.005775
1.202710,NaN,NaN,NaN,NaN,0.078768,-2.007093,2.034625,-0.047086,-2.002212,-2.014945,-9.907307,0.025364,-0.005619
1.221059,NaN,NaN,NaN,NaN,0.079736,-2.007500,2.034896,-0.045840,-2.002317,-2.014688,-9.908016,0.025524,-0.005322
1.230164,NaN,NaN,NaN,NaN,0.080643,-2.007699,2.035162,-0.044596,-2.002369,-2.014438,-9.908703,0.025600,-0.005070
1.241296,NaN,NaN,NaN,NaN,0.081074,-2.007897,2.035288,-0.043975,-2.002422,-2.014289,-9.909039,0.025681,-0.004929
1.250513,NaN,NaN,NaN,NaN,0.081490,-2.008120,2.035412,-0.043348,-2.002482,-2.014143,-9.909370,0.025749,-0.004787
1.262537,NaN,NaN,NaN,NaN,0.081891,-2.008341,2.035658,-0.042722,-2.002541,-2.013860,-9.909695,0.025818,-0.004520
1.270573,NaN,NaN,NaN,NaN,0.082650,-2.008776,2.035779,-0.041472,-2.002659,-2.013708,-9.910328,0.025955,-0.004375
1.281232,NaN,NaN,NaN,NaN,0.083010,-2.009016,2.035898,-0.040843,-2.002712,-2.013559,-9.910625,0.026035,-0.004230
1.289871,NaN,NaN,NaN,NaN,0.083356,-2.009252,2.036016,-0.040216,-2.002765,-2.013411,-9.910919,0.026115,-0.004105
1.301531,NaN,NaN,NaN,NaN,0.084004,-2.009718,2.036133,-0.038966,-2.002869,-2.013266,-9.911518,0.026276,-0.003983
1.311456,NaN,NaN,NaN,NaN,0.084318,-2.009967,2.036375,-0.038330,-2.002942,-2.012973,-9.911800,0.026371,-0.003693
1.321163,NaN,NaN,NaN,NaN,0.084619,-2.010214,2.036495,-0.037696,-2.003015,-2.012830,-9.912079,0.026470,-0.003555
1.330058,NaN,NaN,NaN,NaN,0.084905,-2.010458,2.036613,-0.037064,-2.003087,-2.012688,-9.912350,0.026569,-0.003422
1.341404,NaN,NaN,NaN,NaN,0.085177,-2.010956,2.036740,-0.036434,-2.003246,-2.012551,-9.912617,0.026787,-0.003265
1.352209,NaN,NaN,NaN,NaN,0.085722,-2.011208,2.036990,-0.035175,-2.003334,-2.012282,-9.913136,0.026913,-0.002979
1.363130,NaN,NaN,NaN,NaN,0.085973,-2.011707,2.037113,-0.034549,-2.003505,-2.012150,-9.913395,0.027161,-0.002846
1.382165,NaN,NaN,NaN,NaN,0.086452,-2.011968,2.037361,-0.033285,-2.003609,-2.011920,-9.913906,0.027306,-0.002514
1.391710,NaN,NaN,NaN,NaN,0.086892,-2.012485,2.037604,-0.032013,-2.003813,-2.011697,-9.914402,0.027592,-0.002201
1.402194,NaN,NaN,NaN,NaN,0.087090,-2.012739,2.037717,-0.031380,-2.003913,-2.011611,-9.914642,0.027733,-0.002022
1.411314,NaN,NaN,NaN,NaN,0.087290,-2.012997,2.037828,-0.030737,-2.004029,-2.011526,-9.914875,0.027889,-0.001842
1.421208,NaN,NaN,NaN,NaN,0.087476,-2.013505,2.037938,-0.030096,-2.004256,-2.011443,-9.915108,0.028191,-0.001667
1.430341,NaN,NaN,NaN,NaN,0.087807,-2.013757,2.038144,-0.028822,-2.004368,-2.011295,-9.915554,0.028343,-0.001305
1.441376,NaN,NaN,NaN,NaN,0.087971,-2.013999,2.038241,-0.028164,-2.004495,-2.011230,-9.915771,0.028519,-0.001118
1.451306,NaN,NaN,NaN,NaN,0.088121,-2.014239,2.038336,-0.027509,-2.004620,-2.011166,-9.915985,0.028694,-0.000938
1.462323,NaN,NaN,NaN,NaN,0.088257,-2.014950,2.038513,-0.026858,-2.004992,-2.011055,-9.916195,0.029305,-0.000576
1.481255,NaN,NaN,NaN,NaN,0.088622,-2.015186,2.038675,-0.024866,-2.005115,-2.010961,-9.916840,0.029522,-0.000217
1.490066,NaN,NaN,NaN,NaN,0.088724,-2.015420,2.038755,-0.024200,-2.005238,-2.010914,-9.917049,0.029736,-0.000046
1.501579,NaN,NaN,NaN,NaN,0.088889,-2.015883,2.038834,-0.022879,-2.005477,-2.010868,-9.917469,0.030159,0.000118
1.511333,NaN,NaN,NaN,NaN,0.088959,-2.016106,2.038965,-0.022197,-2.005607,-2.010823,-9.917683,0.030399,0.000507
1.521042,NaN,NaN,NaN,NaN,0.089017,-2.016328,2.039030,-0.021519,-2.005735,-2.010801,-9.917892,0.030636,0.000694
1.531216,NaN,NaN,NaN,NaN,0.089062,-2.016548,2.039095,-0.020846,-2.005861,-2.010779,-9.918098,0.030869,0.000881
1.542076,NaN,NaN,NaN,NaN,0.089095,-2.016766,2.039140,-0.020176,-2.005985,-2.010769,-9.918304,0.031101,0.001091
1.551378,NaN,NaN,NaN,NaN,0.089183,-2.017178,2.039230,-0.018810,-2.006259,-2.010749,-9.918728,0.031597,0.001492
1.561987,NaN,NaN,NaN,NaN,0.089209,-2.017585,2.039275,-0.018133,-2.006526,-2.010740,-9.918934,0.032082,0.001686
1.581085,NaN,NaN,NaN,NaN,0.089259,-2.017777,2.039343,-0.016761,-2.006674,-2.010760,-9.919357,0.032341,0.002121
1.589746,NaN,NaN,NaN,NaN,0.089293,-2.018159,2.039411,-0.015376,-2.006965,-2.010778,-9.919788,0.032845,0.002522
1.618160,NaN,NaN,NaN,NaN,0.089292,-2.018348,2.039428,-0.014690,-2.007108,-2.010800,-9.920006,0.033092,0.002743
1.627822,NaN,NaN,NaN,NaN,0.089301,-2.018531,2.039445,-0.013993,-2.007269,-2.010823,-9.920231,0.033356,0.002960
1.638068,NaN,NaN,NaN,NaN,0.089298,-2.018713,2.039463,-0.013300,-2.007427,-2.010845,-9.920448,0.033615,0.003166
1.652605,NaN,NaN,NaN,NaN,0.089259,-2.018893,2.039494,-0.011929,-2.007584,-2.010900,-9.920879,0.033871,0.003597
1.663439,NaN,NaN,NaN,NaN,0.089235,-2.019255,2.039508,-0.011235,-2.007908,-2.010933,-9.921093,0.034386,0.003822
1.672277,NaN,NaN,NaN,NaN,0.089199,-2.019437,2.039522,-0.010545,-2.008076,-2.010966,-9.921307,0.034645,0.004028
1.684702,NaN,NaN,NaN,NaN,0.089093,-2.019797,2.039539,-0.009180,-2.008407,-2.011050,-9.921761,0.035152,0.004452
1.703376,NaN,NaN,NaN,NaN,0.088950,-2.020176,2.039545,-0.007760,-2.008763,-2.011149,-9.922237,0.035671,0.004868
1.712561,NaN,NaN,NaN,NaN,0.088863,-2.020363,2.039550,-0.007058,-2.008938,-2.011198,-9.922470,0.035927,0.005070
1.723100,NaN,NaN,NaN,NaN,0.088767,-2.020549,2.039530,-0.006361,-2.009112,-2.011267,-9.922699,0.036175,0.005287
1.732356,NaN,NaN,NaN,NaN,0.088663,-2.020928,2.039494,-0.005628,-2.009469,-2.011402,-9.922947,0.036686,0.005718
1.743208,NaN,NaN,NaN,NaN,0.088426,-2.021115,2.039477,-0.004181,-2.009645,-2.011469,-9.923428,0.036938,0.005924
1.752906,NaN,NaN,NaN,NaN,0.088292,-2.021301,2.039426,-0.003466,-2.009819,-2.011546,-9.923664,0.037186,0.006138
1.763521,NaN,NaN,NaN,NaN,0.088142,-2.021472,2.039377,-0.002704,-2.010002,-2.011622,-9.923916,0.037449,0.006348
1.774945,NaN,NaN,NaN,NaN,0.087982,-2.021643,2.039283,-0.001948,-2.010183,-2.011771,-9.924160,0.037708,0.006748
1.785244,NaN,NaN,NaN,NaN,0.087635,-2.022147,2.039237,-0.000455,-2.010717,-2.011845,-9.924644,0.038528,0.006943
1.803688,NaN,NaN,NaN,NaN,0.087253,-2.022282,2.039094,0.001048,-2.010898,-2.012021,-9.925129,0.038815,0.007370
1.818465,NaN,NaN,NaN,NaN,0.087049,-2.022417,2.038956,0.001808,-2.011077,-2.012195,-9.925377,0.039097,0.007778
1.829460,NaN,NaN,NaN,NaN,0.086615,-2.022684,2.038856,0.003307,-2.011429,-2.012301,-9.925861,0.039654,0.007980
1.838869,NaN,NaN,NaN,NaN,0.086399,-2.022823,2.038758,0.004081,-2.011626,-2.012407,-9.926113,0.039970,0.008175
1.850000,NaN,NaN,NaN,NaN,0.086174,-2.022934,2.038662,0.004847,-2.011809,-2.012510,-9.926365,0.040264,0.008366
1.858482,NaN,NaN,NaN,NaN,0.085701,-2.023082,2.038455,0.006358,-2.012137,-2.012721,-9.926853,0.040855,0.008759
1.870893,NaN,NaN,NaN,NaN,0.085471,-2.023157,2.038344,0.007125,-2.012311,-2.012828,-9.927101,0.041153,0.008949
1.877975,NaN,NaN,NaN,NaN,0.085233,-2.023234,2.038236,0.007883,-2.012484,-2.012935,-9.927345,0.041443,0.009140
1.891079,NaN,NaN,NaN,NaN,0.084731,-2.023388,2.038000,0.009376,-2.012825,-2.013158,-9.927826,0.042019,0.009518
1.908547,NaN,NaN,NaN,NaN,0.084231,-2.023489,2.037748,0.010921,-2.013186,-2.013390,-9.928310,0.042637,0.009892
1.918065,NaN,NaN,NaN,NaN,0.083969,-2.023541,2.037626,0.011681,-2.013364,-2.013505,-9.928547,0.042942,0.010071
1.929926,NaN,NaN,NaN,NaN,0.083700,-2.023593,2.037495,0.012432,-2.013540,-2.013632,-9.928791,0.043243,0.010258
1.940081,NaN,NaN,NaN,NaN,0.083442,-2.023625,2.037241,0.013223,-2.013723,-2.013882,-9.929050,0.043560,0.010624
1.949637,NaN,NaN,NaN,NaN,0.082902,-2.023693,2.037118,0.014778,-2.014084,-2.014006,-9.929558,0.044186,0.010796
1.958214,NaN,NaN,NaN,NaN,0.082620,-2.023729,2.036993,0.015542,-2.014261,-2.014135,-9.929802,0.044491,0.010971
1.970624,NaN,NaN,NaN,NaN,0.082054,-2.023808,2.036751,0.017120,-2.014821,-2.014390,-9.930332,0.045422,0.011303
1.990060,NaN,NaN,NaN,NaN,0.081459,-2.023836,2.036511,0.018661,-2.015003,-2.014649,-9.930843,0.045723,0.011620
1.999357,NaN,NaN,NaN,NaN,0.081159,-2.023848,2.036391,0.019454,-2.015191,-2.014783,-9.931118,0.046028,0.011776
2.008513,NaN,NaN,NaN,NaN,0.080852,-2.023861,2.036273,0.020237,-2.015377,-2.014916,-9.931385,0.046333,0.011929
2.017615,NaN,NaN,NaN,NaN,0.080539,-2.023892,2.036158,0.021011,-2.015745,-2.015048,-9.931648,0.046925,0.012074
2.028300,NaN,NaN,NaN,NaN,0.079918,-2.023885,2.035924,0.022564,-2.015924,-2.015340,-9.932175,0.047203,0.012363
2.037999,NaN,NaN,NaN,NaN,0.079612,-2.023880,2.035810,0.023343,-2.016103,-2.015485,-9.932438,0.047478,0.012489
2.049792,NaN,NaN,NaN,NaN,0.079298,-2.023875,2.035589,0.024113,-2.016631,-2.015772,-9.932697,0.048290,0.012726
2.068435,NaN,NaN,NaN,NaN,0.078343,-2.023861,2.035396,0.026397,-2.016791,-2.016064,-9.933456,0.048550,0.012943
2.077456,NaN,NaN,NaN,NaN,0.078030,-2.023850,2.035302,0.027163,-2.016951,-2.016208,-9.933708,0.048801,0.013046
2.088276,NaN,NaN,NaN,NaN,0.077383,-2.023833,2.035210,0.028664,-2.017267,-2.016351,-9.934193,0.049290,0.013149
2.097520,NaN,NaN,NaN,NaN,0.077058,-2.023818,2.035007,0.029427,-2.017418,-2.016635,-9.934437,0.049522,0.013351
2.108295,NaN,NaN,NaN,NaN,0.076726,-2.023794,2.034909,0.030179,-2.017718,-2.016777,-9.934677,0.049980,0.013447
2.128549,NaN,NaN,NaN,NaN,0.076045,-2.023785,2.034707,0.031652,-2.017867,-2.017059,-9.935139,0.050205,0.013626
2.138142,NaN,NaN,NaN,NaN,0.075693,-2.023762,2.034501,0.032381,-2.018137,-2.017338,-9.935368,0.050663,0.013790
2.149984,NaN,NaN,NaN,NaN,0.074973,-2.023747,2.034401,0.033807,-2.018406,-2.017477,-9.935810,0.051125,0.013866
2.168521,NaN,NaN,NaN,NaN,0.074221,-2.023728,2.034189,0.035197,-2.018532,-2.017739,-9.936264,0.051357,0.014072
2.178605,NaN,NaN,NaN,NaN,0.073832,-2.023697,2.034086,0.035880,-2.018783,-2.017869,-9.936497,0.051815,0.014168
2.188716,NaN,NaN,NaN,NaN,0.073039,-2.023685,2.033869,0.037213,-2.018908,-2.018129,-9.936939,0.052044,0.014370
2.199027,NaN,NaN,NaN,NaN,0.072633,-2.023661,2.033755,0.037879,-2.019031,-2.018259,-9.937160,0.052265,0.014473
2.208416,NaN,NaN,NaN,NaN,0.072222,-2.023639,2.033643,0.038534,-2.019154,-2.018388,-9.937374,0.052479,0.014576
2.218403,NaN,NaN,NaN,NaN,0.071385,-2.023620,2.033534,0.039811,-2.019277,-2.018516,-9.937786,0.052689,0.014683
2.228528,NaN,NaN,NaN,NaN,0.070948,-2.023575,2.033265,0.040443,-2.019521,-2.018761,-9.938000,0.053104,0.014915
2.237766,NaN,NaN,NaN,NaN,0.070505,-2.023551,2.033135,0.041064,-2.019640,-2.018883,-9.938206,0.053307,0.015030
2.250295,NaN,NaN,NaN,NaN,0.069607,-2.023510,2.033008,0.042272,-2.019878,-2.019004,-9.938602,0.053711,0.015137
2.268470,NaN,NaN,NaN,NaN,0.068655,-2.023439,2.032556,0.043453,-2.020091,-2.019313,-9.938984,0.054115,0.015491
2.277062,NaN,NaN,NaN,NaN,0.068173,-2.023407,2.032411,0.044027,-2.020197,-2.019416,-9.939171,0.054317,0.015606
2.290037,NaN,NaN,NaN,NaN,0.067687,-2.023330,2.032240,0.044590,-2.020394,-2.019494,-9.939350,0.054695,0.015732
2.298200,NaN,NaN,NaN,NaN,0.066680,-2.023285,2.031908,0.045725,-2.020484,-2.019652,-9.939690,0.054878,0.015968
2.308220,NaN,NaN,NaN,NaN,0.066170,-2.023242,2.031746,0.046274,-2.020575,-2.019732,-9.939850,0.055058,0.016083
2.318110,NaN,NaN,NaN,NaN,0.065656,-2.023201,2.031587,0.046812,-2.020666,-2.019813,-9.940006,0.055237,0.016193
2.328935,NaN,NaN,NaN,NaN,0.065139,-2.023163,2.031398,0.047339,-2.020758,-2.019868,-9.940159,0.055412,0.016323
2.337253,NaN,NaN,NaN,NaN,0.064604,-2.023059,2.031028,0.047874,-2.020889,-2.019978,-9.940296,0.055733,0.016529
2.349806,NaN,NaN,NaN,NaN,0.063524,-2.022966,2.030847,0.048911,-2.021023,-2.020034,-9.940590,0.056057,0.016624
2.368343,NaN,NaN,NaN,NaN,0.062418,-2.022913,2.030466,0.049922,-2.021069,-2.020122,-9.940849,0.056210,0.016891
2.377008,NaN,NaN,NaN,NaN,0.061853,-2.022863,2.030098,0.050420,-2.021116,-2.020214,-9.940968,0.056362,0.017143
2.388600,NaN,NaN,NaN,NaN,0.060714,-2.022771,2.029901,0.051380,-2.021215,-2.020261,-9.941189,0.056675,0.017292
2.398635,NaN,NaN,NaN,NaN,0.060125,-2.022712,2.029708,0.051870,-2.021257,-2.020308,-9.941292,0.056824,0.017445
2.408330,NaN,NaN,NaN,NaN,0.059534,-2.022656,2.029517,0.052348,-2.021300,-2.020355,-9.941391,0.056976,0.017593
2.417333,NaN,NaN,NaN,NaN,0.058940,-2.022603,2.029134,0.052815,-2.021344,-2.020457,-9.941486,0.057133,0.017906
2.428399,NaN,NaN,NaN,NaN,0.057730,-2.022496,2.028940,0.053745,-2.021423,-2.020511,-9.941673,0.057442,0.018066
2.437384,NaN,NaN,NaN,NaN,0.057113,-2.022443,2.028750,0.054207,-2.021458,-2.020567,-9.941769,0.057598,0.018223
2.450517,NaN,NaN,NaN,NaN,0.056495,-2.022343,2.028379,0.054658,-2.021531,-2.020684,-9.941856,0.057934,0.018551
2.468511,NaN,NaN,NaN,NaN,0.054592,-2.022214,2.028021,0.055994,-2.021577,-2.020809,-9.942177,0.058285,0.018887
2.477550,NaN,NaN,NaN,NaN,0.053949,-2.022154,2.027847,0.056424,-2.021602,-2.020871,-9.942291,0.058460,0.019051
2.488367,NaN,NaN,NaN,NaN,0.053303,-2.022098,2.027681,0.056842,-2.021630,-2.020935,-9.942398,0.058636,0.019203
2.497741,NaN,NaN,NaN,NaN,0.052636,-2.021966,2.027356,0.057272,-2.021659,-2.021063,-9.942509,0.059032,0.019497
2.509513,NaN,NaN,NaN,NaN,0.051298,-2.021846,2.027235,0.058095,-2.021696,-2.021107,-9.942715,0.059437,0.019661
2.528326,NaN,NaN,NaN,NaN,0.049947,-2.021779,2.026939,0.058894,-2.021698,-2.021227,-9.942921,0.059643,0.019901
2.537440,NaN,NaN,NaN,NaN,0.049266,-2.021653,2.026629,0.059287,-2.021709,-2.021360,-9.943027,0.060055,0.020134
2.550499,NaN,NaN,NaN,NaN,0.047903,-2.021595,2.026428,0.060038,-2.021719,-2.021441,-9.943222,0.060261,0.020252
2.559112,NaN,NaN,NaN,NaN,0.047209,-2.021524,2.026267,0.060417,-2.021712,-2.021501,-9.943321,0.060463,0.020348
2.568663,NaN,NaN,NaN,NaN,0.046516,-2.021458,2.026109,0.060784,-2.021707,-2.021561,-9.943417,0.060654,0.020439
2.578491,NaN,NaN,NaN,NaN,0.045130,-2.021336,2.025800,0.061483,-2.021706,-2.021682,-9.943607,0.061031,0.020622
2.588516,NaN,NaN,NaN,NaN,0.044436,-2.021280,2.025629,0.061815,-2.021708,-2.021733,-9.943695,0.061222,0.020699
2.598691,NaN,NaN,NaN,NaN,0.043726,-2.021221,2.025461,0.062167,-2.021718,-2.021784,-9.943802,0.061409,0.020775
2.609770,NaN,NaN,NaN,NaN,0.043017,-2.021114,2.025133,0.062508,-2.021746,-2.021888,-9.943901,0.061790,0.020916
2.618659,NaN,NaN,NaN,NaN,0.042308,-2.021066,2.024952,0.062836,-2.021763,-2.021915,-9.944000,0.061974,0.020973
2.628687,NaN,NaN,NaN,NaN,0.040868,-2.021010,2.024773,0.063493,-2.021790,-2.021943,-9.944191,0.062149,0.021030
2.637156,NaN,NaN,NaN,NaN,0.040138,-2.020957,2.024597,0.063822,-2.021818,-2.021971,-9.944283,0.062325,0.021065
2.648397,NaN,NaN,NaN,NaN,0.039409,-2.020862,2.024424,0.064138,-2.021881,-2.022000,-9.944374,0.062679,0.021099
2.658111,NaN,NaN,NaN,NaN,0.038681,-2.020798,2.024061,0.064443,-2.021904,-2.022009,-9.944462,0.062855,0.021164
2.668481,NaN,NaN,NaN,NaN,0.037178,-2.020738,2.023884,0.065082,-2.021930,-2.022014,-9.944630,0.063030,0.021194
2.677206,NaN,NaN,NaN,NaN,0.036429,-2.020681,2.023709,0.065384,-2.021959,-2.022020,-9.944706,0.063206,0.021225
2.688428,NaN,NaN,NaN,NaN,0.035683,-2.020628,2.023533,0.065675,-2.021990,-2.022022,-9.944782,0.063377,0.021252
2.697429,NaN,NaN,NaN,NaN,0.034926,-2.020555,2.023187,0.065975,-2.021995,-2.022028,-9.944859,0.063549,0.021343
2.709417,NaN,NaN,NaN,NaN,0.033419,-2.020355,2.023019,0.066540,-2.022026,-2.022032,-9.945023,0.064064,0.021385
2.728465,NaN,NaN,NaN,NaN,0.031915,-2.020270,2.022674,0.067074,-2.022032,-2.022024,-9.945187,0.064217,0.021431
2.737284,NaN,NaN,NaN,NaN,0.030416,-2.020113,2.022506,0.067578,-2.022051,-2.022022,-9.945347,0.064541,0.021450
2.749389,NaN,NaN,NaN,NaN,0.029670,-2.020040,2.022181,0.067813,-2.022066,-2.022003,-9.945423,0.064709,0.021484
2.757856,NaN,NaN,NaN,NaN,0.028904,-2.019958,2.022025,0.068070,-2.022068,-2.021987,-9.945503,0.064861,0.021496
2.768303,NaN,NaN,NaN,NaN,0.028141,-2.019879,2.021870,0.068314,-2.022073,-2.021972,-9.945587,0.065014,0.021507
2.777278,NaN,NaN,NaN,NaN,0.026627,-2.019805,2.021719,0.068770,-2.022081,-2.021958,-9.945747,0.065170,0.021515
2.789254,NaN,NaN,NaN,NaN,0.025859,-2.019642,2.021432,0.069019,-2.022079,-2.021894,-9.945831,0.065475,0.021526
2.797938,NaN,NaN,NaN,NaN,0.025094,-2.019555,2.021292,0.069256,-2.022071,-2.021863,-9.945915,0.065624,0.021530
2.810004,NaN,NaN,NaN,NaN,0.024333,-2.019472,2.021155,0.069481,-2.022065,-2.021833,-9.945992,0.065769,0.021534
2.818065,NaN,NaN,NaN,NaN,0.023575,-2.019392,2.020895,0.069693,-2.022062,-2.021746,-9.946068,0.065918,0.021545
2.828441,NaN,NaN,NaN,NaN,0.022034,-2.019193,2.020769,0.070153,-2.022017,-2.021705,-9.946255,0.066208,0.021549
2.837352,NaN,NaN,NaN,NaN,0.021270,-2.019099,2.020644,0.070364,-2.021999,-2.021664,-9.946342,0.066357,0.021553
2.848599,NaN,NaN,NaN,NaN,0.019755,-2.018924,2.020521,0.070755,-2.021970,-2.021625,-9.946507,0.066658,0.021557
2.858104,NaN,NaN,NaN,NaN,0.018967,-2.018824,2.020312,0.070963,-2.021933,-2.021532,-9.946606,0.066776,0.021534
2.868525,NaN,NaN,NaN,NaN,0.018183,-2.018728,2.020210,0.071158,-2.021899,-2.021488,-9.946701,0.066898,0.021523
2.878504,NaN,NaN,NaN,NaN,0.017405,-2.018636,2.020109,0.071342,-2.021868,-2.021444,-9.946793,0.067020,0.021500
2.888415,NaN,NaN,NaN,NaN,0.016631,-2.018440,2.020024,0.071515,-2.021791,-2.021403,-9.946884,0.067238,0.021454
2.897723,NaN,NaN,NaN,NaN,0.015031,-2.018336,2.019859,0.071886,-2.021744,-2.021324,-9.947105,0.067337,0.021366
2.909421,NaN,NaN,NaN,NaN,0.014239,-2.018236,2.019778,0.072054,-2.021700,-2.021287,-9.947208,0.067436,0.021320
2.918643,NaN,NaN,NaN,NaN,0.013453,-2.018140,2.019707,0.072211,-2.021660,-2.021265,-9.947308,0.067543,0.021263
2.928327,NaN,NaN,NaN,NaN,0.012630,-2.018020,2.019637,0.072391,-2.021595,-2.021244,-9.947426,0.067616,0.021206
2.937552,NaN,NaN,NaN,NaN,0.011813,-2.017792,2.019502,0.072559,-2.021474,-2.021205,-9.947536,0.067780,0.021099
2.948497,NaN,NaN,NaN,NaN,0.010198,-2.017684,2.019446,0.072861,-2.021419,-2.021209,-9.947758,0.067863,0.021030
2.959052,NaN,NaN,NaN,NaN,0.009379,-2.017559,2.019392,0.073026,-2.021350,-2.021213,-9.947876,0.067913,0.020966
2.970615,NaN,NaN,NaN,NaN,0.008566,-2.017439,2.019285,0.073179,-2.021284,-2.021224,-9.947994,0.067966,0.020836
2.978112,NaN,NaN,NaN,NaN,0.007760,-2.017212,2.019250,0.073321,-2.021162,-2.021240,-9.948105,0.068081,0.020760
2.992204,NaN,NaN,NaN,NaN,0.006137,-2.016968,2.019216,0.073615,-2.021026,-2.021256,-9.948315,0.068142,0.020683
3.010223,NaN,NaN,NaN,NaN,0.003704,-2.016741,2.019149,0.074033,-2.020901,-2.021290,-9.948601,0.068226,0.020508
3.028749,NaN,NaN,NaN,NaN,0.002038,-2.016528,2.019071,0.074365,-2.020760,-2.021321,-9.948788,0.068264,0.020222
3.037632,NaN,NaN,NaN,NaN,0.001216,-2.016427,2.019047,0.074513,-2.020694,-2.021332,-9.948875,0.068291,0.020130
3.048557,NaN,NaN,NaN,NaN,0.000401,-2.016330,2.019024,0.074650,-2.020631,-2.021337,-9.948963,0.068325,0.020027
3.058166,NaN,NaN,NaN,NaN,-0.000445,-2.016118,2.018980,0.074827,-2.020483,-2.021349,-9.949047,0.068336,0.019802
3.068339,NaN,NaN,NaN,NaN,-0.002115,-2.016017,2.018959,0.075146,-2.020414,-2.021356,-9.949219,0.068352,0.019691
3.077595,NaN,NaN,NaN,NaN,-0.002938,-2.015921,2.018946,0.075287,-2.020348,-2.021337,-9.949303,0.068371,0.019577
3.089194,NaN,NaN,NaN,NaN,-0.003782,-2.015817,2.018933,0.075469,-2.020253,-2.021319,-9.949379,0.068348,0.019466
3.096393,NaN,NaN,NaN,NaN,-0.005445,-2.015620,2.018920,0.075798,-2.020076,-2.021302,-9.949528,0.068314,0.019360
3.110132,NaN,NaN,NaN,NaN,-0.006264,-2.015527,2.018895,0.075944,-2.019993,-2.021270,-9.949596,0.068306,0.019150
3.117563,NaN,NaN,NaN,NaN,-0.007074,-2.015437,2.018880,0.076078,-2.019913,-2.021235,-9.949665,0.068306,0.019032
3.128173,NaN,NaN,NaN,NaN,-0.008732,-2.015347,2.018865,0.076393,-2.019809,-2.021202,-9.949818,0.068268,0.018917
3.137465,NaN,NaN,NaN,NaN,-0.009548,-2.015176,2.018836,0.076532,-2.019612,-2.021139,-9.949890,0.068211,0.018696
3.148443,NaN,NaN,NaN,NaN,-0.010356,-2.015096,2.018824,0.076660,-2.019518,-2.021095,-9.949963,0.068192,0.018578
3.157792,NaN,NaN,NaN,NaN,-0.011191,-2.015017,2.018813,0.076826,-2.019424,-2.021053,-9.950031,0.068134,0.018459
3.169100,NaN,NaN,NaN,NaN,-0.012016,-2.014869,2.018802,0.076979,-2.019247,-2.021013,-9.950096,0.068020,0.018341
3.177773,NaN,NaN,NaN,NaN,-0.013641,-2.014800,2.018787,0.077250,-2.019163,-2.020910,-9.950237,0.067974,0.018112
3.188641,NaN,NaN,NaN,NaN,-0.014462,-2.014733,2.018783,0.077402,-2.019081,-2.020849,-9.950302,0.067890,0.017998
3.197328,NaN,NaN,NaN,NaN,-0.015273,-2.014669,2.018780,0.077543,-2.019003,-2.020789,-9.950367,0.067818,0.017883
3.210335,NaN,NaN,NaN,NaN,-0.016075,-2.014550,2.018777,0.077672,-2.018853,-2.020731,-9.950428,0.067688,0.017769
3.228383,NaN,NaN,NaN,NaN,-0.018484,-2.014442,2.018728,0.078056,-2.018707,-2.020519,-9.950581,0.067539,0.017426
3.237128,NaN,NaN,NaN,NaN,-0.019277,-2.014392,2.018712,0.078172,-2.018639,-2.020451,-9.950626,0.067474,0.017307
3.248562,NaN,NaN,NaN,NaN,-0.020060,-2.014346,2.018679,0.078275,-2.018575,-2.020379,-9.950665,0.067417,0.017193
3.257523,NaN,NaN,NaN,NaN,-0.020860,-2.014282,2.018613,0.078411,-2.018411,-2.020240,-9.950706,0.067276,0.016972
3.269513,NaN,NaN,NaN,NaN,-0.022430,-2.014254,2.018580,0.078647,-2.018334,-2.020173,-9.950779,0.067215,0.016865
3.278354,NaN,NaN,NaN,NaN,-0.023198,-2.014228,2.018539,0.078747,-2.018261,-2.020098,-9.950813,0.067162,0.016754
3.288284,NaN,NaN,NaN,NaN,-0.023983,-2.014207,2.018498,0.078885,-2.018175,-2.020025,-9.950851,0.067104,0.016644
3.297282,NaN,NaN,NaN,NaN,-0.025521,-2.014173,2.018458,0.079122,-2.018016,-2.019953,-9.950928,0.067009,0.016521
3.308264,NaN,NaN,NaN,NaN,-0.026274,-2.014159,2.018376,0.079222,-2.017941,-2.019804,-9.950966,0.066971,0.016266
3.317229,NaN,NaN,NaN,NaN,-0.027047,-2.014141,2.018333,0.079347,-2.017870,-2.019727,-9.951008,0.066914,0.016140
3.328739,NaN,NaN,NaN,NaN,-0.027809,-2.014126,2.018291,0.079460,-2.017802,-2.019651,-9.951046,0.066860,0.016014
3.338053,NaN,NaN,NaN,NaN,-0.028559,-2.014102,2.018218,0.079561,-2.017677,-2.019494,-9.951088,0.066753,0.015747
3.348667,NaN,NaN,NaN,NaN,-0.030050,-2.014088,2.018187,0.079761,-2.017622,-2.019414,-9.951172,0.066677,0.015610
3.358911,NaN,NaN,NaN,NaN,-0.030789,-2.014076,2.018157,0.079861,-2.017570,-2.019336,-9.951214,0.066601,0.015469
3.370511,NaN,NaN,NaN,NaN,-0.031518,-2.014052,2.018097,0.079949,-2.017432,-2.019184,-9.951260,0.066422,0.015194
3.389004,NaN,NaN,NaN,NaN,-0.033656,-2.014053,2.018029,0.080181,-2.017382,-2.019009,-9.951397,0.066364,0.014904
3.398465,NaN,NaN,NaN,NaN,-0.034360,-2.014055,2.017996,0.080261,-2.017336,-2.018924,-9.951443,0.066315,0.014763
3.408646,NaN,NaN,NaN,NaN,-0.035732,-2.014064,2.017963,0.080387,-2.017251,-2.018840,-9.951534,0.066223,0.014626
3.418487,NaN,NaN,NaN,NaN,-0.036425,-2.014085,2.017901,0.080470,-2.017194,-2.018643,-9.951599,0.066177,0.014343
3.428248,NaN,NaN,NaN,NaN,-0.037105,-2.014107,2.017870,0.080542,-2.017140,-2.018547,-9.951660,0.066135,0.014210
3.437247,NaN,NaN,NaN,NaN,-0.037773,-2.014130,2.017840,0.080601,-2.017090,-2.018453,-9.951721,0.066101,0.014076
3.448391,NaN,NaN,NaN,NaN,-0.038429,-2.014155,2.017804,0.080648,-2.017043,-2.018346,-9.951778,0.066074,0.013935
3.457769,NaN,NaN,NaN,NaN,-0.039770,-2.014238,2.017734,0.080777,-2.016971,-2.018138,-9.951923,0.066025,0.013664
3.470586,NaN,NaN,NaN,NaN,-0.040422,-2.014328,2.017699,0.080825,-2.016911,-2.018037,-9.951992,0.065998,0.013535
3.488845,NaN,NaN,NaN,NaN,-0.041712,-2.014375,2.017616,0.080918,-2.016891,-2.017823,-9.952160,0.065994,0.013317
3.497069,NaN,NaN,NaN,NaN,-0.042975,-2.014424,2.017575,0.080996,-2.016875,-2.017718,-9.952358,0.065998,0.013210
3.508620,NaN,NaN,NaN,NaN,-0.043589,-2.014525,2.017494,0.081017,-2.016849,-2.017509,-9.952450,0.066013,0.013004
3.517936,NaN,NaN,NaN,NaN,-0.044216,-2.014578,2.017454,0.081047,-2.016848,-2.017404,-9.952557,0.066032,0.012905
3.528230,NaN,NaN,NaN,NaN,-0.044831,-2.014633,2.017414,0.081066,-2.016849,-2.017301,-9.952663,0.066044,0.012806
3.538084,NaN,NaN,NaN,NaN,-0.045433,-2.014744,2.017374,0.081074,-2.016860,-2.017200,-9.952763,0.066082,0.012726
3.549658,NaN,NaN,NaN,NaN,-0.046634,-2.014799,2.017292,0.081073,-2.016873,-2.016983,-9.952969,0.066116,0.012558
3.557371,NaN,NaN,NaN,NaN,-0.047233,-2.014855,2.017251,0.081064,-2.016888,-2.016877,-9.953068,0.066151,0.012474
3.569371,NaN,NaN,NaN,NaN,-0.048392,-2.014971,2.017210,0.081011,-2.016925,-2.016773,-9.953262,0.066238,0.012394
3.588383,NaN,NaN,NaN,NaN,-0.049551,-2.015112,2.017093,0.080947,-2.016976,-2.016442,-9.953465,0.066326,0.012108
3.597069,NaN,NaN,NaN,NaN,-0.050112,-2.015185,2.017054,0.080899,-2.017005,-2.016336,-9.953560,0.066376,0.012009
3.610447,NaN,NaN,NaN,NaN,-0.050661,-2.015330,2.016982,0.080840,-2.017082,-2.016099,-9.953667,0.066494,0.011787
3.628263,NaN,NaN,NaN,NaN,-0.052276,-2.015476,2.016910,0.080663,-2.017179,-2.015870,-9.954029,0.066635,0.011574
3.637542,NaN,NaN,NaN,NaN,-0.052790,-2.015551,2.016874,0.080583,-2.017231,-2.015758,-9.954144,0.066708,0.011467
3.648680,NaN,NaN,NaN,NaN,-0.053292,-2.015628,2.016849,0.080493,-2.017284,-2.015632,-9.954250,0.066795,0.011368
3.657640,NaN,NaN,NaN,NaN,-0.054287,-2.015683,2.016800,0.080306,-2.017352,-2.015384,-9.954510,0.066895,0.011166
3.669598,NaN,NaN,NaN,NaN,-0.054766,-2.015856,2.016775,0.080197,-2.017566,-2.015263,-9.954632,0.067211,0.011070
3.688243,NaN,NaN,NaN,NaN,-0.055709,-2.015903,2.016790,0.079955,-2.017640,-2.014975,-9.954895,0.067333,0.010895
3.697157,NaN,NaN,NaN,NaN,-0.056174,-2.016001,2.016802,0.079824,-2.017793,-2.014696,-9.955036,0.067600,0.010723
3.708782,NaN,NaN,NaN,NaN,-0.057065,-2.016053,2.016821,0.079533,-2.017872,-2.014532,-9.955303,0.067741,0.010639
3.718415,NaN,NaN,NaN,NaN,-0.057528,-2.016084,2.016840,0.079376,-2.017940,-2.014370,-9.955467,0.067890,0.010551
3.728370,NaN,NaN,NaN,NaN,-0.057978,-2.016117,2.016858,0.079210,-2.018010,-2.014211,-9.955643,0.068039,0.010464
3.738722,NaN,NaN,NaN,NaN,-0.058415,-2.016152,2.016893,0.079034,-2.018082,-2.013872,-9.955811,0.068195,0.010288
3.748687,NaN,NaN,NaN,NaN,-0.059284,-2.016203,2.016909,0.078667,-2.018219,-2.013693,-9.956165,0.068504,0.010201
3.758577,NaN,NaN,NaN,NaN,-0.059715,-2.016218,2.016924,0.078476,-2.018284,-2.013517,-9.956352,0.068665,0.010117
3.770818,NaN,NaN,NaN,NaN,-0.060133,-2.016254,2.016938,0.078277,-2.018420,-2.013343,-9.956535,0.069000,0.010033
3.788410,NaN,NaN,NaN,NaN,-0.061369,-2.016225,2.016963,0.077627,-2.018534,-2.012774,-9.957150,0.069321,0.009796
3.797790,NaN,NaN,NaN,NaN,-0.061765,-2.016213,2.016970,0.077392,-2.018594,-2.012590,-9.957359,0.069485,0.009720
3.809894,NaN,NaN,NaN,NaN,-0.062148,-2.016204,2.016973,0.077150,-2.018656,-2.012391,-9.957561,0.069649,0.009644
3.818477,NaN,NaN,NaN,NaN,-0.062557,-2.016167,2.016978,0.076903,-2.018702,-2.011999,-9.957794,0.069817,0.009491
3.829403,NaN,NaN,NaN,NaN,-0.063337,-2.016069,2.016979,0.076387,-2.018851,-2.011808,-9.958241,0.070362,0.009418
3.848541,NaN,NaN,NaN,NaN,-0.064105,-2.016020,2.016990,0.075852,-2.018871,-2.011401,-9.958702,0.070541,0.009212
3.857715,NaN,NaN,NaN,NaN,-0.064860,-2.015930,2.016997,0.075297,-2.018920,-2.011004,-9.959183,0.070908,0.009014
3.870637,NaN,NaN,NaN,NaN,-0.065218,-2.015848,2.016993,0.075008,-2.018942,-2.010805,-9.959408,0.071259,0.008907
3.888301,NaN,NaN,NaN,NaN,-0.065970,-2.015810,2.016983,0.074447,-2.018938,-2.010414,-9.959896,0.071426,0.008709
3.897653,NaN,NaN,NaN,NaN,-0.066327,-2.015739,2.016969,0.074157,-2.018939,-2.010032,-9.960125,0.071762,0.008533
3.908688,NaN,NaN,NaN,NaN,-0.067002,-2.015707,2.016950,0.073554,-2.018944,-2.009851,-9.960552,0.071930,0.008450
3.917636,NaN,NaN,NaN,NaN,-0.067372,-2.015689,2.016931,0.073258,-2.018898,-2.009672,-9.960777,0.072086,0.008369
3.929639,NaN,NaN,NaN,NaN,-0.067730,-2.015658,2.016910,0.072954,-2.018818,-2.009495,-9.960999,0.072399,0.008289
3.948525,NaN,NaN,NaN,NaN,-0.068772,-2.015635,2.016843,0.072028,-2.018719,-2.008969,-9.961620,0.072708,0.008068
3.957438,NaN,NaN,NaN,NaN,-0.069125,-2.015625,2.016819,0.071721,-2.018659,-2.008796,-9.961826,0.072861,0.008018
3.971256,NaN,NaN,NaN,NaN,-0.069465,-2.015608,2.016793,0.071409,-2.018482,-2.008626,-9.962040,0.073307,0.007969
3.989898,NaN,NaN,NaN,NaN,-0.070496,-2.015610,2.016729,0.070479,-2.018416,-2.008092,-9.962650,0.073448,0.007862
3.997468,NaN,NaN,NaN,NaN,-0.070828,-2.015612,2.016706,0.070163,-2.018354,-2.007919,-9.962841,0.073586,0.007824
4.009180,NaN,NaN,NaN,NaN,-0.071146,-2.015615,2.016677,0.069842,-2.018295,-2.007763,-9.963024,0.073738,0.007801
4.018137,NaN,NaN,NaN,NaN,-0.071486,-2.015650,2.016616,0.069528,-2.018146,-2.007458,-9.963223,0.074001,0.007713
4.029746,NaN,NaN,NaN,NaN,-0.072126,-2.015689,2.016586,0.068880,-2.018010,-2.007307,-9.963600,0.074272,0.007671
4.048502,NaN,NaN,NaN,NaN,-0.072744,-2.015730,2.016525,0.068221,-2.017927,-2.007035,-9.963978,0.074383,0.007599
4.057354,NaN,NaN,NaN,NaN,-0.073341,-2.015772,2.016462,0.067549,-2.017847,-2.006767,-9.964355,0.074497,0.007526
4.069912,NaN,NaN,NaN,NaN,-0.073619,-2.015856,2.016430,0.067204,-2.017698,-2.006652,-9.964531,0.074730,0.007492
4.077952,NaN,NaN,NaN,NaN,-0.073931,-2.015922,2.016397,0.066858,-2.017601,-2.006538,-9.964725,0.074829,0.007450
4.088322,NaN,NaN,NaN,NaN,-0.074230,-2.015987,2.016364,0.066507,-2.017507,-2.006425,-9.964931,0.074936,0.007408
4.097379,NaN,NaN,NaN,NaN,-0.074516,-2.016054,2.016330,0.066149,-2.017417,-2.006313,-9.965126,0.075043,0.007366
4.109494,NaN,NaN,NaN,NaN,-0.075093,-2.016296,2.016270,0.065421,-2.017126,-2.006110,-9.965519,0.075390,0.007259
4.129509,NaN,NaN,NaN,NaN,-0.075664,-2.016435,2.016173,0.064673,-2.016919,-2.005835,-9.965900,0.075611,0.007072
4.148580,NaN,NaN,NaN,NaN,-0.076489,-2.016584,2.016102,0.063507,-2.016668,-2.005686,-9.966473,0.075790,0.006908
4.158467,NaN,NaN,NaN,NaN,-0.076749,-2.016658,2.016066,0.063108,-2.016549,-2.005612,-9.966660,0.075882,0.006828
4.168766,NaN,NaN,NaN,NaN,-0.076996,-2.016808,2.016028,0.062704,-2.016321,-2.005539,-9.966835,0.076077,0.006748
4.178567,NaN,NaN,NaN,NaN,-0.077489,-2.016903,2.015928,0.061881,-2.016190,-2.005413,-9.967175,0.076134,0.006561
4.189246,NaN,NaN,NaN,NaN,-0.077735,-2.016997,2.015877,0.061461,-2.016063,-2.005350,-9.967339,0.076199,0.006470
4.197656,NaN,NaN,NaN,NaN,-0.077968,-2.017092,2.015825,0.061037,-2.015939,-2.005287,-9.967491,0.076263,0.006374
4.208579,NaN,NaN,NaN,NaN,-0.078188,-2.017187,2.015762,0.060609,-2.015819,-2.005231,-9.967636,0.076336,0.006271
4.218195,NaN,NaN,NaN,NaN,-0.078646,-2.017395,2.015636,0.059747,-2.015544,-2.005122,-9.967907,0.076458,0.006065
4.229626,NaN,NaN,NaN,NaN,-0.078856,-2.017604,2.015572,0.059310,-2.015283,-2.005068,-9.968029,0.076595,0.005966
4.248425,NaN,NaN,NaN,NaN,-0.079261,-2.017714,2.015454,0.058428,-2.015154,-2.004933,-9.968254,0.076660,0.005733
4.257471,NaN,NaN,NaN,NaN,-0.079455,-2.017937,2.015334,0.057983,-2.014907,-2.004802,-9.968357,0.076801,0.005531
4.269180,NaN,NaN,NaN,NaN,-0.079807,-2.018047,2.015276,0.057082,-2.014789,-2.004734,-9.968521,0.076878,0.005413
4.278314,NaN,NaN,NaN,NaN,-0.079977,-2.018153,2.015218,0.056635,-2.014670,-2.004666,-9.968597,0.076946,0.005291
4.288189,NaN,NaN,NaN,NaN,-0.080134,-2.018258,2.015159,0.056185,-2.014555,-2.004599,-9.968670,0.077015,0.005177
4.297957,NaN,NaN,NaN,NaN,-0.080279,-2.018470,2.015099,0.055732,-2.014334,-2.004532,-9.968735,0.077168,0.005058
4.308481,NaN,NaN,NaN,NaN,-0.080541,-2.018576,2.014993,0.054829,-2.014212,-2.004341,-9.968845,0.077236,0.004795
4.317616,NaN,NaN,NaN,NaN,-0.080659,-2.018682,2.014940,0.054380,-2.014094,-2.004247,-9.968895,0.077312,0.004677
4.329786,NaN,NaN,NaN,NaN,-0.080766,-2.018894,2.014885,0.053928,-2.013867,-2.004154,-9.968945,0.077477,0.004562
4.348267,NaN,NaN,NaN,NaN,-0.081036,-2.019108,2.014764,0.052569,-2.013619,-2.003806,-9.969070,0.077633,0.004177
4.357378,NaN,NaN,NaN,NaN,-0.081108,-2.019214,2.014722,0.052113,-2.013501,-2.003692,-9.969101,0.077713,0.004051
4.370311,NaN,NaN,NaN,NaN,-0.081168,-2.019422,2.014697,0.051654,-2.013270,-2.003556,-9.969128,0.077946,0.003914
4.378294,NaN,NaN,NaN,NaN,-0.081291,-2.019524,2.014644,0.050768,-2.013158,-2.003288,-9.969158,0.078064,0.003666
4.388191,NaN,NaN,NaN,NaN,-0.081337,-2.019625,2.014616,0.050322,-2.013049,-2.003156,-9.969158,0.078182,0.003544
4.397990,NaN,NaN,NaN,NaN,-0.081372,-2.019726,2.014612,0.049873,-2.012942,-2.003007,-9.969154,0.078304,0.003399
4.408626,NaN,NaN,NaN,NaN,-0.081452,-2.019820,2.014607,0.048993,-2.012837,-2.002860,-9.969131,0.078423,0.003254
4.417749,NaN,NaN,NaN,NaN,-0.081476,-2.020007,2.014600,0.048550,-2.012636,-2.002714,-9.969112,0.078663,0.003113
4.429413,NaN,NaN,NaN,NaN,-0.081490,-2.020101,2.014582,0.048104,-2.012540,-2.002428,-9.969090,0.078789,0.002834
4.437961,NaN,NaN,NaN,NaN,-0.081493,-2.020194,2.014593,0.047656,-2.012446,-2.002276,-9.969063,0.078915,0.002701
4.448911,NaN,NaN,NaN,NaN,-0.081502,-2.020273,2.014603,0.047219,-2.012351,-2.002125,-9.969044,0.079021,0.002575
4.457144,NaN,NaN,NaN,NaN,-0.081502,-2.020433,2.014618,0.046780,-2.012168,-2.001829,-9.969017,0.079250,0.002319
4.468513,NaN,NaN,NaN,NaN,-0.081471,-2.020514,2.014663,0.045896,-2.012081,-2.001676,-9.968952,0.079369,0.002167
4.477264,NaN,NaN,NaN,NaN,-0.081442,-2.020568,2.014707,0.045454,-2.012009,-2.001524,-9.968937,0.079456,0.002022
4.489082,NaN,NaN,NaN,NaN,-0.081402,-2.020734,2.014748,0.045010,-2.011807,-2.001373,-9.968922,0.079769,0.001877
4.509089,NaN,NaN,NaN,NaN,-0.081225,-2.020765,2.014914,0.043660,-2.011746,-2.000892,-9.968864,0.079861,0.001434
4.518067,NaN,NaN,NaN,NaN,-0.081148,-2.020797,2.014974,0.043202,-2.011686,-2.000728,-9.968849,0.079956,0.001286
4.530602,NaN,NaN,NaN,NaN,-0.080968,-2.020863,2.015031,0.042283,-2.011572,-2.000566,-9.968807,0.080158,0.001141
4.548581,NaN,NaN,NaN,NaN,-0.080745,-2.020897,2.015199,0.041346,-2.011480,-2.000044,-9.968792,0.080360,0.000690
4.558645,NaN,NaN,NaN,NaN,-0.080620,-2.020915,2.015251,0.040877,-2.011436,-1.999873,-9.968781,0.080463,0.000561
4.568630,NaN,NaN,NaN,NaN,-0.080486,-2.020935,2.015314,0.040407,-2.011394,-1.999691,-9.968761,0.080570,0.000439
4.576890,NaN,NaN,NaN,NaN,-0.080339,-2.020939,2.015375,0.039925,-2.011307,-1.999510,-9.968761,0.080803,0.000317
4.589691,NaN,NaN,NaN,NaN,-0.080021,-2.020949,2.015491,0.038958,-2.011227,-1.999153,-9.968754,0.081043,0.000076
4.608661,NaN,NaN,NaN,NaN,-0.079670,-2.020949,2.015638,0.037959,-2.011181,-1.998789,-9.968765,0.081184,-0.000130
4.618089,NaN,NaN,NaN,NaN,-0.079482,-2.020950,2.015708,0.037444,-2.011137,-1.998609,-9.968777,0.081326,-0.000202
4.629433,NaN,NaN,NaN,NaN,-0.079082,-2.020955,2.015862,0.036413,-2.011055,-1.998242,-9.968777,0.081612,-0.000324
4.638596,NaN,NaN,NaN,NaN,-0.078874,-2.020940,2.015970,0.035859,-2.011004,-1.998042,-9.968811,0.081764,-0.000362
4.648435,NaN,NaN,NaN,NaN,-0.078658,-2.020927,2.016038,0.035306,-2.010954,-1.997862,-9.968842,0.081917,-0.000423
4.658004,NaN,NaN,NaN,NaN,-0.078435,-2.020904,2.016179,0.034754,-2.010861,-1.997503,-9.968868,0.082222,-0.000530
4.668325,NaN,NaN,NaN,NaN,-0.077977,-2.020874,2.016251,0.033623,-2.010801,-1.997323,-9.968952,0.082375,-0.000576
4.677234,NaN,NaN,NaN,NaN,-0.077742,-2.020845,2.016309,0.033045,-2.010742,-1.997150,-9.969009,0.082527,-0.000614
4.689430,NaN,NaN,NaN,NaN,-0.077499,-2.020768,2.016407,0.032468,-2.010580,-1.996814,-9.969063,0.083000,-0.000683
4.708416,NaN,NaN,NaN,NaN,-0.076733,-2.020715,2.016532,0.030734,-2.010508,-1.996469,-9.969231,0.083157,-0.000748
4.717313,NaN,NaN,NaN,NaN,-0.076466,-2.020664,2.016591,0.030152,-2.010438,-1.996298,-9.969303,0.083317,-0.000782
4.728614,NaN,NaN,NaN,NaN,-0.076192,-2.020614,2.016649,0.029571,-2.010370,-1.996128,-9.969368,0.083477,-0.000816
4.738606,NaN,NaN,NaN,NaN,-0.075912,-2.020486,2.016774,0.028992,-2.010219,-1.995803,-9.969429,0.083782,-0.000881
4.748311,NaN,NaN,NaN,NaN,-0.075302,-2.020407,2.016834,0.027805,-2.010136,-1.995641,-9.969616,0.083927,-0.000912
4.757678,NaN,NaN,NaN,NaN,-0.074987,-2.020330,2.016892,0.027214,-2.010055,-1.995479,-9.969700,0.084072,-0.000946
4.768329,NaN,NaN,NaN,NaN,-0.074665,-2.020256,2.016966,0.026625,-2.009977,-1.995337,-9.969776,0.084225,-0.000954
4.777537,NaN,NaN,NaN,NaN,-0.074331,-2.020045,2.017037,0.026026,-2.009785,-1.995196,-9.969891,0.084465,-0.000961
4.789357,NaN,NaN,NaN,NaN,-0.073645,-2.019845,2.017174,0.024833,-2.009604,-1.994915,-9.970097,0.084713,-0.000977
4.808350,NaN,NaN,NaN,NaN,-0.072932,-2.019731,2.017333,0.023646,-2.009511,-1.994682,-9.970306,0.084827,-0.000973
4.817628,NaN,NaN,NaN,NaN,-0.072194,-2.019511,2.017410,0.022465,-2.009333,-1.994566,-9.970520,0.085064,-0.000973
4.828540,NaN,NaN,NaN,NaN,-0.071816,-2.019406,2.017571,0.021877,-2.009248,-1.994336,-9.970619,0.085186,-0.000957
4.837717,NaN,NaN,NaN,NaN,-0.071438,-2.019300,2.017655,0.021284,-2.009155,-1.994222,-9.970734,0.085308,-0.000946
4.848430,NaN,NaN,NaN,NaN,-0.071054,-2.019198,2.017736,0.020695,-2.009065,-1.994109,-9.970844,0.085438,-0.000935
4.856990,NaN,NaN,NaN,NaN,-0.070272,-2.019001,2.017913,0.019524,-2.008894,-1.993894,-9.971046,0.085701,-0.000904
4.868390,NaN,NaN,NaN,NaN,-0.069880,-2.018911,2.018008,0.018933,-2.008790,-1.993793,-9.971146,0.085835,-0.000881
4.877559,NaN,NaN,NaN,NaN,-0.069483,-2.018824,2.018101,0.018346,-2.008689,-1.993690,-9.971237,0.085976,-0.000858
4.890218,NaN,NaN,NaN,NaN,-0.068676,-2.018739,2.018192,0.017180,-2.008591,-1.993588,-9.971405,0.086117,-0.000839
4.898052,NaN,NaN,NaN,NaN,-0.068280,-2.018657,2.018401,0.016581,-2.008496,-1.993410,-9.971481,0.086262,-0.000755
4.908357,NaN,NaN,NaN,NaN,-0.067879,-2.018485,2.018501,0.015985,-2.008286,-1.993320,-9.971554,0.086552,-0.000717
4.918818,NaN,NaN,NaN,NaN,-0.067474,-2.018403,2.018598,0.015393,-2.008186,-1.993230,-9.971622,0.086704,-0.000690
4.928523,NaN,NaN,NaN,NaN,-0.066670,-2.018323,2.018697,0.014187,-2.008088,-1.993144,-9.971722,0.086857,-0.000645
4.938717,NaN,NaN,NaN,NaN,-0.066272,-2.018175,2.018887,0.013574,-2.007871,-1.992970,-9.971767,0.087132,-0.000565
4.948475,NaN,NaN,NaN,NaN,-0.065870,-2.018104,2.018978,0.012965,-2.007768,-1.992882,-9.971806,0.087273,-0.000526
4.958770,NaN,NaN,NaN,NaN,-0.065464,-2.018036,2.019067,0.012360,-2.007667,-1.992793,-9.971844,0.087418,-0.000488
4.972780,NaN,NaN,NaN,NaN,-0.065053,-2.017915,2.019245,0.011758,-2.007447,-1.992661,-9.971874,0.087673,-0.000397
4.990756,NaN,NaN,NaN,NaN,-0.063850,-2.017760,2.019413,0.009911,-2.007098,-1.992525,-9.971928,0.088051,-0.000298
5.008534,NaN,NaN,NaN,NaN,-0.063028,-2.017712,2.019577,0.008686,-2.006969,-1.992452,-9.971947,0.088169,-0.000202
5.017624,NaN,NaN,NaN,NaN,-0.062614,-2.017621,2.019732,0.008074,-2.006720,-1.992374,-9.971954,0.088409,-0.000118
5.028792,NaN,NaN,NaN,NaN,-0.061773,-2.017579,2.019807,0.006863,-2.006600,-1.992369,-9.971954,0.088535,-0.000069
5.038302,NaN,NaN,NaN,NaN,-0.061334,-2.017530,2.019879,0.006249,-2.006469,-1.992364,-9.971958,0.088646,-0.000023
5.048332,NaN,NaN,NaN,NaN,-0.060892,-2.017483,2.019950,0.005640,-2.006342,-1.992357,-9.971951,0.088764,0.000027
5.058802,NaN,NaN,NaN,NaN,-0.059999,-2.017395,2.020085,0.004438,-2.006097,-1.992360,-9.971924,0.089008,0.000126
5.069112,NaN,NaN,NaN,NaN,-0.059542,-2.017356,2.020149,0.003836,-2.005973,-1.992370,-9.971920,0.089111,0.000175
5.077647,NaN,NaN,NaN,NaN,-0.059081,-2.017319,2.020211,0.003239,-2.005851,-1.992378,-9.971912,0.089218,0.000225
5.089818,NaN,NaN,NaN,NaN,-0.058620,-2.017249,2.020333,0.002646,-2.005617,-1.992414,-9.971897,0.089436,0.000343
5.108509,NaN,NaN,NaN,NaN,-0.057194,-2.017195,2.020452,0.000899,-2.005361,-1.992466,-9.971901,0.089630,0.000473
5.118014,NaN,NaN,NaN,NaN,-0.056709,-2.017171,2.020507,0.000327,-2.005238,-1.992489,-9.971905,0.089737,0.000534
5.128492,NaN,NaN,NaN,NaN,-0.056224,-2.017128,2.020559,-0.000240,-2.004993,-1.992534,-9.971905,0.089939,0.000610
5.137601,NaN,NaN,NaN,NaN,-0.055259,-2.017109,2.020657,-0.001350,-2.004873,-1.992617,-9.971939,0.090046,0.000751
5.149718,NaN,NaN,NaN,NaN,-0.054775,-2.017075,2.020702,-0.001897,-2.004638,-1.992656,-9.971951,0.090271,0.000816
5.168832,NaN,NaN,NaN,NaN,-0.053809,-2.017054,2.020777,-0.002975,-2.004521,-1.992756,-9.971970,0.090370,0.000996
5.177191,NaN,NaN,NaN,NaN,-0.053326,-2.017015,2.020846,-0.003506,-2.004294,-1.992846,-9.971981,0.090584,0.001163
5.189686,NaN,NaN,NaN,NaN,-0.052356,-2.016976,2.020863,-0.004551,-2.004066,-1.992901,-9.971985,0.090790,0.001266
5.208285,NaN,NaN,NaN,NaN,-0.051408,-2.016957,2.020893,-0.005574,-2.003949,-1.993004,-9.971977,0.090885,0.001465
5.217852,NaN,NaN,NaN,NaN,-0.050932,-2.016920,2.020917,-0.006077,-2.003721,-1.993098,-9.971966,0.091091,0.001675
5.228377,NaN,NaN,NaN,NaN,-0.049979,-2.016903,2.020918,-0.007068,-2.003611,-1.993134,-9.971920,0.091202,0.001789
5.237493,NaN,NaN,NaN,NaN,-0.049511,-2.016872,2.020918,-0.007557,-2.003492,-1.993168,-9.971905,0.091293,0.001896
5.249582,NaN,NaN,NaN,NaN,-0.049042,-2.016785,2.020916,-0.008042,-2.003146,-1.993231,-9.971886,0.091606,0.002110
5.268387,NaN,NaN,NaN,NaN,-0.047649,-2.016754,2.020902,-0.009464,-2.003029,-1.993290,-9.971813,0.091709,0.002312
5.277311,NaN,NaN,NaN,NaN,-0.047196,-2.016725,2.020893,-0.009929,-2.002914,-1.993317,-9.971783,0.091812,0.002411
5.290052,NaN,NaN,NaN,NaN,-0.046742,-2.016668,2.020884,-0.010388,-2.002690,-1.993341,-9.971767,0.092037,0.002510
5.297915,NaN,NaN,NaN,NaN,-0.046288,-2.016639,2.020851,-0.010843,-2.002577,-1.993389,-9.971745,0.092144,0.002705
5.308524,NaN,NaN,NaN,NaN,-0.045379,-2.016611,2.020833,-0.011719,-2.002465,-1.993410,-9.971710,0.092258,0.002796
5.317440,NaN,NaN,NaN,NaN,-0.044923,-2.016583,2.020814,-0.012148,-2.002355,-1.993430,-9.971691,0.092373,0.002888
5.328383,NaN,NaN,NaN,NaN,-0.044466,-2.016522,2.020791,-0.012572,-2.002147,-1.993449,-9.971664,0.092613,0.002979
5.338752,NaN,NaN,NaN,NaN,-0.043579,-2.016488,2.020742,-0.013386,-2.002047,-1.993482,-9.971630,0.092731,0.003178
5.350087,NaN,NaN,NaN,NaN,-0.043134,-2.016421,2.020716,-0.013785,-2.001852,-1.993496,-9.971607,0.092983,0.003273
5.368385,NaN,NaN,NaN,NaN,-0.041819,-2.016384,2.020667,-0.014932,-2.001756,-1.993521,-9.971527,0.093102,0.003475
5.378023,NaN,NaN,NaN,NaN,-0.041382,-2.016313,2.020613,-0.015300,-2.001569,-1.993541,-9.971497,0.093334,0.003666
5.388596,NaN,NaN,NaN,NaN,-0.040945,-2.016278,2.020590,-0.015662,-2.001478,-1.993547,-9.971462,0.093452,0.003761
5.398671,NaN,NaN,NaN,NaN,-0.040515,-2.016247,2.020566,-0.016017,-2.001390,-1.993550,-9.971416,0.093563,0.003849
5.408447,NaN,NaN,NaN,NaN,-0.040085,-2.016216,2.020542,-0.016367,-2.001304,-1.993553,-9.971382,0.093674,0.003933
5.417399,NaN,NaN,NaN,NaN,-0.039655,-2.016155,2.020517,-0.016710,-2.001135,-1.993554,-9.971344,0.093910,0.004017
5.428533,NaN,NaN,NaN,NaN,-0.038803,-2.016110,2.020490,-0.017368,-2.001042,-1.993552,-9.971260,0.094009,0.004200
5.438721,NaN,NaN,NaN,NaN,-0.038382,-2.016066,2.020475,-0.017683,-2.000950,-1.993549,-9.971210,0.094109,0.004292
5.449670,NaN,NaN,NaN,NaN,-0.037960,-2.015981,2.020460,-0.017993,-2.000771,-1.993545,-9.971161,0.094296,0.004379
5.468594,NaN,NaN,NaN,NaN,-0.036703,-2.015859,2.020429,-0.018890,-2.000574,-1.993571,-9.970985,0.094440,0.004642
5.477203,NaN,NaN,NaN,NaN,-0.036284,-2.015799,2.020418,-0.019178,-2.000478,-1.993577,-9.970921,0.094521,0.004730
5.488507,NaN,NaN,NaN,NaN,-0.035445,-2.015682,2.020407,-0.019738,-2.000289,-1.993582,-9.970783,0.094692,0.004810
5.498734,NaN,NaN,NaN,NaN,-0.035020,-2.015595,2.020389,-0.019996,-2.000171,-1.993623,-9.970711,0.094749,0.004990
5.508264,NaN,NaN,NaN,NaN,-0.034596,-2.015508,2.020379,-0.020249,-2.000054,-1.993642,-9.970638,0.094810,0.005077
5.518214,NaN,NaN,NaN,NaN,-0.034171,-2.015423,2.020369,-0.020496,-1.999939,-1.993661,-9.970562,0.094879,0.005146
5.529482,NaN,NaN,NaN,NaN,-0.033747,-2.015339,2.020360,-0.020738,-1.999825,-1.993680,-9.970490,0.094952,0.005215
5.537706,NaN,NaN,NaN,NaN,-0.032885,-2.015118,2.020339,-0.021191,-1.999580,-1.993715,-9.970345,0.095062,0.005341
5.549666,NaN,NaN,NaN,NaN,-0.032454,-2.015011,2.020328,-0.021410,-1.999459,-1.993730,-9.970268,0.095127,0.005405
5.559752,NaN,NaN,NaN,NaN,-0.032023,-2.014905,2.020312,-0.021624,-1.999340,-1.993749,-9.970192,0.095200,0.005463
5.568734,NaN,NaN,NaN,NaN,-0.031589,-2.014774,2.020296,-0.021830,-1.999200,-1.993766,-9.970123,0.095230,0.005520
5.577032,NaN,NaN,NaN,NaN,-0.030722,-2.014520,2.020262,-0.022230,-1.998925,-1.993797,-9.970005,0.095314,0.005600
5.588429,NaN,NaN,NaN,NaN,-0.030290,-2.014395,2.020255,-0.022423,-1.998790,-1.993824,-9.969952,0.095367,0.005638
5.598076,NaN,NaN,NaN,NaN,-0.029830,-2.014255,2.020247,-0.022609,-1.998636,-1.993849,-9.969891,0.095383,0.005676
5.608502,NaN,NaN,NaN,NaN,-0.029370,-2.014117,2.020238,-0.022790,-1.998483,-1.993872,-9.969830,0.095406,0.005714
5.616625,NaN,NaN,NaN,NaN,-0.028454,-2.013981,2.020229,-0.023140,-1.998331,-1.993894,-9.969700,0.095436,0.005753
5.628281,NaN,NaN,NaN,NaN,-0.027982,-2.013692,2.020229,-0.023303,-1.998021,-1.993935,-9.969635,0.095493,0.005829
5.637532,NaN,NaN,NaN,NaN,-0.027511,-2.013539,2.020228,-0.023461,-1.997862,-1.993953,-9.969574,0.095512,0.005844
5.651583,NaN,NaN,NaN,NaN,-0.027043,-2.013067,2.020226,-0.023616,-1.997398,-1.993971,-9.969513,0.095573,0.005863
5.668496,NaN,NaN,NaN,NaN,-0.025597,-2.012895,2.020188,-0.024007,-1.997248,-1.994029,-9.969311,0.095577,0.005882
5.677175,NaN,NaN,NaN,NaN,-0.025110,-2.012726,2.020175,-0.024123,-1.997099,-1.994047,-9.969242,0.095589,0.005890
5.688417,NaN,NaN,NaN,NaN,-0.024626,-2.012372,2.020164,-0.024234,-1.996812,-1.994062,-9.969166,0.095570,0.005898
5.697845,NaN,NaN,NaN,NaN,-0.024127,-2.012189,2.020140,-0.024326,-1.996673,-1.994090,-9.969097,0.095543,0.005928
5.708305,NaN,NaN,NaN,NaN,-0.023136,-2.012008,2.020127,-0.024498,-1.996536,-1.994102,-9.968960,0.095524,0.005943
5.719476,NaN,NaN,NaN,NaN,-0.022645,-2.011830,2.020118,-0.024579,-1.996399,-1.994104,-9.968891,0.095512,0.005959
5.728590,NaN,NaN,NaN,NaN,-0.022143,-2.011658,2.020108,-0.024651,-1.996278,-1.994106,-9.968815,0.095440,0.005978
5.738070,NaN,NaN,NaN,NaN,-0.021147,-2.011488,2.020087,-0.024784,-1.996158,-1.994106,-9.968662,0.095371,0.006008
5.750711,NaN,NaN,NaN,NaN,-0.020653,-2.010995,2.020076,-0.024844,-1.995802,-1.994105,-9.968590,0.095257,0.006027
5.769184,NaN,NaN,NaN,NaN,-0.019648,-2.010821,2.020047,-0.024957,-1.995679,-1.994071,-9.968437,0.095169,0.006069
5.777975,NaN,NaN,NaN,NaN,-0.019137,-2.010480,2.020015,-0.025008,-1.995435,-1.994035,-9.968353,0.095009,0.006111
5.788784,NaN,NaN,NaN,NaN,-0.018128,-2.010314,2.019988,-0.025102,-1.995313,-1.994007,-9.968193,0.094944,0.006130
5.798617,NaN,NaN,NaN,NaN,-0.017615,-2.010138,2.019960,-0.025157,-1.995192,-1.993979,-9.968128,0.094826,0.006149
5.809646,NaN,NaN,NaN,NaN,-0.017106,-2.009625,2.019902,-0.025209,-1.994833,-1.993921,-9.968063,0.094471,0.006187
5.828385,NaN,NaN,NaN,NaN,-0.015606,-2.009445,2.019816,-0.025336,-1.994739,-1.993859,-9.967892,0.094318,0.006229
5.838189,NaN,NaN,NaN,NaN,-0.015115,-2.009268,2.019773,-0.025367,-1.994645,-1.993827,-9.967842,0.094177,0.006248
5.850615,NaN,NaN,NaN,NaN,-0.014629,-2.009093,2.019656,-0.025395,-1.994552,-1.993758,-9.967793,0.094044,0.006290
5.858275,NaN,NaN,NaN,NaN,-0.014148,-2.008736,2.019583,-0.025421,-1.994376,-1.993720,-9.967747,0.093788,0.006317
5.868352,NaN,NaN,NaN,NaN,-0.013230,-2.008554,2.019511,-0.025477,-1.994293,-1.993682,-9.967663,0.093662,0.006340
5.877200,NaN,NaN,NaN,NaN,-0.012778,-2.008374,2.019439,-0.025500,-1.994211,-1.993644,-9.967621,0.093548,0.006363
5.889239,NaN,NaN,NaN,NaN,-0.012331,-2.008197,2.019345,-0.025522,-1.994128,-1.993596,-9.967587,0.093445,0.006393
5.897501,NaN,NaN,NaN,NaN,-0.011498,-2.007798,2.019252,-0.025571,-1.993989,-1.993549,-9.967510,0.093185,0.006420
5.909633,NaN,NaN,NaN,NaN,-0.011089,-2.007603,2.019069,-0.025592,-1.993919,-1.993453,-9.967472,0.093067,0.006470
5.919788,NaN,NaN,NaN,NaN,-0.010684,-2.007411,2.018980,-0.025611,-1.993849,-1.993406,-9.967438,0.092957,0.006485
5.928391,NaN,NaN,NaN,NaN,-0.010308,-2.007187,2.018893,-0.025641,-1.993790,-1.993359,-9.967381,0.092793,0.006496
5.937245,NaN,NaN,NaN,NaN,-0.009567,-2.006750,2.018721,-0.025694,-1.993671,-1.993265,-9.967270,0.092495,0.006531
5.948618,NaN,NaN,NaN,NaN,-0.009203,-2.006536,2.018631,-0.025717,-1.993612,-1.993225,-9.967216,0.092358,0.006538
5.958104,NaN,NaN,NaN,NaN,-0.008867,-2.006297,2.018541,-0.025752,-1.993584,-1.993185,-9.967155,0.092213,0.006546
5.970246,NaN,NaN,NaN,NaN,-0.008535,-2.005598,2.018365,-0.025784,-1.993497,-1.993104,-9.967098,0.091812,0.006561
5.989907,NaN,NaN,NaN,NaN,-0.007571,-2.005092,2.018171,-0.025883,-1.993507,-1.993042,-9.966919,0.091522,0.006538
6.009848,NaN,NaN,NaN,NaN,-0.006959,-2.004356,2.017981,-0.025959,-1.993518,-1.992979,-9.966793,0.091156,0.006504
6.028310,NaN,NaN,NaN,NaN,-0.006063,-2.004100,2.017677,-0.026075,-1.993562,-1.992882,-9.966591,0.091026,0.006435
6.037372,NaN,NaN,NaN,NaN,-0.005764,-2.003847,2.017574,-0.026121,-1.993606,-1.992849,-9.966526,0.090904,0.006413
6.048593,NaN,NaN,NaN,NaN,-0.005471,-2.003596,2.017472,-0.026165,-1.993648,-1.992815,-9.966465,0.090790,0.006386
6.057506,NaN,NaN,NaN,NaN,-0.005182,-2.003349,2.017236,-0.026207,-1.993689,-1.992737,-9.966404,0.090683,0.006348
6.068472,NaN,NaN,NaN,NaN,-0.004585,-2.002841,2.017120,-0.026335,-1.993799,-1.992698,-9.966312,0.090431,0.006325
6.077343,NaN,NaN,NaN,NaN,-0.004296,-2.002591,2.017006,-0.026397,-1.993852,-1.992658,-9.966267,0.090317,0.006306
6.088581,NaN,NaN,NaN,NaN,-0.004011,-2.002345,2.016882,-0.026455,-1.993904,-1.992625,-9.966221,0.090210,0.006279
6.098184,NaN,NaN,NaN,NaN,-0.003420,-2.001836,2.016638,-0.026590,-1.994026,-1.992561,-9.966152,0.089962,0.006226
6.109440,NaN,NaN,NaN,NaN,-0.003132,-2.001327,2.016519,-0.026655,-1.994140,-1.992529,-9.966114,0.089764,0.006203
6.129249,NaN,NaN,NaN,NaN,-0.002284,-2.000543,2.016094,-0.026862,-1.994325,-1.992420,-9.966053,0.089436,0.006134
6.149073,NaN,NaN,NaN,NaN,-0.001739,-2.000300,2.015803,-0.027000,-1.994391,-1.992340,-9.966026,0.089333,0.006100
6.158940,NaN,NaN,NaN,NaN,-0.001468,-2.000041,2.015651,-0.027081,-1.994466,-1.992296,-9.966015,0.089195,0.006084
6.168532,NaN,NaN,NaN,NaN,-0.001204,-1.999785,2.015502,-0.027160,-1.994539,-1.992251,-9.966003,0.089077,0.006073
6.178424,NaN,NaN,NaN,NaN,-0.000944,-1.999532,2.015354,-0.027237,-1.994613,-1.992205,-9.965992,0.088966,0.006069
6.188654,NaN,NaN,NaN,NaN,-0.000447,-1.999025,2.015027,-0.027413,-1.994763,-1.992097,-9.965988,0.088726,0.006039
6.198287,NaN,NaN,NaN,NaN,-0.000207,-1.998771,2.014867,-0.027512,-1.994841,-1.992043,-9.965988,0.088600,0.006020
6.209342,NaN,NaN,NaN,NaN,0.000028,-1.998324,2.014709,-0.027610,-1.995015,-1.991988,-9.965984,0.088398,0.006004
6.228316,NaN,NaN,NaN,NaN,0.000722,-1.997830,2.014210,-0.027959,-1.995150,-1.991760,-9.965984,0.088085,0.005901
6.237183,NaN,NaN,NaN,NaN,0.000947,-1.997588,2.014048,-0.028082,-1.995217,-1.991684,-9.965984,0.087944,0.005848
6.248919,NaN,NaN,NaN,NaN,0.001167,-1.997127,2.013876,-0.028202,-1.995337,-1.991587,-9.966003,0.087646,0.005787
6.258112,NaN,NaN,NaN,NaN,0.001403,-1.996909,2.013540,-0.028363,-1.995389,-1.991393,-9.966019,0.087494,0.005665
6.268206,NaN,NaN,NaN,NaN,0.001861,-1.996693,2.013375,-0.028678,-1.995442,-1.991296,-9.966049,0.087353,0.005604
6.277666,NaN,NaN,NaN,NaN,0.002083,-1.996480,2.013213,-0.028831,-1.995494,-1.991198,-9.966064,0.087215,0.005547
6.288448,NaN,NaN,NaN,NaN,0.002301,-1.996270,2.013039,-0.028981,-1.995546,-1.991074,-9.966072,0.087097,0.005489
6.297406,NaN,NaN,NaN,NaN,0.002750,-1.996076,2.012700,-0.029381,-1.995593,-1.990827,-9.966099,0.086956,0.005402
6.309649,NaN,NaN,NaN,NaN,0.002967,-1.995506,2.012534,-0.029576,-1.995732,-1.990704,-9.966106,0.086582,0.005363
6.328280,NaN,NaN,NaN,NaN,0.003403,-1.995338,2.012182,-0.030000,-1.995771,-1.990442,-9.966141,0.086441,0.005260
6.336996,NaN,NaN,NaN,NaN,0.003623,-1.995008,2.011841,-0.030228,-1.995848,-1.990182,-9.966164,0.086166,0.005165
6.348670,NaN,NaN,NaN,NaN,0.004048,-1.994846,2.011661,-0.030675,-1.995886,-1.990046,-9.966206,0.086033,0.005108
6.358383,NaN,NaN,NaN,NaN,0.004280,-1.994709,2.011483,-0.030929,-1.995913,-1.989910,-9.966244,0.085892,0.005028
6.368274,NaN,NaN,NaN,NaN,0.004729,-1.994574,2.011308,-0.031425,-1.995940,-1.989774,-9.966328,0.085758,0.004948
6.377915,NaN,NaN,NaN,NaN,0.004946,-1.994306,2.011135,-0.031667,-1.995996,-1.989638,-9.966370,0.085514,0.004871
6.390715,NaN,NaN,NaN,NaN,0.005206,-1.994104,2.010800,-0.031953,-1.996001,-1.989332,-9.966412,0.085274,0.004700
6.410619,NaN,NaN,NaN,NaN,0.005710,-1.994004,2.010476,-0.032512,-1.996004,-1.989027,-9.966488,0.085163,0.004539
6.418196,NaN,NaN,NaN,NaN,0.005955,-1.993905,2.010190,-0.032787,-1.996007,-1.988714,-9.966526,0.085060,0.004330
6.428309,NaN,NaN,NaN,NaN,0.006528,-1.993721,2.010050,-0.033390,-1.995970,-1.988558,-9.966606,0.084843,0.004227
6.437156,NaN,NaN,NaN,NaN,0.006806,-1.993631,2.009913,-0.033685,-1.995953,-1.988402,-9.966640,0.084747,0.004128
6.448386,NaN,NaN,NaN,NaN,0.007079,-1.993455,2.009786,-0.033975,-1.995899,-1.988244,-9.966675,0.084564,0.004021
6.457973,NaN,NaN,NaN,NaN,0.007377,-1.993369,2.009537,-0.034283,-1.995862,-1.987928,-9.966694,0.084446,0.003815
6.469216,NaN,NaN,NaN,NaN,0.007957,-1.993284,2.009415,-0.034885,-1.995825,-1.987771,-9.966728,0.084335,0.003716
6.477205,NaN,NaN,NaN,NaN,0.008239,-1.993199,2.009299,-0.035180,-1.995789,-1.987613,-9.966743,0.084232,0.003628
6.488891,NaN,NaN,NaN,NaN,0.008560,-1.993120,2.009185,-0.035509,-1.995736,-1.987456,-9.966732,0.084126,0.003540
6.498198,NaN,NaN,NaN,NaN,0.008876,-1.992964,2.008962,-0.035834,-1.995633,-1.987142,-9.966717,0.083927,0.003368
6.509894,NaN,NaN,NaN,NaN,0.009489,-1.992886,2.008858,-0.036469,-1.995583,-1.986971,-9.966686,0.083839,0.003300
6.517607,NaN,NaN,NaN,NaN,0.009809,-1.992816,2.008755,-0.036824,-1.995504,-1.986800,-9.966667,0.083740,0.003231
6.528239,NaN,NaN,NaN,NaN,0.010123,-1.992747,2.008654,-0.037173,-1.995425,-1.986628,-9.966644,0.083649,0.003162
6.538045,NaN,NaN,NaN,NaN,0.010430,-1.992609,2.008456,-0.037517,-1.995273,-1.986285,-9.966625,0.083488,0.003044
6.550065,NaN,NaN,NaN,NaN,0.011031,-1.992540,2.008365,-0.038189,-1.995198,-1.986098,-9.966576,0.083416,0.002998
6.559438,NaN,NaN,NaN,NaN,0.011364,-1.992479,2.008275,-0.038548,-1.995102,-1.985912,-9.966557,0.083332,0.002953
6.571061,NaN,NaN,NaN,NaN,0.011691,-1.992418,2.008099,-0.038902,-1.995007,-1.985542,-9.966537,0.083256,0.002865
6.578861,NaN,NaN,NaN,NaN,0.012331,-1.992358,2.008030,-0.039591,-1.994913,-1.985352,-9.966492,0.083183,0.002819
6.588621,NaN,NaN,NaN,NaN,0.012684,-1.992238,2.007961,-0.039958,-1.994708,-1.985162,-9.966480,0.083057,0.002777
6.598786,NaN,NaN,NaN,NaN,0.013032,-1.992178,2.007894,-0.040320,-1.994597,-1.984973,-9.966469,0.082993,0.002743
6.608480,NaN,NaN,NaN,NaN,0.013710,-1.992057,2.007828,-0.041025,-1.994381,-1.984783,-9.966461,0.082882,0.002705
6.619257,NaN,NaN,NaN,NaN,0.014075,-1.991991,2.007707,-0.041407,-1.994253,-1.984388,-9.966465,0.082809,0.002628
6.629392,NaN,NaN,NaN,NaN,0.014435,-1.991859,2.007648,-0.041783,-1.994003,-1.984190,-9.966469,0.082687,0.002590
6.649236,NaN,NaN,NaN,NaN,0.015138,-1.991793,2.007542,-0.042517,-1.993880,-1.983794,-9.966476,0.082645,0.002506
6.658605,NaN,NaN,NaN,NaN,0.015516,-1.991729,2.007447,-0.042910,-1.993752,-1.983396,-9.966492,0.082588,0.002407
6.669682,NaN,NaN,NaN,NaN,0.016254,-1.991600,2.007401,-0.043678,-1.993501,-1.983197,-9.966534,0.082493,0.002361
6.679724,NaN,NaN,NaN,NaN,0.016615,-1.991536,2.007367,-0.044052,-1.993377,-1.982995,-9.966553,0.082455,0.002308
6.688401,NaN,NaN,NaN,NaN,0.017005,-1.991491,2.007333,-0.044459,-1.993252,-1.982794,-9.966587,0.082397,0.002254
6.697194,NaN,NaN,NaN,NaN,0.017389,-1.991399,2.007300,-0.044860,-1.993007,-1.982592,-9.966621,0.082321,0.002201
6.708651,NaN,NaN,NaN,NaN,0.018141,-1.991352,2.007247,-0.045641,-1.992887,-1.982186,-9.966686,0.082302,0.002087
6.718744,NaN,NaN,NaN,NaN,0.018532,-1.991316,2.007228,-0.046045,-1.992754,-1.981981,-9.966747,0.082249,0.002033
6.728271,NaN,NaN,NaN,NaN,0.018916,-1.991280,2.007208,-0.046443,-1.992622,-1.981776,-9.966797,0.082207,0.001976
6.737732,NaN,NaN,NaN,NaN,0.019667,-1.991244,2.007189,-0.047218,-1.992492,-1.981570,-9.966888,0.082169,0.001923
6.748700,NaN,NaN,NaN,NaN,0.020053,-1.991173,2.007160,-0.047626,-1.992224,-1.981166,-9.966953,0.082077,0.001816
6.758331,NaN,NaN,NaN,NaN,0.020432,-1.991138,2.007146,-0.048027,-1.992086,-1.980963,-9.967014,0.082024,0.001762
6.769765,NaN,NaN,NaN,NaN,0.020805,-1.991103,2.007133,-0.048422,-1.991950,-1.980760,-9.967072,0.081966,0.001709
6.778795,NaN,NaN,NaN,NaN,0.021564,-1.991068,2.007178,-0.049222,-1.991816,-1.980367,-9.967201,0.081913,0.001610
6.788581,NaN,NaN,NaN,NaN,0.021950,-1.990974,2.007175,-0.049628,-1.991537,-1.980183,-9.967278,0.081734,0.001549
6.797057,NaN,NaN,NaN,NaN,0.022330,-1.990925,2.007173,-0.050027,-1.991400,-1.979998,-9.967350,0.081654,0.001488
6.808762,NaN,NaN,NaN,NaN,0.023070,-1.990827,2.007170,-0.050804,-1.991129,-1.979813,-9.967487,0.081516,0.001427
6.817650,NaN,NaN,NaN,NaN,0.023463,-1.990772,2.007187,-0.051196,-1.990989,-1.979476,-9.967567,0.081440,0.001286
6.828319,NaN,NaN,NaN,NaN,0.023849,-1.990715,2.007195,-0.051581,-1.990850,-1.979306,-9.967644,0.081371,0.001217
6.838528,NaN,NaN,NaN,NaN,0.024228,-1.990659,2.007203,-0.051959,-1.990714,-1.979136,-9.967716,0.081306,0.001144
6.848388,NaN,NaN,NaN,NaN,0.024600,-1.990601,2.007214,-0.052331,-1.990579,-1.978994,-9.967773,0.081249,0.001064
6.857412,NaN,NaN,NaN,NaN,0.024994,-1.990541,2.007235,-0.052723,-1.990423,-1.978706,-9.967838,0.081165,0.000908
6.869804,NaN,NaN,NaN,NaN,0.025758,-1.990357,2.007246,-0.053486,-1.989966,-1.978560,-9.967957,0.080948,0.000832
6.888316,NaN,NaN,NaN,NaN,0.026515,-1.990300,2.007273,-0.054245,-1.989795,-1.978317,-9.968075,0.080845,0.000683
6.897771,NaN,NaN,NaN,NaN,0.026893,-1.990185,2.007274,-0.054626,-1.989456,-1.978201,-9.968132,0.080658,0.000626
6.910383,NaN,NaN,NaN,NaN,0.027627,-1.990065,2.007281,-0.055367,-1.989103,-1.978001,-9.968269,0.080471,0.000504
6.928393,NaN,NaN,NaN,NaN,0.028396,-1.990003,2.007342,-0.056090,-1.988918,-1.977806,-9.968426,0.080372,0.000351
6.939244,NaN,NaN,NaN,NaN,0.029137,-1.989878,2.007372,-0.056785,-1.988554,-1.977706,-9.968567,0.080200,0.000278
6.948496,NaN,NaN,NaN,NaN,0.029523,-1.989817,2.007458,-0.057131,-1.988357,-1.977575,-9.968662,0.080101,0.000141
6.959047,NaN,NaN,NaN,NaN,0.029902,-1.989755,2.007501,-0.057471,-1.988162,-1.977505,-9.968758,0.080009,0.000046
6.984700,NaN,NaN,NaN,NaN,0.030274,-1.989631,2.007542,-0.057803,-1.987778,-1.977433,-9.968857,0.079842,-0.000042
7.004301,NaN,NaN,NaN,NaN,0.031407,-1.989412,2.007675,-0.058772,-1.987188,-1.977318,-9.969208,0.079559,-0.000271
7.023121,NaN,NaN,NaN,NaN,0.032146,-1.989272,2.007762,-0.059388,-1.986793,-1.977265,-9.969440,0.079350,-0.000408
7.032067,NaN,NaN,NaN,NaN,0.032886,-1.989204,2.007849,-0.060013,-1.986594,-1.977236,-9.969727,0.079239,-0.000584
7.043410,NaN,NaN,NaN,NaN,0.033246,-1.989136,2.007891,-0.060315,-1.986398,-1.977218,-9.969864,0.079136,-0.000668
7.052543,NaN,NaN,NaN,NaN,0.033598,-1.989068,2.007944,-0.060611,-1.986204,-1.977234,-9.969997,0.079037,-0.000755
7.063079,NaN,NaN,NaN,NaN,0.033963,-1.988961,2.007994,-0.060913,-1.985791,-1.977246,-9.970146,0.078793,-0.000839
7.072404,NaN,NaN,NaN,NaN,0.034671,-1.988906,2.008093,-0.061497,-1.985588,-1.977259,-9.970432,0.078678,-0.001003
7.084666,NaN,NaN,NaN,NaN,0.035015,-1.988850,2.008141,-0.061779,-1.985388,-1.977259,-9.970566,0.078575,-0.001083
7.092898,NaN,NaN,NaN,NaN,0.035352,-1.988794,2.008198,-0.062056,-1.985190,-1.977298,-9.970699,0.078476,-0.001179
7.103113,NaN,NaN,NaN,NaN,0.035710,-1.988745,2.008254,-0.062353,-1.984987,-1.977333,-9.970863,0.078346,-0.001274
7.111393,NaN,NaN,NaN,NaN,0.036062,-1.988645,2.008365,-0.062643,-1.984588,-1.977389,-9.971020,0.078110,-0.001453
7.122805,NaN,NaN,NaN,NaN,0.036745,-1.988593,2.008429,-0.063206,-1.984392,-1.977442,-9.971321,0.078003,-0.001541
7.131550,NaN,NaN,NaN,NaN,0.037095,-1.988547,2.008492,-0.063494,-1.984188,-1.977491,-9.971481,0.077862,-0.001629
7.143150,NaN,NaN,NaN,NaN,0.037438,-1.988501,2.008616,-0.063776,-1.983986,-1.977576,-9.971634,0.077732,-0.001781
7.153677,NaN,NaN,NaN,NaN,0.038104,-1.988405,2.008698,-0.064322,-1.983588,-1.977647,-9.971920,0.077496,-0.001858
7.162491,NaN,NaN,NaN,NaN,0.038461,-1.988361,2.008780,-0.064622,-1.983384,-1.977714,-9.972065,0.077366,-0.001930
7.172016,NaN,NaN,NaN,NaN,0.038811,-1.988316,2.008861,-0.064916,-1.983184,-1.977776,-9.972202,0.077244,-0.002003
7.184891,NaN,NaN,NaN,NaN,0.039490,-1.988180,2.009021,-0.065485,-1.982584,-1.977934,-9.972466,0.076900,-0.002140
7.202514,NaN,NaN,NaN,NaN,0.040205,-1.988138,2.009181,-0.066062,-1.982382,-1.978121,-9.972729,0.076794,-0.002266
7.211305,NaN,NaN,NaN,NaN,0.040552,-1.988094,2.009259,-0.066343,-1.982182,-1.978208,-9.972855,0.076691,-0.002327
7.222424,NaN,NaN,NaN,NaN,0.040893,-1.988050,2.009336,-0.066617,-1.981985,-1.978324,-9.972988,0.076591,-0.002373
7.231810,NaN,NaN,NaN,NaN,0.041610,-1.987936,2.009487,-0.067163,-1.981575,-1.978541,-9.973232,0.076401,-0.002468
7.243521,NaN,NaN,NaN,NaN,0.041958,-1.987878,2.009561,-0.067426,-1.981374,-1.978643,-9.973351,0.076313,-0.002514
7.252638,NaN,NaN,NaN,NaN,0.042300,-1.987818,2.009632,-0.067684,-1.981174,-1.978764,-9.973465,0.076233,-0.002548
7.262440,NaN,NaN,NaN,NaN,0.042673,-1.987752,2.009702,-0.067926,-1.980968,-1.978880,-9.973572,0.076180,-0.002579
7.272757,NaN,NaN,NaN,NaN,0.043400,-1.987618,2.009770,-0.068394,-1.980564,-1.978992,-9.973782,0.076092,-0.002621
7.282316,NaN,NaN,NaN,NaN,0.043753,-1.987550,2.009903,-0.068620,-1.980366,-1.979224,-9.973881,0.076057,-0.002686
7.292665,NaN,NaN,NaN,NaN,0.044129,-1.987466,2.009967,-0.068853,-1.980166,-1.979342,-9.973980,0.076027,-0.002708
7.302464,NaN,NaN,NaN,NaN,0.044499,-1.987381,2.010030,-0.069080,-1.979969,-1.979456,-9.974072,0.076004,-0.002735
7.311318,NaN,NaN,NaN,NaN,0.045218,-1.987211,2.010092,-0.069519,-1.979582,-1.979566,-9.974247,0.075962,-0.002758
7.322321,NaN,NaN,NaN,NaN,0.045600,-1.987104,2.010225,-0.069746,-1.979403,-1.979825,-9.974342,0.075951,-0.002781
7.331583,NaN,NaN,NaN,NaN,0.045975,-1.986996,2.010290,-0.069967,-1.979227,-1.979947,-9.974434,0.075943,-0.002781
7.344380,NaN,NaN,NaN,NaN,0.046343,-1.986888,2.010417,-0.070183,-1.979052,-1.980178,-9.974548,0.075943,-0.002781
7.353372,NaN,NaN,NaN,NaN,0.047059,-1.986672,2.010503,-0.070598,-1.978709,-1.980302,-9.974762,0.075954,-0.002766
7.362739,NaN,NaN,NaN,NaN,0.047433,-1.986543,2.010588,-0.070811,-1.978550,-1.980421,-9.974884,0.075966,-0.002750
7.372816,NaN,NaN,NaN,NaN,0.047800,-1.986414,2.010672,-0.071019,-1.978392,-1.980536,-9.975006,0.075985,-0.002739
7.382627,NaN,NaN,NaN,NaN,0.048513,-1.986156,2.010754,-0.071418,-1.978082,-1.980647,-9.975231,0.076038,-0.002724
7.392203,NaN,NaN,NaN,NaN,0.048883,-1.986012,2.010847,-0.071610,-1.977939,-1.980784,-9.975361,0.076077,-0.002705
7.403087,NaN,NaN,NaN,NaN,0.049245,-1.985869,2.011029,-0.071798,-1.977797,-1.981044,-9.975483,0.076118,-0.002670
7.411341,NaN,NaN,NaN,NaN,0.049601,-1.985726,2.011118,-0.071980,-1.977657,-1.981167,-9.975605,0.076164,-0.002651
7.422733,NaN,NaN,NaN,NaN,0.049950,-1.985584,2.011236,-0.072158,-1.977517,-1.981326,-9.975719,0.076214,-0.002625
7.432042,NaN,NaN,NaN,NaN,0.050674,-1.985273,2.011466,-0.072509,-1.977243,-1.981629,-9.975979,0.076298,-0.002567
7.443253,NaN,NaN,NaN,NaN,0.051026,-1.984963,2.011579,-0.072677,-1.976974,-1.981774,-9.976101,0.076393,-0.002541
7.462331,NaN,NaN,NaN,NaN,0.052075,-1.984625,2.011857,-0.073161,-1.976725,-1.982132,-9.976490,0.076504,-0.002449
7.471077,NaN,NaN,NaN,NaN,0.052417,-1.984458,2.012128,-0.073315,-1.976602,-1.982470,-9.976620,0.076569,-0.002361
7.485226,NaN,NaN,NaN,NaN,0.052752,-1.984291,2.012294,-0.073464,-1.976480,-1.982662,-9.976742,0.076633,-0.002285
7.492521,NaN,NaN,NaN,NaN,0.053092,-1.984111,2.012459,-0.073616,-1.976362,-1.982850,-9.976879,0.076698,-0.002213
7.502285,NaN,NaN,NaN,NaN,0.053425,-1.983933,2.012621,-0.073764,-1.976245,-1.983032,-9.977009,0.076759,-0.002140
7.511967,NaN,NaN,NaN,NaN,0.053751,-1.983756,2.012781,-0.073907,-1.976130,-1.983210,-9.977135,0.076828,-0.002098
7.522620,NaN,NaN,NaN,NaN,0.054381,-1.983402,2.013108,-0.074189,-1.975904,-1.983610,-9.977394,0.076950,-0.001949
7.531700,NaN,NaN,NaN,NaN,0.054685,-1.983226,2.013269,-0.074327,-1.975794,-1.983803,-9.977531,0.077007,-0.001881
7.543581,NaN,NaN,NaN,NaN,0.054983,-1.982877,2.013428,-0.074460,-1.975576,-1.983991,-9.977661,0.077133,-0.001808
7.562763,NaN,NaN,NaN,NaN,0.055835,-1.982538,2.013885,-0.074848,-1.975354,-1.984588,-9.978050,0.077244,-0.001526
7.570997,NaN,NaN,NaN,NaN,0.056107,-1.982371,2.014034,-0.074972,-1.975245,-1.984778,-9.978176,0.077305,-0.001423
7.582953,NaN,NaN,NaN,NaN,0.056373,-1.982204,2.014192,-0.075091,-1.975137,-1.984989,-9.978306,0.077370,-0.001297
7.592160,NaN,NaN,NaN,NaN,0.056644,-1.981879,2.014503,-0.075204,-1.974920,-1.985398,-9.978447,0.077477,-0.001057
7.602329,NaN,NaN,NaN,NaN,0.057167,-1.981718,2.014655,-0.075416,-1.974812,-1.985595,-9.978714,0.077538,-0.000942
7.612948,NaN,NaN,NaN,NaN,0.057421,-1.981558,2.014805,-0.075516,-1.974706,-1.985787,-9.978840,0.077602,-0.000828
7.622997,NaN,NaN,NaN,NaN,0.057668,-1.981400,2.014964,-0.075612,-1.974601,-1.986001,-9.978966,0.077671,-0.000694
7.632609,NaN,NaN,NaN,NaN,0.057927,-1.981093,2.015275,-0.075705,-1.974399,-1.986413,-9.979095,0.077785,-0.000454
7.644031,NaN,NaN,NaN,NaN,0.058427,-1.980791,2.015427,-0.075879,-1.974201,-1.986613,-9.979378,0.077908,-0.000343
7.665292,NaN,NaN,NaN,NaN,0.058935,-1.980351,2.015717,-0.076046,-1.973917,-1.987048,-9.979645,0.078064,-0.000069
7.693934,NaN,NaN,NaN,NaN,0.059701,-1.980206,2.016135,-0.076281,-1.973824,-1.987692,-9.980030,0.078117,0.000340
7.704264,NaN,NaN,NaN,NaN,0.059966,-1.980062,2.016271,-0.076356,-1.973724,-1.987914,-9.980148,0.078159,0.000473
7.714211,NaN,NaN,NaN,NaN,0.060225,-1.979919,2.016405,-0.076428,-1.973624,-1.988131,-9.980240,0.078209,0.000603
7.722210,NaN,NaN,NaN,NaN,0.060726,-1.979777,2.016653,-0.076560,-1.973526,-1.988564,-9.980415,0.078259,0.000881
7.734227,NaN,NaN,NaN,NaN,0.060981,-1.979494,2.016766,-0.076630,-1.973326,-1.988780,-9.980495,0.078354,0.001030
7.742549,NaN,NaN,NaN,NaN,0.061230,-1.979353,2.016878,-0.076697,-1.973225,-1.988991,-9.980576,0.078400,0.001171
7.774487,NaN,NaN,NaN,NaN,0.061713,-1.979076,2.016988,-0.076821,-1.973026,-1.989197,-9.980721,0.078487,0.001312
7.790998,NaN,NaN,NaN,NaN,0.062189,-1.978799,2.017284,-0.076946,-1.972841,-1.989783,-9.980831,0.078556,0.001797
7.802684,NaN,NaN,NaN,NaN,0.062419,-1.978662,2.017381,-0.077003,-1.972749,-1.989970,-9.980881,0.078594,0.001953
7.811791,NaN,NaN,NaN,NaN,0.062644,-1.978268,2.017466,-0.077057,-1.972513,-1.990137,-9.980930,0.078693,0.002117
7.831729,NaN,NaN,NaN,NaN,0.063320,-1.978013,2.017714,-0.077224,-1.972370,-1.990614,-9.981037,0.078758,0.002583
7.850561,NaN,NaN,NaN,NaN,0.063747,-1.977881,2.017861,-0.077331,-1.972320,-1.990896,-9.981106,0.078777,0.002949
7.860079,NaN,NaN,NaN,NaN,0.064157,-1.977619,2.018004,-0.077439,-1.972220,-1.991164,-9.981171,0.078819,0.003292
7.872210,NaN,NaN,NaN,NaN,0.064355,-1.977490,2.018064,-0.077488,-1.972170,-1.991291,-9.981205,0.078846,0.003490
7.880743,NaN,NaN,NaN,NaN,0.064547,-1.977352,2.018122,-0.077530,-1.972147,-1.991414,-9.981224,0.078861,0.003681
7.890536,NaN,NaN,NaN,NaN,0.064734,-1.977216,2.018180,-0.077569,-1.972125,-1.991534,-9.981247,0.078880,0.003872
7.900529,NaN,NaN,NaN,NaN,0.064918,-1.976947,2.018292,-0.077604,-1.972079,-1.991764,-9.981266,0.078926,0.004219
7.911389,NaN,NaN,NaN,NaN,0.065273,-1.976813,2.018342,-0.077666,-1.972056,-1.991872,-9.981281,0.078957,0.004410
7.921244,NaN,NaN,NaN,NaN,0.065450,-1.976663,2.018390,-0.077686,-1.972051,-1.991978,-9.981277,0.078972,0.004593
7.931450,NaN,NaN,NaN,NaN,0.065622,-1.976216,2.018486,-0.077704,-1.972032,-1.992178,-9.981270,0.079037,0.004951
7.950821,NaN,NaN,NaN,NaN,0.066114,-1.976045,2.018562,-0.077736,-1.972026,-1.992356,-9.981239,0.079041,0.005318
7.960057,NaN,NaN,NaN,NaN,0.066270,-1.975875,2.018599,-0.077738,-1.972021,-1.992440,-9.981224,0.079048,0.005482
7.971072,NaN,NaN,NaN,NaN,0.066423,-1.975706,2.018635,-0.077738,-1.972016,-1.992522,-9.981213,0.079060,0.005642
7.980174,NaN,NaN,NaN,NaN,0.066572,-1.975539,2.018668,-0.077735,-1.972010,-1.992685,-9.981197,0.079079,0.005962
7.990479,NaN,NaN,NaN,NaN,0.066871,-1.975173,2.018684,-0.077732,-1.971993,-1.992762,-9.981140,0.079063,0.006119
8.000194,NaN,NaN,NaN,NaN,0.067015,-1.974992,2.018700,-0.077728,-1.971984,-1.992837,-9.981113,0.079060,0.006268
8.010834,NaN,NaN,NaN,NaN,0.067156,-1.974615,2.018699,-0.077721,-1.971963,-1.992907,-9.981087,0.079041,0.006424
8.020811,NaN,NaN,NaN,NaN,0.067446,-1.974420,2.018695,-0.077728,-1.971951,-1.993038,-9.981003,0.079025,0.006752
8.031353,NaN,NaN,NaN,NaN,0.067587,-1.974034,2.018692,-0.077728,-1.971926,-1.993099,-9.980965,0.079002,0.006912
8.050596,NaN,NaN,NaN,NaN,0.067853,-1.973819,2.018677,-0.077730,-1.971917,-1.993224,-9.980888,0.078972,0.007225
8.059678,NaN,NaN,NaN,NaN,0.067979,-1.973397,2.018668,-0.077732,-1.971899,-1.993282,-9.980850,0.078930,0.007374
8.070817,NaN,NaN,NaN,NaN,0.068223,-1.973189,2.018640,-0.077730,-1.971891,-1.993398,-9.980774,0.078915,0.007664
8.079481,NaN,NaN,NaN,NaN,0.068341,-1.972973,2.018620,-0.077730,-1.971881,-1.993455,-9.980743,0.078869,0.007812
8.090435,NaN,NaN,NaN,NaN,0.068456,-1.972759,2.018601,-0.077728,-1.971871,-1.993510,-9.980713,0.078831,0.007961
8.099682,NaN,NaN,NaN,NaN,0.068569,-1.972547,2.018581,-0.077725,-1.971862,-1.993562,-9.980682,0.078793,0.008102
8.110512,NaN,NaN,NaN,NaN,0.068802,-1.972116,2.018541,-0.077721,-1.971834,-1.993640,-9.980640,0.078701,0.008358
8.120854,NaN,NaN,NaN,NaN,0.068921,-1.971897,2.018521,-0.077719,-1.971816,-1.993675,-9.980629,0.078648,0.008480
8.131298,NaN,NaN,NaN,NaN,0.069038,-1.971679,2.018501,-0.077716,-1.971798,-1.993708,-9.980614,0.078613,0.008598
8.139666,NaN,NaN,NaN,NaN,0.069153,-1.971244,2.018461,-0.077711,-1.971764,-1.993791,-9.980598,0.078518,0.008778
8.150616,NaN,NaN,NaN,NaN,0.069402,-1.971026,2.018441,-0.077720,-1.971749,-1.993829,-9.980618,0.078457,0.008862
8.159933,NaN,NaN,NaN,NaN,0.069523,-1.970809,2.018420,-0.077722,-1.971733,-1.993865,-9.980629,0.078400,0.008945
8.170624,NaN,NaN,NaN,NaN,0.069758,-1.970382,2.018400,-0.077720,-1.971701,-1.993899,-9.980644,0.078304,0.009029
8.181859,NaN,NaN,NaN,NaN,0.069880,-1.970178,2.018357,-0.077740,-1.971692,-1.993973,-9.980675,0.078217,0.009155
8.190754,NaN,NaN,NaN,NaN,0.070000,-1.969976,2.018335,-0.077758,-1.971683,-1.994007,-9.980709,0.078136,0.009220
8.200563,NaN,NaN,NaN,NaN,0.070118,-1.969775,2.018314,-0.077774,-1.971674,-1.994039,-9.980740,0.078060,0.009277
8.210733,NaN,NaN,NaN,NaN,0.070234,-1.969575,2.018295,-0.077790,-1.971665,-1.994065,-9.980770,0.077991,0.009327
8.220787,NaN,NaN,NaN,NaN,0.070474,-1.969207,2.018260,-0.077841,-1.971643,-1.994112,-9.980858,0.077820,0.009418
8.232384,NaN,NaN,NaN,NaN,0.070591,-1.968843,2.018242,-0.077864,-1.971621,-1.994133,-9.980900,0.077671,0.009460
8.250780,NaN,NaN,NaN,NaN,0.070831,-1.968681,2.018204,-0.077913,-1.971601,-1.994209,-9.980991,0.077576,0.009533
8.259452,NaN,NaN,NaN,NaN,0.071075,-1.968358,2.018167,-0.077963,-1.971560,-1.994277,-9.981113,0.077400,0.009563
8.270603,NaN,NaN,NaN,NaN,0.071194,-1.968197,2.018142,-0.077985,-1.971540,-1.994329,-9.981178,0.077320,0.009567
8.280627,NaN,NaN,NaN,NaN,0.071319,-1.968054,2.018117,-0.078014,-1.971517,-1.994379,-9.981258,0.077213,0.009571
8.290446,NaN,NaN,NaN,NaN,0.071441,-1.967910,2.018092,-0.078041,-1.971494,-1.994426,-9.981339,0.077114,0.009575
8.300898,NaN,NaN,NaN,NaN,0.071679,-1.967767,2.018068,-0.078092,-1.971472,-1.994471,-9.981483,0.077019,0.009583
8.310582,NaN,NaN,NaN,NaN,0.071818,-1.967495,2.018004,-0.078128,-1.971417,-1.994595,-9.981579,0.076847,0.009556
8.319778,NaN,NaN,NaN,NaN,0.071955,-1.967366,2.017973,-0.078163,-1.971384,-1.994654,-9.981670,0.076756,0.009556
8.332370,NaN,NaN,NaN,NaN,0.072090,-1.967108,2.017943,-0.078197,-1.971320,-1.994710,-9.981747,0.076588,0.009556
8.350611,NaN,NaN,NaN,NaN,0.072514,-1.966875,2.017871,-0.078307,-1.971270,-1.994961,-9.982002,0.076405,0.009476
8.359125,NaN,NaN,NaN,NaN,0.072656,-1.966758,2.017848,-0.078344,-1.971245,-1.995040,-9.982086,0.076321,0.009453
8.370296,NaN,NaN,NaN,NaN,0.072796,-1.966642,2.017831,-0.078380,-1.971220,-1.995146,-9.982170,0.076241,0.009407
8.379884,NaN,NaN,NaN,NaN,0.072954,-1.966441,2.017798,-0.078416,-1.971199,-1.995349,-9.982265,0.076050,0.009308
8.390671,NaN,NaN,NaN,NaN,0.073263,-1.966340,2.017783,-0.078483,-1.971188,-1.995446,-9.982456,0.075962,0.009262
8.399834,NaN,NaN,NaN,NaN,0.073414,-1.966238,2.017763,-0.078515,-1.971178,-1.995565,-9.982548,0.075882,0.009209
8.410535,NaN,NaN,NaN,NaN,0.073574,-1.966154,2.017745,-0.078536,-1.971175,-1.995680,-9.982662,0.075779,0.009151
8.419747,NaN,NaN,NaN,NaN,0.073732,-1.965984,2.017710,-0.078556,-1.971171,-1.995903,-9.982769,0.075592,0.009048
8.431269,NaN,NaN,NaN,NaN,0.074041,-1.965812,2.017693,-0.078593,-1.971167,-1.996010,-9.982975,0.075424,0.008999
8.450574,NaN,NaN,NaN,NaN,0.074352,-1.965760,2.017670,-0.078624,-1.971180,-1.996248,-9.983215,0.075329,0.008873
8.459575,NaN,NaN,NaN,NaN,0.074510,-1.965653,2.017651,-0.078637,-1.971206,-1.996475,-9.983353,0.075150,0.008751
8.470630,NaN,NaN,NaN,NaN,0.074818,-1.965598,2.017645,-0.078659,-1.971218,-1.996593,-9.983616,0.075069,0.008694
8.479653,NaN,NaN,NaN,NaN,0.074977,-1.965564,2.017639,-0.078680,-1.971255,-1.996708,-9.983772,0.074959,0.008636
8.491467,NaN,NaN,NaN,NaN,0.075134,-1.965529,2.017635,-0.078699,-1.971290,-1.996821,-9.983925,0.074883,0.008579
8.500009,NaN,NaN,NaN,NaN,0.075440,-1.965456,2.017631,-0.078734,-1.971361,-1.996931,-9.984211,0.074745,0.008511
8.510499,NaN,NaN,NaN,NaN,0.075598,-1.965483,2.017629,-0.078750,-1.971427,-1.997163,-9.984367,0.074673,0.008396
8.519731,NaN,NaN,NaN,NaN,0.075754,-1.965445,2.017630,-0.078765,-1.971464,-1.997276,-9.984520,0.074612,0.008343
8.531319,NaN,NaN,NaN,NaN,0.075907,-1.965405,2.017632,-0.078780,-1.971555,-1.997386,-9.984665,0.074455,0.008289
8.551828,NaN,NaN,NaN,NaN,0.076393,-1.965413,2.017612,-0.078818,-1.971678,-1.997747,-9.985126,0.074200,0.008171
8.560244,NaN,NaN,NaN,NaN,0.076557,-1.965414,2.017608,-0.078829,-1.971738,-1.997862,-9.985279,0.074078,0.008106
8.570805,NaN,NaN,NaN,NaN,0.076718,-1.965446,2.017582,-0.078840,-1.971878,-1.998002,-9.985439,0.073833,0.008057
8.581276,NaN,NaN,NaN,NaN,0.077102,-1.965477,2.017557,-0.078861,-1.971958,-1.998139,-9.985786,0.073704,0.008011
8.591504,NaN,NaN,NaN,NaN,0.077290,-1.965505,2.017533,-0.078870,-1.972037,-1.998272,-9.985954,0.073586,0.007965
8.600519,NaN,NaN,NaN,NaN,0.077474,-1.965532,2.017472,-0.078879,-1.972116,-1.998555,-9.986118,0.073471,0.007889
8.611624,NaN,NaN,NaN,NaN,0.077696,-1.965587,2.017434,-0.078892,-1.972207,-1.998702,-9.986298,0.073345,0.007854
8.620687,NaN,NaN,NaN,NaN,0.077914,-1.965691,2.017398,-0.078904,-1.972384,-1.998847,-9.986473,0.073112,0.007820
8.630555,NaN,NaN,NaN,NaN,0.078341,-1.965739,2.017313,-0.078927,-1.972472,-1.999147,-9.986755,0.073006,0.007763
8.641284,NaN,NaN,NaN,NaN,0.078598,-1.965821,2.017264,-0.078936,-1.972574,-1.999302,-9.986893,0.072880,0.007740
8.650547,NaN,NaN,NaN,NaN,0.078850,-1.965901,2.017217,-0.078944,-1.972675,-1.999454,-9.987022,0.072765,0.007717
8.659672,NaN,NaN,NaN,NaN,0.079098,-1.966050,2.017172,-0.078952,-1.972873,-1.999603,-9.987152,0.072552,0.007698
8.670599,NaN,NaN,NaN,NaN,0.079615,-1.966158,2.017061,-0.078984,-1.972991,-1.999958,-9.987396,0.072422,0.007656
8.679866,NaN,NaN,NaN,NaN,0.079883,-1.966262,2.017008,-0.079009,-1.973108,-2.000129,-9.987511,0.072300,0.007629
8.691759,NaN,NaN,NaN,NaN,0.080147,-1.966555,2.016907,-0.079032,-1.973450,-2.000463,-9.987637,0.071964,0.007580
8.710383,NaN,NaN,NaN,NaN,0.080942,-1.966666,2.016775,-0.079118,-1.973578,-2.000855,-9.987995,0.071850,0.007538
8.719216,NaN,NaN,NaN,NaN,0.081217,-1.966774,2.016713,-0.079158,-1.973704,-2.001046,-9.988110,0.071743,0.007519
8.730736,NaN,NaN,NaN,NaN,0.081488,-1.966878,2.016652,-0.079196,-1.973830,-2.001234,-9.988224,0.071659,0.007500
8.740347,NaN,NaN,NaN,NaN,0.082039,-1.967089,2.016463,-0.079284,-1.974101,-2.001661,-9.988457,0.071487,0.007477
8.750402,NaN,NaN,NaN,NaN,0.082320,-1.967196,2.016371,-0.079333,-1.974246,-2.001869,-9.988575,0.071400,0.007465
8.759724,NaN,NaN,NaN,NaN,0.082596,-1.967299,2.016282,-0.079382,-1.974389,-2.002074,-9.988689,0.071316,0.007458
8.770512,NaN,NaN,NaN,NaN,0.082868,-1.967399,2.016163,-0.079430,-1.974531,-2.002298,-9.988804,0.071236,0.007458
8.780001,NaN,NaN,NaN,NaN,0.083451,-1.967612,2.015933,-0.079582,-1.974871,-2.002737,-9.989040,0.071060,0.007454
8.791889,NaN,NaN,NaN,NaN,0.083735,-1.967713,2.015822,-0.079656,-1.975038,-2.002952,-9.989151,0.070980,0.007454
8.801479,NaN,NaN,NaN,NaN,0.084014,-1.967812,2.015689,-0.079730,-1.975204,-2.003166,-9.989262,0.070904,0.007481
8.810487,NaN,NaN,NaN,NaN,0.084308,-1.967906,2.015559,-0.079831,-1.975386,-2.003377,-9.989368,0.070831,0.007507
8.819125,NaN,NaN,NaN,NaN,0.084880,-1.968085,2.015307,-0.080029,-1.975744,-2.003791,-9.989578,0.070694,0.007561
8.830605,NaN,NaN,NaN,NaN,0.085159,-1.968169,2.015150,-0.080127,-1.975921,-2.003981,-9.989677,0.070633,0.007607
8.839635,NaN,NaN,NaN,NaN,0.085440,-1.968260,2.014996,-0.080245,-1.976111,-2.004169,-9.989788,0.070583,0.007652
8.850578,NaN,NaN,NaN,NaN,0.085716,-1.968348,2.014845,-0.080361,-1.976299,-2.004354,-9.989902,0.070515,0.007698
8.860044,NaN,NaN,NaN,NaN,0.086253,-1.968432,2.014513,-0.080589,-1.976484,-2.004701,-9.990116,0.070454,0.007843
8.870521,NaN,NaN,NaN,NaN,0.086515,-1.968607,2.014333,-0.080710,-1.976848,-2.004864,-9.990250,0.070339,0.007927
8.879607,NaN,NaN,NaN,NaN,0.086772,-1.968696,2.014156,-0.080829,-1.977025,-2.005024,-9.990376,0.070286,0.008011
8.892124,NaN,NaN,NaN,NaN,0.087273,-1.968961,2.013982,-0.081063,-1.977552,-2.005182,-9.990620,0.070164,0.008091
8.910430,NaN,NaN,NaN,NaN,0.087783,-1.969052,2.013390,-0.081317,-1.977728,-2.005611,-9.990913,0.070137,0.008385
8.919794,NaN,NaN,NaN,NaN,0.088030,-1.969141,2.013200,-0.081442,-1.977903,-2.005749,-9.991051,0.070118,0.008476
8.930681,NaN,NaN,NaN,NaN,0.088273,-1.969334,2.012988,-0.081565,-1.978249,-2.005864,-9.991184,0.070095,0.008598
8.939867,NaN,NaN,NaN,NaN,0.088749,-1.969438,2.012576,-0.081809,-1.978418,-2.006087,-9.991505,0.070091,0.008831
8.950617,NaN,NaN,NaN,NaN,0.088981,-1.969538,2.012413,-0.081929,-1.978587,-2.006175,-9.991653,0.070091,0.008968
8.960362,NaN,NaN,NaN,NaN,0.089207,-1.969635,2.012227,-0.082048,-1.978753,-2.006276,-9.991802,0.070095,0.009087
8.970869,NaN,NaN,NaN,NaN,0.089429,-1.969842,2.012006,-0.082165,-1.979080,-2.006359,-9.991947,0.070087,0.009224
8.980899,NaN,NaN,NaN,NaN,0.089895,-1.969950,2.011575,-0.082373,-1.979240,-2.006519,-9.992260,0.070091,0.009460
8.994308,NaN,NaN,NaN,NaN,0.090120,-1.970158,2.011365,-0.082475,-1.979554,-2.006597,-9.992409,0.070114,0.009575
9.011575,NaN,NaN,NaN,NaN,0.090578,-1.970550,2.010903,-0.082665,-1.979988,-2.006720,-9.992714,0.070183,0.009850
9.032942,NaN,NaN,NaN,NaN,0.091260,-1.970822,2.010216,-0.082926,-1.980262,-2.006879,-9.993168,0.070221,0.010265
9.050433,NaN,NaN,NaN,NaN,0.091707,-1.970967,2.009747,-0.083082,-1.980394,-2.006960,-9.993496,0.070240,0.010551
9.059974,NaN,NaN,NaN,NaN,0.091923,-1.971108,2.009518,-0.083159,-1.980525,-2.006999,-9.993652,0.070259,0.010689
9.071898,NaN,NaN,NaN,NaN,0.092346,-1.971389,2.009023,-0.083291,-1.980779,-2.007073,-9.993969,0.070290,0.010983
9.079120,NaN,NaN,NaN,NaN,0.092552,-1.971530,2.008781,-0.083347,-1.980902,-2.007108,-9.994129,0.070297,0.011127
9.092218,NaN,NaN,NaN,NaN,0.092754,-1.971799,2.008531,-0.083402,-1.981145,-2.007148,-9.994282,0.070309,0.011276
9.110521,NaN,NaN,NaN,NaN,0.093323,-1.972072,2.007761,-0.083501,-1.981397,-2.007267,-9.994778,0.070286,0.011726
9.119524,NaN,NaN,NaN,NaN,0.093503,-1.972203,2.007525,-0.083524,-1.981521,-2.007297,-9.994942,0.070278,0.011868
9.130719,NaN,NaN,NaN,NaN,0.093678,-1.972330,2.007269,-0.083547,-1.981645,-2.007332,-9.995102,0.070274,0.012009
9.139924,NaN,NaN,NaN,NaN,0.094022,-1.972593,2.006771,-0.083485,-1.981898,-2.007398,-9.995419,0.070240,0.012283
9.151325,NaN,NaN,NaN,NaN,0.094188,-1.972719,2.006527,-0.083455,-1.982022,-2.007429,-9.995571,0.070229,0.012417
9.160470,NaN,NaN,NaN,NaN,0.094350,-1.972841,2.006272,-0.083426,-1.982146,-2.007461,-9.995716,0.070225,0.012558
9.171628,NaN,NaN,NaN,NaN,0.094510,-1.972966,2.006020,-0.083336,-1.982254,-2.007491,-9.995853,0.070206,0.012691
9.179301,NaN,NaN,NaN,NaN,0.094666,-1.973088,2.005528,-0.083247,-1.982361,-2.007549,-9.995983,0.070194,0.012955
9.192380,NaN,NaN,NaN,NaN,0.094969,-1.973437,2.005271,-0.083073,-1.982648,-2.007580,-9.996231,0.070160,0.013081
9.210367,NaN,NaN,NaN,NaN,0.095264,-1.973551,2.004769,-0.082817,-1.982722,-2.007637,-9.996452,0.070152,0.013332
9.219567,NaN,NaN,NaN,NaN,0.095407,-1.973770,2.004282,-0.082692,-1.982869,-2.007690,-9.996559,0.070152,0.013561
9.230397,NaN,NaN,NaN,NaN,0.095681,-1.973875,2.004025,-0.082448,-1.982943,-2.007722,-9.996700,0.070156,0.013676
9.239342,NaN,NaN,NaN,NaN,0.095796,-1.973991,2.003771,-0.082284,-1.982987,-2.007752,-9.996761,0.070148,0.013786
9.252006,NaN,NaN,NaN,NaN,0.095907,-1.974104,2.003275,-0.082122,-1.983031,-2.007806,-9.996822,0.070145,0.014004
9.260317,NaN,NaN,NaN,NaN,0.096120,-1.974322,2.003015,-0.081805,-1.983122,-2.007840,-9.996933,0.070137,0.014099
9.270630,NaN,NaN,NaN,NaN,0.096196,-1.974454,2.002760,-0.081606,-1.983139,-2.007872,-9.996979,0.070126,0.014194
9.279640,NaN,NaN,NaN,NaN,0.096269,-1.974582,2.002508,-0.081409,-1.983157,-2.007903,-9.997021,0.070118,0.014267
9.290795,NaN,NaN,NaN,NaN,0.096407,-1.974708,2.002259,-0.081023,-1.983175,-2.007932,-9.997093,0.070114,0.014343
9.299953,NaN,NaN,NaN,NaN,0.096438,-1.974830,2.001762,-0.080800,-1.983194,-2.008013,-9.997120,0.070114,0.014488
9.310485,NaN,NaN,NaN,NaN,0.096467,-1.975128,2.001519,-0.080581,-1.983161,-2.008051,-9.997147,0.070087,0.014557
9.319433,NaN,NaN,NaN,NaN,0.096494,-1.975272,2.001278,-0.080364,-1.983146,-2.008087,-9.997169,0.070084,0.014629
9.330763,NaN,NaN,NaN,NaN,0.096520,-1.975413,2.001038,-0.080151,-1.983132,-2.008118,-9.997192,0.070099,0.014698
9.341036,NaN,NaN,NaN,NaN,0.096491,-1.975728,2.000566,-0.079675,-1.983051,-2.008177,-9.997242,0.070118,0.014832
9.353424,NaN,NaN,NaN,NaN,0.096476,-1.976029,2.000335,-0.079441,-1.982976,-2.008204,-9.997265,0.070152,0.014896
9.370784,NaN,NaN,NaN,NaN,0.096426,-1.976193,1.999848,-0.078944,-1.982916,-2.008256,-9.997314,0.070175,0.015068
9.380106,NaN,NaN,NaN,NaN,0.096359,-1.976512,1.999374,-0.078419,-1.982801,-2.008304,-9.997364,0.070202,0.015228
9.390510,NaN,NaN,NaN,NaN,0.096324,-1.976666,1.999127,-0.078162,-1.982745,-2.008330,-9.997391,0.070213,0.015335
9.400495,NaN,NaN,NaN,NaN,0.096282,-1.976842,1.998884,-0.077871,-1.982660,-2.008356,-9.997425,0.070206,0.015442
9.410513,NaN,NaN,NaN,NaN,0.096240,-1.977015,1.998643,-0.077584,-1.982576,-2.008380,-9.997459,0.070202,0.015545
9.419720,NaN,NaN,NaN,NaN,0.096197,-1.977185,1.998406,-0.077300,-1.982494,-2.008403,-9.997490,0.070202,0.015648
9.431610,NaN,NaN,NaN,NaN,0.096100,-1.977518,1.997947,-0.076706,-1.982307,-2.008429,-9.997574,0.070194,0.015881
9.441075,NaN,NaN,NaN,NaN,0.096045,-1.977683,1.997722,-0.076395,-1.982203,-2.008441,-9.997627,0.070190,0.015991
9.451960,NaN,NaN,NaN,NaN,0.095991,-1.978004,1.997500,-0.076089,-1.982002,-2.008451,-9.997681,0.070198,0.016102
9.470505,NaN,NaN,NaN,NaN,0.095819,-1.978334,1.996871,-0.075119,-1.981740,-2.008459,-9.997845,0.070183,0.016552
9.479581,NaN,NaN,NaN,NaN,0.095759,-1.978494,1.996666,-0.074792,-1.981613,-2.008461,-9.997898,0.070179,0.016697
9.490714,NaN,NaN,NaN,NaN,0.095699,-1.978807,1.996463,-0.074470,-1.981365,-2.008463,-9.997948,0.070183,0.016838
9.499603,NaN,NaN,NaN,NaN,0.095586,-1.978980,1.996076,-0.073803,-1.981204,-2.008469,-9.998055,0.070145,0.017189
9.510619,NaN,NaN,NaN,NaN,0.095534,-1.979151,1.995885,-0.073459,-1.981046,-2.008472,-9.998108,0.070114,0.017357
9.520274,NaN,NaN,NaN,NaN,0.095482,-1.979319,1.995696,-0.073119,-1.980890,-2.008474,-9.998161,0.070084,0.017509
9.531911,NaN,NaN,NaN,NaN,0.095430,-1.979484,1.995347,-0.072785,-1.980737,-2.008482,-9.998207,0.070061,0.017879
9.539785,NaN,NaN,NaN,NaN,0.095309,-1.979674,1.995175,-0.072070,-1.980558,-2.008486,-9.998295,0.070015,0.018055
9.552439,NaN,NaN,NaN,NaN,0.095248,-1.980226,1.995006,-0.071720,-1.980038,-2.008490,-9.998341,0.069897,0.018230
9.571168,NaN,NaN,NaN,NaN,0.095115,-1.980416,1.994679,-0.071010,-1.979840,-2.008496,-9.998428,0.069851,0.018639
9.579244,NaN,NaN,NaN,NaN,0.094972,-1.980787,1.994518,-0.070295,-1.979454,-2.008499,-9.998535,0.069771,0.018826
9.590641,NaN,NaN,NaN,NaN,0.094900,-1.980968,1.994212,-0.069945,-1.979266,-2.008511,-9.998596,0.069736,0.019222
9.600025,NaN,NaN,NaN,NaN,0.094809,-1.981150,1.994067,-0.069572,-1.979056,-2.008519,-9.998669,0.069660,0.019428
9.610445,NaN,NaN,NaN,NaN,0.094719,-1.981329,1.993924,-0.069205,-1.978849,-2.008527,-9.998737,0.069592,0.019630
9.619544,NaN,NaN,NaN,NaN,0.094539,-1.981505,1.993782,-0.068487,-1.978644,-2.008536,-9.998871,0.069530,0.019829
9.630500,NaN,NaN,NaN,NaN,0.094424,-1.981843,1.993558,-0.068104,-1.978227,-2.008562,-9.998936,0.069340,0.020275
9.639309,NaN,NaN,NaN,NaN,0.094309,-1.982004,1.993446,-0.067727,-1.978015,-2.008576,-9.999001,0.069233,0.020489
9.651998,NaN,NaN,NaN,NaN,0.094195,-1.982318,1.993335,-0.067355,-1.977599,-2.008589,-9.999062,0.069038,0.020699
9.671092,NaN,NaN,NaN,NaN,0.093795,-1.982614,1.993095,-0.066212,-1.977168,-2.008626,-9.999233,0.068787,0.021355
9.679343,NaN,NaN,NaN,NaN,0.093653,-1.982758,1.993015,-0.065833,-1.976957,-2.008639,-9.999287,0.068668,0.021564
9.690514,NaN,NaN,NaN,NaN,0.093513,-1.982900,1.992958,-0.065458,-1.976749,-2.008653,-9.999336,0.068569,0.021793
9.700221,NaN,NaN,NaN,NaN,0.093337,-1.983033,1.992842,-0.065053,-1.976543,-2.008681,-9.999374,0.068443,0.022263
9.710357,NaN,NaN,NaN,NaN,0.092990,-1.983292,1.992783,-0.064259,-1.976138,-2.008695,-9.999428,0.068214,0.022488
9.719702,NaN,NaN,NaN,NaN,0.092820,-1.983418,1.992747,-0.063871,-1.975940,-2.008708,-9.999451,0.068108,0.022724
9.731041,NaN,NaN,NaN,NaN,0.092617,-1.983544,1.992709,-0.063448,-1.975745,-2.008720,-9.999466,0.067970,0.022953
9.739532,NaN,NaN,NaN,NaN,0.092217,-1.983667,1.992634,-0.062620,-1.975553,-2.008746,-9.999500,0.067841,0.023399
9.754977,NaN,NaN,NaN,NaN,0.092020,-1.984027,1.992595,-0.062214,-1.974994,-2.008760,-9.999512,0.067513,0.023617
9.771589,NaN,NaN,NaN,NaN,0.091614,-1.984143,1.992559,-0.061392,-1.974816,-2.008763,-9.999535,0.067379,0.024036
9.780079,NaN,NaN,NaN,NaN,0.091197,-1.984369,1.992520,-0.060568,-1.974468,-2.008768,-9.999546,0.067127,0.024437
9.791051,NaN,NaN,NaN,NaN,0.090992,-1.984479,1.992522,-0.060163,-1.974298,-2.008764,-9.999546,0.067009,0.024635
9.801151,NaN,NaN,NaN,NaN,0.090774,-1.984599,1.992522,-0.059738,-1.974123,-2.008760,-9.999527,0.066864,0.024826
9.811579,NaN,NaN,NaN,NaN,0.090558,-1.984945,1.992521,-0.059319,-1.973611,-2.008755,-9.999504,0.066444,0.025192
9.830414,NaN,NaN,NaN,NaN,0.089913,-1.985054,1.992571,-0.058081,-1.973453,-2.008755,-9.999409,0.066296,0.025539
9.839587,NaN,NaN,NaN,NaN,0.089694,-1.985161,1.992594,-0.057670,-1.973297,-2.008756,-9.999363,0.066151,0.025707
9.854120,NaN,NaN,NaN,NaN,0.089262,-1.985481,1.992653,-0.056866,-1.972851,-2.008755,-9.999268,0.065723,0.026039
9.870268,NaN,NaN,NaN,NaN,0.088800,-1.985591,1.992725,-0.056062,-1.972711,-2.008753,-9.999168,0.065575,0.026360
9.880295,NaN,NaN,NaN,NaN,0.088573,-1.985700,1.992759,-0.055668,-1.972573,-2.008752,-9.999119,0.065434,0.026505
9.890556,NaN,NaN,NaN,NaN,0.088348,-1.985918,1.992810,-0.055281,-1.972314,-2.008733,-9.999065,0.065144,0.026646
9.899856,NaN,NaN,NaN,NaN,0.087898,-1.986028,1.992907,-0.054515,-1.972193,-2.008697,-9.999008,0.064999,0.026924
9.911408,NaN,NaN,NaN,NaN,0.087677,-1.986136,1.992953,-0.054140,-1.972074,-2.008680,-9.998978,0.064857,0.027058
9.921280,NaN,NaN,NaN,NaN,0.087457,-1.986242,1.993024,-0.053771,-1.971956,-2.008653,-9.998951,0.064720,0.027184
9.930578,NaN,NaN,NaN,NaN,0.087253,-1.986352,1.993092,-0.053393,-1.971847,-2.008627,-9.998947,0.064556,0.027306
9.939151,NaN,NaN,NaN,NaN,0.087051,-1.986566,1.993158,-0.053021,-1.971635,-2.008601,-9.998943,0.064243,0.027424
9.950872,NaN,NaN,NaN,NaN,0.086653,-1.986670,1.993307,-0.052293,-1.971531,-2.008561,-9.998936,0.064098,0.027653
9.960049,NaN,NaN,NaN,NaN,0.086464,-1.986783,1.993389,-0.051911,-1.971440,-2.008547,-9.998947,0.063927,0.027760
9.970378,NaN,NaN,NaN,NaN,0.086277,-1.987001,1.993470,-0.051534,-1.971262,-2.008534,-9.998959,0.063599,0.027866
9.979782,NaN,NaN,NaN,NaN,0.085907,-1.987107,1.993548,-0.050798,-1.971175,-2.008520,-9.998974,0.063446,0.027969
9.990514,NaN,NaN,NaN,NaN,0.085745,-1.987223,1.993748,-0.050419,-1.971095,-2.008531,-9.998985,0.063267,0.028130
10.000034,NaN,NaN,NaN,NaN,0.085584,-1.987337,1.993844,-0.050047,-1.971016,-2.008537,-9.998997,0.063095,0.028210
10.011278,NaN,NaN,NaN,NaN,0.085426,-1.987449,1.993938,-0.049680,-1.970939,-2.008543,-9.999020,0.062927,0.028286
10.019775,NaN,NaN,NaN,NaN,0.085268,-1.987666,1.994029,-0.049318,-1.970789,-2.008550,-9.999046,0.062614,0.028362
10.031876,NaN,NaN,NaN,NaN,0.084967,-1.987779,1.994259,-0.048607,-1.970724,-2.008585,-9.999084,0.062447,0.028484
10.039756,NaN,NaN,NaN,NaN,0.084822,-1.987889,1.994370,-0.048258,-1.970660,-2.008602,-9.999096,0.062286,0.028542
10.050968,NaN,NaN,NaN,NaN,0.084537,-1.988103,1.994479,-0.047576,-1.970536,-2.008620,-9.999123,0.061989,0.028599
10.060089,NaN,NaN,NaN,NaN,0.084401,-1.988216,1.994735,-0.047250,-1.970491,-2.008663,-9.999115,0.061840,0.028683
10.071166,NaN,NaN,NaN,NaN,0.084265,-1.988326,1.994859,-0.046929,-1.970447,-2.008684,-9.999104,0.061695,0.028721
10.079190,NaN,NaN,NaN,NaN,0.084130,-1.988434,1.994980,-0.046613,-1.970403,-2.008704,-9.999096,0.061558,0.028763
10.091306,NaN,NaN,NaN,NaN,0.083997,-1.988540,1.995126,-0.046302,-1.970361,-2.008728,-9.999088,0.061428,0.028805
10.099765,NaN,NaN,NaN,NaN,0.083884,-1.988762,1.995408,-0.045988,-1.970284,-2.008774,-9.999073,0.061184,0.028885
10.111337,NaN,NaN,NaN,NaN,0.083661,-1.988975,1.995545,-0.045373,-1.970209,-2.008798,-9.999043,0.060959,0.028923
10.130496,NaN,NaN,NaN,NaN,0.083458,-1.989086,1.995840,-0.044774,-1.970178,-2.008859,-9.999012,0.060848,0.029011
10.139303,NaN,NaN,NaN,NaN,0.083366,-1.989301,1.995983,-0.044480,-1.970117,-2.008889,-9.998997,0.060642,0.029053
10.150494,NaN,NaN,NaN,NaN,0.083183,-1.989405,1.996267,-0.043907,-1.970088,-2.008964,-9.998962,0.060543,0.029140
10.161977,NaN,NaN,NaN,NaN,0.083093,-1.989503,1.996408,-0.043620,-1.970052,-2.009008,-9.998936,0.060444,0.029186
10.170933,NaN,NaN,NaN,NaN,0.083004,-1.989600,1.996545,-0.043337,-1.970016,-2.009053,-9.998905,0.060345,0.029232
10.180511,NaN,NaN,NaN,NaN,0.082830,-1.989694,1.996678,-0.042787,-1.969981,-2.009096,-9.998852,0.060253,0.029289
10.190508,NaN,NaN,NaN,NaN,0.082729,-1.989981,1.996940,-0.042510,-1.969860,-2.009185,-9.998821,0.060005,0.029400
10.211374,NaN,NaN,NaN,NaN,0.082532,-1.990166,1.997190,-0.041970,-1.969774,-2.009273,-9.998756,0.059864,0.029507
10.230416,NaN,NaN,NaN,NaN,0.082243,-1.990362,1.997536,-0.041178,-1.969674,-2.009393,-9.998665,0.059750,0.029675
10.239007,NaN,NaN,NaN,NaN,0.082149,-1.990457,1.997646,-0.040920,-1.969625,-2.009433,-9.998631,0.059700,0.029728
10.250470,NaN,NaN,NaN,NaN,0.082057,-1.990549,1.997745,-0.040666,-1.969577,-2.009476,-9.998596,0.059654,0.029785
10.261023,NaN,NaN,NaN,NaN,0.081879,-1.990657,1.997937,-0.040167,-1.969516,-2.009563,-9.998524,0.059612,0.029900
10.270300,NaN,NaN,NaN,NaN,0.081790,-1.990866,1.998029,-0.039924,-1.969396,-2.009607,-9.998489,0.059540,0.029953
10.280203,NaN,NaN,NaN,NaN,0.081703,-1.990967,1.998120,-0.039683,-1.969337,-2.009651,-9.998455,0.059509,0.030010
10.292337,NaN,NaN,NaN,NaN,0.081617,-1.991065,1.998185,-0.039447,-1.969279,-2.009696,-9.998421,0.059479,0.030087
10.299609,NaN,NaN,NaN,NaN,0.081464,-1.991276,1.998311,-0.039016,-1.969150,-2.009788,-9.998352,0.059422,0.030247
10.311611,NaN,NaN,NaN,NaN,0.081388,-1.991477,1.998371,-0.038805,-1.969022,-2.009835,-9.998318,0.059383,0.030323
10.330390,NaN,NaN,NaN,NaN,0.081243,-1.991589,1.998451,-0.038413,-1.968955,-2.009955,-9.998249,0.059345,0.030521
10.339230,NaN,NaN,NaN,NaN,0.081173,-1.991700,1.998525,-0.038231,-1.968888,-2.010073,-9.998211,0.059315,0.030716
10.350817,NaN,NaN,NaN,NaN,0.081036,-1.991914,1.998544,-0.037874,-1.968756,-2.010140,-9.998142,0.059254,0.030838
10.360414,NaN,NaN,NaN,NaN,0.080973,-1.992036,1.998563,-0.037723,-1.968691,-2.010207,-9.998104,0.059196,0.030960
10.370339,NaN,NaN,NaN,NaN,0.080911,-1.992157,1.998581,-0.037575,-1.968627,-2.010274,-9.998108,0.059143,0.031082
10.378974,NaN,NaN,NaN,NaN,0.080789,-1.992390,1.998599,-0.037284,-1.968500,-2.010410,-9.998108,0.059048,0.031330
10.390363,NaN,NaN,NaN,NaN,0.080746,-1.992512,1.998600,-0.037156,-1.968437,-2.010479,-9.998100,0.058983,0.031456
10.399938,NaN,NaN,NaN,NaN,0.080703,-1.992632,1.998600,-0.037031,-1.968375,-2.010547,-9.998089,0.058922,0.031582
10.417830,NaN,NaN,NaN,NaN,0.080661,-1.992749,1.998600,-0.036907,-1.968313,-2.010615,-9.998077,0.058865,0.031704
10.425599,NaN,NaN,NaN,NaN,0.080620,-1.992980,1.998564,-0.036784,-1.968192,-2.010749,-9.998070,0.058743,0.031925
10.436325,NaN,NaN,NaN,NaN,0.080550,-1.993094,1.998546,-0.036557,-1.968133,-2.010815,-9.998035,0.058674,0.032032
10.446325,NaN,NaN,NaN,NaN,0.080516,-1.993206,1.998526,-0.036446,-1.968074,-2.010881,-9.998020,0.058613,0.032139
10.456138,NaN,NaN,NaN,NaN,0.080483,-1.993315,1.998503,-0.036335,-1.968015,-2.010940,-9.998005,0.058556,0.032238
10.465875,NaN,NaN,NaN,NaN,0.080437,-1.993541,1.998453,-0.036120,-1.967916,-2.011059,-9.997940,0.058399,0.032429
10.477309,NaN,NaN,NaN,NaN,0.080415,-1.993756,1.998427,-0.036016,-1.967819,-2.011118,-9.997906,0.058247,0.032520
10.496372,NaN,NaN,NaN,NaN,0.080383,-1.993875,1.998358,-0.035818,-1.967770,-2.011229,-9.997826,0.058159,0.032764
10.505689,NaN,NaN,NaN,NaN,0.080362,-1.993990,1.998287,-0.035634,-1.967722,-2.011339,-9.997730,0.058075,0.033005
10.517640,NaN,NaN,NaN,NaN,0.080352,-1.994345,1.998266,-0.035543,-1.967575,-2.011398,-9.997684,0.057842,0.033115
10.536308,NaN,NaN,NaN,NaN,0.080327,-1.994472,1.998223,-0.035372,-1.967525,-2.011514,-9.997555,0.057751,0.033337
10.546022,NaN,NaN,NaN,NaN,0.080301,-1.994597,1.998176,-0.035205,-1.967476,-2.011629,-9.997437,0.057667,0.033527
10.556407,NaN,NaN,NaN,NaN,0.080289,-1.994840,1.998165,-0.035124,-1.967379,-2.011677,-9.997383,0.057510,0.033623
10.566519,NaN,NaN,NaN,NaN,0.080262,-1.994986,1.998154,-0.035054,-1.967333,-2.011725,-9.997311,0.057419,0.033714
10.578084,NaN,NaN,NaN,NaN,0.080236,-1.995406,1.998141,-0.034985,-1.967199,-2.011772,-9.997234,0.057175,0.033802
10.596371,NaN,NaN,NaN,NaN,0.080134,-1.995560,1.998146,-0.034799,-1.967137,-2.011875,-9.997005,0.057087,0.034050
10.605944,NaN,NaN,NaN,NaN,0.080085,-1.995712,1.998152,-0.034749,-1.967075,-2.011903,-9.996918,0.057007,0.034115
10.616878,NaN,NaN,NaN,NaN,0.079987,-1.996004,1.998158,-0.034649,-1.966953,-2.011932,-9.996761,0.056862,0.034176
10.625769,NaN,NaN,NaN,NaN,0.079920,-1.996148,1.998220,-0.034620,-1.966876,-2.011973,-9.996681,0.056778,0.034306
10.636184,NaN,NaN,NaN,NaN,0.079854,-1.996289,1.998249,-0.034591,-1.966800,-2.011993,-9.996601,0.056698,0.034367
10.645018,NaN,NaN,NaN,NaN,0.079788,-1.996427,1.998277,-0.034562,-1.966725,-2.012014,-9.996525,0.056625,0.034431
10.657072,NaN,NaN,NaN,NaN,0.079723,-1.996676,1.998334,-0.034534,-1.966572,-2.012031,-9.996449,0.056469,0.034492
10.665114,NaN,NaN,NaN,NaN,0.079658,-1.996788,1.998442,-0.034513,-1.966495,-2.012066,-9.996368,0.056393,0.034664
10.677121,NaN,NaN,NaN,NaN,0.079528,-1.996987,1.998494,-0.034471,-1.966334,-2.012084,-9.996166,0.056259,0.034748
10.696228,NaN,NaN,NaN,NaN,0.079405,-1.997072,1.998676,-0.034445,-1.966259,-2.012092,-9.995979,0.056160,0.034893
10.704852,NaN,NaN,NaN,NaN,0.079287,-1.997154,1.998764,-0.034434,-1.966185,-2.012096,-9.995804,0.056068,0.034966
10.718181,NaN,NaN,NaN,NaN,0.079228,-1.997314,1.998964,-0.034428,-1.966035,-2.012092,-9.995720,0.055866,0.035099
10.726528,NaN,NaN,NaN,NaN,0.079172,-1.997360,1.999075,-0.034457,-1.965959,-2.012085,-9.995651,0.055756,0.035172
10.736086,NaN,NaN,NaN,NaN,0.079060,-1.997404,1.999184,-0.034515,-1.965883,-2.012077,-9.995495,0.055653,0.035240
10.745188,NaN,NaN,NaN,NaN,0.079004,-1.997447,1.999414,-0.034544,-1.965808,-2.012064,-9.995419,0.055553,0.035385
10.756306,NaN,NaN,NaN,NaN,0.078954,-1.997505,1.999535,-0.034620,-1.965652,-2.012060,-9.995354,0.055363,0.035461
10.765655,NaN,NaN,NaN,NaN,0.078904,-1.997521,1.999654,-0.034695,-1.965571,-2.012055,-9.995289,0.055271,0.035538
10.777009,NaN,NaN,NaN,NaN,0.078854,-1.997549,1.999771,-0.034769,-1.965411,-2.012051,-9.995228,0.055103,0.035614
10.796274,NaN,NaN,NaN,NaN,0.078706,-1.997571,2.000184,-0.035074,-1.965211,-2.012036,-9.995056,0.054916,0.035805
10.804983,NaN,NaN,NaN,NaN,0.078658,-1.997581,2.000318,-0.035188,-1.965111,-2.012032,-9.995003,0.054829,0.035866
10.816348,NaN,NaN,NaN,NaN,0.078563,-1.997600,2.000450,-0.035409,-1.964913,-2.012027,-9.994904,0.054672,0.035931
10.825639,NaN,NaN,NaN,NaN,0.078515,-1.997600,2.000717,-0.035551,-1.964805,-2.012033,-9.994862,0.054569,0.036034
10.836217,NaN,NaN,NaN,NaN,0.078467,-1.997599,2.000847,-0.035691,-1.964697,-2.012037,-9.994823,0.054474,0.036087
10.845035,NaN,NaN,NaN,NaN,0.078419,-1.997598,2.000977,-0.035829,-1.964589,-2.012040,-9.994781,0.054382,0.036152
10.856493,NaN,NaN,NaN,NaN,0.078372,-1.997590,2.001109,-0.035966,-1.964353,-2.012053,-9.994728,0.054192,0.036213
10.865970,NaN,NaN,NaN,NaN,0.078326,-1.997584,2.001369,-0.036132,-1.964225,-2.012079,-9.994675,0.054092,0.036339
10.878267,NaN,NaN,NaN,NaN,0.078235,-1.997571,2.001496,-0.036457,-1.963970,-2.012092,-9.994576,0.053905,0.036400
10.896376,NaN,NaN,NaN,NaN,0.078140,-1.997560,2.001781,-0.036802,-1.963670,-2.012121,-9.994484,0.053677,0.036530
10.905350,NaN,NaN,NaN,NaN,0.078041,-1.997554,2.001922,-0.037167,-1.963522,-2.012136,-9.994392,0.053570,0.036575
10.916333,NaN,NaN,NaN,NaN,0.077992,-1.997547,2.002207,-0.037346,-1.963374,-2.012156,-9.994343,0.053467,0.036686
10.926190,NaN,NaN,NaN,NaN,0.077927,-1.997562,2.002353,-0.037550,-1.963199,-2.012162,-9.994301,0.053341,0.036747
10.936401,NaN,NaN,NaN,NaN,0.077862,-1.997577,2.002498,-0.037751,-1.963024,-2.012168,-9.994263,0.053219,0.036808
10.946602,NaN,NaN,NaN,NaN,0.077797,-1.997594,2.002793,-0.037949,-1.962845,-2.012159,-9.994225,0.053104,0.036930
10.956466,NaN,NaN,NaN,NaN,0.077664,-1.997651,2.002943,-0.038360,-1.962455,-2.012145,-9.994156,0.052845,0.036995
10.966776,NaN,NaN,NaN,NaN,0.077597,-1.997690,2.003092,-0.038571,-1.962242,-2.012130,-9.994125,0.052704,0.037060
10.977939,NaN,NaN,NaN,NaN,0.077530,-1.997841,2.003239,-0.038780,-1.961527,-2.012117,-9.994099,0.052246,0.037125
10.996039,NaN,NaN,NaN,NaN,0.077312,-1.997909,2.003687,-0.039437,-1.961258,-2.012036,-9.994057,0.052067,0.037354
11.004756,NaN,NaN,NaN,NaN,0.077237,-1.997987,2.003833,-0.039659,-1.960973,-2.012010,-9.994049,0.051880,0.037430
11.025927,NaN,NaN,NaN,NaN,0.077162,-1.998189,2.003987,-0.039878,-1.960345,-2.011976,-9.994041,0.051453,0.037525
11.033700,NaN,NaN,NaN,NaN,0.076979,-1.998313,2.004293,-0.040339,-1.959999,-2.011908,-9.994057,0.051201,0.037712
11.046031,NaN,NaN,NaN,NaN,0.076888,-1.998594,2.004444,-0.040565,-1.959251,-2.011875,-9.994061,0.050602,0.037804
11.064943,NaN,NaN,NaN,NaN,0.076690,-1.998764,2.004746,-0.041010,-1.958839,-2.011787,-9.994091,0.050224,0.037994
11.073860,NaN,NaN,NaN,NaN,0.076477,-1.999137,2.005043,-0.041444,-1.957958,-2.011701,-9.994133,0.049324,0.038177
11.085815,NaN,NaN,NaN,NaN,0.076372,-1.999558,2.005189,-0.041657,-1.957002,-2.011659,-9.994152,0.048203,0.038269
11.104267,NaN,NaN,NaN,NaN,0.076137,-2.000015,2.005495,-0.042075,-1.955930,-2.011556,-9.994194,0.046749,0.038479
11.113054,NaN,NaN,NaN,NaN,0.076009,-2.000264,2.005820,-0.042281,-1.955366,-2.011442,-9.994213,0.045914,0.038696
11.124717,NaN,NaN,NaN,NaN,0.075756,-2.000527,2.005953,-0.042684,-1.954784,-2.011405,-9.994251,0.044998,0.038811
11.133578,NaN,NaN,NaN,NaN,0.075612,-2.000793,2.006061,-0.042909,-1.954165,-2.011383,-9.994278,0.043953,0.038944
11.144833,NaN,NaN,NaN,NaN,0.075470,-2.001369,2.006204,-0.043132,-1.952874,-2.011340,-9.994308,0.041553,0.039047
11.164392,NaN,NaN,NaN,NaN,0.075035,-2.001992,2.006642,-0.043810,-1.951500,-2.011235,-9.994415,0.038708,0.039307
11.172880,NaN,NaN,NaN,NaN,0.074880,-2.002320,2.006788,-0.044048,-1.950783,-2.011204,-9.994453,0.037102,0.039391
11.185665,NaN,NaN,NaN,NaN,0.074576,-2.003024,2.006933,-0.044514,-1.949298,-2.011173,-9.994530,0.033585,0.039474
11.204076,NaN,NaN,NaN,NaN,0.074261,-2.003740,2.007383,-0.045007,-1.947720,-2.011144,-9.994598,0.029491,0.039680
11.213637,NaN,NaN,NaN,NaN,0.074106,-2.004123,2.007531,-0.045248,-1.946907,-2.011134,-9.994629,0.027279,0.039742
11.224834,NaN,NaN,NaN,NaN,0.073952,-2.004882,2.007703,-0.045486,-1.945215,-2.011152,-9.994682,0.022419,0.039780
11.233691,NaN,NaN,NaN,NaN,0.073604,-2.005260,2.008043,-0.045974,-1.944338,-2.011189,-9.994778,0.019764,0.039860
11.245411,NaN,NaN,NaN,NaN,0.073432,-2.005655,2.008211,-0.046213,-1.943446,-2.011208,-9.994820,0.016991,0.039898
11.252832,NaN,NaN,NaN,NaN,0.073262,-2.006069,2.008399,-0.046448,-1.942540,-2.011255,-9.994865,0.014095,0.039909
11.264256,NaN,NaN,NaN,NaN,0.073073,-2.006447,2.008583,-0.046692,-1.941604,-2.011303,-9.994900,0.010967,0.039925
11.272760,NaN,NaN,NaN,NaN,0.072700,-2.007259,2.008948,-0.047170,-1.939693,-2.011394,-9.994968,0.004345,0.039902
11.288486,NaN,NaN,NaN,NaN,0.072516,-2.007693,2.009145,-0.047403,-1.938719,-2.011467,-9.995003,0.000847,0.039856
11.298809,NaN,NaN,NaN,NaN,0.072320,-2.008078,2.009340,-0.047642,-1.937712,-2.011538,-9.995018,-0.002911,0.039814
11.308674,NaN,NaN,NaN,NaN,0.072126,-2.008483,2.009533,-0.047878,-1.936693,-2.011610,-9.995033,-0.006794,0.039772
11.317965,NaN,NaN,NaN,NaN,0.071934,-2.008907,2.009917,-0.048110,-1.935663,-2.011768,-9.995049,-0.010803,0.039665
11.328554,NaN,NaN,NaN,NaN,0.071549,-2.009764,2.010108,-0.048582,-1.933547,-2.011856,-9.995060,-0.019386,0.039597
11.337499,NaN,NaN,NaN,NaN,0.071357,-2.010196,2.010297,-0.048821,-1.932463,-2.011942,-9.995052,-0.023941,0.039539
11.354102,NaN,NaN,NaN,NaN,0.071166,-2.011601,2.010670,-0.049058,-1.929152,-2.012112,-9.995052,-0.038387,0.039436
11.369989,NaN,NaN,NaN,NaN,0.070600,-2.012065,2.011040,-0.049760,-1.927992,-2.012319,-9.995033,-0.043617,0.039288
11.378651,NaN,NaN,NaN,NaN,0.070410,-2.012547,2.011222,-0.049997,-1.926824,-2.012421,-9.995022,-0.048981,0.039215
11.388633,NaN,NaN,NaN,NaN,0.070036,-2.013565,2.011403,-0.050460,-1.924463,-2.012522,-9.994991,-0.060101,0.039150
11.397596,NaN,NaN,NaN,NaN,0.069853,-2.014050,2.011743,-0.050695,-1.923235,-2.012741,-9.994965,-0.066006,0.038986
11.409653,NaN,NaN,NaN,NaN,0.069671,-2.014551,2.011911,-0.050927,-1.922001,-2.012849,-9.994934,-0.072044,0.038906
11.427692,NaN,NaN,NaN,NaN,0.069491,-2.015069,2.012078,-0.051155,-1.920760,-2.012957,-9.994907,-0.078217,0.038830
11.438294,NaN,NaN,NaN,NaN,0.069313,-2.015604,2.012240,-0.051379,-1.919512,-2.013075,-9.994881,-0.084518,0.038727
11.447621,NaN,NaN,NaN,NaN,0.069122,-2.016622,2.012560,-0.051608,-1.916941,-2.013307,-9.994850,-0.097820,0.038532
11.459505,NaN,NaN,NaN,NaN,0.068746,-2.017157,2.012719,-0.052056,-1.915647,-2.013422,-9.994793,-0.104671,0.038437
11.467889,NaN,NaN,NaN,NaN,0.068561,-2.017707,2.012866,-0.052276,-1.914347,-2.013528,-9.994766,-0.111652,0.038288
11.478652,NaN,NaN,NaN,NaN,0.068363,-2.018228,2.013012,-0.052503,-1.913014,-2.013634,-9.994747,-0.118919,0.038139
11.486993,NaN,NaN,NaN,NaN,0.067974,-2.018761,2.013157,-0.052947,-1.911676,-2.013739,-9.994709,-0.126316,0.037998
11.498268,NaN,NaN,NaN,NaN,0.067783,-2.019875,2.013443,-0.053164,-1.908989,-2.013930,-9.994686,-0.141506,0.037697
11.508931,NaN,NaN,NaN,NaN,0.067583,-2.020416,2.013585,-0.053388,-1.907604,-2.014016,-9.994682,-0.149448,0.037540
11.518173,NaN,NaN,NaN,NaN,0.067385,-2.020973,2.013725,-0.053609,-1.906216,-2.014102,-9.994671,-0.157524,0.037384
11.527553,NaN,NaN,NaN,NaN,0.066997,-2.022131,2.013863,-0.054041,-1.903431,-2.014188,-9.994667,-0.174068,0.037247
11.538533,NaN,NaN,NaN,NaN,0.066821,-2.022693,2.014146,-0.054255,-1.901998,-2.014353,-9.994690,-0.182690,0.036938
11.547018,NaN,NaN,NaN,NaN,0.066647,-2.023270,2.014286,-0.054467,-1.900563,-2.014435,-9.994709,-0.191444,0.036793
11.559352,NaN,NaN,NaN,NaN,0.066306,-2.023857,2.014425,-0.054879,-1.899126,-2.014517,-9.994747,-0.200329,0.036652
11.567107,NaN,NaN,NaN,NaN,0.066145,-2.024457,2.014572,-0.055072,-1.897688,-2.014599,-9.994789,-0.209347,0.036488
11.578176,NaN,NaN,NaN,NaN,0.065986,-2.025609,2.014862,-0.055263,-1.894731,-2.014764,-9.994831,-0.228073,0.036171
11.586913,NaN,NaN,NaN,NaN,0.065830,-2.026204,2.015006,-0.055450,-1.893252,-2.014845,-9.994869,-0.237633,0.036022
11.599535,NaN,NaN,NaN,NaN,0.065675,-2.027407,2.015153,-0.055635,-1.890264,-2.014923,-9.994904,-0.257290,0.035866
11.608398,NaN,NaN,NaN,NaN,0.065415,-2.028014,2.015299,-0.056026,-1.888755,-2.014999,-9.995014,-0.267387,0.035709
11.618145,NaN,NaN,NaN,NaN,0.065287,-2.028632,2.015587,-0.056217,-1.887248,-2.015152,-9.995068,-0.277615,0.035416
11.627183,NaN,NaN,NaN,NaN,0.065161,-2.029259,2.015730,-0.056404,-1.885740,-2.015227,-9.995117,-0.287971,0.035275
11.639096,NaN,NaN,NaN,NaN,0.065037,-2.029895,2.015870,-0.056589,-1.884234,-2.015304,-9.995167,-0.298458,0.035122
11.646945,NaN,NaN,NaN,NaN,0.064857,-2.031164,2.016148,-0.056994,-1.881176,-2.015455,-9.995289,-0.320126,0.034836
11.659072,NaN,NaN,NaN,NaN,0.064770,-2.032474,2.016285,-0.057191,-1.878130,-2.015529,-9.995354,-0.342308,0.034695
11.678103,NaN,NaN,NaN,NaN,0.064621,-2.033108,2.016534,-0.057600,-1.876579,-2.015718,-9.995483,-0.353737,0.034428
11.687106,NaN,NaN,NaN,NaN,0.064499,-2.034403,2.016780,-0.058021,-1.873487,-2.015902,-9.995605,-0.376980,0.034172
11.698704,NaN,NaN,NaN,NaN,0.064439,-2.035702,2.016901,-0.058226,-1.870367,-2.016024,-9.995663,-0.400879,0.034050
11.718158,NaN,NaN,NaN,NaN,0.064357,-2.036350,2.017141,-0.058680,-1.868793,-2.016263,-9.995728,-0.413097,0.033848
11.727347,NaN,NaN,NaN,NaN,0.064317,-2.037671,2.017259,-0.058901,-1.865660,-2.016380,-9.995747,-0.437904,0.033752
11.738516,NaN,NaN,NaN,NaN,0.064242,-2.038323,2.017494,-0.059359,-1.864054,-2.016676,-9.995773,-0.450642,0.033550
11.748160,NaN,NaN,NaN,NaN,0.064208,-2.038983,2.017610,-0.059595,-1.862454,-2.016821,-9.995777,-0.463505,0.033455
11.760186,NaN,NaN,NaN,NaN,0.064140,-2.040322,2.017725,-0.060057,-1.859268,-2.016964,-9.995785,-0.489628,0.033360
11.778663,NaN,NaN,NaN,NaN,0.064085,-2.041652,2.018083,-0.060548,-1.855999,-2.017446,-9.995808,-0.516529,0.033066
11.787651,NaN,NaN,NaN,NaN,0.064059,-2.042328,2.018200,-0.060788,-1.854374,-2.017603,-9.995819,-0.530163,0.032974
11.798482,NaN,NaN,NaN,NaN,0.064033,-2.043009,2.018321,-0.061025,-1.852755,-2.017777,-9.995831,-0.543919,0.032871
11.808516,NaN,NaN,NaN,NaN,0.063990,-2.044348,2.018559,-0.061529,-1.849443,-2.018119,-9.995869,-0.572071,0.032684
11.820124,NaN,NaN,NaN,NaN,0.063969,-2.045709,2.018677,-0.061775,-1.846158,-2.018286,-9.995884,-0.600708,0.032593
11.840623,NaN,NaN,NaN,NaN,0.063909,-2.047731,2.019029,-0.062541,-1.841151,-2.018801,-9.995949,-0.645008,0.032253
11.859664,NaN,NaN,NaN,NaN,0.063871,-2.049093,2.019256,-0.063047,-1.837792,-2.019132,-9.995991,-0.675285,0.032028
11.878255,NaN,NaN,NaN,NaN,0.063824,-2.050463,2.019479,-0.063582,-1.834405,-2.019453,-9.996037,-0.706188,0.031803
11.887073,NaN,NaN,NaN,NaN,0.063801,-2.051155,2.019697,-0.063844,-1.832725,-2.019764,-9.996056,-0.721817,0.031559
11.898198,NaN,NaN,NaN,NaN,0.063759,-2.051851,2.019805,-0.064352,-1.831054,-2.019903,-9.996120,-0.737572,0.031433
11.907915,NaN,NaN,NaN,NaN,0.063734,-2.052538,2.019911,-0.064626,-1.829336,-2.020039,-9.996136,-0.753559,0.031307
11.919288,NaN,NaN,NaN,NaN,0.063710,-2.054621,2.020120,-0.064895,-1.824240,-2.020306,-9.996155,-0.802254,0.031067
11.938398,NaN,NaN,NaN,NaN,0.063626,-2.055312,2.020331,-0.065692,-1.822502,-2.020570,-9.996189,-0.818832,0.030823
11.946752,NaN,NaN,NaN,NaN,0.063588,-2.056008,2.020436,-0.065958,-1.820774,-2.020699,-9.996189,-0.835533,0.030689
11.958738,NaN,NaN,NaN,NaN,0.063551,-2.056706,2.020539,-0.066220,-1.819056,-2.020826,-9.996189,-0.852352,0.030563
11.967753,NaN,NaN,NaN,NaN,0.063459,-2.057409,2.020754,-0.066743,-1.817349,-2.021068,-9.996178,-0.869293,0.030293
11.978174,NaN,NaN,NaN,NaN,0.063404,-2.058824,2.020859,-0.067003,-1.813838,-2.021187,-9.996170,-0.903767,0.030163
11.987041,NaN,NaN,NaN,NaN,0.063350,-2.059536,2.020964,-0.067260,-1.812099,-2.021306,-9.996159,-0.921181,0.030041
11.998259,NaN,NaN,NaN,NaN,0.063297,-2.060980,2.021084,-0.067512,-1.808607,-2.021424,-9.996147,-0.956490,0.029915
12.007971,NaN,NaN,NaN,NaN,0.063169,-2.061712,2.021320,-0.068019,-1.806853,-2.021658,-9.996124,-0.974380,0.029686
12.019344,NaN,NaN,NaN,NaN,0.063106,-2.063182,2.021436,-0.068265,-1.803379,-2.021773,-9.996117,-1.010506,0.029575
12.039141,NaN,NaN,NaN,NaN,0.062952,-2.065423,2.021674,-0.068743,-1.798094,-2.022039,-9.996101,-1.065887,0.029350
12.059829,NaN,NaN,NaN,NaN,0.062688,-2.066938,2.022022,-0.069421,-1.794572,-2.022444,-9.996075,-1.103428,0.029018
12.079106,NaN,NaN,NaN,NaN,0.062321,-2.068474,2.022250,-0.070031,-1.791043,-2.022728,-9.996071,-1.141441,0.028782
12.098646,NaN,NaN,NaN,NaN,0.062069,-2.070044,2.022581,-0.070405,-1.787496,-2.023162,-9.996086,-1.179897,0.028412
12.107345,NaN,NaN,NaN,NaN,0.061937,-2.070845,2.022689,-0.070581,-1.785708,-2.023308,-9.996094,-1.199295,0.028290
12.119004,NaN,NaN,NaN,NaN,0.061807,-2.071644,2.022797,-0.070754,-1.783928,-2.023452,-9.996105,-1.218758,0.028172
12.127765,NaN,NaN,NaN,NaN,0.061679,-2.072443,2.022982,-0.070923,-1.782159,-2.023735,-9.996113,-1.238281,0.027905
12.138246,NaN,NaN,NaN,NaN,0.061384,-2.074090,2.023075,-0.071245,-1.778523,-2.023874,-9.996147,-1.277752,0.027775
12.147847,NaN,NaN,NaN,NaN,0.061239,-2.074915,2.023166,-0.071400,-1.776721,-2.024012,-9.996162,-1.297562,0.027653
12.158339,NaN,NaN,NaN,NaN,0.061096,-2.076570,2.023258,-0.071553,-1.773150,-2.024149,-9.996178,-1.337315,0.027531
12.168561,NaN,NaN,NaN,NaN,0.060955,-2.077427,2.023418,-0.071703,-1.771320,-2.024416,-9.996193,-1.357368,0.027275
12.178408,NaN,NaN,NaN,NaN,0.060619,-2.078286,2.023498,-0.071963,-1.769501,-2.024548,-9.996246,-1.377457,0.027153
12.188265,NaN,NaN,NaN,NaN,0.060455,-2.079142,2.023578,-0.072088,-1.767689,-2.024678,-9.996269,-1.397583,0.026997
12.199303,NaN,NaN,NaN,NaN,0.060292,-2.079999,2.023658,-0.072211,-1.765887,-2.024809,-9.996277,-1.417736,0.026840
12.208151,NaN,NaN,NaN,NaN,0.059938,-2.081771,2.023739,-0.072439,-1.762194,-2.024938,-9.996323,-1.458305,0.026684
12.219431,NaN,NaN,NaN,NaN,0.059763,-2.083546,2.023899,-0.072549,-1.758546,-2.025192,-9.996346,-1.498978,0.026390
12.238221,NaN,NaN,NaN,NaN,0.059413,-2.084474,2.024060,-0.072761,-1.756671,-2.025446,-9.996403,-1.519428,0.026112
12.246860,NaN,NaN,NaN,NaN,0.059238,-2.085401,2.024220,-0.072862,-1.754807,-2.025696,-9.996441,-1.539902,0.025852
12.258343,NaN,NaN,NaN,NaN,0.058895,-2.087249,2.024310,-0.073056,-1.751106,-2.025804,-9.996494,-1.580898,0.025723
12.267869,NaN,NaN,NaN,NaN,0.058723,-2.088199,2.024401,-0.073156,-1.749215,-2.025912,-9.996529,-1.601494,0.025597
12.277995,NaN,NaN,NaN,NaN,0.058553,-2.089149,2.024491,-0.073253,-1.747335,-2.026019,-9.996559,-1.622097,0.025475
12.287506,NaN,NaN,NaN,NaN,0.058386,-2.090098,2.024581,-0.073348,-1.745466,-2.026125,-9.996590,-1.642719,0.025356
12.298381,NaN,NaN,NaN,NaN,0.058045,-2.092023,2.024781,-0.073529,-1.741703,-2.026300,-9.996655,-1.684059,0.025105
12.307623,NaN,NaN,NaN,NaN,0.057872,-2.092997,2.024881,-0.073617,-1.739810,-2.026387,-9.996689,-1.704781,0.025002
12.319620,NaN,NaN,NaN,NaN,0.057534,-2.093972,2.024981,-0.073784,-1.737927,-2.026474,-9.996750,-1.725510,0.024895
12.327529,NaN,NaN,NaN,NaN,0.057345,-2.095928,2.025203,-0.073872,-1.734145,-2.026623,-9.996780,-1.767040,0.024654
12.338186,NaN,NaN,NaN,NaN,0.057159,-2.096913,2.025314,-0.073957,-1.732249,-2.026698,-9.996807,-1.787846,0.024536
12.346830,NaN,NaN,NaN,NaN,0.056975,-2.097897,2.025424,-0.074039,-1.730365,-2.026772,-9.996834,-1.808651,0.024422
12.358907,NaN,NaN,NaN,NaN,0.056793,-2.099885,2.025559,-0.074119,-1.726590,-2.026844,-9.996861,-1.850319,0.024300
12.367500,NaN,NaN,NaN,NaN,0.056590,-2.100887,2.025693,-0.074195,-1.724699,-2.026914,-9.996887,-1.871178,0.024158
12.377972,NaN,NaN,NaN,NaN,0.056188,-2.101889,2.025959,-0.074340,-1.722820,-2.027055,-9.996964,-1.892044,0.023884
12.387503,NaN,NaN,NaN,NaN,0.055991,-2.102891,2.026101,-0.074409,-1.720953,-2.027128,-9.997002,-1.912910,0.023739
12.398592,NaN,NaN,NaN,NaN,0.055786,-2.104938,2.026242,-0.074481,-1.717183,-2.027201,-9.997036,-1.954735,0.023598
12.407554,NaN,NaN,NaN,NaN,0.055385,-2.105961,2.026523,-0.074618,-1.715316,-2.027346,-9.997097,-1.975651,0.023327
12.420350,NaN,NaN,NaN,NaN,0.055188,-2.108004,2.026663,-0.074684,-1.711619,-2.027417,-9.997128,-2.017490,0.023193
12.438013,NaN,NaN,NaN,NaN,0.054797,-2.109056,2.026941,-0.074816,-1.709750,-2.027583,-9.997192,-2.038445,0.022903
12.447465,NaN,NaN,NaN,NaN,0.054603,-2.111155,2.027218,-0.074883,-1.706048,-2.027746,-9.997227,-2.080364,0.022629
12.458122,NaN,NaN,NaN,NaN,0.054223,-2.112203,2.027358,-0.075010,-1.704215,-2.027847,-9.997292,-2.101326,0.022476
12.467663,NaN,NaN,NaN,NaN,0.054050,-2.113272,2.027499,-0.075077,-1.702366,-2.027947,-9.997326,-2.122314,0.022324
12.478910,NaN,NaN,NaN,NaN,0.053879,-2.114339,2.027779,-0.075142,-1.700529,-2.028144,-9.997360,-2.143307,0.022038
12.488352,NaN,NaN,NaN,NaN,0.053709,-2.116468,2.027907,-0.075206,-1.696893,-2.028265,-9.997395,-2.185295,0.021900
12.498489,NaN,NaN,NaN,NaN,0.053388,-2.117545,2.028035,-0.075325,-1.695073,-2.028385,-9.997463,-2.206314,0.021767
12.507057,NaN,NaN,NaN,NaN,0.053235,-2.118621,2.028164,-0.075381,-1.693266,-2.028504,-9.997501,-2.227329,0.021633
12.519252,NaN,NaN,NaN,NaN,0.052936,-2.120765,2.028292,-0.075486,-1.689690,-2.028622,-9.997574,-2.269367,0.021507
12.538330,NaN,NaN,NaN,NaN,0.052637,-2.122937,2.028622,-0.075568,-1.686146,-2.028997,-9.997654,-2.311409,0.021164
12.548072,NaN,NaN,NaN,NaN,0.052489,-2.124019,2.028733,-0.075607,-1.684394,-2.029121,-9.997692,-2.332428,0.021076
12.558495,NaN,NaN,NaN,NaN,0.052343,-2.125100,2.028814,-0.075645,-1.682653,-2.029249,-9.997730,-2.353455,0.020977
12.568781,NaN,NaN,NaN,NaN,0.052201,-2.127298,2.028980,-0.075669,-1.679180,-2.029502,-9.997772,-2.395531,0.020782
12.581299,NaN,NaN,NaN,NaN,0.051923,-2.129485,2.029063,-0.075715,-1.675757,-2.029627,-9.997856,-2.437611,0.020687
12.598554,NaN,NaN,NaN,NaN,0.051653,-2.130609,2.029193,-0.075737,-1.674056,-2.029866,-9.997929,-2.458675,0.020458
12.607633,NaN,NaN,NaN,NaN,0.051520,-2.132849,2.029327,-0.075738,-1.670690,-2.030102,-9.997959,-2.500805,0.020252
12.618293,NaN,NaN,NaN,NaN,0.051260,-2.133965,2.029383,-0.075739,-1.669024,-2.030218,-9.998016,-2.521870,0.020138
12.627754,NaN,NaN,NaN,NaN,0.051127,-2.135111,2.029440,-0.075739,-1.667360,-2.030333,-9.998051,-2.542950,0.020023
12.638219,NaN,NaN,NaN,NaN,0.050996,-2.136254,2.029498,-0.075740,-1.665709,-2.030448,-9.998085,-2.564030,0.019913
12.646939,NaN,NaN,NaN,NaN,0.050865,-2.138530,2.029606,-0.075739,-1.662439,-2.030670,-9.998119,-2.606197,0.019680
12.658196,NaN,NaN,NaN,NaN,0.050600,-2.139689,2.029654,-0.075733,-1.660812,-2.030778,-9.998192,-2.627285,0.019558
12.667898,NaN,NaN,NaN,NaN,0.050465,-2.140844,2.029705,-0.075727,-1.659196,-2.030886,-9.998230,-2.648373,0.019432
12.679732,NaN,NaN,NaN,NaN,0.050332,-2.144285,2.029809,-0.075721,-1.654416,-2.031102,-9.998268,-2.711662,0.019184
12.698238,NaN,NaN,NaN,NaN,0.049943,-2.145450,2.029863,-0.075689,-1.652850,-2.031280,-9.998383,-2.732761,0.018913
12.707565,NaN,NaN,NaN,NaN,0.049817,-2.146610,2.029892,-0.075671,-1.651295,-2.031369,-9.998425,-2.753864,0.018780
12.719596,NaN,NaN,NaN,NaN,0.049692,-2.148920,2.029923,-0.075653,-1.648217,-2.031459,-9.998466,-2.796078,0.018650
12.727813,NaN,NaN,NaN,NaN,0.049567,-2.150088,2.029920,-0.075635,-1.646698,-2.031602,-9.998505,-2.817192,0.018364
12.738057,NaN,NaN,NaN,NaN,0.049343,-2.151252,2.029922,-0.075577,-1.645189,-2.031674,-9.998589,-2.838306,0.018227
12.760347,NaN,NaN,NaN,NaN,0.049232,-2.152412,2.029926,-0.075548,-1.643691,-2.031746,-9.998627,-2.859425,0.018093
12.771245,NaN,NaN,NaN,NaN,0.049123,-2.153568,2.029889,-0.075519,-1.642204,-2.031801,-9.998665,-2.880547,0.017929
12.781242,NaN,NaN,NaN,NaN,0.048931,-2.155882,2.029854,-0.075445,-1.639251,-2.031857,-9.998745,-2.922836,0.017769
12.792408,NaN,NaN,NaN,NaN,0.048836,-2.158177,2.029791,-0.075409,-1.636340,-2.031970,-9.998783,-2.965145,0.017460
12.811238,NaN,NaN,NaN,NaN,0.048668,-2.159333,2.029690,-0.075334,-1.634908,-2.032062,-9.998856,-2.986324,0.017097
12.820102,NaN,NaN,NaN,NaN,0.048520,-2.161631,2.029643,-0.075259,-1.632074,-2.032109,-9.998917,-3.028698,0.016922
12.831457,NaN,NaN,NaN,NaN,0.048446,-2.162774,2.029536,-0.075221,-1.630672,-2.032191,-9.998947,-3.049889,0.016563
12.840178,NaN,NaN,NaN,NaN,0.048389,-2.163910,2.029475,-0.075182,-1.629275,-2.032226,-9.998974,-3.071091,0.016380
12.851357,NaN,NaN,NaN,NaN,0.048331,-2.165042,2.029418,-0.075142,-1.627889,-2.032262,-9.999001,-3.092297,0.016201
12.859940,NaN,NaN,NaN,NaN,0.048273,-2.166170,2.029362,-0.075102,-1.626512,-2.032299,-9.999027,-3.113506,0.016022
12.871723,NaN,NaN,NaN,NaN,0.048174,-2.168415,2.029229,-0.075012,-1.623779,-2.032353,-9.999069,-3.155949,0.015614
12.879891,NaN,NaN,NaN,NaN,0.048133,-2.169533,2.029166,-0.074962,-1.622421,-2.032383,-9.999081,-3.177177,0.015419
12.891813,NaN,NaN,NaN,NaN,0.048050,-2.172859,2.029106,-0.074861,-1.618390,-2.032414,-9.999107,-3.240910,0.015224
12.911101,NaN,NaN,NaN,NaN,0.048005,-2.173958,2.028900,-0.074721,-1.617053,-2.032473,-9.999111,-3.262169,0.014599
12.921290,NaN,NaN,NaN,NaN,0.047983,-2.175054,2.028836,-0.074651,-1.615727,-2.032495,-9.999111,-3.283432,0.014420
12.931147,NaN,NaN,NaN,NaN,0.047959,-2.176144,2.028761,-0.074583,-1.614410,-2.032513,-9.999115,-3.304703,0.014225
12.939673,NaN,NaN,NaN,NaN,0.047948,-2.178286,2.028618,-0.074416,-1.611760,-2.032554,-9.999107,-3.347271,0.013847
12.951162,NaN,NaN,NaN,NaN,0.047941,-2.179351,2.028551,-0.074333,-1.610450,-2.032577,-9.999104,-3.368565,0.013664
12.960383,NaN,NaN,NaN,NaN,0.047934,-2.180411,2.028486,-0.074252,-1.609150,-2.032600,-9.999100,-3.389862,0.013485
12.972010,NaN,NaN,NaN,NaN,0.047927,-2.181467,2.028413,-0.074172,-1.607859,-2.032627,-9.999100,-3.411167,0.013309
12.980993,NaN,NaN,NaN,NaN,0.047949,-2.183534,2.028275,-0.074081,-1.605232,-2.032685,-9.999100,-3.453789,0.012970
12.992802,NaN,NaN,NaN,NaN,0.047990,-2.185583,2.028209,-0.073901,-1.602644,-2.032716,-9.999126,-3.496437,0.012806
13.011692,NaN,NaN,NaN,NaN,0.048056,-2.187611,2.028055,-0.073710,-1.600020,-2.032770,-9.999153,-3.539120,0.012466
13.021045,NaN,NaN,NaN,NaN,0.048143,-2.188619,2.027912,-0.073509,-1.598722,-2.032831,-9.999187,-3.560474,0.012142
13.031350,NaN,NaN,NaN,NaN,0.048185,-2.189622,2.027837,-0.073411,-1.597433,-2.032861,-9.999207,-3.581833,0.011982
13.041099,NaN,NaN,NaN,NaN,0.048254,-2.190618,2.027765,-0.073302,-1.596112,-2.032891,-9.999229,-3.603203,0.011826
13.052773,NaN,NaN,NaN,NaN,0.048321,-2.191609,2.027695,-0.073195,-1.594801,-2.032923,-9.999268,-3.624580,0.011669
13.060510,NaN,NaN,NaN,NaN,0.048450,-2.192596,2.027628,-0.072986,-1.593499,-2.032955,-9.999340,-3.645966,0.011517
13.073511,NaN,NaN,NaN,NaN,0.048534,-2.195563,2.027474,-0.072877,-1.589586,-2.033025,-9.999386,-3.710175,0.011192
13.091091,NaN,NaN,NaN,NaN,0.048695,-2.196549,2.027331,-0.072664,-1.588290,-2.033099,-9.999474,-3.731594,0.010883
13.101190,NaN,NaN,NaN,NaN,0.048773,-2.198524,2.027151,-0.072559,-1.585697,-2.033192,-9.999516,-3.774467,0.010555
13.110989,NaN,NaN,NaN,NaN,0.048937,-2.199512,2.027065,-0.072337,-1.584399,-2.033239,-9.999611,-3.795921,0.010395
13.120034,NaN,NaN,NaN,NaN,0.049016,-2.200496,2.026983,-0.072228,-1.583111,-2.033288,-9.999660,-3.817383,0.010242
13.131057,NaN,NaN,NaN,NaN,0.049093,-2.202450,2.026878,-0.072121,-1.580530,-2.033349,-9.999706,-3.860340,0.010075
13.140873,NaN,NaN,NaN,NaN,0.049245,-2.203421,2.026677,-0.071890,-1.579237,-2.033472,-9.999817,-3.881828,0.009750
13.151927,NaN,NaN,NaN,NaN,0.049318,-2.205351,2.026582,-0.071776,-1.576678,-2.033535,-9.999870,-3.924805,0.009590
13.172861,NaN,NaN,NaN,NaN,0.049458,-2.206328,2.026358,-0.071553,-1.575379,-2.033702,-10.000000,-3.946289,0.009254
13.179726,NaN,NaN,NaN,NaN,0.049589,-2.208269,2.026147,-0.071338,-1.572806,-2.033870,-10.000149,-3.989220,0.008934
13.192461,NaN,NaN,NaN,NaN,0.049653,-2.209234,2.026027,-0.071233,-1.571533,-2.033965,-10.000221,-4.010677,0.008766
13.200801,NaN,NaN,NaN,NaN,0.049721,-2.210221,2.025910,-0.071143,-1.570227,-2.034061,-10.000305,-4.032131,0.008598
13.211035,NaN,NaN,NaN,NaN,0.049787,-2.211205,2.025797,-0.071055,-1.568930,-2.034158,-10.000389,-4.053581,0.008438
13.219989,NaN,NaN,NaN,NaN,0.049914,-2.213158,2.025580,-0.070884,-1.566363,-2.034352,-10.000538,-4.096466,0.008152
13.231079,NaN,NaN,NaN,NaN,0.049975,-2.214129,2.025463,-0.070800,-1.565092,-2.034454,-10.000607,-4.117889,0.008011
13.239816,NaN,NaN,NaN,NaN,0.050043,-2.215122,2.025350,-0.070735,-1.563794,-2.034556,-10.000683,-4.139282,0.007866
13.252894,NaN,NaN,NaN,NaN,0.050109,-2.217094,2.025241,-0.070672,-1.561220,-2.034659,-10.000751,-4.181988,0.007729
13.271038,NaN,NaN,NaN,NaN,0.050326,-2.219081,2.024913,-0.070491,-1.558627,-2.034952,-10.000942,-4.224529,0.007347
13.279716,NaN,NaN,NaN,NaN,0.050414,-2.220084,2.024807,-0.070434,-1.557318,-2.035048,-10.000996,-4.245731,0.007233
13.291536,NaN,NaN,NaN,NaN,0.050583,-2.222076,2.024705,-0.070325,-1.554721,-2.035145,-10.001099,-4.288029,0.007118
13.301699,NaN,NaN,NaN,NaN,0.050698,-2.223110,2.024483,-0.070276,-1.553392,-2.035310,-10.001144,-4.309105,0.006905
13.311241,NaN,NaN,NaN,NaN,0.050810,-2.224141,2.024408,-0.070227,-1.552071,-2.035377,-10.001186,-4.330143,0.006821
13.319902,NaN,NaN,NaN,NaN,0.050920,-2.225167,2.024299,-0.070180,-1.550758,-2.035465,-10.001225,-4.351143,0.006714
13.331176,NaN,NaN,NaN,NaN,0.051027,-2.226189,2.024172,-0.070135,-1.549452,-2.035554,-10.001266,-4.372097,0.006607
13.340646,NaN,NaN,NaN,NaN,0.051166,-2.227235,2.023881,-0.070094,-1.548109,-2.035761,-10.001293,-4.392982,0.006458
13.353134,NaN,NaN,NaN,NaN,0.051435,-2.229313,2.023766,-0.070016,-1.545444,-2.035852,-10.001335,-4.434586,0.006367
13.362079,NaN,NaN,NaN,NaN,0.051565,-2.230347,2.023632,-0.069980,-1.544122,-2.035933,-10.001354,-4.455296,0.006275
13.371588,NaN,NaN,NaN,NaN,0.051708,-2.231417,2.023501,-0.069941,-1.542763,-2.036015,-10.001358,-4.475910,0.006187
13.381969,NaN,NaN,NaN,NaN,0.051984,-2.233546,2.023374,-0.069867,-1.540066,-2.036098,-10.001366,-4.516941,0.006096
13.391540,NaN,NaN,NaN,NaN,0.052118,-2.234603,2.023116,-0.069832,-1.538729,-2.036265,-10.001369,-4.537373,0.005920
13.400987,NaN,NaN,NaN,NaN,0.052270,-2.235707,2.022986,-0.069788,-1.537372,-2.036348,-10.001373,-4.557705,0.005829
13.411058,NaN,NaN,NaN,NaN,0.052420,-2.236805,2.022859,-0.069745,-1.536023,-2.036434,-10.001381,-4.577976,0.005737
13.420365,NaN,NaN,NaN,NaN,0.052566,-2.237898,2.022736,-0.069704,-1.534682,-2.036521,-10.001389,-4.598194,0.005646
13.431220,NaN,NaN,NaN,NaN,0.052874,-2.240119,2.022463,-0.069627,-1.531988,-2.036707,-10.001392,-4.638382,0.005447
13.440874,NaN,NaN,NaN,NaN,0.053035,-2.241245,2.022331,-0.069592,-1.530637,-2.036802,-10.001396,-4.658352,0.005348
13.452227,NaN,NaN,NaN,NaN,0.053193,-2.244641,2.022204,-0.069557,-1.526584,-2.036899,-10.001396,-4.717766,0.005253
13.471135,NaN,NaN,NaN,NaN,0.053685,-2.245793,2.021731,-0.069482,-1.525222,-2.037161,-10.001373,-4.737373,0.005016
13.479600,NaN,NaN,NaN,NaN,0.053849,-2.246940,2.021580,-0.069462,-1.523865,-2.037251,-10.001362,-4.756908,0.004940
13.491473,NaN,NaN,NaN,NaN,0.054011,-2.249217,2.021435,-0.069443,-1.521173,-2.037341,-10.001354,-4.795803,0.004864
13.500981,NaN,NaN,NaN,NaN,0.054170,-2.250382,2.021088,-0.069425,-1.519807,-2.037493,-10.001343,-4.815083,0.004719
13.510866,NaN,NaN,NaN,NaN,0.054492,-2.251542,2.020921,-0.069387,-1.518447,-2.037572,-10.001301,-4.834305,0.004646
13.520973,NaN,NaN,NaN,NaN,0.054649,-2.252695,2.020758,-0.069369,-1.517094,-2.037651,-10.001278,-4.853470,0.004562
13.531259,NaN,NaN,NaN,NaN,0.054803,-2.253843,2.020569,-0.069352,-1.515748,-2.037715,-10.001282,-4.872574,0.004478
13.540056,NaN,NaN,NaN,NaN,0.054977,-2.256168,2.020204,-0.069320,-1.513041,-2.037849,-10.001278,-4.910408,0.004311
13.552060,NaN,NaN,NaN,NaN,0.055317,-2.258471,2.020028,-0.069259,-1.510360,-2.037918,-10.001263,-4.947975,0.004227
13.571067,NaN,NaN,NaN,NaN,0.055667,-2.259654,2.019646,-0.069179,-1.509016,-2.038040,-10.001240,-4.966560,0.004063
13.579823,NaN,NaN,NaN,NaN,0.055849,-2.262001,2.019461,-0.069129,-1.506346,-2.038105,-10.001221,-5.003517,0.003986
13.591383,NaN,NaN,NaN,NaN,0.056203,-2.263165,2.019084,-0.069034,-1.505022,-2.038219,-10.001144,-5.021900,0.003845
13.600629,NaN,NaN,NaN,NaN,0.056375,-2.264366,2.018891,-0.068962,-1.503693,-2.038270,-10.001095,-5.040146,0.003780
13.610934,NaN,NaN,NaN,NaN,0.056544,-2.265560,2.018701,-0.068892,-1.502371,-2.038322,-10.001045,-5.058338,0.003716
13.620523,NaN,NaN,NaN,NaN,0.056874,-2.267928,2.018516,-0.068756,-1.499750,-2.038378,-10.000950,-5.094559,0.003651
13.631076,NaN,NaN,NaN,NaN,0.057037,-2.269132,2.018107,-0.068666,-1.498453,-2.038460,-10.000877,-5.112495,0.003525
13.640384,NaN,NaN,NaN,NaN,0.057197,-2.270330,2.017909,-0.068579,-1.497161,-2.038504,-10.000809,-5.130375,0.003471
13.652736,NaN,NaN,NaN,NaN,0.057355,-2.272707,2.017715,-0.068493,-1.494598,-2.038551,-10.000740,-5.165947,0.003422
13.671085,NaN,NaN,NaN,NaN,0.057798,-2.275095,2.017056,-0.068179,-1.492039,-2.038589,-10.000523,-5.201084,0.003262
13.679740,NaN,NaN,NaN,NaN,0.057938,-2.276279,2.016845,-0.068068,-1.490769,-2.038608,-10.000450,-5.218559,0.003212
13.691658,NaN,NaN,NaN,NaN,0.058077,-2.277457,2.016618,-0.067958,-1.489505,-2.038601,-10.000378,-5.235977,0.003151
13.700524,NaN,NaN,NaN,NaN,0.058214,-2.279794,2.016177,-0.067833,-1.487001,-2.038596,-10.000301,-5.270470,0.003036
13.710952,NaN,NaN,NaN,NaN,0.058481,-2.280954,2.015964,-0.067591,-1.485759,-2.038599,-10.000172,-5.287643,0.002979
13.719785,NaN,NaN,NaN,NaN,0.058611,-2.282107,2.015744,-0.067473,-1.484523,-2.038583,-10.000107,-5.304764,0.002914
13.731107,NaN,NaN,NaN,NaN,0.058754,-2.283266,2.015530,-0.067338,-1.483290,-2.038571,-10.000031,-5.321739,0.002850
13.739876,NaN,NaN,NaN,NaN,0.058893,-2.285568,2.015115,-0.067204,-1.480842,-2.038554,-9.999954,-5.355526,0.002724
13.754272,NaN,NaN,NaN,NaN,0.059164,-2.286710,2.014915,-0.066943,-1.479628,-2.038551,-9.999813,-5.372330,0.002659
13.761447,NaN,NaN,NaN,NaN,0.059295,-2.287846,2.014711,-0.066815,-1.478420,-2.038530,-9.999744,-5.389072,0.002594
13.771215,NaN,NaN,NaN,NaN,0.059434,-2.288996,2.014511,-0.066670,-1.477226,-2.038511,-9.999657,-5.405659,0.002533
13.780538,NaN,NaN,NaN,NaN,0.059704,-2.291279,2.014127,-0.066387,-1.474856,-2.038484,-9.999489,-5.438637,0.002407
13.791254,NaN,NaN,NaN,NaN,0.059834,-2.292412,2.013930,-0.066249,-1.473680,-2.038463,-9.999409,-5.455044,0.002338
13.802244,NaN,NaN,NaN,NaN,0.059969,-2.293565,2.013738,-0.066082,-1.472522,-2.038446,-9.999321,-5.471313,0.002266
13.811675,NaN,NaN,NaN,NaN,0.060101,-2.296984,2.013367,-0.065917,-1.469083,-2.038420,-9.999237,-5.519852,0.002129
13.831283,NaN,NaN,NaN,NaN,0.060485,-2.298141,2.012976,-0.065410,-1.467955,-2.038370,-9.998974,-5.535851,0.001987
13.839937,NaN,NaN,NaN,NaN,0.060612,-2.299292,2.012788,-0.065231,-1.466833,-2.038350,-9.998882,-5.551800,0.001915
13.852878,NaN,NaN,NaN,NaN,0.060857,-2.302738,2.012408,-0.064879,-1.463503,-2.038295,-9.998699,-5.599243,0.001789
13.870979,NaN,NaN,NaN,NaN,0.061135,-2.303896,2.012029,-0.064512,-1.462405,-2.038230,-9.998493,-5.614883,0.001667
13.880746,NaN,NaN,NaN,NaN,0.061271,-2.305047,2.011846,-0.064333,-1.461313,-2.038203,-9.998390,-5.630474,0.001621
13.891170,NaN,NaN,NaN,NaN,0.061404,-2.307356,2.011660,-0.064156,-1.459151,-2.038159,-9.998310,-5.661419,0.001583
13.899952,NaN,NaN,NaN,NaN,0.061687,-2.308512,2.011299,-0.063768,-1.458080,-2.038081,-9.998104,-5.676785,0.001511
13.911919,NaN,NaN,NaN,NaN,0.061824,-2.310804,2.011125,-0.063577,-1.455956,-2.038047,-9.998005,-5.707386,0.001472
13.930982,NaN,NaN,NaN,NaN,0.062114,-2.311961,2.010765,-0.063176,-1.454915,-2.037940,-9.997803,-5.722542,0.001431
13.939780,NaN,NaN,NaN,NaN,0.062415,-2.314253,2.010591,-0.062757,-1.452848,-2.037893,-9.997597,-5.752716,0.001415
13.951213,NaN,NaN,NaN,NaN,0.062560,-2.315389,2.010241,-0.062551,-1.451821,-2.037789,-9.997505,-5.767731,0.001419
13.960369,NaN,NaN,NaN,NaN,0.062723,-2.316534,2.010066,-0.062320,-1.450813,-2.037734,-9.997395,-5.782612,0.001438
13.971349,NaN,NaN,NaN,NaN,0.062883,-2.317672,2.009894,-0.062093,-1.449809,-2.037682,-9.997284,-5.797440,0.001450
13.980249,NaN,NaN,NaN,NaN,0.063039,-2.319927,2.009725,-0.061868,-1.447816,-2.037634,-9.997181,-5.826939,0.001465
13.991502,NaN,NaN,NaN,NaN,0.063369,-2.321059,2.009392,-0.061408,-1.446850,-2.037496,-9.996956,-5.841537,0.001541
14.000634,NaN,NaN,NaN,NaN,0.063542,-2.322184,2.009230,-0.061173,-1.445889,-2.037433,-9.996841,-5.856098,0.001575
14.011742,NaN,NaN,NaN,NaN,0.063711,-2.325516,2.008918,-0.060942,-1.443033,-2.037318,-9.996738,-5.899563,0.001637
14.031041,NaN,NaN,NaN,NaN,0.064208,-2.326629,2.008641,-0.060247,-1.442120,-2.037183,-9.996426,-5.913876,0.001755
14.040593,NaN,NaN,NaN,NaN,0.064373,-2.327734,2.008507,-0.060011,-1.441210,-2.037122,-9.996315,-5.928150,0.001812
14.053884,NaN,NaN,NaN,NaN,0.064534,-2.331033,2.008376,-0.059777,-1.438545,-2.037065,-9.996204,-5.970612,0.001862
14.072225,NaN,NaN,NaN,NaN,0.065013,-2.332133,2.008043,-0.059083,-1.437692,-2.036839,-9.995899,-5.984608,0.002140
14.079961,NaN,NaN,NaN,NaN,0.065169,-2.333226,2.007936,-0.058855,-1.436841,-2.036771,-9.995804,-5.998562,0.002224
14.091314,NaN,NaN,NaN,NaN,0.065323,-2.334312,2.007842,-0.058630,-1.435993,-2.036695,-9.995712,-6.012478,0.002346
14.099017,NaN,NaN,NaN,NaN,0.065497,-2.336501,2.007749,-0.058390,-1.434372,-2.036621,-9.995605,-6.039997,0.002464
14.111822,NaN,NaN,NaN,NaN,0.065836,-2.338659,2.007573,-0.057918,-1.432764,-2.036486,-9.995399,-6.067387,0.002689
14.131104,NaN,NaN,NaN,NaN,0.066196,-2.339751,2.007436,-0.057444,-1.431998,-2.036325,-9.995178,-6.080929,0.002968
14.139927,NaN,NaN,NaN,NaN,0.066577,-2.341913,2.007370,-0.056969,-1.430475,-2.036250,-9.994938,-6.107906,0.003098
14.153093,NaN,NaN,NaN,NaN,0.066763,-2.342983,2.007240,-0.056735,-1.429716,-2.036098,-9.994823,-6.121338,0.003380
14.161596,NaN,NaN,NaN,NaN,0.066977,-2.344066,2.007176,-0.056504,-1.428980,-2.036020,-9.994690,-6.134644,0.003529
14.171161,NaN,NaN,NaN,NaN,0.067187,-2.345141,2.007113,-0.056275,-1.428246,-2.035947,-9.994556,-6.147907,0.003674
14.180933,NaN,NaN,NaN,NaN,0.067599,-2.346208,2.007053,-0.055825,-1.427513,-2.035877,-9.994316,-6.161133,0.003815
14.191445,NaN,NaN,NaN,NaN,0.067819,-2.348339,2.006925,-0.055610,-1.426075,-2.035749,-9.994194,-6.187405,0.004147
14.200321,NaN,NaN,NaN,NaN,0.068037,-2.349401,2.006864,-0.055398,-1.425370,-2.035690,-9.994076,-6.200455,0.004307
14.211965,NaN,NaN,NaN,NaN,0.068462,-2.350456,2.006804,-0.054982,-1.424666,-2.035634,-9.993847,-6.213478,0.004463
14.222137,NaN,NaN,NaN,NaN,0.068683,-2.352538,2.006668,-0.054784,-1.423287,-2.035510,-9.993717,-6.239353,0.004822
14.231532,NaN,NaN,NaN,NaN,0.068900,-2.353566,2.006602,-0.054589,-1.422612,-2.035454,-9.993591,-6.252209,0.004993
14.240778,NaN,NaN,NaN,NaN,0.069115,-2.354586,2.006539,-0.054396,-1.421938,-2.035400,-9.993469,-6.265030,0.005161
14.251437,NaN,NaN,NaN,NaN,0.069327,-2.356616,2.006480,-0.054205,-1.420611,-2.035343,-9.993362,-6.290493,0.005344
14.260470,NaN,NaN,NaN,NaN,0.069769,-2.357627,2.006366,-0.053837,-1.419956,-2.035238,-9.993153,-6.303127,0.005695
14.271009,NaN,NaN,NaN,NaN,0.069986,-2.358631,2.006312,-0.053656,-1.419303,-2.035191,-9.993053,-6.315727,0.005863
14.280875,NaN,NaN,NaN,NaN,0.070200,-2.359627,2.006259,-0.053477,-1.418651,-2.035146,-9.992954,-6.328289,0.006027
14.291403,NaN,NaN,NaN,NaN,0.070411,-2.360616,2.006208,-0.053301,-1.418000,-2.035094,-9.992859,-6.340824,0.006207
14.300288,NaN,NaN,NaN,NaN,0.070630,-2.362608,2.006113,-0.053137,-1.416724,-2.035000,-9.992771,-6.365646,0.006561
14.312597,NaN,NaN,NaN,NaN,0.071060,-2.364571,2.006067,-0.052817,-1.415454,-2.034958,-9.992584,-6.390366,0.006729
14.331169,NaN,NaN,NaN,NaN,0.071493,-2.365541,2.005968,-0.052507,-1.414847,-2.034855,-9.992409,-6.402607,0.007076
14.339843,NaN,NaN,NaN,NaN,0.071927,-2.367460,2.005876,-0.052206,-1.413636,-2.034766,-9.992245,-6.427002,0.007397
14.351456,NaN,NaN,NaN,NaN,0.072140,-2.368409,2.005839,-0.052059,-1.413031,-2.034705,-9.992165,-6.439148,0.007557
14.360566,NaN,NaN,NaN,NaN,0.072357,-2.369364,2.005804,-0.051908,-1.412449,-2.034647,-9.992088,-6.451191,0.007687
14.370975,NaN,NaN,NaN,NaN,0.072571,-2.370312,2.005770,-0.051758,-1.411867,-2.034593,-9.992027,-6.463196,0.007816
14.380535,NaN,NaN,NaN,NaN,0.072990,-2.371254,2.005737,-0.051465,-1.411284,-2.034542,-9.991905,-6.475159,0.007938
14.391124,NaN,NaN,NaN,NaN,0.073195,-2.373141,2.005689,-0.051322,-1.410147,-2.034402,-9.991848,-6.498920,0.008190
14.400779,NaN,NaN,NaN,NaN,0.073397,-2.374086,2.005667,-0.051182,-1.409593,-2.034337,-9.991791,-6.510731,0.008308
14.413539,NaN,NaN,NaN,NaN,0.073597,-2.375953,2.005645,-0.051043,-1.408485,-2.034275,-9.991737,-6.534279,0.008423
14.431094,NaN,NaN,NaN,NaN,0.074165,-2.377835,2.005629,-0.050645,-1.407436,-2.034038,-9.991615,-6.557598,0.008781
14.439681,NaN,NaN,NaN,NaN,0.074346,-2.378765,2.005624,-0.050517,-1.406911,-2.033967,-9.991581,-6.569218,0.008892
14.451629,NaN,NaN,NaN,NaN,0.074526,-2.379688,2.005623,-0.050391,-1.406386,-2.033862,-9.991547,-6.580811,0.009014
14.460676,NaN,NaN,NaN,NaN,0.074873,-2.381539,2.005623,-0.050148,-1.405400,-2.033665,-9.991528,-6.603767,0.009243
14.471847,NaN,NaN,NaN,NaN,0.075044,-2.383362,2.005624,-0.050029,-1.404410,-2.033572,-9.991520,-6.626595,0.009354
14.491005,NaN,NaN,NaN,NaN,0.075366,-2.384270,2.005645,-0.049800,-1.403953,-2.033334,-9.991531,-6.637882,0.009575
14.500181,NaN,NaN,NaN,NaN,0.075666,-2.386065,2.005668,-0.049580,-1.403035,-2.033113,-9.991570,-6.660393,0.009781
14.511853,NaN,NaN,NaN,NaN,0.075814,-2.387830,2.005678,-0.049471,-1.402159,-2.032970,-9.991589,-6.682735,0.009884
14.530983,NaN,NaN,NaN,NaN,0.076063,-2.388702,2.005697,-0.049258,-1.401743,-2.032698,-9.991646,-6.693836,0.010086
14.540204,NaN,NaN,NaN,NaN,0.076184,-2.389567,2.005718,-0.049154,-1.401325,-2.032443,-9.991673,-6.704914,0.010246
14.551401,NaN,NaN,NaN,NaN,0.076422,-2.391278,2.005743,-0.048950,-1.400483,-2.032301,-9.991718,-6.726990,0.010323
14.561141,NaN,NaN,NaN,NaN,0.076517,-2.392129,2.005769,-0.048853,-1.400108,-2.032164,-9.991753,-6.737907,0.010399
14.572936,NaN,NaN,NaN,NaN,0.076611,-2.392974,2.005819,-0.048757,-1.399731,-2.031903,-9.991783,-6.748798,0.010540
14.582526,NaN,NaN,NaN,NaN,0.076792,-2.394647,2.005848,-0.048570,-1.398967,-2.031753,-9.991840,-6.770481,0.010609
14.591709,NaN,NaN,NaN,NaN,0.076855,-2.395485,2.005876,-0.048476,-1.398616,-2.031606,-9.991867,-6.781189,0.010677
14.600925,NaN,NaN,NaN,NaN,0.076915,-2.396318,2.005905,-0.048383,-1.398261,-2.031464,-9.991894,-6.791862,0.010754
14.611991,NaN,NaN,NaN,NaN,0.076974,-2.398792,2.005933,-0.048292,-1.397197,-2.031327,-9.991920,-6.823559,0.010826
14.631017,NaN,NaN,NaN,NaN,0.077102,-2.399615,2.006002,-0.048016,-1.396848,-2.030903,-9.991982,-6.833988,0.011055
14.640018,NaN,NaN,NaN,NaN,0.077135,-2.400432,2.006025,-0.047926,-1.396495,-2.030770,-9.992001,-6.844372,0.011127
14.651117,NaN,NaN,NaN,NaN,0.077166,-2.402071,2.006027,-0.047836,-1.395797,-2.030622,-9.992020,-6.864922,0.011204
14.660426,NaN,NaN,NaN,NaN,0.077188,-2.402892,2.006033,-0.047638,-1.395451,-2.030338,-9.992043,-6.875092,0.011353
14.671937,NaN,NaN,NaN,NaN,0.077197,-2.404517,2.006036,-0.047540,-1.394747,-2.030202,-9.992050,-6.895275,0.011425
14.691062,NaN,NaN,NaN,NaN,0.077198,-2.405345,2.006012,-0.047334,-1.394415,-2.029917,-9.992046,-6.905228,0.011562
14.700296,NaN,NaN,NaN,NaN,0.077180,-2.406981,2.005990,-0.047119,-1.393742,-2.029648,-9.992035,-6.925087,0.011684
14.711371,NaN,NaN,NaN,NaN,0.077170,-2.407788,2.005975,-0.047014,-1.393402,-2.029504,-9.992027,-6.935009,0.011749
14.721923,NaN,NaN,NaN,NaN,0.077147,-2.408611,2.005960,-0.046906,-1.393079,-2.029364,-9.992001,-6.944851,0.011822
14.730939,NaN,NaN,NaN,NaN,0.077124,-2.409427,2.005947,-0.046800,-1.392753,-2.029228,-9.991993,-6.954689,0.011894
14.740070,NaN,NaN,NaN,NaN,0.077100,-2.411037,2.005924,-0.046695,-1.392093,-2.028941,-9.991989,-6.974346,0.012020
14.751004,NaN,NaN,NaN,NaN,0.077034,-2.411836,2.005916,-0.046489,-1.391794,-2.028791,-9.991955,-6.984077,0.012077
14.759856,NaN,NaN,NaN,NaN,0.076993,-2.412628,2.005908,-0.046389,-1.391491,-2.028646,-9.991932,-6.993797,0.012135
14.772047,NaN,NaN,NaN,NaN,0.076952,-2.414192,2.005901,-0.046290,-1.390877,-2.028504,-9.991905,-7.013203,0.012184
14.791887,NaN,NaN,NaN,NaN,0.076783,-2.415723,2.005904,-0.045997,-1.390314,-2.028035,-9.991856,-7.032436,0.012314
14.800143,NaN,NaN,NaN,NaN,0.076719,-2.416477,2.005906,-0.045901,-1.390028,-2.027887,-9.991840,-7.042049,0.012352
14.811216,NaN,NaN,NaN,NaN,0.076657,-2.417967,2.005908,-0.045806,-1.389446,-2.027742,-9.991829,-7.061272,0.012386
14.820355,NaN,NaN,NaN,NaN,0.076594,-2.418691,2.005902,-0.045712,-1.389186,-2.027405,-9.991817,-7.070812,0.012440
14.830976,NaN,NaN,NaN,NaN,0.076423,-2.419408,2.005899,-0.045526,-1.388922,-2.027243,-9.991768,-7.080345,0.012466
14.839571,NaN,NaN,NaN,NaN,0.076338,-2.420120,2.005897,-0.045434,-1.388655,-2.027085,-9.991741,-7.089874,0.012486
14.851295,NaN,NaN,NaN,NaN,0.076255,-2.420827,2.005882,-0.045343,-1.388385,-2.026905,-9.991711,-7.099392,0.012493
14.860303,NaN,NaN,NaN,NaN,0.076153,-2.422213,2.005853,-0.045251,-1.387900,-2.026559,-9.991669,-7.118275,0.012508
14.871742,NaN,NaN,NaN,NaN,0.075954,-2.423578,2.005840,-0.045071,-1.387397,-2.026391,-9.991581,-7.137096,0.012516
14.891109,NaN,NaN,NaN,NaN,0.075750,-2.424245,2.005816,-0.044899,-1.387177,-2.026044,-9.991489,-7.146435,0.012505
14.900629,NaN,NaN,NaN,NaN,0.075646,-2.424908,2.005804,-0.044818,-1.386953,-2.025876,-9.991436,-7.155766,0.012508
14.911632,NaN,NaN,NaN,NaN,0.075442,-2.426216,2.005795,-0.044657,-1.386493,-2.025535,-9.991306,-7.174404,0.012508
14.920789,NaN,NaN,NaN,NaN,0.075333,-2.426856,2.005798,-0.044597,-1.386288,-2.025363,-9.991238,-7.183670,0.012508
14.931205,NaN,NaN,NaN,NaN,0.075226,-2.427492,2.005802,-0.044536,-1.386079,-2.025195,-9.991173,-7.192921,0.012508
14.940900,NaN,NaN,NaN,NaN,0.075016,-2.428748,2.005805,-0.044417,-1.385647,-2.025030,-9.991043,-7.211388,0.012505
14.951352,NaN,NaN,NaN,NaN,0.074907,-2.429368,2.005829,-0.044375,-1.385466,-2.024687,-9.990982,-7.220551,0.012486
14.960921,NaN,NaN,NaN,NaN,0.074799,-2.429984,2.005840,-0.044333,-1.385281,-2.024521,-9.990921,-7.229694,0.012470
14.972691,NaN,NaN,NaN,NaN,0.074693,-2.431797,2.005852,-0.044292,-1.384737,-2.024359,-9.990879,-7.256958,0.012455
14.991494,NaN,NaN,NaN,NaN,0.074359,-2.432386,2.005882,-0.044212,-1.384574,-2.023832,-9.990749,-7.265980,0.012386
15.000398,NaN,NaN,NaN,NaN,0.074247,-2.432971,2.005892,-0.044193,-1.384405,-2.023664,-9.990707,-7.274994,0.012360
15.011255,NaN,NaN,NaN,NaN,0.074137,-2.434129,2.005899,-0.044173,-1.384100,-2.023499,-9.990665,-7.292927,0.012333
15.020310,NaN,NaN,NaN,NaN,0.073917,-2.434701,2.005913,-0.044154,-1.383964,-2.023180,-9.990570,-7.301853,0.012257
15.031006,NaN,NaN,NaN,NaN,0.073811,-2.435269,2.005921,-0.044145,-1.383821,-2.023026,-9.990520,-7.310760,0.012222
15.041614,NaN,NaN,NaN,NaN,0.073706,-2.435834,2.005919,-0.044136,-1.383673,-2.022869,-9.990471,-7.319656,0.012173
15.052997,NaN,NaN,NaN,NaN,0.073601,-2.436400,2.005917,-0.044133,-1.383573,-2.022714,-9.990421,-7.328472,0.012123
15.059853,NaN,NaN,NaN,NaN,0.073498,-2.436962,2.005914,-0.044130,-1.383467,-2.022415,-9.990376,-7.337269,0.012024
15.072886,NaN,NaN,NaN,NaN,0.073299,-2.438075,2.005913,-0.044123,-1.383237,-2.022271,-9.990280,-7.354801,0.011974
15.080555,NaN,NaN,NaN,NaN,0.073202,-2.438626,2.005894,-0.044119,-1.383113,-2.022134,-9.990234,-7.363541,0.011906
15.091271,NaN,NaN,NaN,NaN,0.073004,-2.439153,2.005876,-0.044116,-1.383029,-2.022000,-9.990124,-7.372196,0.011833
15.101232,NaN,NaN,NaN,NaN,0.072909,-2.440198,2.005842,-0.044114,-1.382842,-2.021742,-9.990070,-7.389477,0.011692
15.112043,NaN,NaN,NaN,NaN,0.072815,-2.440716,2.005800,-0.044112,-1.382739,-2.021610,-9.990021,-7.398098,0.011616
15.120445,NaN,NaN,NaN,NaN,0.072715,-2.441214,2.005759,-0.044113,-1.382676,-2.021481,-9.989975,-7.406635,0.011539
15.131818,NaN,NaN,NaN,NaN,0.072617,-2.441709,2.005719,-0.044112,-1.382607,-2.021355,-9.989929,-7.415161,0.011463
15.140478,NaN,NaN,NaN,NaN,0.072426,-2.442202,2.005680,-0.044110,-1.382531,-2.021232,-9.989876,-7.423672,0.011383
15.151258,NaN,NaN,NaN,NaN,0.072331,-2.443168,2.005566,-0.044105,-1.382408,-2.020981,-9.989872,-7.440575,0.011227
15.159830,NaN,NaN,NaN,NaN,0.072238,-2.443643,2.005511,-0.044099,-1.382361,-2.020859,-9.989864,-7.448963,0.011147
15.172160,NaN,NaN,NaN,NaN,0.072147,-2.444586,2.005457,-0.044093,-1.382245,-2.020739,-9.989861,-7.465675,0.011070
15.190976,NaN,NaN,NaN,NaN,0.071885,-2.445485,2.005251,-0.044079,-1.382191,-2.020402,-9.989857,-7.482147,0.010849
15.200912,NaN,NaN,NaN,NaN,0.071801,-2.445931,2.005185,-0.044073,-1.382153,-2.020294,-9.989861,-7.490364,0.010777
15.211170,NaN,NaN,NaN,NaN,0.071719,-2.446376,2.005089,-0.044067,-1.382108,-2.020192,-9.989845,-7.498569,0.010708
15.220089,NaN,NaN,NaN,NaN,0.071545,-2.446816,2.004995,-0.044076,-1.382109,-2.020093,-9.989826,-7.506687,0.010635
15.231869,NaN,NaN,NaN,NaN,0.071461,-2.447690,2.004811,-0.044080,-1.382087,-2.019904,-9.989819,-7.522881,0.010494
15.240363,NaN,NaN,NaN,NaN,0.071379,-2.448125,2.004680,-0.044082,-1.382065,-2.019805,-9.989807,-7.530956,0.010418
15.251370,NaN,NaN,NaN,NaN,0.071292,-2.448555,2.004552,-0.044090,-1.382077,-2.019708,-9.989799,-7.538937,0.010342
15.259997,NaN,NaN,NaN,NaN,0.071123,-2.449410,2.004301,-0.044103,-1.382078,-2.019523,-9.989773,-7.554848,0.010178
15.271064,NaN,NaN,NaN,NaN,0.071042,-2.449835,2.004161,-0.044110,-1.382066,-2.019431,-9.989754,-7.562771,0.010098
15.280985,NaN,NaN,NaN,NaN,0.070958,-2.450250,2.004022,-0.044117,-1.382092,-2.019341,-9.989719,-7.570602,0.010017
15.291092,NaN,NaN,NaN,NaN,0.070876,-2.450664,2.003886,-0.044123,-1.382110,-2.019253,-9.989681,-7.578419,0.009937
15.300299,NaN,NaN,NaN,NaN,0.070796,-2.451486,2.003751,-0.044128,-1.382121,-2.019168,-9.989647,-7.594036,0.009861
15.311022,NaN,NaN,NaN,NaN,0.070655,-2.451874,2.003462,-0.044150,-1.382171,-2.018985,-9.989563,-7.601765,0.009716
15.320021,NaN,NaN,NaN,NaN,0.070594,-2.452261,2.003320,-0.044166,-1.382212,-2.018896,-9.989517,-7.609489,0.009663
15.332228,NaN,NaN,NaN,NaN,0.070535,-2.453032,2.003042,-0.044182,-1.382270,-2.018724,-9.989464,-7.624905,0.009552
15.351133,NaN,NaN,NaN,NaN,0.070370,-2.453786,2.002771,-0.044230,-1.382339,-2.018525,-9.989304,-7.640213,0.009464
15.360489,NaN,NaN,NaN,NaN,0.070319,-2.454156,2.002637,-0.044249,-1.382385,-2.018429,-9.989246,-7.647816,0.009422
15.371065,NaN,NaN,NaN,NaN,0.070224,-2.454895,2.002504,-0.044282,-1.382448,-2.018335,-9.989132,-7.662971,0.009380
15.382279,NaN,NaN,NaN,NaN,0.070177,-2.455246,2.002225,-0.044296,-1.382496,-2.018143,-9.989063,-7.670460,0.009312
15.391529,NaN,NaN,NaN,NaN,0.070131,-2.455597,2.002087,-0.044308,-1.382536,-2.018050,-9.988998,-7.677940,0.009277
15.400704,NaN,NaN,NaN,NaN,0.070087,-2.455947,2.001950,-0.044320,-1.382566,-2.017959,-9.988937,-7.685410,0.009243
15.411904,NaN,NaN,NaN,NaN,0.070043,-2.456297,2.001816,-0.044331,-1.382589,-2.017864,-9.988873,-7.692871,0.009205
15.420937,NaN,NaN,NaN,NaN,0.070005,-2.456646,2.001549,-0.044336,-1.382651,-2.017679,-9.988800,-7.700260,0.009125
15.432597,NaN,NaN,NaN,NaN,0.069933,-2.457690,2.001417,-0.044346,-1.382784,-2.017589,-9.988659,-7.722366,0.009087
15.451321,NaN,NaN,NaN,NaN,0.069874,-2.458041,2.001207,-0.044337,-1.382869,-2.017364,-9.988525,-7.729652,0.008999
15.459709,NaN,NaN,NaN,NaN,0.069850,-2.458741,2.001077,-0.044325,-1.383011,-2.017267,-9.988464,-7.744179,0.008942
15.470951,NaN,NaN,NaN,NaN,0.069805,-2.459090,2.000816,-0.044302,-1.383069,-2.017078,-9.988342,-7.751419,0.008820
15.481074,NaN,NaN,NaN,NaN,0.069781,-2.459445,2.000684,-0.044261,-1.383178,-2.016985,-9.988277,-7.758587,0.008759
15.490923,NaN,NaN,NaN,NaN,0.069758,-2.459799,2.000553,-0.044221,-1.383278,-2.016894,-9.988213,-7.765747,0.008698
15.500274,NaN,NaN,NaN,NaN,0.069736,-2.460152,2.000294,-0.044182,-1.383368,-2.016713,-9.988152,-7.772900,0.008560
15.511342,NaN,NaN,NaN,NaN,0.069687,-2.460856,2.000167,-0.044090,-1.383568,-2.016623,-9.988018,-7.787125,0.008495
15.520081,NaN,NaN,NaN,NaN,0.069661,-2.461206,2.000041,-0.044038,-1.383678,-2.016534,-9.987946,-7.794201,0.008427
15.532478,NaN,NaN,NaN,NaN,0.069635,-2.461556,1.999916,-0.043987,-1.383778,-2.016447,-9.987877,-7.801266,0.008358
15.542112,NaN,NaN,NaN,NaN,0.069611,-2.461906,1.999679,-0.043936,-1.383869,-2.016251,-9.987812,-7.808323,0.008244
15.551286,NaN,NaN,NaN,NaN,0.069540,-2.462613,1.999561,-0.043836,-1.384082,-2.016154,-9.987675,-7.822319,0.008186
15.559738,NaN,NaN,NaN,NaN,0.069506,-2.462966,1.999430,-0.043788,-1.384174,-2.016066,-9.987606,-7.829300,0.008141
15.572260,NaN,NaN,NaN,NaN,0.069474,-2.463673,1.999283,-0.043739,-1.384351,-2.015989,-9.987545,-7.843166,0.008110
15.581987,NaN,NaN,NaN,NaN,0.069401,-2.464027,1.999066,-0.043597,-1.384436,-2.015798,-9.987408,-7.850060,0.008007
15.590901,NaN,NaN,NaN,NaN,0.069367,-2.464380,1.998958,-0.043527,-1.384512,-2.015704,-9.987339,-7.856941,0.007954
15.600590,NaN,NaN,NaN,NaN,0.069334,-2.464732,1.998849,-0.043458,-1.384579,-2.015613,-9.987274,-7.863819,0.007904
15.611132,NaN,NaN,NaN,NaN,0.069302,-2.465085,1.998755,-0.043390,-1.384637,-2.015533,-9.987213,-7.870686,0.007862
15.619850,NaN,NaN,NaN,NaN,0.069213,-2.465435,1.998567,-0.043212,-1.384694,-2.015377,-9.987076,-7.877510,0.007751
15.631861,NaN,NaN,NaN,NaN,0.069171,-2.466136,1.998472,-0.043124,-1.384783,-2.015301,-9.987011,-7.891132,0.007698
15.640600,NaN,NaN,NaN,NaN,0.069129,-2.466486,1.998396,-0.043038,-1.384815,-2.015235,-9.986950,-7.897926,0.007645
15.651280,NaN,NaN,NaN,NaN,0.069075,-2.466825,1.998320,-0.042940,-1.384849,-2.015171,-9.986874,-7.904663,0.007595
15.659915,NaN,NaN,NaN,NaN,0.069023,-2.467165,1.998168,-0.042844,-1.384874,-2.015046,-9.986801,-7.911388,0.007492
15.671021,NaN,NaN,NaN,NaN,0.068922,-2.467844,1.998116,-0.042657,-1.384898,-2.014987,-9.986660,-7.924793,0.007439
15.680277,NaN,NaN,NaN,NaN,0.068856,-2.468171,1.998063,-0.042564,-1.384894,-2.014930,-9.986576,-7.931419,0.007393
15.691036,NaN,NaN,NaN,NaN,0.068792,-2.468499,1.998010,-0.042472,-1.384882,-2.014873,-9.986519,-7.938042,0.007343
15.700150,NaN,NaN,NaN,NaN,0.068668,-2.469155,1.997913,-0.042293,-1.384835,-2.014766,-9.986412,-7.951260,0.007240
15.711013,NaN,NaN,NaN,NaN,0.068596,-2.469469,1.997869,-0.042207,-1.384796,-2.014717,-9.986336,-7.957806,0.007191
15.720523,NaN,NaN,NaN,NaN,0.068525,-2.469784,1.997824,-0.042122,-1.384750,-2.014667,-9.986263,-7.964348,0.007137
15.731112,NaN,NaN,NaN,NaN,0.068386,-2.470099,1.997779,-0.041958,-1.384697,-2.014619,-9.986126,-7.970879,0.007088
15.740752,NaN,NaN,NaN,NaN,0.068302,-2.470415,1.997695,-0.041882,-1.384636,-2.014509,-9.986027,-7.977402,0.006985
15.751595,NaN,NaN,NaN,NaN,0.068220,-2.471063,1.997653,-0.041807,-1.384486,-2.014455,-9.985931,-7.990303,0.006931
15.761292,NaN,NaN,NaN,NaN,0.068140,-2.471388,1.997609,-0.041734,-1.384401,-2.014402,-9.985836,-7.996735,0.006882
15.771476,NaN,NaN,NaN,NaN,0.068062,-2.472036,1.997575,-0.041662,-1.384215,-2.014352,-9.985744,-8.009502,0.006824
15.781493,NaN,NaN,NaN,NaN,0.067871,-2.472358,1.997505,-0.041537,-1.384115,-2.014254,-9.985531,-8.015839,0.006714
15.792653,NaN,NaN,NaN,NaN,0.067778,-2.473004,1.997470,-0.041477,-1.383894,-2.014207,-9.985428,-8.028484,0.006660
15.811861,NaN,NaN,NaN,NaN,0.067580,-2.473328,1.997428,-0.041361,-1.383784,-2.014124,-9.985222,-8.034729,0.006508
15.820535,NaN,NaN,NaN,NaN,0.067370,-2.473978,1.997383,-0.041252,-1.383544,-2.014044,-9.985020,-8.047199,0.006363
15.832449,NaN,NaN,NaN,NaN,0.067268,-2.474303,1.997376,-0.041199,-1.383414,-2.014013,-9.984921,-8.053421,0.006279
15.841249,NaN,NaN,NaN,NaN,0.067132,-2.474621,1.997367,-0.041155,-1.383289,-2.013982,-9.984814,-8.059563,0.006199
15.852510,NaN,NaN,NaN,NaN,0.066999,-2.474940,1.997346,-0.041113,-1.383157,-2.013922,-9.984707,-8.065693,0.006042
15.859897,NaN,NaN,NaN,NaN,0.066868,-2.475579,1.997333,-0.041072,-1.382873,-2.013893,-9.984604,-8.077919,0.005966
15.871623,NaN,NaN,NaN,NaN,0.066614,-2.475898,1.997335,-0.040992,-1.382720,-2.013862,-9.984406,-8.084011,0.005875
15.880317,NaN,NaN,NaN,NaN,0.066445,-2.476205,1.997336,-0.040959,-1.382590,-2.013831,-9.984291,-8.090015,0.005783
15.892276,NaN,NaN,NaN,NaN,0.066280,-2.476819,1.997335,-0.040926,-1.382309,-2.013800,-9.984184,-8.102001,0.005692
15.910990,NaN,NaN,NaN,NaN,0.065760,-2.477411,1.997332,-0.040839,-1.382026,-2.013683,-9.983864,-8.113895,0.005390
15.919975,NaN,NaN,NaN,NaN,0.065565,-2.477695,1.997330,-0.040815,-1.381886,-2.013641,-9.983757,-8.119801,0.005295
15.931128,NaN,NaN,NaN,NaN,0.065186,-2.478264,1.997326,-0.040771,-1.381587,-2.013599,-9.983574,-8.131596,0.005199
15.941188,NaN,NaN,NaN,NaN,0.064967,-2.478533,1.997316,-0.040756,-1.381448,-2.013517,-9.983486,-8.137417,0.004971
15.952599,NaN,NaN,NaN,NaN,0.064753,-2.479074,1.997310,-0.040741,-1.381150,-2.013476,-9.983402,-8.149033,0.004856
15.972083,NaN,NaN,NaN,NaN,0.064335,-2.479347,1.997283,-0.040714,-1.380992,-2.013385,-9.983242,-8.154827,0.004616
15.980246,NaN,NaN,NaN,NaN,0.063857,-2.479848,1.997244,-0.040723,-1.380724,-2.013281,-9.983051,-8.166245,0.004337
15.992333,NaN,NaN,NaN,NaN,0.063624,-2.480353,1.997223,-0.040728,-1.380428,-2.013230,-9.982952,-8.177643,0.004204
16.011076,NaN,NaN,NaN,NaN,0.063130,-2.480597,1.997156,-0.040765,-1.380296,-2.013134,-9.982761,-8.183270,0.003918
16.019949,NaN,NaN,NaN,NaN,0.062614,-2.481086,1.997121,-0.040830,-1.380011,-2.013087,-9.982578,-8.194515,0.003780
16.031184,NaN,NaN,NaN,NaN,0.062362,-2.481564,1.997039,-0.040863,-1.379734,-2.012998,-9.982491,-8.205692,0.003513
16.051296,NaN,NaN,NaN,NaN,0.061788,-2.481796,1.996943,-0.040997,-1.379603,-2.012915,-9.982365,-8.211246,0.003277
16.059995,NaN,NaN,NaN,NaN,0.061233,-2.482029,1.996824,-0.041129,-1.379465,-2.012828,-9.982262,-8.216793,0.003052
16.072252,NaN,NaN,NaN,NaN,0.060932,-2.482709,1.996753,-0.041215,-1.379094,-2.012781,-9.982224,-8.233280,0.002945
16.093280,NaN,NaN,NaN,NaN,0.060346,-2.483158,1.996611,-0.041387,-1.378841,-2.012689,-9.982151,-8.244209,0.002731
16.110960,NaN,NaN,NaN,NaN,0.059435,-2.483616,1.996382,-0.041686,-1.378654,-2.012510,-9.982090,-8.255005,0.002419
16.119908,NaN,NaN,NaN,NaN,0.059131,-2.483847,1.996305,-0.041792,-1.378550,-2.012451,-9.982075,-8.260403,0.002316
16.131261,NaN,NaN,NaN,NaN,0.058832,-2.484079,1.996227,-0.041897,-1.378440,-2.012392,-9.982067,-8.265793,0.002216
16.140667,NaN,NaN,NaN,NaN,0.058538,-2.484313,1.996142,-0.042002,-1.378322,-2.012318,-9.982056,-8.271179,0.002117
16.151796,NaN,NaN,NaN,NaN,0.057894,-2.484767,1.995969,-0.042290,-1.378183,-2.012173,-9.982056,-8.281807,0.001919
16.161217,NaN,NaN,NaN,NaN,0.057580,-2.484997,1.995883,-0.042433,-1.378103,-2.012101,-9.982059,-8.287109,0.001820
16.171160,NaN,NaN,NaN,NaN,0.056933,-2.485228,1.995778,-0.042748,-1.378015,-2.012015,-9.982090,-8.292404,0.001709
16.181284,NaN,NaN,NaN,NaN,0.056600,-2.485678,1.995568,-0.042920,-1.377926,-2.011845,-9.982121,-8.302845,0.001492
16.192979,NaN,NaN,NaN,NaN,0.056273,-2.486134,1.995464,-0.043091,-1.377807,-2.011760,-9.982147,-8.313267,0.001389
16.211015,NaN,NaN,NaN,NaN,0.055600,-2.486367,1.995247,-0.043462,-1.377797,-2.011573,-9.982224,-8.318413,0.001156
16.220131,NaN,NaN,NaN,NaN,0.055255,-2.486838,1.995139,-0.043662,-1.377752,-2.011479,-9.982273,-8.328705,0.001057
16.231144,NaN,NaN,NaN,NaN,0.054582,-2.487075,1.994926,-0.044055,-1.377718,-2.011289,-9.982372,-8.333843,0.000858
16.241835,NaN,NaN,NaN,NaN,0.054226,-2.487312,1.994821,-0.044289,-1.377740,-2.011192,-9.982441,-8.338921,0.000759
16.250954,NaN,NaN,NaN,NaN,0.053875,-2.487550,1.994716,-0.044521,-1.377754,-2.011096,-9.982510,-8.343990,0.000660
16.260742,NaN,NaN,NaN,NaN,0.053191,-2.487790,1.994611,-0.044977,-1.377758,-2.011000,-9.982643,-8.349052,0.000565
16.271442,NaN,NaN,NaN,NaN,0.052840,-2.488262,1.994430,-0.045246,-1.377793,-2.010807,-9.982738,-8.359097,0.000362
16.279750,NaN,NaN,NaN,NaN,0.052495,-2.488495,1.994339,-0.045511,-1.377824,-2.010711,-9.982830,-8.364075,0.000259
16.292769,NaN,NaN,NaN,NaN,0.052155,-2.488730,1.994247,-0.045773,-1.377845,-2.010615,-9.982918,-8.369041,0.000156
16.300691,NaN,NaN,NaN,NaN,0.051821,-2.488966,1.994081,-0.046033,-1.377857,-2.010452,-9.983002,-8.373997,-0.000061
16.310927,NaN,NaN,NaN,NaN,0.051141,-2.489434,1.993998,-0.046622,-1.377950,-2.010371,-9.983231,-8.383739,-0.000168
16.319562,NaN,NaN,NaN,NaN,0.050811,-2.489670,1.993915,-0.046912,-1.377983,-2.010290,-9.983341,-8.388592,-0.000275
16.333259,NaN,NaN,NaN,NaN,0.050485,-2.489908,1.993837,-0.047198,-1.378007,-2.010224,-9.983452,-8.393433,-0.000378
16.339969,NaN,NaN,NaN,NaN,0.050161,-2.490382,1.993681,-0.047515,-1.378145,-2.010092,-9.983582,-8.402931,-0.000572
16.351088,NaN,NaN,NaN,NaN,0.049528,-2.490620,1.993603,-0.048137,-1.378199,-2.010025,-9.983860,-8.407658,-0.000668
16.360651,NaN,NaN,NaN,NaN,0.049220,-2.490861,1.993537,-0.048442,-1.378242,-2.009972,-9.983994,-8.412369,-0.000763
16.372448,NaN,NaN,NaN,NaN,0.048918,-2.491099,1.993472,-0.048777,-1.378324,-2.009918,-9.984142,-8.417000,-0.000858
16.380150,NaN,NaN,NaN,NaN,0.048329,-2.491580,1.993338,-0.049436,-1.378460,-2.009807,-9.984428,-8.426235,-0.001041
16.392702,NaN,NaN,NaN,NaN,0.048042,-2.492067,1.993271,-0.049759,-1.378559,-2.009750,-9.984566,-8.435463,-0.001133
16.410931,NaN,NaN,NaN,NaN,0.047482,-2.492304,1.993173,-0.050409,-1.378644,-2.009634,-9.984852,-8.440022,-0.001312
16.419770,NaN,NaN,NaN,NaN,0.046940,-2.492782,1.993071,-0.051055,-1.378787,-2.009515,-9.985146,-8.449158,-0.001488
16.431091,NaN,NaN,NaN,NaN,0.046677,-2.493022,1.993043,-0.051373,-1.378845,-2.009474,-9.985287,-8.453735,-0.001572
16.439736,NaN,NaN,NaN,NaN,0.046425,-2.493256,1.993015,-0.051690,-1.378952,-2.009432,-9.985447,-8.458267,-0.001656
16.452051,NaN,NaN,NaN,NaN,0.046177,-2.493491,1.992953,-0.052004,-1.379050,-2.009345,-9.985603,-8.462803,-0.001831
16.460489,NaN,NaN,NaN,NaN,0.045693,-2.493965,1.992937,-0.052620,-1.379217,-2.009316,-9.985889,-8.471889,-0.001923
16.471147,NaN,NaN,NaN,NaN,0.045471,-2.494188,1.992920,-0.052934,-1.379344,-2.009287,-9.986038,-8.476383,-0.002014
16.480135,NaN,NaN,NaN,NaN,0.045253,-2.494412,1.992902,-0.053244,-1.379461,-2.009256,-9.986187,-8.480885,-0.002106
16.492761,NaN,NaN,NaN,NaN,0.045038,-2.494863,1.992883,-0.053550,-1.379667,-2.009224,-9.986328,-8.489899,-0.002193
16.511126,NaN,NaN,NaN,NaN,0.044422,-2.495297,1.992895,-0.054463,-1.379958,-2.009167,-9.986771,-8.498840,-0.002460
16.519915,NaN,NaN,NaN,NaN,0.044225,-2.495517,1.992897,-0.054763,-1.380089,-2.009145,-9.986916,-8.503319,-0.002552
16.531062,NaN,NaN,NaN,NaN,0.044032,-2.495738,1.992905,-0.055058,-1.380210,-2.009128,-9.987068,-8.507805,-0.002640
16.540984,NaN,NaN,NaN,NaN,0.043658,-2.496179,1.992917,-0.055652,-1.380555,-2.009089,-9.987373,-8.516705,-0.002815
16.553963,NaN,NaN,NaN,NaN,0.043477,-2.496624,1.992922,-0.055942,-1.380859,-2.009068,-9.987522,-8.525608,-0.002899
16.571446,NaN,NaN,NaN,NaN,0.043131,-2.496850,1.992943,-0.056531,-1.381064,-2.009047,-9.987823,-8.530045,-0.003078
16.581704,NaN,NaN,NaN,NaN,0.042803,-2.497078,1.992953,-0.057125,-1.381257,-2.009035,-9.988121,-8.534477,-0.003178
16.591141,NaN,NaN,NaN,NaN,0.042644,-2.497536,1.992951,-0.057415,-1.381611,-2.009024,-9.988266,-8.543339,-0.003372
16.600991,NaN,NaN,NaN,NaN,0.042489,-2.497754,1.992941,-0.057701,-1.381824,-2.009025,-9.988411,-8.547745,-0.003468
16.611031,NaN,NaN,NaN,NaN,0.042336,-2.497975,1.992930,-0.057983,-1.382026,-2.009024,-9.988552,-8.552155,-0.003563
16.619968,NaN,NaN,NaN,NaN,0.042187,-2.498419,1.992918,-0.058261,-1.382397,-2.009022,-9.988689,-8.560974,-0.003658
16.630970,NaN,NaN,NaN,NaN,0.041892,-2.498630,1.992863,-0.058802,-1.382614,-2.009058,-9.988956,-8.565353,-0.003841
16.641062,NaN,NaN,NaN,NaN,0.041747,-2.498843,1.992835,-0.059066,-1.382821,-2.009074,-9.989082,-8.569733,-0.003941
16.652089,NaN,NaN,NaN,NaN,0.041603,-2.499274,1.992778,-0.059326,-1.383199,-2.009100,-9.989208,-8.578484,-0.004128
16.671952,NaN,NaN,NaN,NaN,0.041193,-2.499698,1.992734,-0.060073,-1.383581,-2.009170,-9.989559,-8.587185,-0.004314
16.679730,NaN,NaN,NaN,NaN,0.041064,-2.499906,1.992711,-0.060308,-1.383779,-2.009202,-9.989666,-8.591515,-0.004406
16.691288,NaN,NaN,NaN,NaN,0.040937,-2.500326,1.992687,-0.060541,-1.384143,-2.009232,-9.989769,-8.600174,-0.004498
16.700717,NaN,NaN,NaN,NaN,0.040813,-2.500518,1.992658,-0.060769,-1.384354,-2.009289,-9.989868,-8.604465,-0.004612
16.710855,NaN,NaN,NaN,NaN,0.040552,-2.500713,1.992599,-0.061205,-1.384553,-2.009397,-9.990032,-8.608753,-0.004829
16.720020,NaN,NaN,NaN,NaN,0.040425,-2.500909,1.992570,-0.061418,-1.384741,-2.009448,-9.990112,-8.613045,-0.004936
16.731580,NaN,NaN,NaN,NaN,0.040300,-2.501107,1.992522,-0.061628,-1.384919,-2.009526,-9.990189,-8.617332,-0.005058
16.739044,NaN,NaN,NaN,NaN,0.040157,-2.501474,1.992474,-0.061817,-1.385347,-2.009602,-9.990265,-8.625790,-0.005180
16.752573,NaN,NaN,NaN,NaN,0.039877,-2.501850,1.992376,-0.062186,-1.385730,-2.009746,-9.990410,-8.634232,-0.005421
16.771656,NaN,NaN,NaN,NaN,0.039600,-2.502036,1.992235,-0.062538,-1.385962,-2.009957,-9.990551,-8.638390,-0.005684
16.779596,NaN,NaN,NaN,NaN,0.039462,-2.502413,1.992165,-0.062707,-1.386390,-2.010059,-9.990616,-8.646690,-0.005814
16.792567,NaN,NaN,NaN,NaN,0.039192,-2.502606,1.992008,-0.063037,-1.386586,-2.010285,-9.990738,-8.650833,-0.006081
16.800449,NaN,NaN,NaN,NaN,0.039059,-2.502794,1.991921,-0.063193,-1.386819,-2.010409,-9.990780,-8.654926,-0.006214
16.810996,NaN,NaN,NaN,NaN,0.038928,-2.502985,1.991834,-0.063346,-1.387040,-2.010530,-9.990818,-8.659016,-0.006351
16.820379,NaN,NaN,NaN,NaN,0.038671,-2.503178,1.991748,-0.063644,-1.387250,-2.010648,-9.990879,-8.663105,-0.006477
16.832937,NaN,NaN,NaN,NaN,0.038552,-2.503698,1.991535,-0.063781,-1.387906,-2.010957,-9.990887,-8.675266,-0.006752
16.852248,NaN,NaN,NaN,NaN,0.038318,-2.504033,1.991325,-0.064048,-1.388318,-2.011252,-9.990898,-8.683323,-0.007019
16.871013,NaN,NaN,NaN,NaN,0.037994,-2.504296,1.990992,-0.064416,-1.388787,-2.011739,-9.990902,-8.691261,-0.007462
16.880633,NaN,NaN,NaN,NaN,0.037892,-2.504432,1.990882,-0.064531,-1.389003,-2.011894,-9.990902,-8.695229,-0.007587
16.891192,NaN,NaN,NaN,NaN,0.037792,-2.504672,1.990761,-0.064645,-1.389448,-2.012068,-9.990891,-8.703102,-0.007729
16.900188,NaN,NaN,NaN,NaN,0.037627,-2.504776,1.990520,-0.064820,-1.389675,-2.012407,-9.990879,-8.707016,-0.008007
16.911007,NaN,NaN,NaN,NaN,0.037546,-2.504884,1.990401,-0.064906,-1.389890,-2.012572,-9.990871,-8.710930,-0.008144
16.921427,NaN,NaN,NaN,NaN,0.037466,-2.504995,1.990282,-0.064991,-1.390094,-2.012734,-9.990868,-8.714844,-0.008278
16.931171,NaN,NaN,NaN,NaN,0.037386,-2.505109,1.990159,-0.065074,-1.390286,-2.012906,-9.990860,-8.718758,-0.008415
16.940290,NaN,NaN,NaN,NaN,0.037276,-2.505285,1.989917,-0.065171,-1.390709,-2.013240,-9.990841,-8.726490,-0.008678
16.955456,NaN,NaN,NaN,NaN,0.037222,-2.505477,1.989796,-0.065218,-1.391085,-2.013402,-9.990826,-8.734215,-0.008808
16.971493,NaN,NaN,NaN,NaN,0.037135,-2.505619,1.989534,-0.065289,-1.391508,-2.013735,-9.990795,-8.741825,-0.009056
16.981796,NaN,NaN,NaN,NaN,0.037069,-2.505696,1.989275,-0.065336,-1.391703,-2.014056,-9.990761,-8.745636,-0.009304
16.991554,NaN,NaN,NaN,NaN,0.037036,-2.505777,1.989132,-0.065359,-1.391886,-2.014216,-9.990746,-8.749447,-0.009418
17.000860,NaN,NaN,NaN,NaN,0.037020,-2.505833,1.988991,-0.065379,-1.392107,-2.014373,-9.990734,-8.753212,-0.009510
17.011082,NaN,NaN,NaN,NaN,0.037005,-2.505893,1.988850,-0.065397,-1.392316,-2.014526,-9.990723,-8.756977,-0.009605
17.021926,NaN,NaN,NaN,NaN,0.036974,-2.505958,1.988709,-0.065432,-1.392513,-2.014677,-9.990696,-8.760746,-0.009701
17.031119,NaN,NaN,NaN,NaN,0.036984,-2.506056,1.988361,-0.065456,-1.392919,-2.014975,-9.990685,-8.768234,-0.009899
17.040405,NaN,NaN,NaN,NaN,0.036993,-2.506089,1.988189,-0.065480,-1.393128,-2.015120,-9.990673,-8.771957,-0.009995
17.052879,NaN,NaN,NaN,NaN,0.037001,-2.506177,1.987819,-0.065502,-1.393716,-2.015411,-9.990662,-8.783066,-0.010204
17.072669,NaN,NaN,NaN,NaN,0.037070,-2.506190,1.987425,-0.065585,-1.393912,-2.015704,-9.990662,-8.786732,-0.010422
17.080271,NaN,NaN,NaN,NaN,0.037101,-2.506208,1.987231,-0.065615,-1.394097,-2.015846,-9.990665,-8.790398,-0.010529
17.092898,NaN,NaN,NaN,NaN,0.037130,-2.506229,1.987024,-0.065644,-1.394271,-2.015995,-9.990669,-8.794064,-0.010639
17.100847,NaN,NaN,NaN,NaN,0.037240,-2.506234,1.986615,-0.065721,-1.394664,-2.016286,-9.990677,-8.801308,-0.010853
17.111747,NaN,NaN,NaN,NaN,0.037292,-2.506253,1.986413,-0.065758,-1.395012,-2.016427,-9.990681,-8.808556,-0.010960
17.132514,NaN,NaN,NaN,NaN,0.037416,-2.506237,1.985800,-0.065836,-1.395600,-2.016877,-9.990696,-8.819305,-0.011234
17.152457,NaN,NaN,NaN,NaN,0.037623,-2.506239,1.985400,-0.065957,-1.395773,-2.017177,-9.990726,-8.822887,-0.011395
17.161093,NaN,NaN,NaN,NaN,0.037712,-2.506234,1.985203,-0.066008,-1.395995,-2.017329,-9.990719,-8.826435,-0.011463
17.171130,NaN,NaN,NaN,NaN,0.037799,-2.506232,1.985006,-0.066059,-1.396205,-2.017479,-9.990715,-8.829990,-0.011532
17.180368,NaN,NaN,NaN,NaN,0.037969,-2.506242,1.984616,-0.066156,-1.396590,-2.017768,-9.990723,-8.837086,-0.011635
17.191592,NaN,NaN,NaN,NaN,0.038051,-2.506252,1.984428,-0.066202,-1.396766,-2.017921,-9.990738,-8.840630,-0.011654
17.200752,NaN,NaN,NaN,NaN,0.038151,-2.506249,1.984242,-0.066263,-1.396990,-2.018072,-9.990749,-8.844147,-0.011677
17.212043,NaN,NaN,NaN,NaN,0.038249,-2.506266,1.983872,-0.066323,-1.397591,-2.018364,-9.990757,-8.854717,-0.011730
17.230956,NaN,NaN,NaN,NaN,0.038540,-2.506255,1.983510,-0.066502,-1.397822,-2.018634,-9.990776,-8.858215,-0.011719
17.239780,NaN,NaN,NaN,NaN,0.038640,-2.506248,1.983330,-0.066564,-1.398042,-2.018766,-9.990780,-8.861710,-0.011711
17.251092,NaN,NaN,NaN,NaN,0.038835,-2.506246,1.983152,-0.066682,-1.398445,-2.018894,-9.990768,-8.868687,-0.011707
17.260273,NaN,NaN,NaN,NaN,0.038951,-2.506218,1.982992,-0.066738,-1.398681,-2.019003,-9.990753,-8.872131,-0.011673
17.270978,NaN,NaN,NaN,NaN,0.039066,-2.506195,1.982675,-0.066792,-1.398904,-2.019214,-9.990738,-8.875576,-0.011608
17.280184,NaN,NaN,NaN,NaN,0.039177,-2.506177,1.982518,-0.066845,-1.399115,-2.019317,-9.990723,-8.879013,-0.011581
17.291054,NaN,NaN,NaN,NaN,0.039287,-2.506163,1.982376,-0.066897,-1.399315,-2.019402,-9.990711,-8.882454,-0.011528
17.300921,NaN,NaN,NaN,NaN,0.039562,-2.506120,1.982092,-0.066985,-1.399542,-2.019566,-9.990658,-8.885864,-0.011467
17.312047,NaN,NaN,NaN,NaN,0.039696,-2.506020,1.981951,-0.067027,-1.400153,-2.019646,-9.990631,-8.896091,-0.011436
17.331904,NaN,NaN,NaN,NaN,0.039988,-2.505971,1.981721,-0.067114,-1.400371,-2.019759,-9.990562,-8.899475,-0.011330
17.341381,NaN,NaN,NaN,NaN,0.040301,-2.505925,1.981605,-0.067201,-1.400577,-2.019814,-9.990482,-8.902859,-0.011280
17.351336,NaN,NaN,NaN,NaN,0.040453,-2.505848,1.981388,-0.067243,-1.400954,-2.019905,-9.990440,-8.909615,-0.011154
17.362525,NaN,NaN,NaN,NaN,0.040616,-2.505792,1.981286,-0.067290,-1.401166,-2.019941,-9.990387,-8.912968,-0.011105
17.371367,NaN,NaN,NaN,NaN,0.040776,-2.505741,1.981183,-0.067336,-1.401365,-2.019975,-9.990334,-8.916313,-0.011055
17.380540,NaN,NaN,NaN,NaN,0.041088,-2.505654,1.981013,-0.067424,-1.401730,-2.020035,-9.990231,-8.922989,-0.010929
17.392947,NaN,NaN,NaN,NaN,0.041260,-2.505602,1.980944,-0.067480,-1.401931,-2.020060,-9.990166,-8.926296,-0.010849
17.402397,NaN,NaN,NaN,NaN,0.041429,-2.505554,1.980876,-0.067535,-1.402120,-2.020084,-9.990101,-8.929604,-0.010777
17.412362,NaN,NaN,NaN,NaN,0.041595,-2.505511,1.980807,-0.067589,-1.402297,-2.020107,-9.990036,-8.932919,-0.010704
17.420972,NaN,NaN,NaN,NaN,0.041759,-2.505430,1.980741,-0.067642,-1.402630,-2.020129,-9.989975,-8.939518,-0.010483
17.431638,NaN,NaN,NaN,NaN,0.042157,-2.505393,1.980708,-0.067786,-1.402786,-2.020138,-9.989807,-8.942799,-0.010376
17.439986,NaN,NaN,NaN,NaN,0.042351,-2.505359,1.980673,-0.067856,-1.402930,-2.020147,-9.989727,-8.946075,-0.010277
17.451352,NaN,NaN,NaN,NaN,0.042541,-2.505306,1.980637,-0.067924,-1.403186,-2.020155,-9.989651,-8.952614,-0.010178
17.460297,NaN,NaN,NaN,NaN,0.042729,-2.505275,1.980622,-0.067991,-1.403310,-2.020145,-9.989574,-8.955853,-0.009914
17.470937,NaN,NaN,NaN,NaN,0.043181,-2.505249,1.980613,-0.068125,-1.403424,-2.020139,-9.989380,-8.959080,-0.009789
17.480956,NaN,NaN,NaN,NaN,0.043401,-2.505227,1.980603,-0.068190,-1.403526,-2.020132,-9.989288,-8.962303,-0.009686
17.491361,NaN,NaN,NaN,NaN,0.043618,-2.505210,1.980624,-0.068255,-1.403619,-2.020116,-9.989208,-8.965527,-0.009552
17.500093,NaN,NaN,NaN,NaN,0.043876,-2.505152,1.980660,-0.068309,-1.403782,-2.020085,-9.989105,-8.971905,-0.009300
17.511904,NaN,NaN,NaN,NaN,0.044380,-2.505111,1.980676,-0.068416,-1.403907,-2.020068,-9.988907,-8.978268,-0.009182
17.531237,NaN,NaN,NaN,NaN,0.044900,-2.505076,1.980738,-0.068507,-1.403962,-2.020014,-9.988693,-8.981426,-0.008900
17.539763,NaN,NaN,NaN,NaN,0.045168,-2.505017,1.980768,-0.068544,-1.404043,-2.019987,-9.988579,-8.987728,-0.008778
17.551306,NaN,NaN,NaN,NaN,0.045694,-2.504994,1.980845,-0.068619,-1.404070,-2.019909,-9.988342,-8.990871,-0.008511
17.560438,NaN,NaN,NaN,NaN,0.045982,-2.504953,1.980892,-0.068637,-1.404097,-2.019858,-9.988209,-8.993977,-0.008369
17.570896,NaN,NaN,NaN,NaN,0.046266,-2.504916,1.980938,-0.068656,-1.404115,-2.019808,-9.988079,-8.997078,-0.008228
17.580745,NaN,NaN,NaN,NaN,0.046822,-2.504885,1.981017,-0.068692,-1.404124,-2.019739,-9.987827,-9.000172,-0.008072
17.591383,NaN,NaN,NaN,NaN,0.047116,-2.504817,1.981170,-0.068717,-1.404136,-2.019580,-9.987698,-9.006313,-0.007744
17.600191,NaN,NaN,NaN,NaN,0.047404,-2.504780,1.981237,-0.068742,-1.404139,-2.019504,-9.987576,-9.009357,-0.007584
17.612491,NaN,NaN,NaN,NaN,0.047689,-2.504748,1.981303,-0.068766,-1.404133,-2.019429,-9.987446,-9.012405,-0.007431
17.620369,NaN,NaN,NaN,NaN,0.047969,-2.504721,1.981506,-0.068790,-1.404119,-2.019229,-9.987320,-9.015450,-0.007065
17.631046,NaN,NaN,NaN,NaN,0.048545,-2.504631,1.981604,-0.068832,-1.404094,-2.019129,-9.987076,-9.021423,-0.006893
17.639666,NaN,NaN,NaN,NaN,0.048827,-2.504593,1.981700,-0.068854,-1.404069,-2.019031,-9.986958,-9.024403,-0.006721
17.651610,NaN,NaN,NaN,NaN,0.049103,-2.504519,1.981838,-0.068876,-1.404009,-2.018903,-9.986843,-9.030300,-0.006538
17.660014,NaN,NaN,NaN,NaN,0.049654,-2.504483,1.982106,-0.068894,-1.403975,-2.018651,-9.986607,-9.033211,-0.006191
17.671511,NaN,NaN,NaN,NaN,0.049922,-2.504452,1.982236,-0.068904,-1.403933,-2.018527,-9.986485,-9.036118,-0.006027
17.679853,NaN,NaN,NaN,NaN,0.050187,-2.504427,1.982406,-0.068914,-1.403883,-2.018378,-9.986370,-9.039021,-0.005840
17.691107,NaN,NaN,NaN,NaN,0.050437,-2.504381,1.982572,-0.068921,-1.403868,-2.018231,-9.986263,-9.041862,-0.005661
17.701140,NaN,NaN,NaN,NaN,0.050924,-2.504306,1.982848,-0.068936,-1.403814,-2.017967,-9.986057,-9.047543,-0.005287
17.711859,NaN,NaN,NaN,NaN,0.051160,-2.504251,1.983006,-0.068943,-1.403728,-2.017824,-9.985958,-9.053215,-0.005123
17.731129,NaN,NaN,NaN,NaN,0.051624,-2.504206,1.983386,-0.068960,-1.403719,-2.017510,-9.985802,-9.056007,-0.004791
17.740181,NaN,NaN,NaN,NaN,0.052072,-2.504130,1.983751,-0.068980,-1.403675,-2.017199,-9.985680,-9.061588,-0.004478
17.750958,NaN,NaN,NaN,NaN,0.052291,-2.504100,1.983971,-0.068990,-1.403641,-2.017042,-9.985622,-9.064377,-0.004337
17.760499,NaN,NaN,NaN,NaN,0.052522,-2.504038,1.984186,-0.068993,-1.403641,-2.016886,-9.985584,-9.067135,-0.004204
17.775159,NaN,NaN,NaN,NaN,0.052748,-2.503929,1.984605,-0.068996,-1.403617,-2.016578,-9.985550,-9.072639,-0.003941
17.800074,NaN,NaN,NaN,NaN,0.053425,-2.503801,1.985094,-0.069008,-1.403585,-2.016282,-9.985455,-9.078106,-0.003685
17.809867,NaN,NaN,NaN,NaN,0.053657,-2.503727,1.985332,-0.069013,-1.403570,-2.016135,-9.985435,-9.080818,-0.003567
17.821197,NaN,NaN,NaN,NaN,0.053886,-2.503659,1.985565,-0.069018,-1.403547,-2.015990,-9.985416,-9.083534,-0.003448
17.830094,NaN,NaN,NaN,NaN,0.054109,-2.503501,1.986088,-0.069023,-1.403517,-2.015724,-9.985397,-9.088924,-0.003227
17.839659,NaN,NaN,NaN,NaN,0.054575,-2.503412,1.986342,-0.069060,-1.403509,-2.015593,-9.985401,-9.091602,-0.003120
17.849419,NaN,NaN,NaN,NaN,0.054801,-2.503328,1.986592,-0.069080,-1.403494,-2.015463,-9.985401,-9.094276,-0.003025
17.860290,NaN,NaN,NaN,NaN,0.055022,-2.503147,1.986875,-0.069100,-1.403468,-2.015342,-9.985401,-9.099579,-0.002934
17.870055,NaN,NaN,NaN,NaN,0.055261,-2.503050,1.987152,-0.069139,-1.403457,-2.015223,-9.985424,-9.102207,-0.002846
17.880314,NaN,NaN,NaN,NaN,0.055725,-2.502871,1.987693,-0.069218,-1.403412,-2.014985,-9.985470,-9.107460,-0.002682
17.899456,NaN,NaN,NaN,NaN,0.056194,-2.502766,1.988277,-0.069313,-1.403379,-2.014796,-9.985523,-9.110050,-0.002495
17.908394,NaN,NaN,NaN,NaN,0.056433,-2.502666,1.988841,-0.069367,-1.403339,-2.014609,-9.985561,-9.112640,-0.002308
17.919983,NaN,NaN,NaN,NaN,0.056897,-2.502482,1.989137,-0.069475,-1.403237,-2.014536,-9.985657,-9.117828,-0.002193
17.929507,NaN,NaN,NaN,NaN,0.057154,-2.502366,1.989428,-0.069539,-1.403187,-2.014463,-9.985714,-9.120377,-0.002083
17.939467,NaN,NaN,NaN,NaN,0.057405,-2.502256,1.989714,-0.069602,-1.403131,-2.014390,-9.985764,-9.122929,-0.001976
17.947466,NaN,NaN,NaN,NaN,0.057650,-2.502052,1.989996,-0.069665,-1.402999,-2.014318,-9.985817,-9.128029,-0.001873
17.959511,NaN,NaN,NaN,NaN,0.058152,-2.501931,1.990592,-0.069792,-1.402931,-2.014194,-9.985916,-9.130535,-0.001640
17.969327,NaN,NaN,NaN,NaN,0.058409,-2.501815,1.990882,-0.069855,-1.402858,-2.014132,-9.985970,-9.133038,-0.001514
17.980740,NaN,NaN,NaN,NaN,0.058660,-2.501500,1.991168,-0.069918,-1.402599,-2.014071,-9.986008,-9.140545,-0.001396
17.999421,NaN,NaN,NaN,NaN,0.059423,-2.501357,1.992067,-0.070106,-1.402516,-2.013901,-9.986118,-9.142990,-0.000999
18.008617,NaN,NaN,NaN,NaN,0.059693,-2.501219,1.992369,-0.070168,-1.402426,-2.013847,-9.986153,-9.145435,-0.000866
18.019847,NaN,NaN,NaN,NaN,0.059957,-2.500960,1.992665,-0.070229,-1.402229,-2.013794,-9.986191,-9.150368,-0.000732
18.029320,NaN,NaN,NaN,NaN,0.060215,-2.500798,1.993269,-0.070291,-1.402127,-2.013673,-9.986225,-9.152790,-0.000439
18.039435,NaN,NaN,NaN,NaN,0.060766,-2.500641,1.993564,-0.070396,-1.402020,-2.013613,-9.986290,-9.155212,-0.000298
18.048991,NaN,NaN,NaN,NaN,0.061033,-2.500489,1.993854,-0.070449,-1.401906,-2.013553,-9.986320,-9.157635,-0.000160
18.059574,NaN,NaN,NaN,NaN,0.061294,-2.500344,1.994147,-0.070502,-1.401787,-2.013476,-9.986351,-9.160057,-0.000004
18.069102,NaN,NaN,NaN,NaN,0.061572,-2.500170,1.994436,-0.070549,-1.401662,-2.013399,-9.986401,-9.162445,0.000145
18.080174,NaN,NaN,NaN,NaN,0.062112,-2.499840,1.994998,-0.070642,-1.401395,-2.013247,-9.986500,-9.167236,0.000431
18.089145,NaN,NaN,NaN,NaN,0.062373,-2.499684,1.995280,-0.070690,-1.401253,-2.013163,-9.986549,-9.169636,0.000587
18.099518,NaN,NaN,NaN,NaN,0.062640,-2.499515,1.995557,-0.070731,-1.401116,-2.013080,-9.986610,-9.172005,0.000740
18.108369,NaN,NaN,NaN,NaN,0.063157,-2.499193,1.995829,-0.070815,-1.400826,-2.012997,-9.986725,-9.176754,0.000889
18.119542,NaN,NaN,NaN,NaN,0.063408,-2.499040,1.996366,-0.070857,-1.400674,-2.012833,-9.986782,-9.179134,0.001179
18.128790,NaN,NaN,NaN,NaN,0.063669,-2.498876,1.996631,-0.070888,-1.400527,-2.012752,-9.986870,-9.181492,0.001324
18.139490,NaN,NaN,NaN,NaN,0.063924,-2.498719,1.996892,-0.070919,-1.400375,-2.012671,-9.986954,-9.183849,0.001465
18.149306,NaN,NaN,NaN,NaN,0.064420,-2.498566,1.997392,-0.070980,-1.400217,-2.012509,-9.987125,-9.186207,0.001755
18.159843,NaN,NaN,NaN,NaN,0.064682,-2.498252,1.997630,-0.070986,-1.399882,-2.012426,-9.987247,-9.190918,0.001904
18.168884,NaN,NaN,NaN,NaN,0.064939,-2.498090,1.997865,-0.070992,-1.399705,-2.012344,-9.987366,-9.193264,0.002045
18.181296,NaN,NaN,NaN,NaN,0.065437,-2.497935,1.998096,-0.071005,-1.399523,-2.012262,-9.987595,-9.195610,0.002182
18.189540,NaN,NaN,NaN,NaN,0.065708,-2.497609,1.998516,-0.070995,-1.399149,-2.012123,-9.987732,-9.200302,0.002472
18.199568,NaN,NaN,NaN,NaN,0.065973,-2.497440,1.998721,-0.070986,-1.398958,-2.012055,-9.987865,-9.202648,0.002613
18.208981,NaN,NaN,NaN,NaN,0.066233,-2.497276,1.998923,-0.070977,-1.398762,-2.011987,-9.987995,-9.204994,0.002743
18.219638,NaN,NaN,NaN,NaN,0.066758,-2.497117,1.999099,-0.070947,-1.398562,-2.011929,-9.988289,-9.207344,0.002892
18.230713,NaN,NaN,NaN,NaN,0.067023,-2.496934,1.999442,-0.070925,-1.398358,-2.011815,-9.988441,-9.209675,0.003174
18.239270,NaN,NaN,NaN,NaN,0.067282,-2.496586,1.999609,-0.070904,-1.397937,-2.011759,-9.988586,-9.214333,0.003307
18.249087,NaN,NaN,NaN,NaN,0.067536,-2.496421,1.999774,-0.070883,-1.397722,-2.011704,-9.988731,-9.216663,0.003441
18.259612,NaN,NaN,NaN,NaN,0.067785,-2.496262,1.999909,-0.070864,-1.397502,-2.011656,-9.988869,-9.219013,0.003590
18.268886,NaN,NaN,NaN,NaN,0.068051,-2.495912,2.000172,-0.070834,-1.397061,-2.011562,-9.989021,-9.223663,0.003887
18.281429,NaN,NaN,NaN,NaN,0.068569,-2.495746,2.000300,-0.070777,-1.396834,-2.011515,-9.989288,-9.225983,0.004032
18.289334,NaN,NaN,NaN,NaN,0.068819,-2.495585,2.000404,-0.070750,-1.396605,-2.011486,-9.989418,-9.228306,0.004196
18.299951,NaN,NaN,NaN,NaN,0.069090,-2.495404,2.000505,-0.070713,-1.396382,-2.011456,-9.989548,-9.230591,0.004356
18.308255,NaN,NaN,NaN,NaN,0.069616,-2.495060,2.000703,-0.070641,-1.395926,-2.011395,-9.989799,-9.235172,0.004665
18.321314,NaN,NaN,NaN,NaN,0.069870,-2.494896,2.000775,-0.070607,-1.395692,-2.011379,-9.989922,-9.237461,0.004833
18.329916,NaN,NaN,NaN,NaN,0.070113,-2.494727,2.000845,-0.070551,-1.395471,-2.011363,-9.990040,-9.239735,0.004997
18.339252,NaN,NaN,NaN,NaN,0.070582,-2.494563,2.000915,-0.070443,-1.395246,-2.011347,-9.990299,-9.242012,0.005154
18.348858,NaN,NaN,NaN,NaN,0.070809,-2.494253,2.000983,-0.070391,-1.394784,-2.011330,-9.990421,-9.246555,0.005306
18.359537,NaN,NaN,NaN,NaN,0.071028,-2.494106,2.001049,-0.070311,-1.394565,-2.011323,-9.990547,-9.248810,0.005623
18.369202,NaN,NaN,NaN,NaN,0.071242,-2.493964,2.001081,-0.070232,-1.394344,-2.011319,-9.990669,-9.251064,0.005772
18.381924,NaN,NaN,NaN,NaN,0.071657,-2.493563,2.001116,-0.070079,-1.393671,-2.011328,-9.990906,-9.257797,0.006073
18.399373,NaN,NaN,NaN,NaN,0.072023,-2.493432,2.001122,-0.069865,-1.393449,-2.011353,-9.991173,-9.260029,0.006371
18.408989,NaN,NaN,NaN,NaN,0.072200,-2.493307,2.001125,-0.069761,-1.393222,-2.011364,-9.991302,-9.262264,0.006512
18.419598,NaN,NaN,NaN,NaN,0.072373,-2.493187,2.001110,-0.069659,-1.392993,-2.011398,-9.991428,-9.264496,0.006664
18.428413,NaN,NaN,NaN,NaN,0.072531,-2.492950,2.001080,-0.069532,-1.392562,-2.011463,-9.991570,-9.268948,0.006954
18.439876,NaN,NaN,NaN,NaN,0.072835,-2.492840,2.001065,-0.069286,-1.392341,-2.011495,-9.991837,-9.271179,0.007095
18.450294,NaN,NaN,NaN,NaN,0.072982,-2.492735,2.001040,-0.069167,-1.392117,-2.011560,-9.991966,-9.273403,0.007248
18.460877,NaN,NaN,NaN,NaN,0.073118,-2.492608,2.001014,-0.069019,-1.391899,-2.011624,-9.992111,-9.275612,0.007397
18.468853,NaN,NaN,NaN,NaN,0.073250,-2.492370,2.000963,-0.068873,-1.391451,-2.011747,-9.992256,-9.280022,0.007683
18.480022,NaN,NaN,NaN,NaN,0.073506,-2.492259,2.000937,-0.068589,-1.391222,-2.011826,-9.992527,-9.282219,0.007828
18.488909,NaN,NaN,NaN,NaN,0.073624,-2.492118,2.000911,-0.068431,-1.390988,-2.011905,-9.992676,-9.284412,0.007969
18.499572,NaN,NaN,NaN,NaN,0.073738,-2.491983,2.000885,-0.068274,-1.390752,-2.011981,-9.992817,-9.286602,0.008102
18.508675,NaN,NaN,NaN,NaN,0.073850,-2.491730,2.000834,-0.068120,-1.390269,-2.012129,-9.992958,-9.290981,0.008358
18.519380,NaN,NaN,NaN,NaN,0.074065,-2.491612,2.000824,-0.067817,-1.390023,-2.012227,-9.993221,-9.293167,0.008488
18.528542,NaN,NaN,NaN,NaN,0.074158,-2.491460,2.000814,-0.067658,-1.389771,-2.012324,-9.993378,-9.295338,0.008614
18.541111,NaN,NaN,NaN,NaN,0.074249,-2.491041,2.000793,-0.067501,-1.388997,-2.012510,-9.993526,-9.301823,0.008854
18.559699,NaN,NaN,NaN,NaN,0.074510,-2.490864,2.000799,-0.067043,-1.388740,-2.012733,-9.993954,-9.303959,0.009071
18.569178,NaN,NaN,NaN,NaN,0.074596,-2.490692,2.000802,-0.066894,-1.388479,-2.012841,-9.994091,-9.306091,0.009167
18.579494,NaN,NaN,NaN,NaN,0.074679,-2.490527,2.000804,-0.066747,-1.388217,-2.012947,-9.994221,-9.308216,0.009258
18.591183,NaN,NaN,NaN,NaN,0.074759,-2.490367,2.000816,-0.066602,-1.387951,-2.013179,-9.994350,-9.310341,0.009445
18.600271,NaN,NaN,NaN,NaN,0.074924,-2.489972,2.000822,-0.066337,-1.387420,-2.013291,-9.994587,-9.314537,0.009533
18.608566,NaN,NaN,NaN,NaN,0.075003,-2.489783,2.000826,-0.066207,-1.387151,-2.013402,-9.994701,-9.316635,0.009621
18.620062,NaN,NaN,NaN,NaN,0.075080,-2.489384,2.000832,-0.066079,-1.386609,-2.013526,-9.994812,-9.320827,0.009705
18.628891,NaN,NaN,NaN,NaN,0.075238,-2.489176,2.000839,-0.065855,-1.386336,-2.013648,-9.995022,-9.322910,0.009789
18.640803,NaN,NaN,NaN,NaN,0.075313,-2.488973,2.000851,-0.065744,-1.386060,-2.013885,-9.995125,-9.324986,0.009945
18.650625,NaN,NaN,NaN,NaN,0.075385,-2.488777,2.000847,-0.065635,-1.385782,-2.014028,-9.995224,-9.327061,0.010021
18.659287,NaN,NaN,NaN,NaN,0.075461,-2.488553,2.000844,-0.065542,-1.385519,-2.014169,-9.995331,-9.329102,0.010090
18.668243,NaN,NaN,NaN,NaN,0.075604,-2.488334,2.000841,-0.065362,-1.385253,-2.014307,-9.995533,-9.331139,0.010159
18.679770,NaN,NaN,NaN,NaN,0.075672,-2.487916,2.000849,-0.065273,-1.384713,-2.014599,-9.995632,-9.335201,0.010288
18.689131,NaN,NaN,NaN,NaN,0.075738,-2.487693,2.000860,-0.065195,-1.384461,-2.014751,-9.995735,-9.337204,0.010338
18.699435,NaN,NaN,NaN,NaN,0.075800,-2.487475,2.000871,-0.065119,-1.384206,-2.014900,-9.995842,-9.339207,0.010387
18.708652,NaN,NaN,NaN,NaN,0.075919,-2.487264,2.000883,-0.064971,-1.383949,-2.015047,-9.996048,-9.341209,0.010437
18.719521,NaN,NaN,NaN,NaN,0.075976,-2.486843,2.000922,-0.064894,-1.383433,-2.015372,-9.996143,-9.345177,0.010513
18.728255,NaN,NaN,NaN,NaN,0.076031,-2.486633,2.000941,-0.064818,-1.383175,-2.015530,-9.996239,-9.347145,0.010548
18.740929,NaN,NaN,NaN,NaN,0.076083,-2.486233,2.000960,-0.064744,-1.382650,-2.015685,-9.996330,-9.351097,0.010582
18.760470,NaN,NaN,NaN,NaN,0.076233,-2.485830,2.001074,-0.064517,-1.382145,-2.016182,-9.996651,-9.355003,0.010738
18.768221,NaN,NaN,NaN,NaN,0.076279,-2.485638,2.001111,-0.064442,-1.381887,-2.016342,-9.996761,-9.356949,0.010788
18.779664,NaN,NaN,NaN,NaN,0.076364,-2.485452,2.001148,-0.064297,-1.381627,-2.016500,-9.996975,-9.358894,0.010834
18.789570,NaN,NaN,NaN,NaN,0.076428,-2.485272,2.001272,-0.064213,-1.381365,-2.016836,-9.997086,-9.360832,0.010963
18.799417,NaN,NaN,NaN,NaN,0.076489,-2.484876,2.001333,-0.064132,-1.380892,-2.017000,-9.997196,-9.364658,0.011024
18.809344,NaN,NaN,NaN,NaN,0.076548,-2.484687,2.001393,-0.064051,-1.380651,-2.017162,-9.997303,-9.366570,0.011086
18.819449,NaN,NaN,NaN,NaN,0.076604,-2.484504,2.001468,-0.063973,-1.380407,-2.017335,-9.997417,-9.368477,0.011177
18.828443,NaN,NaN,NaN,NaN,0.076751,-2.484110,2.001616,-0.063798,-1.379921,-2.017674,-9.997654,-9.372253,0.011356
18.839914,NaN,NaN,NaN,NaN,0.076820,-2.483922,2.001689,-0.063712,-1.379675,-2.017840,-9.997768,-9.374142,0.011436
18.848677,NaN,NaN,NaN,NaN,0.076886,-2.483741,2.001776,-0.063629,-1.379426,-2.018014,-9.997879,-9.376022,0.011559
18.859426,NaN,NaN,NaN,NaN,0.076974,-2.483548,2.001862,-0.063522,-1.379151,-2.018186,-9.997990,-9.377888,0.011673
18.868928,NaN,NaN,NaN,NaN,0.077141,-2.483180,2.001948,-0.063314,-1.378595,-2.018355,-9.998226,-9.381603,0.011784
18.879458,NaN,NaN,NaN,NaN,0.077221,-2.483005,2.002136,-0.063214,-1.378313,-2.018678,-9.998352,-9.383457,0.012024
18.889655,NaN,NaN,NaN,NaN,0.077324,-2.482821,2.002238,-0.063088,-1.378009,-2.018833,-9.998489,-9.385288,0.012154
18.899397,NaN,NaN,NaN,NaN,0.077426,-2.482642,2.002339,-0.062965,-1.377704,-2.018986,-9.998623,-9.387119,0.012283
18.908641,NaN,NaN,NaN,NaN,0.077525,-2.482470,2.002549,-0.062844,-1.377396,-2.019289,-9.998753,-9.388950,0.012547
18.919521,NaN,NaN,NaN,NaN,0.077721,-2.482118,2.002658,-0.062583,-1.376756,-2.019439,-9.999023,-9.392593,0.012680
18.928296,NaN,NaN,NaN,NaN,0.077819,-2.481939,2.002766,-0.062443,-1.376424,-2.019587,-9.999165,-9.394405,0.012791
18.940876,NaN,NaN,NaN,NaN,0.077914,-2.481766,2.002976,-0.062305,-1.376091,-2.019873,-9.999306,-9.396214,0.013000
18.950034,NaN,NaN,NaN,NaN,0.078007,-2.481410,2.003079,-0.062169,-1.375393,-2.020011,-9.999443,-9.399815,0.013107
18.961495,NaN,NaN,NaN,NaN,0.078215,-2.481052,2.003180,-0.061847,-1.374662,-2.020148,-9.999744,-9.403393,0.013210
18.979761,NaN,NaN,NaN,NaN,0.078412,-2.480703,2.003368,-0.061538,-1.373910,-2.020414,-10.000031,-9.406971,0.013432
18.989886,NaN,NaN,NaN,NaN,0.078642,-2.480529,2.003541,-0.061196,-1.373531,-2.020673,-10.000347,-9.408810,0.013641
18.999918,NaN,NaN,NaN,NaN,0.078752,-2.480359,2.003627,-0.061029,-1.373161,-2.020799,-10.000500,-9.410725,0.013744
19.009058,NaN,NaN,NaN,NaN,0.078860,-2.480193,2.003695,-0.060866,-1.372804,-2.020918,-10.000652,-9.412739,0.013859
19.019601,NaN,NaN,NaN,NaN,0.078985,-2.480007,2.003763,-0.060673,-1.372461,-2.021035,-10.000805,-9.414871,0.013973
19.028286,NaN,NaN,NaN,NaN,0.079106,-2.479651,2.003898,-0.060484,-1.371859,-2.021264,-10.000957,-9.419559,0.014191
19.041411,NaN,NaN,NaN,NaN,0.079341,-2.479323,2.003965,-0.060115,-1.371418,-2.021376,-10.001247,-9.424801,0.014297
19.059677,NaN,NaN,NaN,NaN,0.079572,-2.479150,2.004062,-0.059724,-1.371278,-2.021590,-10.001553,-9.427612,0.014534
19.069015,NaN,NaN,NaN,NaN,0.079688,-2.478841,2.004158,-0.059516,-1.371198,-2.021797,-10.001717,-9.433544,0.014755
19.080115,NaN,NaN,NaN,NaN,0.079911,-2.478710,2.004201,-0.059111,-1.371272,-2.021873,-10.002029,-9.436642,0.014893
19.088780,NaN,NaN,NaN,NaN,0.080019,-2.478586,2.004243,-0.058883,-1.371440,-2.021948,-10.002197,-9.439865,0.015026
19.100412,NaN,NaN,NaN,NaN,0.080124,-2.478402,2.004285,-0.058659,-1.372061,-2.022022,-10.002357,-9.446495,0.015156
19.120187,NaN,NaN,NaN,NaN,0.080431,-2.478330,2.004432,-0.057979,-1.373149,-2.022207,-10.002831,-9.453396,0.015572
19.128194,NaN,NaN,NaN,NaN,0.080533,-2.478343,2.004484,-0.057740,-1.373887,-2.022261,-10.002987,-9.456928,0.015709
19.140762,NaN,NaN,NaN,NaN,0.080633,-2.478460,2.004536,-0.057505,-1.375739,-2.022314,-10.003136,-9.464054,0.015846
19.159461,NaN,NaN,NaN,NaN,0.080944,-2.478782,2.004678,-0.056774,-1.378250,-2.022421,-10.003601,-9.471344,0.016285
19.168593,NaN,NaN,NaN,NaN,0.081048,-2.478997,2.004725,-0.056530,-1.379714,-2.022456,-10.003750,-9.474976,0.016411
19.179468,NaN,NaN,NaN,NaN,0.081148,-2.479251,2.004786,-0.056290,-1.381322,-2.022468,-10.003891,-9.478592,0.016548
19.188467,NaN,NaN,NaN,NaN,0.081351,-2.480008,2.004907,-0.055794,-1.385213,-2.022493,-10.004196,-9.485855,0.016815
19.200785,NaN,NaN,NaN,NaN,0.081448,-2.480929,2.004966,-0.055552,-1.389715,-2.022505,-10.004341,-9.493004,0.016941
19.219646,NaN,NaN,NaN,NaN,0.081641,-2.481538,2.005096,-0.055054,-1.392341,-2.022491,-10.004627,-9.496548,0.017204
19.228188,NaN,NaN,NaN,NaN,0.081829,-2.482892,2.005160,-0.054546,-1.398076,-2.022483,-10.004913,-9.503510,0.017330
19.239206,NaN,NaN,NaN,NaN,0.081918,-2.483640,2.005296,-0.054299,-1.401190,-2.022444,-10.005051,-9.506924,0.017567
19.249326,NaN,NaN,NaN,NaN,0.082006,-2.484545,2.005366,-0.054025,-1.404625,-2.022412,-10.005196,-9.510273,0.017677
19.259364,NaN,NaN,NaN,NaN,0.082091,-2.485497,2.005435,-0.053756,-1.408226,-2.022381,-10.005337,-9.513569,0.017788
19.268860,NaN,NaN,NaN,NaN,0.082174,-2.486496,2.005504,-0.053493,-1.411996,-2.022351,-10.005470,-9.516808,0.017895
19.279358,NaN,NaN,NaN,NaN,0.082337,-2.488764,2.005643,-0.052949,-1.420201,-2.022231,-10.005730,-9.523087,0.018105
19.288286,NaN,NaN,NaN,NaN,0.082417,-2.490034,2.005711,-0.052670,-1.424642,-2.022172,-10.005852,-9.526127,0.018192
19.300694,NaN,NaN,NaN,NaN,0.082494,-2.494127,2.005846,-0.052396,-1.439021,-2.022056,-10.005970,-9.534927,0.018356
19.319534,NaN,NaN,NaN,NaN,0.082699,-2.495756,2.005986,-0.051559,-1.444340,-2.021910,-10.006302,-9.537693,0.018513
19.328260,NaN,NaN,NaN,NaN,0.082754,-2.497430,2.006054,-0.051261,-1.449836,-2.021839,-10.006405,-9.540409,0.018589
19.339629,NaN,NaN,NaN,NaN,0.082807,-2.500910,2.006121,-0.050969,-1.461366,-2.021768,-10.006508,-9.545681,0.018661
19.349682,NaN,NaN,NaN,NaN,0.082856,-2.502943,2.006229,-0.050682,-1.467571,-2.021605,-10.006603,-9.548161,0.018791
19.359685,NaN,NaN,NaN,NaN,0.082932,-2.505011,2.006281,-0.050026,-1.473955,-2.021526,-10.006840,-9.550591,0.018856
19.369518,NaN,NaN,NaN,NaN,0.082966,-2.507115,2.006334,-0.049708,-1.480518,-2.021448,-10.006954,-9.552967,0.018917
19.380105,NaN,NaN,NaN,NaN,0.082998,-2.509253,2.006376,-0.049395,-1.487261,-2.021371,-10.007061,-9.555290,0.018955
19.388898,NaN,NaN,NaN,NaN,0.083029,-2.514150,2.006417,-0.049052,-1.501611,-2.021295,-10.007172,-9.559650,0.018990
19.400776,NaN,NaN,NaN,NaN,0.083085,-2.519173,2.006501,-0.048387,-1.516683,-2.021147,-10.007385,-9.563835,0.019058
19.419641,NaN,NaN,NaN,NaN,0.083154,-2.524870,2.006563,-0.047707,-1.532767,-2.021031,-10.007618,-9.567719,0.019085
19.428562,NaN,NaN,NaN,NaN,0.083236,-2.527762,2.006626,-0.047014,-1.541075,-2.020919,-10.007862,-9.569599,0.019108
19.439709,NaN,NaN,NaN,NaN,0.083274,-2.530684,2.006632,-0.046677,-1.549559,-2.020870,-10.007980,-9.571438,0.019085
19.448860,NaN,NaN,NaN,NaN,0.083339,-2.533926,2.006638,-0.046319,-1.558370,-2.020821,-10.008106,-9.573162,0.019066
19.459403,NaN,NaN,NaN,NaN,0.083401,-2.537198,2.006646,-0.045968,-1.567353,-2.020773,-10.008228,-9.574856,0.019043
19.469425,NaN,NaN,NaN,NaN,0.083460,-2.540500,2.006647,-0.045623,-1.576508,-2.020684,-10.008347,-9.576508,0.018974
19.479527,NaN,NaN,NaN,NaN,0.083603,-2.547483,2.006642,-0.044947,-1.595465,-2.020642,-10.008560,-9.579628,0.018929
19.488318,NaN,NaN,NaN,NaN,0.083686,-2.551167,2.006638,-0.044617,-1.605264,-2.020602,-10.008663,-9.581104,0.018883
19.501219,NaN,NaN,NaN,NaN,0.083841,-2.558635,2.006635,-0.043973,-1.625356,-2.020562,-10.008869,-9.583961,0.018837
19.519495,NaN,NaN,NaN,NaN,0.084046,-2.566868,2.006643,-0.043307,-1.646351,-2.020473,-10.009060,-9.586571,0.018600
19.528099,NaN,NaN,NaN,NaN,0.084144,-2.571044,2.006646,-0.042984,-1.657082,-2.020444,-10.009151,-9.587837,0.018513
19.539718,NaN,NaN,NaN,NaN,0.084239,-2.575261,2.006656,-0.042666,-1.667967,-2.020425,-10.009224,-9.589077,0.018402
19.548610,NaN,NaN,NaN,NaN,0.084475,-2.579832,2.006678,-0.041969,-1.679127,-2.020389,-10.009357,-9.590233,0.018181
19.559397,NaN,NaN,NaN,NaN,0.084588,-2.589120,2.006689,-0.041631,-1.701883,-2.020372,-10.009418,-9.592464,0.018078
19.569726,NaN,NaN,NaN,NaN,0.084698,-2.593838,2.006701,-0.041299,-1.713476,-2.020356,-10.009483,-9.593548,0.017975
19.579653,NaN,NaN,NaN,NaN,0.084805,-2.598606,2.006704,-0.040972,-1.725210,-2.020338,-10.009541,-9.594612,0.017849
19.589318,NaN,NaN,NaN,NaN,0.084938,-2.603733,2.006713,-0.040620,-1.737168,-2.020306,-10.009594,-9.595596,0.017601
19.601430,NaN,NaN,NaN,NaN,0.085193,-2.619473,2.006719,-0.039935,-1.773834,-2.020291,-10.009697,-9.598469,0.017483
19.619467,NaN,NaN,NaN,NaN,0.085631,-2.625139,2.006724,-0.038868,-1.786386,-2.020264,-10.009834,-9.599350,0.017193
19.628300,NaN,NaN,NaN,NaN,0.085782,-2.636681,2.006733,-0.038512,-1.811852,-2.020241,-10.009876,-9.601082,0.016914
19.639440,NaN,NaN,NaN,NaN,0.085929,-2.642557,2.006741,-0.038161,-1.824759,-2.020239,-10.009914,-9.601933,0.016739
19.648816,NaN,NaN,NaN,NaN,0.086113,-2.648784,2.006750,-0.037799,-1.837826,-2.020238,-10.009956,-9.602722,0.016567
19.659376,NaN,NaN,NaN,NaN,0.086293,-2.655091,2.006760,-0.037442,-1.851000,-2.020238,-10.010006,-9.603504,0.016403
19.668574,NaN,NaN,NaN,NaN,0.086642,-2.661478,2.006773,-0.036749,-1.864280,-2.020242,-10.010101,-9.604275,0.016048
19.679367,NaN,NaN,NaN,NaN,0.086840,-2.674745,2.006776,-0.036396,-1.891177,-2.020246,-10.010139,-9.605747,0.015862
19.688396,NaN,NaN,NaN,NaN,0.087033,-2.681634,2.006785,-0.036051,-1.904788,-2.020248,-10.010178,-9.606457,0.015682
19.701093,NaN,NaN,NaN,NaN,0.087222,-2.695669,2.006799,-0.035711,-1.932287,-2.020247,-10.010216,-9.607876,0.015518
19.719523,NaN,NaN,NaN,NaN,0.087853,-2.710536,2.006751,-0.034666,-1.960193,-2.020210,-10.010368,-9.609196,0.014912
19.728351,NaN,NaN,NaN,NaN,0.088069,-2.718104,2.006742,-0.034320,-1.974267,-2.020198,-10.010426,-9.609856,0.014713
19.739867,NaN,NaN,NaN,NaN,0.088280,-2.733724,2.006713,-0.033980,-2.002681,-2.020177,-10.010479,-9.611149,0.014484
19.749137,NaN,NaN,NaN,NaN,0.088528,-2.741779,2.006659,-0.033625,-2.017011,-2.020140,-10.010536,-9.611778,0.014038
19.761082,NaN,NaN,NaN,NaN,0.089007,-2.758021,2.006635,-0.032934,-2.045931,-2.020124,-10.010643,-9.613045,0.013824
19.779696,NaN,NaN,NaN,NaN,0.089503,-2.766439,2.006591,-0.032243,-2.060541,-2.020068,-10.010757,-9.613651,0.013321
19.789864,NaN,NaN,NaN,NaN,0.089761,-2.783459,2.006572,-0.031895,-2.089972,-2.020042,-10.010822,-9.614880,0.013077
19.800577,NaN,NaN,NaN,NaN,0.090260,-2.800938,2.006541,-0.031217,-2.119681,-2.019965,-10.010944,-9.616089,0.012569
19.819643,NaN,NaN,NaN,NaN,0.090817,-2.809876,2.006518,-0.030520,-2.134635,-2.019866,-10.011082,-9.616684,0.012043
19.828489,NaN,NaN,NaN,NaN,0.091088,-2.818870,2.006501,-0.030181,-2.149647,-2.019772,-10.011150,-9.617283,0.011536
19.839696,NaN,NaN,NaN,NaN,0.091614,-2.836784,2.006497,-0.029521,-2.179929,-2.019711,-10.011261,-9.618507,0.011261
19.848919,NaN,NaN,NaN,NaN,0.091906,-2.846009,2.006494,-0.029189,-2.195130,-2.019652,-10.011314,-9.619076,0.010990
19.860613,NaN,NaN,NaN,NaN,0.092193,-2.855266,2.006493,-0.028862,-2.210388,-2.019594,-10.011368,-9.619648,0.010727
19.869873,NaN,NaN,NaN,NaN,0.092475,-2.873856,2.006493,-0.028542,-2.241074,-2.019538,-10.011417,-9.620819,0.010464
19.881114,NaN,NaN,NaN,NaN,0.093043,-2.883379,2.006507,-0.027900,-2.256441,-2.019376,-10.011517,-9.621372,0.009907
19.888199,NaN,NaN,NaN,NaN,0.093328,-2.892924,2.006516,-0.027578,-2.271860,-2.019298,-10.011562,-9.621933,0.009636
19.899875,NaN,NaN,NaN,NaN,0.093608,-2.911980,2.006527,-0.027263,-2.302880,-2.019222,-10.011585,-9.623089,0.009369
19.910156,NaN,NaN,NaN,NaN,0.094168,-2.921659,2.006533,-0.026641,-2.318414,-2.019119,-10.011631,-9.623646,0.009068
19.919395,NaN,NaN,NaN,NaN,0.094447,-2.931338,2.006549,-0.026335,-2.333998,-2.018919,-10.011658,-9.624210,0.008480
19.928594,NaN,NaN,NaN,NaN,0.094720,-2.941016,2.006559,-0.026035,-2.349632,-2.018823,-10.011681,-9.624786,0.008198
19.940881,NaN,NaN,NaN,NaN,0.094988,-2.960503,2.006563,-0.025740,-2.380986,-2.018708,-10.011707,-9.625923,0.007870
19.948823,NaN,NaN,NaN,NaN,0.095537,-2.970310,2.006576,-0.025182,-2.396704,-2.018485,-10.011776,-9.626484,0.007233
19.960317,NaN,NaN,NaN,NaN,0.095804,-2.989883,2.006584,-0.024910,-2.428271,-2.018377,-10.011810,-9.627632,0.006924
19.979424,NaN,NaN,NaN,NaN,0.096343,-2.999720,2.006581,-0.024380,-2.444081,-2.018134,-10.011890,-9.628170,0.006226
19.987931,NaN,NaN,NaN,NaN,0.096882,-3.019310,2.006582,-0.023870,-2.475828,-2.018016,-10.011974,-9.629280,0.005886
20.000243,NaN,NaN,NaN,NaN,0.097144,-3.029059,2.006585,-0.023623,-2.491764,-2.017788,-10.012016,-9.629852,0.005180
20.008946,NaN,NaN,NaN,NaN,0.097423,-3.038885,2.006586,-0.023377,-2.507684,-2.017679,-10.012066,-9.630383,0.004814
20.019307,NaN,NaN,NaN,NaN,0.097697,-3.058425,2.006589,-0.023136,-2.539641,-2.017571,-10.012112,-9.631477,0.004456
20.028458,NaN,NaN,NaN,NaN,0.098228,-3.068135,2.006594,-0.022668,-2.555676,-2.017465,-10.012203,-9.632038,0.004105
20.039475,NaN,NaN,NaN,NaN,0.098497,-3.077888,2.006597,-0.022446,-2.571682,-2.017256,-10.012253,-9.632568,0.003376
20.049588,NaN,NaN,NaN,NaN,0.098761,-3.087557,2.006599,-0.022227,-2.587734,-2.017154,-10.012302,-9.633114,0.003021
20.060413,NaN,NaN,NaN,NaN,0.099021,-3.097173,2.006598,-0.022013,-2.603823,-2.017054,-10.012352,-9.633667,0.002670
20.068955,NaN,NaN,NaN,NaN,0.099274,-3.116335,2.006592,-0.021803,-2.636019,-2.016968,-10.012398,-9.634762,0.002296
20.079487,NaN,NaN,NaN,NaN,0.099747,-3.125877,2.006559,-0.021425,-2.652126,-2.016784,-10.012486,-9.635307,0.001541
20.088412,NaN,NaN,NaN,NaN,0.099976,-3.135358,2.006529,-0.021241,-2.668266,-2.016680,-10.012524,-9.635860,0.001144
20.099414,NaN,NaN,NaN,NaN,0.100200,-3.154134,2.006488,-0.021061,-2.700642,-2.016564,-10.012562,-9.636997,0.000729
20.109023,NaN,NaN,NaN,NaN,0.100419,-3.163493,2.006365,-0.020885,-2.716770,-2.016310,-10.012600,-9.637543,-0.000267
20.119325,NaN,NaN,NaN,NaN,0.100832,-3.172783,2.006290,-0.020538,-2.732929,-2.016161,-10.012684,-9.638103,-0.000820
20.128089,NaN,NaN,NaN,NaN,0.101032,-3.182003,2.006204,-0.020370,-2.749118,-2.015997,-10.012726,-9.638668,-0.001423
20.139939,NaN,NaN,NaN,NaN,0.101227,-3.200291,2.006095,-0.020205,-2.781470,-2.015815,-10.012756,-9.639782,-0.002098
20.149630,NaN,NaN,NaN,NaN,0.101416,-3.209357,2.005851,-0.020026,-2.797631,-2.015413,-10.012806,-9.640324,-0.003616
20.161108,NaN,NaN,NaN,NaN,0.101782,-3.227259,2.005716,-0.019679,-2.830034,-2.015196,-10.012901,-9.641441,-0.004471
20.180093,NaN,NaN,NaN,NaN,0.102130,-3.236145,2.005409,-0.019323,-2.846153,-2.014698,-10.013012,-9.641956,-0.006477
20.188923,NaN,NaN,NaN,NaN,0.102297,-3.253646,2.005073,-0.019140,-2.878466,-2.014164,-10.013077,-9.643021,-0.008808
20.199635,NaN,NaN,NaN,NaN,0.102619,-3.262273,2.004874,-0.018786,-2.894658,-2.013857,-10.013199,-9.643566,-0.010162
20.209506,NaN,NaN,NaN,NaN,0.102789,-3.270876,2.004669,-0.018615,-2.910739,-2.013543,-10.013271,-9.644062,-0.011604
20.219923,NaN,NaN,NaN,NaN,0.102954,-3.287831,2.004457,-0.018447,-2.942968,-2.013224,-10.013348,-9.645077,-0.013138
20.228761,NaN,NaN,NaN,NaN,0.103274,-3.296180,2.003989,-0.018124,-2.959115,-2.012555,-10.013485,-9.645603,-0.016571
20.239775,NaN,NaN,NaN,NaN,0.103445,-3.304490,2.003734,-0.017957,-2.975148,-2.012206,-10.013573,-9.646076,-0.018475
20.248520,NaN,NaN,NaN,NaN,0.103611,-3.312713,2.003474,-0.017794,-2.991202,-2.011855,-10.013657,-9.646557,-0.020481
20.260650,NaN,NaN,NaN,NaN,0.103931,-3.328889,2.002922,-0.017479,-3.023359,-2.011143,-10.013809,-9.647552,-0.024895
20.279423,NaN,NaN,NaN,NaN,0.104252,-3.344748,2.002335,-0.017162,-3.055335,-2.010425,-10.013992,-9.648479,-0.029827
20.287851,NaN,NaN,NaN,NaN,0.104407,-3.352545,2.002036,-0.017008,-3.071348,-2.010066,-10.014080,-9.648956,-0.032463
20.300077,NaN,NaN,NaN,NaN,0.104557,-3.360255,2.001727,-0.016859,-3.087377,-2.009694,-10.014164,-9.649445,-0.035294
20.309270,NaN,NaN,NaN,NaN,0.104877,-3.375421,2.001100,-0.016587,-3.119236,-2.008956,-10.014343,-9.650330,-0.041317
20.319340,NaN,NaN,NaN,NaN,0.105031,-3.382871,2.000782,-0.016456,-3.135187,-2.008590,-10.014431,-9.650787,-0.044506
20.328833,NaN,NaN,NaN,NaN,0.105181,-3.390236,2.000460,-0.016328,-3.151144,-2.008229,-10.014519,-9.651257,-0.047909
20.339514,NaN,NaN,NaN,NaN,0.105345,-3.404716,2.000137,-0.016209,-3.182831,-2.007871,-10.014606,-9.652122,-0.051430
20.348968,NaN,NaN,NaN,NaN,0.105505,-3.411823,1.999481,-0.016094,-3.198691,-2.007167,-10.014690,-9.652573,-0.058849
20.361012,NaN,NaN,NaN,NaN,0.105813,-3.425776,1.999152,-0.015871,-3.230437,-2.006818,-10.014847,-9.653500,-0.062752
20.379354,NaN,NaN,NaN,NaN,0.106143,-3.432627,1.998520,-0.015660,-3.246206,-2.006114,-10.015007,-9.653942,-0.071125
20.388215,NaN,NaN,NaN,NaN,0.106493,-3.439392,1.997879,-0.015459,-3.261982,-2.005430,-10.015160,-9.654392,-0.080017
20.399384,NaN,NaN,NaN,NaN,0.106663,-3.452679,1.997563,-0.015363,-3.293541,-2.005079,-10.015232,-9.655327,-0.084763
20.408926,NaN,NaN,NaN,NaN,0.106864,-3.459189,1.997246,-0.015267,-3.309203,-2.004733,-10.015301,-9.655781,-0.089634
20.420137,NaN,NaN,NaN,NaN,0.107062,-3.478212,1.996927,-0.015172,-3.356215,-2.004394,-10.015362,-9.657200,-0.094643
20.439419,NaN,NaN,NaN,NaN,0.107670,-3.484407,1.996006,-0.014904,-3.371759,-2.003384,-10.015518,-9.657658,-0.110687
20.448871,NaN,NaN,NaN,NaN,0.107888,-3.490519,1.995701,-0.014819,-3.387306,-2.003058,-10.015564,-9.658123,-0.116341
20.460051,NaN,NaN,NaN,NaN,0.108101,-3.502509,1.995395,-0.014737,-3.418394,-2.002738,-10.015606,-9.659088,-0.122131
20.479510,NaN,NaN,NaN,NaN,0.108766,-3.514208,1.994564,-0.014508,-3.449192,-2.001787,-10.015705,-9.660027,-0.140640
20.488190,NaN,NaN,NaN,NaN,0.108987,-3.519938,1.994284,-0.014437,-3.464590,-2.001484,-10.015732,-9.660515,-0.147083
20.499335,NaN,NaN,NaN,NaN,0.109204,-3.531182,1.994022,-0.014368,-3.495235,-2.001164,-10.015743,-9.661488,-0.153786
20.508792,NaN,NaN,NaN,NaN,0.109450,-3.536696,1.993492,-0.014299,-3.510482,-2.000547,-10.015747,-9.661976,-0.167599
20.520245,NaN,NaN,NaN,NaN,0.109927,-3.547495,1.993225,-0.014169,-3.540964,-2.000250,-10.015755,-9.662983,-0.174706
20.539604,NaN,NaN,NaN,NaN,0.110399,-3.558099,1.992714,-0.014046,-3.571120,-1.999650,-10.015759,-9.664017,-0.189598
20.549162,NaN,NaN,NaN,NaN,0.110866,-3.563289,1.992456,-0.013931,-3.586191,-1.999362,-10.015751,-9.664551,-0.197250
20.559451,NaN,NaN,NaN,NaN,0.111093,-3.568406,1.991941,-0.013877,-3.601255,-1.998784,-10.015747,-9.665089,-0.213100
20.569377,NaN,NaN,NaN,NaN,0.111309,-3.573498,1.991688,-0.013832,-3.616158,-1.998492,-10.015728,-9.665611,-0.221291
20.579904,NaN,NaN,NaN,NaN,0.111523,-3.578517,1.991434,-0.013790,-3.631054,-1.998206,-10.015709,-9.666145,-0.229618
20.589612,NaN,NaN,NaN,NaN,0.111938,-3.588340,1.991179,-0.013709,-3.660823,-1.997927,-10.015667,-9.667240,-0.238079
20.599654,NaN,NaN,NaN,NaN,0.112123,-3.593184,1.990657,-0.013688,-3.675539,-1.997348,-10.015625,-9.667778,-0.255676
20.609166,NaN,NaN,NaN,NaN,0.112303,-3.597972,1.990394,-0.013668,-3.690240,-1.997069,-10.015587,-9.668327,-0.264675
20.620553,NaN,NaN,NaN,NaN,0.112481,-3.611923,1.989865,-0.013650,-3.734287,-1.996534,-10.015533,-9.670017,-0.283073
20.639672,NaN,NaN,NaN,NaN,0.112975,-3.616464,1.989315,-0.013624,-3.748804,-1.995943,-10.015366,-9.670567,-0.302269
20.648030,NaN,NaN,NaN,NaN,0.113121,-3.620937,1.989041,-0.013633,-3.763310,-1.995656,-10.015305,-9.671124,-0.312061
20.659700,NaN,NaN,NaN,NaN,0.113404,-3.629686,1.988765,-0.013651,-3.792287,-1.995376,-10.015179,-9.672264,-0.321991
20.669906,NaN,NaN,NaN,NaN,0.113526,-3.633997,1.988476,-0.013675,-3.806612,-1.995070,-10.015110,-9.672810,-0.332180
20.679347,NaN,NaN,NaN,NaN,0.113644,-3.638243,1.987896,-0.013699,-3.820925,-1.994480,-10.015041,-9.673363,-0.352951
20.688296,NaN,NaN,NaN,NaN,0.113761,-3.642426,1.987605,-0.013723,-3.835225,-1.994196,-10.014977,-9.673923,-0.363537
20.699411,NaN,NaN,NaN,NaN,0.113876,-3.646548,1.987308,-0.013747,-3.849511,-1.993878,-10.014912,-9.674492,-0.374382
20.708297,NaN,NaN,NaN,NaN,0.113980,-3.650624,1.986721,-0.013773,-3.863652,-1.993255,-10.014835,-9.675026,-0.396473
20.720893,NaN,NaN,NaN,NaN,0.114181,-3.658592,1.986426,-0.013826,-3.891893,-1.992954,-10.014694,-9.676136,-0.407711
20.728947,NaN,NaN,NaN,NaN,0.114279,-3.662485,1.986127,-0.013854,-3.905990,-1.992623,-10.014626,-9.676704,-0.419205
20.739954,NaN,NaN,NaN,NaN,0.114372,-3.670130,1.985827,-0.013863,-3.933892,-1.992299,-10.014542,-9.677773,-0.430828
20.747992,NaN,NaN,NaN,NaN,0.114550,-3.673873,1.985526,-0.013884,-3.947818,-1.991981,-10.014374,-9.678322,-0.442581
20.759433,NaN,NaN,NaN,NaN,0.114636,-3.677559,1.984906,-0.013895,-3.961727,-1.991343,-10.014294,-9.678875,-0.466618
20.769388,NaN,NaN,NaN,NaN,0.114720,-3.681189,1.984586,-0.013895,-3.975509,-1.991023,-10.014206,-9.679390,-0.478893
20.779342,NaN,NaN,NaN,NaN,0.114803,-3.684762,1.984270,-0.013895,-3.989274,-1.990703,-10.014122,-9.679916,-0.491302
20.788592,NaN,NaN,NaN,NaN,0.114883,-3.688281,1.983954,-0.013896,-4.003021,-1.990390,-10.014038,-9.680454,-0.503841
20.800979,NaN,NaN,NaN,NaN,0.115026,-3.695155,1.983278,-0.013887,-4.030362,-1.989701,-10.013855,-9.681503,-0.529556
20.808610,NaN,NaN,NaN,NaN,0.115088,-3.698512,1.982939,-0.013877,-4.043955,-1.989367,-10.013760,-9.682014,-0.542610
20.820461,NaN,NaN,NaN,NaN,0.115148,-3.701831,1.982600,-0.013869,-4.057527,-1.989038,-10.013664,-9.682533,-0.555790
20.828328,NaN,NaN,NaN,NaN,0.115205,-3.708328,1.981884,-0.013860,-4.084508,-1.988331,-10.013573,-9.683556,-0.582787
20.839346,NaN,NaN,NaN,NaN,0.115302,-3.711508,1.981525,-0.013839,-4.097919,-1.987987,-10.013382,-9.684055,-0.596478
20.848627,NaN,NaN,NaN,NaN,0.115347,-3.714636,1.981169,-0.013829,-4.111310,-1.987643,-10.013287,-9.684563,-0.610306
20.859611,NaN,NaN,NaN,NaN,0.115392,-3.717714,1.980783,-0.013819,-4.124680,-1.987284,-10.013195,-9.685078,-0.624382
20.870209,NaN,NaN,NaN,NaN,0.115438,-3.723735,1.980010,-0.013823,-4.151152,-1.986583,-10.013096,-9.686024,-0.652912
20.879960,NaN,NaN,NaN,NaN,0.115523,-3.726671,1.979624,-0.013832,-4.164358,-1.986241,-10.012905,-9.686508,-0.667366
20.888189,NaN,NaN,NaN,NaN,0.115564,-3.729574,1.979238,-0.013837,-4.177540,-1.985904,-10.012814,-9.687004,-0.681950
20.899552,NaN,NaN,NaN,NaN,0.115602,-3.732428,1.978820,-0.013841,-4.190700,-1.985554,-10.012722,-9.687504,-0.696777
20.908608,NaN,NaN,NaN,NaN,0.115632,-3.735253,1.977985,-0.013871,-4.203734,-1.984872,-10.012611,-9.687973,-0.726814
20.920552,NaN,NaN,NaN,NaN,0.115688,-3.743445,1.977570,-0.013927,-4.242707,-1.984533,-10.012413,-9.689430,-0.742023
20.939718,NaN,NaN,NaN,NaN,0.115736,-3.746104,1.976705,-0.013991,-4.255545,-1.983830,-10.012196,-9.689888,-0.773056
20.948615,NaN,NaN,NaN,NaN,0.115756,-3.748717,1.975841,-0.014027,-4.268362,-1.983148,-10.012077,-9.690353,-0.804588
20.961500,NaN,NaN,NaN,NaN,0.115792,-3.756353,1.975402,-0.014097,-4.306571,-1.982791,-10.011845,-9.691753,-0.820660
20.981238,NaN,NaN,NaN,NaN,0.115812,-3.758824,1.974525,-0.014192,-4.319197,-1.982094,-10.011578,-9.692200,-0.853168
20.988947,NaN,NaN,NaN,NaN,0.115821,-3.761252,1.974090,-0.014239,-4.331800,-1.981748,-10.011452,-9.692657,-0.869610
20.999554,NaN,NaN,NaN,NaN,0.115810,-3.765990,1.973188,-0.014336,-4.356858,-1.981014,-10.011169,-9.693542,-0.903095
21.008496,NaN,NaN,NaN,NaN,0.115790,-3.768302,1.972737,-0.014385,-4.369313,-1.980654,-10.011021,-9.693974,-0.920025
21.021145,NaN,NaN,NaN,NaN,0.115770,-3.772815,1.972287,-0.014435,-4.394150,-1.980300,-10.010872,-9.694862,-0.937077
21.039577,NaN,NaN,NaN,NaN,0.115666,-3.777173,1.970937,-0.014574,-4.418748,-1.979150,-10.010342,-9.695675,-0.989346
21.048436,NaN,NaN,NaN,NaN,0.115623,-3.779292,1.970487,-0.014618,-4.431010,-1.978777,-10.010155,-9.696095,-1.007015
21.059502,NaN,NaN,NaN,NaN,0.115580,-3.783392,1.970046,-0.014662,-4.455377,-1.978382,-10.009975,-9.696911,-1.024925
21.069304,NaN,NaN,NaN,NaN,0.115449,-3.785374,1.969165,-0.014762,-4.467483,-1.977609,-10.009537,-9.697308,-1.061092
21.080039,NaN,NaN,NaN,NaN,0.115384,-3.789226,1.968725,-0.014811,-4.491616,-1.977229,-10.009327,-9.698132,-1.079338
21.099784,NaN,NaN,NaN,NaN,0.115239,-3.791085,1.967847,-0.014911,-4.503562,-1.976461,-10.008896,-9.698509,-1.116375
21.108247,NaN,NaN,NaN,NaN,0.115080,-3.794697,1.966969,-0.015010,-4.527378,-1.975711,-10.008457,-9.699299,-1.153786
21.120571,NaN,NaN,NaN,NaN,0.115001,-3.796449,1.966528,-0.015058,-4.539246,-1.975313,-10.008244,-9.699707,-1.172745
21.128922,NaN,NaN,NaN,NaN,0.114903,-3.798123,1.966089,-0.015107,-4.551016,-1.974916,-10.008011,-9.700081,-1.191784
21.139637,NaN,NaN,NaN,NaN,0.114806,-3.799762,1.965650,-0.015156,-4.562759,-1.974523,-10.007786,-9.700462,-1.210899
21.149004,NaN,NaN,NaN,NaN,0.114708,-3.801368,1.964770,-0.015205,-4.574476,-1.973750,-10.007561,-9.700855,-1.249336
21.159605,NaN,NaN,NaN,NaN,0.114514,-3.804482,1.964332,-0.015300,-4.597829,-1.973345,-10.007141,-9.701672,-1.268772
21.169241,NaN,NaN,NaN,NaN,0.114386,-3.805977,1.963894,-0.015336,-4.609398,-1.972945,-10.006924,-9.702049,-1.288265
21.180500,NaN,NaN,NaN,NaN,0.114260,-3.808874,1.963015,-0.015372,-4.632454,-1.972157,-10.006710,-9.702835,-1.327419
21.199506,NaN,NaN,NaN,NaN,0.113865,-3.811617,1.962145,-0.015465,-4.655337,-1.971326,-10.006088,-9.703617,-1.366985
21.208333,NaN,NaN,NaN,NaN,0.113724,-3.812927,1.961710,-0.015487,-4.666705,-1.970915,-10.005882,-9.704002,-1.386833
21.219608,NaN,NaN,NaN,NaN,0.113584,-3.815460,1.961276,-0.015508,-4.689357,-1.970509,-10.005680,-9.704800,-1.406719
21.229427,NaN,NaN,NaN,NaN,0.113444,-3.816667,1.960400,-0.015530,-4.700578,-1.969602,-10.005486,-9.705166,-1.446796
21.239340,NaN,NaN,NaN,NaN,0.113129,-3.817846,1.959962,-0.015545,-4.711773,-1.969155,-10.005089,-9.705547,-1.466885
21.248970,NaN,NaN,NaN,NaN,0.112973,-3.818998,1.959522,-0.015553,-4.722940,-1.968712,-10.004894,-9.705933,-1.487003
21.259369,NaN,NaN,NaN,NaN,0.112818,-3.820123,1.959080,-0.015560,-4.734079,-1.968212,-10.004707,-9.706364,-1.507233
21.268325,NaN,NaN,NaN,NaN,0.112636,-3.822233,1.958198,-0.015566,-4.756155,-1.967218,-10.004520,-9.707161,-1.547768
21.280125,NaN,NaN,NaN,NaN,0.112278,-3.823249,1.957757,-0.015577,-4.767152,-1.966728,-10.004158,-9.707573,-1.568069
21.288250,NaN,NaN,NaN,NaN,0.112101,-3.824240,1.957297,-0.015582,-4.778121,-1.966193,-10.003983,-9.707996,-1.588451
21.299713,NaN,NaN,NaN,NaN,0.111903,-3.825180,1.956838,-0.015581,-4.789025,-1.965663,-10.003811,-9.708378,-1.608849
21.308335,NaN,NaN,NaN,NaN,0.111514,-3.827006,1.955919,-0.015578,-4.810751,-1.964619,-10.003475,-9.709175,-1.649704
21.319345,NaN,NaN,NaN,NaN,0.111322,-3.827883,1.955445,-0.015576,-4.821571,-1.964045,-10.003315,-9.709587,-1.670204
21.328524,NaN,NaN,NaN,NaN,0.111119,-3.828722,1.954971,-0.015567,-4.832342,-1.963477,-10.003166,-9.709953,-1.690716
21.339432,NaN,NaN,NaN,NaN,0.110919,-3.829538,1.954498,-0.015557,-4.843085,-1.962910,-10.003017,-9.710327,-1.711239
21.348874,NaN,NaN,NaN,NaN,0.110525,-3.830331,1.954025,-0.015538,-4.853799,-1.962349,-10.002735,-9.710712,-1.731777
21.359607,NaN,NaN,NaN,NaN,0.110312,-3.831821,1.953072,-0.015522,-4.875111,-1.961079,-10.002609,-9.711449,-1.772972
21.369274,NaN,NaN,NaN,NaN,0.110101,-3.832519,1.952594,-0.015505,-4.885709,-1.960453,-10.002491,-9.711803,-1.793587
21.380901,NaN,NaN,NaN,NaN,0.109893,-3.833206,1.952117,-0.015489,-4.896279,-1.959833,-10.002369,-9.712170,-1.814209
21.389241,NaN,NaN,NaN,NaN,0.109688,-3.833872,1.951126,-0.015472,-4.906820,-1.958443,-10.002254,-9.712543,-1.855537
21.399746,NaN,NaN,NaN,NaN,0.109259,-3.835095,1.950630,-0.015445,-4.927740,-1.957760,-10.002090,-9.713196,-1.876217
21.408231,NaN,NaN,NaN,NaN,0.109049,-3.835677,1.950135,-0.015432,-4.938155,-1.957082,-10.002010,-9.713539,-1.896900
21.423402,NaN,NaN,NaN,NaN,0.108841,-3.837274,1.949640,-0.015419,-4.969187,-1.956411,-10.001934,-9.714592,-1.917595
21.439327,NaN,NaN,NaN,NaN,0.108197,-3.837748,1.948091,-0.015382,-4.979447,-1.954172,-10.001755,-9.714943,-1.979759
21.448824,NaN,NaN,NaN,NaN,0.107982,-3.838213,1.947576,-0.015370,-4.989679,-1.953441,-10.001705,-9.715302,-2.000492
21.460159,NaN,NaN,NaN,NaN,0.107769,-3.838661,1.947021,-0.015357,-4.999881,-1.952644,-10.001656,-9.715672,-2.021244
21.468259,NaN,NaN,NaN,NaN,0.107320,-3.839433,1.945915,-0.015361,-5.020110,-1.951073,-10.001579,-9.716366,-2.062763
21.480506,NaN,NaN,NaN,NaN,0.107099,-3.839794,1.945360,-0.015362,-5.030180,-1.950300,-10.001541,-9.716724,-2.083530
21.489290,NaN,NaN,NaN,NaN,0.106882,-3.840139,1.944762,-0.015362,-5.040220,-1.949470,-10.001507,-9.717094,-2.104317
21.499530,NaN,NaN,NaN,NaN,0.106651,-3.840440,1.944165,-0.015383,-5.050195,-1.948648,-10.001476,-9.717438,-2.125107
21.508235,NaN,NaN,NaN,NaN,0.106423,-3.840726,1.942977,-0.015402,-5.060140,-1.947027,-10.001450,-9.717793,-2.166702
21.519801,NaN,NaN,NaN,NaN,0.105977,-3.841272,1.942336,-0.015438,-5.079943,-1.946167,-10.001404,-9.718525,-2.187515
21.528201,NaN,NaN,NaN,NaN,0.105744,-3.841498,1.941696,-0.015476,-5.089775,-1.945314,-10.001389,-9.718876,-2.208332
21.539348,NaN,NaN,NaN,NaN,0.105513,-3.841709,1.941059,-0.015513,-5.099577,-1.944470,-10.001373,-9.719234,-2.229153
21.548666,NaN,NaN,NaN,NaN,0.105286,-3.841905,1.939738,-0.015550,-5.109350,-1.942756,-10.001354,-9.719601,-2.270817
21.559724,NaN,NaN,NaN,NaN,0.104839,-3.842223,1.939056,-0.015641,-5.128789,-1.941886,-10.001331,-9.720364,-2.291660
21.568319,NaN,NaN,NaN,NaN,0.104620,-3.842345,1.938376,-0.015696,-5.138457,-1.941025,-10.001324,-9.720745,-2.312508
21.580718,NaN,NaN,NaN,NaN,0.104189,-3.842454,1.937699,-0.015801,-5.148093,-1.940172,-10.001328,-9.721138,-2.333359
21.589049,NaN,NaN,NaN,NaN,0.103975,-3.842615,1.936988,-0.015871,-5.167266,-1.939276,-10.001339,-9.721920,-2.354229
21.599711,NaN,NaN,NaN,NaN,0.103765,-3.842659,1.935575,-0.015939,-5.176801,-1.937510,-10.001347,-9.722313,-2.395981
21.608507,NaN,NaN,NaN,NaN,0.103557,-3.842691,1.934873,-0.016005,-5.186305,-1.936640,-10.001358,-9.722710,-2.416866
21.620650,NaN,NaN,NaN,NaN,0.103352,-3.842673,1.934131,-0.016070,-5.205204,-1.935716,-10.001366,-9.723534,-2.437759
21.628628,NaN,NaN,NaN,NaN,0.102949,-3.842625,1.933393,-0.016231,-5.214598,-1.934800,-10.001434,-9.723942,-2.458656
21.639365,NaN,NaN,NaN,NaN,0.102752,-3.842567,1.931927,-0.016310,-5.223963,-1.932998,-10.001472,-9.724358,-2.500462
21.648556,NaN,NaN,NaN,NaN,0.102557,-3.842499,1.931168,-0.016387,-5.233297,-1.932067,-10.001511,-9.724781,-2.521378
21.659858,NaN,NaN,NaN,NaN,0.102376,-3.842393,1.930414,-0.016470,-5.242592,-1.931146,-10.001572,-9.725185,-2.542297
21.669525,NaN,NaN,NaN,NaN,0.102198,-3.842277,1.928916,-0.016550,-5.251857,-1.929331,-10.001629,-9.725594,-2.584148
21.680042,NaN,NaN,NaN,NaN,0.101848,-3.842018,1.928172,-0.016708,-5.270294,-1.928437,-10.001740,-9.726456,-2.605083
21.688544,NaN,NaN,NaN,NaN,0.101677,-3.841876,1.927403,-0.016784,-5.279465,-1.927500,-10.001789,-9.726898,-2.626022
21.699949,NaN,NaN,NaN,NaN,0.101526,-3.841675,1.926638,-0.016859,-5.288605,-1.926572,-10.001862,-9.727318,-2.646965
21.708337,NaN,NaN,NaN,NaN,0.101230,-3.841466,1.925123,-0.017004,-5.297713,-1.924746,-10.001999,-9.727741,-2.688866
21.719483,NaN,NaN,NaN,NaN,0.101086,-3.841024,1.924344,-0.017074,-5.315835,-1.923812,-10.002064,-9.728615,-2.709816
21.728101,NaN,NaN,NaN,NaN,0.100958,-3.840745,1.923571,-0.017146,-5.324838,-1.922889,-10.002136,-9.729034,-2.730774
21.740706,NaN,NaN,NaN,NaN,0.100833,-3.840166,1.922801,-0.017216,-5.342748,-1.921975,-10.002209,-9.729889,-2.751740
21.760429,NaN,NaN,NaN,NaN,0.100470,-3.839517,1.920461,-0.017416,-5.360533,-1.919254,-10.002415,-9.730736,-2.814655
21.769911,NaN,NaN,NaN,NaN,0.100353,-3.839160,1.919681,-0.017477,-5.369379,-1.918360,-10.002483,-9.731148,-2.835640
21.781647,NaN,NaN,NaN,NaN,0.100126,-3.838429,1.918906,-0.017596,-5.386973,-1.917476,-10.002609,-9.731998,-2.856632
21.799633,NaN,NaN,NaN,NaN,0.099894,-3.837617,1.916515,-0.017697,-5.404422,-1.914760,-10.002769,-9.732838,-2.919624
21.809564,NaN,NaN,NaN,NaN,0.099780,-3.837204,1.915727,-0.017745,-5.413099,-1.913875,-10.002842,-9.733269,-2.940636
21.821309,NaN,NaN,NaN,NaN,0.099669,-3.836316,1.914922,-0.017792,-5.430345,-1.912944,-10.002922,-9.734112,-2.961647
21.829512,NaN,NaN,NaN,NaN,0.099420,-3.835842,1.913327,-0.017868,-5.438915,-1.911113,-10.003109,-9.734524,-3.003696
21.840647,NaN,NaN,NaN,NaN,0.099300,-3.835365,1.912537,-0.017904,-5.447453,-1.910213,-10.003201,-9.734943,-3.024731
21.849739,NaN,NaN,NaN,NaN,0.099181,-3.834885,1.911720,-0.017940,-5.455958,-1.909261,-10.003288,-9.735367,-3.045773
21.860396,NaN,NaN,NaN,NaN,0.099066,-3.834337,1.910910,-0.017960,-5.464420,-1.908321,-10.003391,-9.735779,-3.066822
21.868380,NaN,NaN,NaN,NaN,0.098841,-3.833249,1.910104,-0.017998,-5.481253,-1.907392,-10.003578,-9.736622,-3.087879
21.879518,NaN,NaN,NaN,NaN,0.098731,-3.832702,1.908487,-0.018015,-5.489621,-1.905515,-10.003662,-9.737053,-3.130024
21.889645,NaN,NaN,NaN,NaN,0.098625,-3.832095,1.907674,-0.018024,-5.497937,-1.904568,-10.003757,-9.737461,-3.151112
21.900072,NaN,NaN,NaN,NaN,0.098522,-3.831486,1.906868,-0.018032,-5.506222,-1.903632,-10.003849,-9.737877,-3.172203
21.908495,NaN,NaN,NaN,NaN,0.098321,-3.830265,1.905246,-0.018046,-5.522695,-1.901754,-10.004025,-9.738728,-3.214420
21.920219,NaN,NaN,NaN,NaN,0.098217,-3.829605,1.904432,-0.018045,-5.530852,-1.900812,-10.004112,-9.739132,-3.235546
21.928349,NaN,NaN,NaN,NaN,0.098114,-3.828944,1.903623,-0.018042,-5.538977,-1.899881,-10.004196,-9.739540,-3.256680
21.940315,NaN,NaN,NaN,NaN,0.098013,-3.826983,1.902023,-0.018038,-5.563169,-1.898053,-10.004284,-9.740814,-3.298969
21.959430,NaN,NaN,NaN,NaN,0.097717,-3.826259,1.900423,-0.018017,-5.571140,-1.896217,-10.004536,-9.741222,-3.341270
21.968547,NaN,NaN,NaN,NaN,0.097618,-3.825536,1.899631,-0.018004,-5.579079,-1.895316,-10.004620,-9.741638,-3.362434
21.979646,NaN,NaN,NaN,NaN,0.097426,-3.824092,1.898844,-0.017975,-5.594862,-1.894425,-10.004776,-9.742489,-3.383606
21.989632,NaN,NaN,NaN,NaN,0.097335,-3.823316,1.897276,-0.017957,-5.602693,-1.892617,-10.004856,-9.742905,-3.425919
21.999387,NaN,NaN,NaN,NaN,0.097246,-3.822542,1.896500,-0.017938,-5.610492,-1.891729,-10.004932,-9.743328,-3.447090
22.008808,NaN,NaN,NaN,NaN,0.097158,-3.821776,1.895730,-0.017919,-5.618261,-1.890852,-10.005009,-9.743759,-3.468273
22.019668,NaN,NaN,NaN,NaN,0.097073,-3.821012,1.894958,-0.017900,-5.625998,-1.889974,-10.005081,-9.744194,-3.489437
22.028303,NaN,NaN,NaN,NaN,0.096918,-3.819365,1.893433,-0.017840,-5.641374,-1.888251,-10.005230,-9.745056,-3.531792
22.039942,NaN,NaN,NaN,NaN,0.096843,-3.818545,1.892679,-0.017809,-5.649014,-1.887404,-10.005302,-9.745499,-3.552982
22.049087,NaN,NaN,NaN,NaN,0.096771,-3.817727,1.891923,-0.017777,-5.656623,-1.886530,-10.005375,-9.745945,-3.574146
22.059386,NaN,NaN,NaN,NaN,0.096714,-3.816861,1.891172,-0.017745,-5.664202,-1.885667,-10.005463,-9.746384,-3.595325
22.068942,NaN,NaN,NaN,NaN,0.096604,-3.815145,1.890427,-0.017680,-5.679266,-1.884814,-10.005630,-9.747272,-3.616508
22.079637,NaN,NaN,NaN,NaN,0.096552,-3.814296,1.888954,-0.017647,-5.686751,-1.883108,-10.005711,-9.747726,-3.658890
22.089289,NaN,NaN,NaN,NaN,0.096523,-3.813386,1.888226,-0.017613,-5.694199,-1.882256,-10.005791,-9.748173,-3.680080
22.099621,NaN,NaN,NaN,NaN,0.096495,-3.812480,1.887504,-0.017578,-5.701615,-1.881414,-10.005867,-9.748627,-3.701283
22.108360,NaN,NaN,NaN,NaN,0.096468,-3.811579,1.886787,-0.017543,-5.708997,-1.880581,-10.005943,-9.749088,-3.722488
22.119700,NaN,NaN,NaN,NaN,0.096421,-3.809731,1.885332,-0.017482,-5.723650,-1.878900,-10.006073,-9.750000,-3.764851
22.128183,NaN,NaN,NaN,NaN,0.096401,-3.808786,1.884612,-0.017455,-5.730919,-1.878074,-10.006142,-9.750454,-3.786015
22.140566,NaN,NaN,NaN,NaN,0.096364,-3.806916,1.883898,-0.017402,-5.745364,-1.877258,-10.006275,-9.751377,-3.807163
22.160371,NaN,NaN,NaN,NaN,0.096338,-3.804961,1.881757,-0.017367,-5.759642,-1.874791,-10.006443,-9.752293,-3.870365
22.169822,NaN,NaN,NaN,NaN,0.096326,-3.803992,1.881054,-0.017349,-5.766733,-1.873988,-10.006523,-9.752758,-3.891403
22.179720,NaN,NaN,NaN,NaN,0.096316,-3.802006,1.880342,-0.017331,-5.780804,-1.873167,-10.006611,-9.753681,-3.912376
22.190993,NaN,NaN,NaN,NaN,0.096308,-3.800990,1.878935,-0.017326,-5.787784,-1.871554,-10.006718,-9.754147,-3.954273
22.200189,NaN,NaN,NaN,NaN,0.096297,-3.799979,1.878240,-0.017315,-5.794732,-1.870761,-10.006924,-9.754612,-3.975185
22.210214,NaN,NaN,NaN,NaN,0.096293,-3.798975,1.877549,-0.017309,-5.801648,-1.869978,-10.007023,-9.755085,-3.996071
22.219881,NaN,NaN,NaN,NaN,0.096290,-3.797984,1.876851,-0.017303,-5.808535,-1.869191,-10.007118,-9.755547,-4.016861
22.228350,NaN,NaN,NaN,NaN,0.096304,-3.795902,1.875469,-0.017307,-5.822148,-1.867641,-10.007374,-9.756435,-4.058331
22.240871,NaN,NaN,NaN,NaN,0.096313,-3.793848,1.874785,-0.017309,-5.835636,-1.866878,-10.007504,-9.757347,-4.078995
22.259366,NaN,NaN,NaN,NaN,0.096326,-3.792785,1.873390,-0.017323,-5.842300,-1.865355,-10.007774,-9.757778,-4.120090
22.268325,NaN,NaN,NaN,NaN,0.096337,-3.790681,1.872015,-0.017345,-5.855534,-1.863866,-10.008064,-9.758663,-4.161049
22.281352,NaN,NaN,NaN,NaN,0.096344,-3.789641,1.871311,-0.017356,-5.862104,-1.863115,-10.008202,-9.759121,-4.181408
22.289602,NaN,NaN,NaN,NaN,0.096343,-3.788547,1.870612,-0.017376,-5.868616,-1.862373,-10.008358,-9.759556,-4.201729
22.299400,NaN,NaN,NaN,NaN,0.096343,-3.787461,1.869918,-0.017395,-5.875098,-1.861639,-10.008514,-9.759998,-4.222012
22.309291,NaN,NaN,NaN,NaN,0.096346,-3.785315,1.868538,-0.017433,-5.887969,-1.860181,-10.008816,-9.760899,-4.262379
22.320036,NaN,NaN,NaN,NaN,0.096342,-3.784189,1.867851,-0.017457,-5.894320,-1.859457,-10.008987,-9.761318,-4.282455
22.328049,NaN,NaN,NaN,NaN,0.096339,-3.783073,1.867169,-0.017481,-5.900639,-1.858740,-10.009155,-9.761749,-4.302479
22.340984,NaN,NaN,NaN,NaN,0.096336,-3.781966,1.865807,-0.017505,-5.906929,-1.857332,-10.009315,-9.762188,-4.342270
22.348613,NaN,NaN,NaN,NaN,0.096335,-3.780869,1.865126,-0.017529,-5.913188,-1.856641,-10.009472,-9.762634,-4.362038
22.359830,NaN,NaN,NaN,NaN,0.096351,-3.778596,1.864451,-0.017613,-5.925545,-1.855956,-10.009781,-9.763477,-4.381763
22.368664,NaN,NaN,NaN,NaN,0.096360,-3.777475,1.863779,-0.017655,-5.931680,-1.855278,-10.009930,-9.763905,-4.401440
22.379774,NaN,NaN,NaN,NaN,0.096369,-3.775214,1.863095,-0.017696,-5.943816,-1.854618,-10.010075,-9.764748,-4.420994
22.388385,NaN,NaN,NaN,NaN,0.096377,-3.774075,1.861741,-0.017762,-5.949817,-1.853315,-10.010231,-9.765160,-4.459965
22.400153,NaN,NaN,NaN,NaN,0.096394,-3.772946,1.861070,-0.017891,-5.955790,-1.852672,-10.010536,-9.765575,-4.479378
22.409499,NaN,NaN,NaN,NaN,0.096403,-3.771828,1.860403,-0.017955,-5.961734,-1.852043,-10.010681,-9.765999,-4.498665
22.419384,NaN,NaN,NaN,NaN,0.096401,-3.770677,1.859740,-0.018042,-5.967598,-1.851420,-10.010845,-9.766399,-4.517895
22.428303,NaN,NaN,NaN,NaN,0.096398,-3.769542,1.858427,-0.018213,-5.973438,-1.850191,-10.011166,-9.766808,-4.556183
22.439852,NaN,NaN,NaN,NaN,0.096398,-3.767305,1.857760,-0.018296,-5.985032,-1.849579,-10.011322,-9.767639,-4.575142
22.449140,NaN,NaN,NaN,NaN,0.096387,-3.766155,1.857097,-0.018407,-5.990744,-1.848972,-10.011497,-9.768032,-4.594044
22.459466,NaN,NaN,NaN,NaN,0.096377,-3.765017,1.856438,-0.018516,-5.996429,-1.848372,-10.011669,-9.768414,-4.612896
22.468263,NaN,NaN,NaN,NaN,0.096359,-3.762775,1.855133,-0.018729,-6.007715,-1.847186,-10.012012,-9.769192,-4.650459
22.480215,NaN,NaN,NaN,NaN,0.096351,-3.761672,1.854477,-0.018833,-6.013316,-1.846607,-10.012180,-9.769592,-4.669075
22.488260,NaN,NaN,NaN,NaN,0.096331,-3.760537,1.853825,-0.018968,-6.018836,-1.846034,-10.012367,-9.769966,-4.687645
22.500496,NaN,NaN,NaN,NaN,0.096311,-3.757222,1.852532,-0.019103,-6.035242,-1.844902,-10.012550,-9.771164,-4.724628
22.519395,NaN,NaN,NaN,NaN,0.096247,-3.756108,1.851204,-0.019523,-6.040619,-1.843800,-10.013092,-9.771572,-4.761196
22.528626,NaN,NaN,NaN,NaN,0.096222,-3.755007,1.850546,-0.019679,-6.045969,-1.843256,-10.013279,-9.771984,-4.779392
22.539616,NaN,NaN,NaN,NaN,0.096198,-3.752843,1.849893,-0.019833,-6.056589,-1.842716,-10.013451,-9.772831,-4.797527
22.549352,NaN,NaN,NaN,NaN,0.096174,-3.751731,1.848547,-0.019985,-6.061844,-1.841658,-10.013618,-9.773251,-4.833412
22.559494,NaN,NaN,NaN,NaN,0.096119,-3.750632,1.847881,-0.020337,-6.067073,-1.841135,-10.013992,-9.773678,-4.851276
22.569156,NaN,NaN,NaN,NaN,0.096093,-3.749550,1.847220,-0.020510,-6.072279,-1.840617,-10.014172,-9.774109,-4.869091
22.580040,NaN,NaN,NaN,NaN,0.096068,-3.748481,1.846531,-0.020680,-6.077459,-1.840113,-10.014347,-9.774544,-4.886772
22.590150,NaN,NaN,NaN,NaN,0.096031,-3.746269,1.845848,-0.021064,-6.087711,-1.839612,-10.014729,-9.775406,-4.904404
22.601081,NaN,NaN,NaN,NaN,0.096013,-3.744111,1.844495,-0.021252,-6.097859,-1.838623,-10.014915,-9.776295,-4.939529
22.619633,NaN,NaN,NaN,NaN,0.095971,-3.742992,1.843105,-0.021647,-6.102891,-1.837647,-10.015297,-9.776733,-4.974285
22.627966,NaN,NaN,NaN,NaN,0.095923,-3.740800,1.842417,-0.022056,-6.112884,-1.837164,-10.015678,-9.777634,-4.991581
22.639902,NaN,NaN,NaN,NaN,0.095900,-3.739727,1.841039,-0.022256,-6.117843,-1.836217,-10.015862,-9.778095,-5.025917
22.649227,NaN,NaN,NaN,NaN,0.095853,-3.738615,1.840349,-0.022476,-6.122769,-1.835752,-10.016052,-9.778545,-5.042965
22.659239,NaN,NaN,NaN,NaN,0.095762,-3.737518,1.839663,-0.022907,-6.127670,-1.835291,-10.016441,-9.778999,-5.059963
22.668926,NaN,NaN,NaN,NaN,0.095718,-3.736434,1.838983,-0.023117,-6.132545,-1.834833,-10.016628,-9.779457,-5.076920
22.679587,NaN,NaN,NaN,NaN,0.095632,-3.734269,1.837643,-0.023342,-6.142202,-1.833949,-10.016811,-9.780361,-5.110546
22.688120,NaN,NaN,NaN,NaN,0.095548,-3.733190,1.836980,-0.023564,-6.146985,-1.833512,-10.016987,-9.780807,-5.127293
22.700602,NaN,NaN,NaN,NaN,0.095465,-3.732124,1.836323,-0.023782,-6.151742,-1.833078,-10.017159,-9.781258,-5.143990
22.709403,NaN,NaN,NaN,NaN,0.095383,-3.730008,1.835036,-0.023998,-6.161178,-1.832239,-10.017326,-9.782143,-5.177082
22.719531,NaN,NaN,NaN,NaN,0.095149,-3.728954,1.834399,-0.024442,-6.165854,-1.831822,-10.017670,-9.782578,-5.193550
22.727937,NaN,NaN,NaN,NaN,0.095035,-3.727914,1.833768,-0.024659,-6.170505,-1.831408,-10.017834,-9.783016,-5.209961
22.739451,NaN,NaN,NaN,NaN,0.094922,-3.725875,1.833140,-0.024874,-6.179732,-1.830996,-10.017994,-9.783909,-5.226318
22.749118,NaN,NaN,NaN,NaN,0.094811,-3.724846,1.831896,-0.025086,-6.184299,-1.830203,-10.018150,-9.784355,-5.258686
22.759296,NaN,NaN,NaN,NaN,0.094528,-3.723831,1.831281,-0.025516,-6.188842,-1.829810,-10.018456,-9.784805,-5.274799
22.769916,NaN,NaN,NaN,NaN,0.094389,-3.722830,1.830671,-0.025727,-6.193359,-1.829418,-10.018604,-9.785259,-5.290871
22.779951,NaN,NaN,NaN,NaN,0.094252,-3.721846,1.830059,-0.025935,-6.197855,-1.829031,-10.018745,-9.785721,-5.306820
22.788283,NaN,NaN,NaN,NaN,0.093883,-3.719871,1.828850,-0.026344,-6.206774,-1.828262,-10.019012,-9.786621,-5.338604
22.800986,NaN,NaN,NaN,NaN,0.093702,-3.717950,1.828253,-0.026544,-6.215595,-1.827880,-10.019142,-9.787540,-5.354431
22.819449,NaN,NaN,NaN,NaN,0.093322,-3.716014,1.827127,-0.026949,-6.224297,-1.827131,-10.019390,-9.788448,-5.385788
22.828217,NaN,NaN,NaN,NaN,0.092926,-3.715066,1.826018,-0.027354,-6.228613,-1.826390,-10.019619,-9.788910,-5.416950
22.839374,NaN,NaN,NaN,NaN,0.092732,-3.714133,1.825495,-0.027552,-6.232905,-1.826016,-10.019730,-9.789375,-5.432384
22.848683,NaN,NaN,NaN,NaN,0.092528,-3.713178,1.824976,-0.027756,-6.237189,-1.825643,-10.019829,-9.789829,-5.447773
22.859405,NaN,NaN,NaN,NaN,0.092327,-3.712238,1.824460,-0.027957,-6.241449,-1.825271,-10.019920,-9.790287,-5.463120
22.869120,NaN,NaN,NaN,NaN,0.091933,-3.711312,1.823947,-0.028348,-6.245686,-1.824901,-10.020100,-9.790749,-5.478432
22.879667,NaN,NaN,NaN,NaN,0.091732,-3.709451,1.822990,-0.028556,-6.254099,-1.824169,-10.020176,-9.791714,-5.508781
22.888404,NaN,NaN,NaN,NaN,0.091534,-3.708516,1.822515,-0.028762,-6.258276,-1.823806,-10.020248,-9.792194,-5.523903
22.901096,NaN,NaN,NaN,NaN,0.091338,-3.706689,1.822043,-0.028964,-6.266560,-1.823444,-10.020321,-9.793171,-5.538982
22.919402,NaN,NaN,NaN,NaN,0.090721,-3.704816,1.820701,-0.029611,-6.274773,-1.822353,-10.020523,-9.794151,-5.583729
22.928057,NaN,NaN,NaN,NaN,0.090514,-3.703901,1.820258,-0.029830,-6.278845,-1.821991,-10.020588,-9.794647,-5.598553
22.939418,NaN,NaN,NaN,NaN,0.090308,-3.703001,1.819838,-0.030045,-6.282893,-1.821626,-10.020649,-9.795147,-5.613247
22.949359,NaN,NaN,NaN,NaN,0.089879,-3.701154,1.819004,-0.030529,-6.290930,-1.820898,-10.020782,-9.796146,-5.642494
22.959761,NaN,NaN,NaN,NaN,0.089668,-3.700253,1.818590,-0.030765,-6.294914,-1.820535,-10.020847,-9.796650,-5.657055
22.974347,NaN,NaN,NaN,NaN,0.089459,-3.699366,1.818185,-0.030998,-6.298876,-1.820174,-10.020908,-9.797157,-5.671505
22.984022,NaN,NaN,NaN,NaN,0.089235,-3.698462,1.817782,-0.031252,-6.302815,-1.819813,-10.020981,-9.797653,-5.685925
22.993438,NaN,NaN,NaN,NaN,0.088796,-3.696703,1.817381,-0.031748,-6.310632,-1.819454,-10.021114,-9.798645,-5.700314
23.005968,NaN,NaN,NaN,NaN,0.088369,-3.695002,1.816584,-0.032228,-6.318357,-1.818737,-10.021244,-9.799644,-5.728981
23.024289,NaN,NaN,NaN,NaN,0.087932,-3.694142,1.815801,-0.032733,-6.322197,-1.818033,-10.021393,-9.800121,-5.757347
23.033345,NaN,NaN,NaN,NaN,0.087718,-3.692467,1.815023,-0.032979,-6.329810,-1.817330,-10.021465,-9.801090,-5.785549
23.044590,NaN,NaN,NaN,NaN,0.087507,-3.691652,1.814631,-0.033221,-6.333583,-1.816996,-10.021538,-9.801579,-5.799503
23.054256,NaN,NaN,NaN,NaN,0.087297,-3.690816,1.814241,-0.033491,-6.337347,-1.816661,-10.021614,-9.802025,-5.813416
23.064368,NaN,NaN,NaN,NaN,0.087088,-3.689193,1.813466,-0.033757,-6.344813,-1.815994,-10.021687,-9.802925,-5.841145
23.084330,NaN,NaN,NaN,NaN,0.086477,-3.687590,1.812675,-0.034569,-6.352192,-1.815376,-10.021851,-9.803799,-5.868599
23.092472,NaN,NaN,NaN,NaN,0.086278,-3.686791,1.812282,-0.034856,-6.355850,-1.815065,-10.021900,-9.804222,-5.882278
23.105089,NaN,NaN,NaN,NaN,0.085887,-3.684441,1.811502,-0.035416,-6.366686,-1.814480,-10.021988,-9.805492,-5.909454
23.123761,NaN,NaN,NaN,NaN,0.085499,-3.683658,1.810725,-0.036037,-6.370251,-1.813930,-10.022045,-9.805901,-5.936405
23.133508,NaN,NaN,NaN,NaN,0.085308,-3.682891,1.810339,-0.036340,-6.373798,-1.813654,-10.022072,-9.806313,-5.949825
23.143862,NaN,NaN,NaN,NaN,0.085119,-3.682140,1.809952,-0.036639,-6.377323,-1.813418,-10.022083,-9.806728,-5.963112
23.153188,NaN,NaN,NaN,NaN,0.084743,-3.680577,1.809182,-0.037300,-6.384273,-1.812941,-10.022099,-9.807472,-5.989578
23.164808,NaN,NaN,NaN,NaN,0.084558,-3.679077,1.808799,-0.037623,-6.391139,-1.812701,-10.022102,-9.808235,-6.002766
23.183896,NaN,NaN,NaN,NaN,0.084181,-3.678294,1.808050,-0.038297,-6.394538,-1.812270,-10.022121,-9.808556,-6.028870
23.192454,NaN,NaN,NaN,NaN,0.083798,-3.677527,1.807305,-0.038995,-6.397917,-1.811833,-10.022148,-9.808880,-6.054871
23.203941,NaN,NaN,NaN,NaN,0.083609,-3.676043,1.806941,-0.039336,-6.404619,-1.811639,-10.022160,-9.809551,-6.067749
23.213393,NaN,NaN,NaN,NaN,0.083400,-3.675279,1.806578,-0.039716,-6.407942,-1.811444,-10.022179,-9.809841,-6.080597
23.223581,NaN,NaN,NaN,NaN,0.083193,-3.674531,1.806216,-0.040091,-6.411244,-1.811247,-10.022198,-9.810135,-6.093414
23.232860,NaN,NaN,NaN,NaN,0.082786,-3.673084,1.805504,-0.040823,-6.417788,-1.810864,-10.022240,-9.810757,-6.118855
23.243939,NaN,NaN,NaN,NaN,0.082556,-3.672328,1.805153,-0.041217,-6.421036,-1.810678,-10.022270,-9.811028,-6.131481
23.253628,NaN,NaN,NaN,NaN,0.082328,-3.671589,1.804803,-0.041606,-6.424264,-1.810492,-10.022297,-9.811306,-6.144070
23.264429,NaN,NaN,NaN,NaN,0.082102,-3.669467,1.804105,-0.041988,-6.433834,-1.810114,-10.022343,-9.812187,-6.169174
23.284017,NaN,NaN,NaN,NaN,0.081419,-3.668743,1.803446,-0.043125,-6.437006,-1.809776,-10.022488,-9.812420,-6.193989
23.293060,NaN,NaN,NaN,NaN,0.081182,-3.668034,1.803117,-0.043509,-6.440159,-1.809604,-10.022541,-9.812660,-6.206364
23.304080,NaN,NaN,NaN,NaN,0.080714,-3.666665,1.802789,-0.044259,-6.446405,-1.809429,-10.022644,-9.813183,-6.218708
23.312946,NaN,NaN,NaN,NaN,0.080471,-3.665953,1.802158,-0.044640,-6.449515,-1.809124,-10.022694,-9.813385,-6.243134
23.323670,NaN,NaN,NaN,NaN,0.080229,-3.665257,1.801843,-0.045016,-6.452606,-1.808968,-10.022739,-9.813599,-6.255299
23.333091,NaN,NaN,NaN,NaN,0.079991,-3.664578,1.801528,-0.045386,-6.455677,-1.808809,-10.022785,-9.813820,-6.267433
23.344152,NaN,NaN,NaN,NaN,0.079754,-3.663916,1.801210,-0.045751,-6.458730,-1.808686,-10.022831,-9.814049,-6.279457
23.356137,NaN,NaN,NaN,NaN,0.079290,-3.662536,1.800573,-0.046475,-6.464789,-1.808433,-10.022945,-9.814400,-6.303406
23.365325,NaN,NaN,NaN,NaN,0.079061,-3.661222,1.800255,-0.046829,-6.470771,-1.808302,-10.022999,-9.814796,-6.315342
23.384338,NaN,NaN,NaN,NaN,0.078615,-3.659905,1.799650,-0.047528,-6.476652,-1.808110,-10.023113,-9.815102,-6.339031
23.393357,NaN,NaN,NaN,NaN,0.078184,-3.659272,1.799045,-0.048215,-6.479564,-1.807908,-10.023232,-9.815273,-6.362648
23.404073,NaN,NaN,NaN,NaN,0.077970,-3.658654,1.798755,-0.048550,-6.482456,-1.807832,-10.023285,-9.815453,-6.374367
23.413717,NaN,NaN,NaN,NaN,0.077778,-3.658031,1.798464,-0.048885,-6.485319,-1.807753,-10.023342,-9.815582,-6.386063
23.424061,NaN,NaN,NaN,NaN,0.077588,-3.656834,1.798174,-0.049215,-6.490987,-1.807671,-10.023396,-9.815895,-6.397736
23.433039,NaN,NaN,NaN,NaN,0.077212,-3.656260,1.797612,-0.049858,-6.493794,-1.807543,-10.023487,-9.816071,-6.420948
23.443948,NaN,NaN,NaN,NaN,0.077052,-3.655679,1.797341,-0.050168,-6.496568,-1.807496,-10.023529,-9.816196,-6.432484
23.453439,NaN,NaN,NaN,NaN,0.076893,-3.655114,1.797069,-0.050473,-6.499323,-1.807445,-10.023567,-9.816338,-6.443989
23.464988,NaN,NaN,NaN,NaN,0.076580,-3.654035,1.796531,-0.051066,-6.504781,-1.807389,-10.023643,-9.816650,-6.466896
23.485434,NaN,NaN,NaN,NaN,0.076329,-3.652432,1.796000,-0.051624,-6.512788,-1.807370,-10.023701,-9.817078,-6.489677
23.506985,NaN,NaN,NaN,NaN,0.075990,-3.651930,1.795219,-0.052425,-6.515422,-1.807410,-10.023781,-9.817242,-6.523586
23.513331,NaN,NaN,NaN,NaN,0.075900,-3.651406,1.794961,-0.052682,-6.518036,-1.807430,-10.023808,-9.817371,-6.534824
23.523687,NaN,NaN,NaN,NaN,0.075809,-3.650407,1.794702,-0.052934,-6.523211,-1.807445,-10.023830,-9.817673,-6.546032
23.533394,NaN,NaN,NaN,NaN,0.075720,-3.649933,1.794443,-0.053181,-6.525773,-1.807456,-10.023853,-9.817837,-6.557213
23.544063,NaN,NaN,NaN,NaN,0.075631,-3.649474,1.794202,-0.053424,-6.528318,-1.807516,-10.023876,-9.818020,-6.568287
23.552667,NaN,NaN,NaN,NaN,0.075505,-3.648564,1.793717,-0.053909,-6.533359,-1.807619,-10.023888,-9.818310,-6.590343
23.565105,NaN,NaN,NaN,NaN,0.075443,-3.647717,1.793473,-0.054144,-6.538333,-1.807663,-10.023888,-9.818642,-6.601337
23.584158,NaN,NaN,NaN,NaN,0.075348,-3.646848,1.793048,-0.054620,-6.543275,-1.807868,-10.023880,-9.818920,-6.623108
23.592421,NaN,NaN,NaN,NaN,0.075280,-3.646438,1.792621,-0.055096,-6.545721,-1.808049,-10.023857,-9.819080,-6.644810
23.604770,NaN,NaN,NaN,NaN,0.075246,-3.645626,1.792439,-0.055327,-6.550576,-1.808203,-10.023846,-9.819378,-6.655540
23.623725,NaN,NaN,NaN,NaN,0.075236,-3.644840,1.792070,-0.055824,-6.555385,-1.808489,-10.023796,-9.819672,-6.676937
23.632906,NaN,NaN,NaN,NaN,0.075226,-3.644470,1.791734,-0.056302,-6.557764,-1.808836,-10.023739,-9.819836,-6.698147
23.643849,NaN,NaN,NaN,NaN,0.075240,-3.644067,1.791582,-0.056553,-6.560124,-1.809042,-10.023708,-9.819954,-6.708668
23.653018,NaN,NaN,NaN,NaN,0.075254,-3.643680,1.791429,-0.056799,-6.562468,-1.809240,-10.023678,-9.820087,-6.719162
23.664776,NaN,NaN,NaN,NaN,0.075278,-3.642953,1.791164,-0.057275,-6.567108,-1.809691,-10.023621,-9.820377,-6.740005
23.683905,NaN,NaN,NaN,NaN,0.075306,-3.642173,1.790939,-0.057783,-6.571681,-1.810189,-10.023582,-9.820633,-6.760696
23.693666,NaN,NaN,NaN,NaN,0.075319,-3.641808,1.790823,-0.058029,-6.573947,-1.810426,-10.023563,-9.820778,-6.771019
23.703931,NaN,NaN,NaN,NaN,0.075331,-3.641067,1.790739,-0.058271,-6.578438,-1.810727,-10.023544,-9.821045,-6.781239
23.713234,NaN,NaN,NaN,NaN,0.075385,-3.640692,1.790564,-0.058779,-6.580663,-1.811303,-10.023491,-9.821194,-6.801632
23.724655,NaN,NaN,NaN,NaN,0.075410,-3.639990,1.790472,-0.059026,-6.585067,-1.811577,-10.023468,-9.821522,-6.811794
23.744955,NaN,NaN,NaN,NaN,0.075510,-3.639616,1.790330,-0.059775,-6.587263,-1.812228,-10.023418,-9.821636,-6.831898
23.753943,NaN,NaN,NaN,NaN,0.075546,-3.638917,1.790175,-0.060022,-6.591613,-1.812841,-10.023407,-9.821911,-6.851917
23.765409,NaN,NaN,NaN,NaN,0.075582,-3.638240,1.790115,-0.060263,-6.595936,-1.813195,-10.023396,-9.822155,-6.861835
23.783999,NaN,NaN,NaN,NaN,0.075674,-3.637904,1.789987,-0.060775,-6.598089,-1.813873,-10.023350,-9.822262,-6.881641
23.793809,NaN,NaN,NaN,NaN,0.075762,-3.637282,1.789847,-0.061266,-6.602352,-1.814514,-10.023308,-9.822517,-6.901394
23.804150,NaN,NaN,NaN,NaN,0.075805,-3.636994,1.789802,-0.061504,-6.604461,-1.814875,-10.023285,-9.822662,-6.911171
23.814557,NaN,NaN,NaN,NaN,0.075872,-3.636677,1.789753,-0.061760,-6.606574,-1.815227,-10.023254,-9.822742,-6.920933
23.824687,NaN,NaN,NaN,NaN,0.075938,-3.636377,1.789648,-0.062011,-6.608673,-1.815901,-10.023220,-9.822834,-6.940392
23.833519,NaN,NaN,NaN,NaN,0.076068,-3.635825,1.789602,-0.062498,-6.612830,-1.816289,-10.023155,-9.823059,-6.950012
23.843886,NaN,NaN,NaN,NaN,0.076158,-3.635538,1.789553,-0.062739,-6.614904,-1.816667,-10.023113,-9.823109,-6.959610
23.852630,NaN,NaN,NaN,NaN,0.076246,-3.635266,1.789502,-0.062975,-6.616963,-1.817035,-10.023075,-9.823177,-6.969196
23.864074,NaN,NaN,NaN,NaN,0.076419,-3.634770,1.789448,-0.063434,-6.621037,-1.817393,-10.023003,-9.823349,-6.978767
23.873049,NaN,NaN,NaN,NaN,0.076540,-3.634509,1.789339,-0.063648,-6.623067,-1.818230,-10.022957,-9.823391,-6.997738
23.883792,NaN,NaN,NaN,NaN,0.076658,-3.634264,1.789281,-0.063857,-6.625083,-1.818632,-10.022911,-9.823448,-7.007202
23.892675,NaN,NaN,NaN,NaN,0.076774,-3.634035,1.789219,-0.064062,-6.627084,-1.819023,-10.022869,-9.823521,-7.016655
23.904891,NaN,NaN,NaN,NaN,0.076889,-3.633820,1.789164,-0.064262,-6.629074,-1.819468,-10.022823,-9.823601,-7.026031
23.913047,NaN,NaN,NaN,NaN,0.077186,-3.633346,1.789045,-0.064631,-6.633054,-1.820324,-10.022705,-9.823700,-7.044731
23.925457,NaN,NaN,NaN,NaN,0.077331,-3.633133,1.788981,-0.064809,-6.635024,-1.820735,-10.022633,-9.823772,-7.054050
23.933486,NaN,NaN,NaN,NaN,0.077475,-3.632935,1.788904,-0.064984,-6.636978,-1.821192,-10.022564,-9.823856,-7.063282
23.943709,NaN,NaN,NaN,NaN,0.077647,-3.632694,1.788824,-0.065143,-6.638939,-1.821638,-10.022495,-9.823902,-7.072487
23.953377,NaN,NaN,NaN,NaN,0.077983,-3.632469,1.788658,-0.065450,-6.640885,-1.822495,-10.022358,-9.823963,-7.090847
23.964076,NaN,NaN,NaN,NaN,0.078147,-3.632065,1.788561,-0.065598,-6.644736,-1.822973,-10.022289,-9.824127,-7.099945
23.974769,NaN,NaN,NaN,NaN,0.078335,-3.631829,1.788461,-0.065745,-6.646656,-1.823440,-10.022213,-9.824192,-7.109032
23.983746,NaN,NaN,NaN,NaN,0.078520,-3.631608,1.788359,-0.065889,-6.648561,-1.823894,-10.022125,-9.824276,-7.118111
23.992898,NaN,NaN,NaN,NaN,0.078881,-3.631216,1.788127,-0.066165,-6.652330,-1.824831,-10.021961,-9.824478,-7.136166
24.005138,NaN,NaN,NaN,NaN,0.079090,-3.630789,1.787996,-0.066300,-6.656072,-1.825313,-10.021870,-9.824654,-7.145138
24.024746,NaN,NaN,NaN,NaN,0.079495,-3.630426,1.787575,-0.066562,-6.659758,-1.826735,-10.021694,-9.824863,-7.171886
24.043712,NaN,NaN,NaN,NaN,0.080143,-3.630059,1.787263,-0.066945,-6.663416,-1.827686,-10.021435,-9.825047,-7.189514
24.053128,NaN,NaN,NaN,NaN,0.080363,-3.629900,1.787106,-0.067068,-6.665225,-1.828143,-10.021347,-9.825157,-7.198296
24.063962,NaN,NaN,NaN,NaN,0.080793,-3.629628,1.786949,-0.067305,-6.668801,-1.828589,-10.021179,-9.825413,-7.207062
24.072509,NaN,NaN,NaN,NaN,0.081033,-3.629482,1.786606,-0.067422,-6.670582,-1.829535,-10.021099,-9.825512,-7.224411
24.083865,NaN,NaN,NaN,NaN,0.081270,-3.629352,1.786433,-0.067536,-6.672349,-1.829991,-10.021019,-9.825626,-7.233067
24.093662,NaN,NaN,NaN,NaN,0.081502,-3.629238,1.786260,-0.067647,-6.674103,-1.830434,-10.020943,-9.825748,-7.241718
24.103896,NaN,NaN,NaN,NaN,0.081731,-3.629021,1.786067,-0.067755,-6.677590,-1.830908,-10.020847,-9.826000,-7.250290
24.112823,NaN,NaN,NaN,NaN,0.082227,-3.628918,1.785680,-0.067943,-6.679322,-1.831820,-10.020641,-9.826130,-7.267391
24.124295,NaN,NaN,NaN,NaN,0.082469,-3.628757,1.785486,-0.068033,-6.682746,-1.832258,-10.020542,-9.826416,-7.275913
24.143995,NaN,NaN,NaN,NaN,0.082945,-3.628582,1.785087,-0.068189,-6.686152,-1.833175,-10.020344,-9.826706,-7.292793
24.164106,NaN,NaN,NaN,NaN,0.083639,-3.628465,1.784473,-0.068384,-6.689506,-1.834481,-10.020039,-9.827038,-7.317944
24.176554,NaN,NaN,NaN,NaN,0.083873,-3.628338,1.784261,-0.068423,-6.692835,-1.834907,-10.019943,-9.827343,-7.326279
24.186619,NaN,NaN,NaN,NaN,0.084103,-3.628296,1.783836,-0.068460,-6.694481,-1.835724,-10.019848,-9.827511,-7.342911
24.204988,NaN,NaN,NaN,NaN,0.084775,-3.628215,1.783416,-0.068545,-6.697741,-1.836548,-10.019569,-9.827839,-7.359413
24.213501,NaN,NaN,NaN,NaN,0.084993,-3.628175,1.783205,-0.068560,-6.699355,-1.836944,-10.019482,-9.828007,-7.367645
24.225671,NaN,NaN,NaN,NaN,0.085419,-3.628096,1.782781,-0.068585,-6.704120,-1.837720,-10.019295,-9.828541,-7.384018
24.244601,NaN,NaN,NaN,NaN,0.085843,-3.628065,1.782351,-0.068572,-6.705683,-1.838471,-10.019108,-9.828720,-7.400276
24.253420,NaN,NaN,NaN,NaN,0.086051,-3.628049,1.782136,-0.068562,-6.707236,-1.838831,-10.019020,-9.828911,-7.408386
24.264130,NaN,NaN,NaN,NaN,0.086255,-3.627997,1.781936,-0.068551,-6.710297,-1.839195,-10.018929,-9.829269,-7.416454
24.273888,NaN,NaN,NaN,NaN,0.086460,-3.627963,1.781534,-0.068529,-6.711804,-1.839890,-10.018837,-9.829449,-7.432568
24.283913,NaN,NaN,NaN,NaN,0.086860,-3.627944,1.781333,-0.068482,-6.713301,-1.840221,-10.018642,-9.829639,-7.440605
24.293253,NaN,NaN,NaN,NaN,0.087054,-3.627939,1.781153,-0.068456,-6.714785,-1.840557,-10.018551,-9.829838,-7.448597
24.307526,NaN,NaN,NaN,NaN,0.087261,-3.627853,1.780791,-0.068414,-6.719178,-1.841197,-10.018459,-9.830387,-7.464531
24.325456,NaN,NaN,NaN,NaN,0.087860,-3.627870,1.780427,-0.068281,-6.722049,-1.841796,-10.018200,-9.830803,-7.480400
24.343654,NaN,NaN,NaN,NaN,0.088260,-3.627847,1.780057,-0.068184,-6.723475,-1.842413,-10.018040,-9.831001,-7.496101
24.353749,NaN,NaN,NaN,NaN,0.088662,-3.627845,1.779683,-0.068081,-6.726294,-1.842991,-10.017899,-9.831429,-7.511730
24.363883,NaN,NaN,NaN,NaN,0.088858,-3.627867,1.779485,-0.068028,-6.727686,-1.843290,-10.017830,-9.831657,-7.519497
24.373976,NaN,NaN,NaN,NaN,0.089057,-3.627851,1.779287,-0.067971,-6.729077,-1.843580,-10.017780,-9.831886,-7.527252
24.384656,NaN,NaN,NaN,NaN,0.089253,-3.627890,1.778889,-0.067913,-6.733182,-1.844129,-10.017727,-9.832687,-7.542732
24.405404,NaN,NaN,NaN,NaN,0.089820,-3.627909,1.778454,-0.067727,-6.735895,-1.844707,-10.017597,-9.833256,-7.558109
24.425032,NaN,NaN,NaN,NaN,0.090353,-3.628007,1.777795,-0.067521,-6.739885,-1.845526,-10.017490,-9.834164,-7.581036
24.443690,NaN,NaN,NaN,NaN,0.090697,-3.628044,1.777350,-0.067381,-6.741195,-1.846056,-10.017429,-9.834480,-7.596188
24.453411,NaN,NaN,NaN,NaN,0.090866,-3.628096,1.777128,-0.067309,-6.742494,-1.846307,-10.017399,-9.834808,-7.603741
24.463865,NaN,NaN,NaN,NaN,0.091031,-3.628220,1.776908,-0.067236,-6.745069,-1.846585,-10.017368,-9.835464,-7.611248
24.472979,NaN,NaN,NaN,NaN,0.091378,-3.628294,1.776469,-0.067130,-6.746345,-1.847114,-10.017303,-9.835796,-7.626225
24.485467,NaN,NaN,NaN,NaN,0.091546,-3.628483,1.776249,-0.067075,-6.748863,-1.847364,-10.017273,-9.836475,-7.633698
24.503892,NaN,NaN,NaN,NaN,0.091876,-3.628664,1.775803,-0.066979,-6.751351,-1.847917,-10.017216,-9.837166,-7.648514
24.512506,NaN,NaN,NaN,NaN,0.092198,-3.628776,1.775359,-0.066896,-6.752579,-1.848433,-10.017155,-9.837521,-7.663269
24.523616,NaN,NaN,NaN,NaN,0.092354,-3.628900,1.775122,-0.066852,-6.753795,-1.848704,-10.017124,-9.837879,-7.670586
24.533031,NaN,NaN,NaN,NaN,0.092503,-3.628996,1.774886,-0.066821,-6.755020,-1.848966,-10.017097,-9.838238,-7.677879
24.544285,NaN,NaN,NaN,NaN,0.092649,-3.629107,1.774651,-0.066788,-6.756232,-1.849218,-10.017075,-9.838600,-7.685150
24.554287,NaN,NaN,NaN,NaN,0.092932,-3.629230,1.774175,-0.066721,-6.757434,-1.849719,-10.017025,-9.838966,-7.699585
24.564263,NaN,NaN,NaN,NaN,0.093082,-3.629464,1.773935,-0.066691,-6.759815,-1.849968,-10.016998,-9.839775,-7.706757
24.575097,NaN,NaN,NaN,NaN,0.093228,-3.629576,1.773696,-0.066659,-6.760993,-1.850207,-10.016972,-9.840191,-7.713917
24.585431,NaN,NaN,NaN,NaN,0.093372,-3.629991,1.773222,-0.066626,-6.764465,-1.850661,-10.016956,-9.841446,-7.728199
24.603743,NaN,NaN,NaN,NaN,0.093798,-3.630123,1.772705,-0.066529,-6.765624,-1.851133,-10.016899,-9.841873,-7.742344
24.613711,NaN,NaN,NaN,NaN,0.093943,-3.630269,1.772448,-0.066500,-6.766773,-1.851357,-10.016876,-9.842300,-7.749393
24.623946,NaN,NaN,NaN,NaN,0.094224,-3.630599,1.772193,-0.066439,-6.769037,-1.851572,-10.016838,-9.843204,-7.756432
24.633229,NaN,NaN,NaN,NaN,0.094375,-3.630760,1.771647,-0.066424,-6.770184,-1.852032,-10.016811,-9.843647,-7.770382
24.644079,NaN,NaN,NaN,NaN,0.094522,-3.630934,1.771377,-0.066409,-6.771319,-1.852250,-10.016785,-9.844093,-7.777325
24.653017,NaN,NaN,NaN,NaN,0.094666,-3.631120,1.771108,-0.066393,-6.772443,-1.852458,-10.016762,-9.844540,-7.784256
24.664391,NaN,NaN,NaN,NaN,0.094962,-3.631317,1.770816,-0.066381,-6.773557,-1.852673,-10.016720,-9.844990,-7.791149
24.673375,NaN,NaN,NaN,NaN,0.095114,-3.631710,1.770239,-0.066384,-6.775813,-1.853077,-10.016705,-9.845856,-7.804901
24.685794,NaN,NaN,NaN,NaN,0.095263,-3.632151,1.769953,-0.066386,-6.778027,-1.853267,-10.016689,-9.846729,-7.811764
24.703735,NaN,NaN,NaN,NaN,0.095719,-3.632565,1.769326,-0.066422,-6.780256,-1.853640,-10.016682,-9.847569,-7.825375
24.712415,NaN,NaN,NaN,NaN,0.095869,-3.632789,1.768710,-0.066438,-6.781354,-1.853983,-10.016689,-9.847988,-7.838932
24.724780,NaN,NaN,NaN,NaN,0.096017,-3.633025,1.768357,-0.066452,-6.782441,-1.854154,-10.016693,-9.848415,-7.845657
24.733357,NaN,NaN,NaN,NaN,0.096167,-3.633229,1.768006,-0.066473,-6.783528,-1.854317,-10.016716,-9.848808,-7.852360
24.743673,NaN,NaN,NaN,NaN,0.096314,-3.633445,1.767659,-0.066492,-6.784607,-1.854474,-10.016735,-9.849220,-7.859047
24.752869,NaN,NaN,NaN,NaN,0.096599,-3.633672,1.766909,-0.066526,-6.785675,-1.854769,-10.016769,-9.849636,-7.872322
24.764199,NaN,NaN,NaN,NaN,0.096746,-3.634128,1.766505,-0.066535,-6.787796,-1.854908,-10.016800,-9.850418,-7.878918
24.772512,NaN,NaN,NaN,NaN,0.096890,-3.634356,1.766106,-0.066544,-6.788849,-1.855041,-10.016827,-9.850784,-7.885502
24.785000,NaN,NaN,NaN,NaN,0.097170,-3.634846,1.765257,-0.066557,-6.790925,-1.855298,-10.016884,-9.851528,-7.898602
24.794858,NaN,NaN,NaN,NaN,0.097317,-3.635056,1.764808,-0.066563,-6.791968,-1.855422,-10.016926,-9.851837,-7.905117
24.803787,NaN,NaN,NaN,NaN,0.097461,-3.635277,1.764363,-0.066568,-6.793001,-1.855540,-10.016964,-9.852150,-7.911625
24.812452,NaN,NaN,NaN,NaN,0.097603,-3.635510,1.763923,-0.066572,-6.794024,-1.855651,-10.017006,-9.852467,-7.918118
24.823991,NaN,NaN,NaN,NaN,0.097884,-3.635754,1.763434,-0.066575,-6.795036,-1.855762,-10.017094,-9.852787,-7.924564
24.834080,NaN,NaN,NaN,NaN,0.098025,-3.636182,1.762471,-0.066575,-6.797082,-1.855965,-10.017136,-9.853325,-7.937420
24.844454,NaN,NaN,NaN,NaN,0.098163,-3.636413,1.761997,-0.066574,-6.798089,-1.856056,-10.017181,-9.853600,-7.943821
24.854278,NaN,NaN,NaN,NaN,0.098298,-3.636655,1.761527,-0.066572,-6.799086,-1.856142,-10.017223,-9.853878,-7.950211
24.863911,NaN,NaN,NaN,NaN,0.098431,-3.636907,1.761019,-0.066570,-6.800072,-1.856235,-10.017265,-9.854156,-7.956551
24.872632,NaN,NaN,NaN,NaN,0.098682,-3.637121,1.760019,-0.066589,-6.801062,-1.856402,-10.017357,-9.854385,-7.969204
24.884955,NaN,NaN,NaN,NaN,0.098804,-3.637829,1.759527,-0.066597,-6.803970,-1.856477,-10.017399,-9.855106,-7.975517
24.903800,NaN,NaN,NaN,NaN,0.099039,-3.638270,1.758483,-0.066614,-6.805875,-1.856635,-10.017483,-9.855522,-7.988068
24.912519,NaN,NaN,NaN,NaN,0.099261,-3.638507,1.757460,-0.066631,-6.806813,-1.856767,-10.017559,-9.855736,-8.000565
24.924496,NaN,NaN,NaN,NaN,0.099368,-3.638755,1.756935,-0.066639,-6.807741,-1.856838,-10.017597,-9.855953,-8.006771
24.934246,NaN,NaN,NaN,NaN,0.099485,-3.638978,1.756416,-0.066649,-6.808672,-1.856904,-10.017616,-9.856136,-8.012962
24.944069,NaN,NaN,NaN,NaN,0.099600,-3.639212,1.755902,-0.066657,-6.809595,-1.856963,-10.017635,-9.856323,-8.019135
24.953740,NaN,NaN,NaN,NaN,0.099821,-3.639456,1.754887,-0.066672,-6.810507,-1.857085,-10.017673,-9.856518,-8.031391
24.964087,NaN,NaN,NaN,NaN,0.099934,-3.639942,1.754385,-0.066685,-6.812318,-1.857147,-10.017677,-9.856892,-8.037487
24.973785,NaN,NaN,NaN,NaN,0.100046,-3.640184,1.753890,-0.066697,-6.813216,-1.857204,-10.017681,-9.857071,-8.043571
24.986023,NaN,NaN,NaN,NaN,0.100262,-3.640700,1.752905,-0.066718,-6.814982,-1.857323,-10.017685,-9.857452,-8.055676
25.003711,NaN,NaN,NaN,NaN,0.100486,-3.641205,1.751932,-0.066732,-6.816740,-1.857442,-10.017681,-9.857780,-8.067703
25.013381,NaN,NaN,NaN,NaN,0.100594,-3.641473,1.751452,-0.066738,-6.817604,-1.857492,-10.017677,-9.857956,-8.073700
25.024506,NaN,NaN,NaN,NaN,0.100700,-3.642014,1.750970,-0.066744,-6.819317,-1.857559,-10.017673,-9.858292,-8.079632
25.033373,NaN,NaN,NaN,NaN,0.100932,-3.642287,1.750020,-0.066736,-6.820165,-1.857676,-10.017632,-9.858456,-8.091461
25.044371,NaN,NaN,NaN,NaN,0.101044,-3.642865,1.749552,-0.066731,-6.821832,-1.857725,-10.017612,-9.858814,-8.097351
25.064064,NaN,NaN,NaN,NaN,0.101275,-3.643136,1.748608,-0.066685,-6.822654,-1.857853,-10.017536,-9.858959,-8.109013
25.072531,NaN,NaN,NaN,NaN,0.101510,-3.643708,1.747683,-0.066605,-6.824272,-1.857957,-10.017433,-9.859280,-8.120640
25.087272,NaN,NaN,NaN,NaN,0.101623,-3.644303,1.747216,-0.066565,-6.825855,-1.858020,-10.017384,-9.859581,-8.126411
25.103673,NaN,NaN,NaN,NaN,0.101877,-3.644918,1.746298,-0.066423,-6.827403,-1.858128,-10.017235,-9.859871,-8.137924
25.113087,NaN,NaN,NaN,NaN,0.102121,-3.645241,1.745399,-0.066283,-6.828164,-1.858211,-10.017082,-9.860027,-8.149410
25.123898,NaN,NaN,NaN,NaN,0.102239,-3.645573,1.744949,-0.066214,-6.828917,-1.858259,-10.017006,-9.860191,-8.155090
25.132895,NaN,NaN,NaN,NaN,0.102351,-3.645883,1.744503,-0.066107,-6.829662,-1.858300,-10.016903,-9.860325,-8.160759
25.144619,NaN,NaN,NaN,NaN,0.102460,-3.646875,1.743626,-0.066002,-6.831850,-1.858364,-10.016804,-9.860760,-8.172047
25.164127,NaN,NaN,NaN,NaN,0.102768,-3.647200,1.742770,-0.065660,-6.832550,-1.858447,-10.016510,-9.860878,-8.183205
25.172227,NaN,NaN,NaN,NaN,0.102861,-3.647535,1.742349,-0.065525,-6.833242,-1.858479,-10.016407,-9.861008,-8.188770
25.184141,NaN,NaN,NaN,NaN,0.103040,-3.648232,1.741932,-0.065261,-6.834603,-1.858506,-10.016193,-9.861290,-8.194324
25.193123,NaN,NaN,NaN,NaN,0.103139,-3.648581,1.741133,-0.065108,-6.835281,-1.858593,-10.016079,-9.861404,-8.205330
25.203685,NaN,NaN,NaN,NaN,0.103235,-3.648938,1.740740,-0.064955,-6.835951,-1.858627,-10.015972,-9.861530,-8.210819
25.212452,NaN,NaN,NaN,NaN,0.103329,-3.649305,1.740351,-0.064805,-6.836614,-1.858655,-10.015869,-9.861664,-8.216301
25.223646,NaN,NaN,NaN,NaN,0.103421,-3.649681,1.739977,-0.064656,-6.837268,-1.858696,-10.015766,-9.861797,-8.221718
25.232881,NaN,NaN,NaN,NaN,0.103639,-3.650049,1.739241,-0.064373,-6.837927,-1.858759,-10.015541,-9.861904,-8.232521
25.244468,NaN,NaN,NaN,NaN,0.103745,-3.651207,1.738879,-0.064233,-6.839858,-1.858781,-10.015430,-9.862274,-8.237900
25.263829,NaN,NaN,NaN,NaN,0.103961,-3.651602,1.738198,-0.063952,-6.840505,-1.858836,-10.015213,-9.862373,-8.248543
25.272528,NaN,NaN,NaN,NaN,0.104072,-3.652417,1.737532,-0.063812,-6.841777,-1.858869,-10.015106,-9.862617,-8.259159
25.284021,NaN,NaN,NaN,NaN,0.104287,-3.652837,1.737226,-0.063535,-6.842402,-1.858882,-10.014896,-9.862755,-8.264408
25.294680,NaN,NaN,NaN,NaN,0.104396,-3.653251,1.736923,-0.063397,-6.843036,-1.858888,-10.014793,-9.862865,-8.269650
25.303688,NaN,NaN,NaN,NaN,0.104504,-3.654101,1.736623,-0.063260,-6.844284,-1.858890,-10.014690,-9.863110,-8.274883
25.312400,NaN,NaN,NaN,NaN,0.104714,-3.654539,1.736326,-0.062987,-6.844898,-1.858886,-10.014500,-9.863247,-8.280106
25.323995,NaN,NaN,NaN,NaN,0.104813,-3.654971,1.735728,-0.062851,-6.845512,-1.858868,-10.014420,-9.863354,-8.290413
25.332868,NaN,NaN,NaN,NaN,0.104909,-3.655411,1.735434,-0.062715,-6.846119,-1.858851,-10.014339,-9.863468,-8.295547
25.344765,NaN,NaN,NaN,NaN,0.105004,-3.655859,1.735143,-0.062580,-6.846720,-1.858829,-10.014263,-9.863571,-8.300674
25.354735,NaN,NaN,NaN,NaN,0.105098,-3.656767,1.734573,-0.062447,-6.847908,-1.858784,-10.014187,-9.863777,-8.310776
25.364100,NaN,NaN,NaN,NaN,0.105243,-3.657225,1.734292,-0.062164,-6.848496,-1.858754,-10.014015,-9.863876,-8.315815
25.374792,NaN,NaN,NaN,NaN,0.105313,-3.657691,1.734014,-0.062024,-6.849077,-1.858719,-10.013935,-9.863987,-8.320850
25.384109,NaN,NaN,NaN,NaN,0.105449,-3.658164,1.733739,-0.061746,-6.849652,-1.858678,-10.013779,-9.864101,-8.325874
25.393916,NaN,NaN,NaN,NaN,0.105514,-3.659133,1.733199,-0.061619,-6.850797,-1.858594,-10.013702,-9.864326,-8.335793
25.404064,NaN,NaN,NaN,NaN,0.105578,-3.659630,1.732933,-0.061494,-6.851367,-1.858545,-10.013626,-9.864433,-8.340740
25.413781,NaN,NaN,NaN,NaN,0.105640,-3.660133,1.732671,-0.061369,-6.851931,-1.858491,-10.013554,-9.864548,-8.345680
25.423979,NaN,NaN,NaN,NaN,0.105701,-3.660644,1.732412,-0.061244,-6.852489,-1.858449,-10.013489,-9.864670,-8.350544
25.432522,NaN,NaN,NaN,NaN,0.105767,-3.661173,1.731903,-0.061125,-6.853044,-1.858350,-10.013428,-9.864769,-8.360245
25.444431,NaN,NaN,NaN,NaN,0.105897,-3.662247,1.731653,-0.060889,-6.854135,-1.858294,-10.013309,-9.864998,-8.365078
25.455499,NaN,NaN,NaN,NaN,0.105961,-3.662793,1.731410,-0.060773,-6.854671,-1.858246,-10.013252,-9.865124,-8.369843
25.463725,NaN,NaN,NaN,NaN,0.106031,-3.663346,1.731170,-0.060666,-6.855196,-1.858194,-10.013195,-9.865215,-8.374599
25.472206,NaN,NaN,NaN,NaN,0.106101,-3.663904,1.730933,-0.060560,-6.855714,-1.858137,-10.013138,-9.865318,-8.379353
25.486214,NaN,NaN,NaN,NaN,0.106237,-3.665036,1.730472,-0.060351,-6.856733,-1.858020,-10.013050,-9.865547,-8.388805
25.493767,NaN,NaN,NaN,NaN,0.106316,-3.665596,1.730247,-0.060250,-6.857213,-1.857960,-10.013008,-9.865639,-8.393501
25.503615,NaN,NaN,NaN,NaN,0.106394,-3.666162,1.730025,-0.060150,-6.857688,-1.857896,-10.012962,-9.865746,-8.398197
25.511908,NaN,NaN,NaN,NaN,0.106546,-3.667310,1.729805,-0.059952,-6.858625,-1.857828,-10.012882,-9.865974,-8.402885
25.524038,NaN,NaN,NaN,NaN,0.106641,-3.667876,1.729374,-0.059852,-6.859082,-1.857710,-10.012844,-9.866077,-8.412155
25.532538,NaN,NaN,NaN,NaN,0.106735,-3.668448,1.729162,-0.059753,-6.859535,-1.857644,-10.012802,-9.866188,-8.416782
25.545030,NaN,NaN,NaN,NaN,0.106827,-3.669606,1.728953,-0.059655,-6.860424,-1.857574,-10.012775,-9.866436,-8.421398
25.563924,NaN,NaN,NaN,NaN,0.107134,-3.670732,1.728306,-0.059366,-6.861266,-1.857412,-10.012691,-9.866695,-8.435055
25.572460,NaN,NaN,NaN,NaN,0.107239,-3.671302,1.728096,-0.059271,-6.861680,-1.857349,-10.012665,-9.866840,-8.439598
25.584055,NaN,NaN,NaN,NaN,0.107342,-3.671877,1.727875,-0.059177,-6.862090,-1.857316,-10.012642,-9.866989,-8.444088
25.593428,NaN,NaN,NaN,NaN,0.107575,-3.673015,1.727441,-0.058988,-6.862890,-1.857237,-10.012558,-9.867249,-8.453072
25.603578,NaN,NaN,NaN,NaN,0.107689,-3.673592,1.727227,-0.058895,-6.863283,-1.857190,-10.012512,-9.867390,-8.457561
25.613517,NaN,NaN,NaN,NaN,0.107800,-3.674173,1.726994,-0.058802,-6.863671,-1.857179,-10.012466,-9.867538,-8.461990
25.623703,NaN,NaN,NaN,NaN,0.107928,-3.674751,1.726763,-0.058712,-6.864060,-1.857163,-10.012413,-9.867657,-8.466419
25.633013,NaN,NaN,NaN,NaN,0.108055,-3.675922,1.726311,-0.058623,-6.864825,-1.857115,-10.012356,-9.867924,-8.475254
25.644427,NaN,NaN,NaN,NaN,0.108303,-3.677111,1.726089,-0.058445,-6.865572,-1.857084,-10.012253,-9.868229,-8.479664
25.663689,NaN,NaN,NaN,NaN,0.108572,-3.677707,1.725598,-0.058289,-6.865949,-1.857101,-10.012142,-9.868366,-8.488388
25.672347,NaN,NaN,NaN,NaN,0.108717,-3.678911,1.725120,-0.058221,-6.866690,-1.857100,-10.012089,-9.868660,-8.497105
25.684045,NaN,NaN,NaN,NaN,0.109002,-3.679519,1.724866,-0.058086,-6.867054,-1.857132,-10.011982,-9.868816,-8.501415
25.694077,NaN,NaN,NaN,NaN,0.109160,-3.680120,1.724615,-0.058045,-6.867428,-1.857157,-10.011932,-9.868961,-8.505722
25.704427,NaN,NaN,NaN,NaN,0.109317,-3.681945,1.724368,-0.058005,-6.868524,-1.857177,-10.011887,-9.869461,-8.510029
25.724054,NaN,NaN,NaN,NaN,0.109798,-3.682553,1.723608,-0.057893,-6.868891,-1.857279,-10.011772,-9.869617,-8.522865
25.732972,NaN,NaN,NaN,NaN,0.109968,-3.683165,1.723356,-0.057861,-6.869254,-1.857314,-10.011742,-9.869781,-8.527122
25.746407,NaN,NaN,NaN,NaN,0.110136,-3.685007,1.723108,-0.057829,-6.870323,-1.857343,-10.011711,-9.870316,-8.531376
25.764060,NaN,NaN,NaN,NaN,0.110665,-3.685619,1.722292,-0.057771,-6.870676,-1.857512,-10.011620,-9.870506,-8.543957
25.773179,NaN,NaN,NaN,NaN,0.110844,-3.686235,1.722027,-0.057758,-6.871024,-1.857557,-10.011589,-9.870705,-8.548145
25.784061,NaN,NaN,NaN,NaN,0.111021,-3.686853,1.721745,-0.057744,-6.871367,-1.857631,-10.011578,-9.870911,-8.552280
25.794022,NaN,NaN,NaN,NaN,0.111386,-3.687461,1.721192,-0.057763,-6.871714,-1.857764,-10.011543,-9.871113,-8.560547
25.805187,NaN,NaN,NaN,NaN,0.111567,-3.688685,1.720920,-0.057772,-6.872394,-1.857821,-10.011528,-9.871536,-8.564674
25.812979,NaN,NaN,NaN,NaN,0.111745,-3.689300,1.720640,-0.057781,-6.872726,-1.857905,-10.011513,-9.871758,-8.568748
25.824002,NaN,NaN,NaN,NaN,0.111930,-3.689918,1.720363,-0.057818,-6.873071,-1.857983,-10.011501,-9.871967,-8.572815
25.832890,NaN,NaN,NaN,NaN,0.112293,-3.691161,1.719818,-0.057892,-6.873746,-1.858121,-10.011459,-9.872406,-8.580940
25.843879,NaN,NaN,NaN,NaN,0.112472,-3.691786,1.719535,-0.057929,-6.874076,-1.858200,-10.011429,-9.872635,-8.584934
25.853198,NaN,NaN,NaN,NaN,0.112651,-3.692430,1.719255,-0.057974,-6.874432,-1.858273,-10.011406,-9.872849,-8.588928
25.863656,NaN,NaN,NaN,NaN,0.112828,-3.693074,1.718979,-0.058019,-6.874784,-1.858341,-10.011383,-9.873070,-8.592918
25.872558,NaN,NaN,NaN,NaN,0.113002,-3.694368,1.718705,-0.058063,-6.875471,-1.858403,-10.011364,-9.873520,-8.596909
25.883883,NaN,NaN,NaN,NaN,0.113353,-3.695039,1.718125,-0.058159,-6.875852,-1.858555,-10.011314,-9.873734,-8.604778
25.892737,NaN,NaN,NaN,NaN,0.113528,-3.695711,1.717840,-0.058210,-6.876226,-1.858623,-10.011288,-9.873951,-8.608715
25.904558,NaN,NaN,NaN,NaN,0.113703,-3.697728,1.717279,-0.058261,-6.877318,-1.858742,-10.011250,-9.874638,-8.616585
25.923857,NaN,NaN,NaN,NaN,0.114213,-3.698432,1.716677,-0.058427,-6.877715,-1.858891,-10.011135,-9.874855,-8.624332
25.932913,NaN,NaN,NaN,NaN,0.114379,-3.699136,1.716382,-0.058494,-6.878105,-1.858957,-10.011086,-9.875076,-8.628201
25.943908,NaN,NaN,NaN,NaN,0.114705,-3.700544,1.716089,-0.058624,-6.878871,-1.859018,-10.010990,-9.875542,-8.632065
25.953782,NaN,NaN,NaN,NaN,0.114874,-3.701264,1.715493,-0.058700,-6.879285,-1.859173,-10.010941,-9.875755,-8.639694
25.964426,NaN,NaN,NaN,NaN,0.115041,-3.701984,1.715200,-0.058775,-6.879693,-1.859242,-10.010891,-9.875977,-8.643505
25.972401,NaN,NaN,NaN,NaN,0.115206,-3.702703,1.714909,-0.058848,-6.880095,-1.859305,-10.010841,-9.876205,-8.647320
25.983905,NaN,NaN,NaN,NaN,0.115370,-3.703420,1.714600,-0.058919,-6.880490,-1.859383,-10.010796,-9.876434,-8.651089
25.992767,NaN,NaN,NaN,NaN,0.115542,-3.704890,1.713991,-0.059010,-6.881336,-1.859522,-10.010750,-9.876881,-8.658630
26.004526,NaN,NaN,NaN,NaN,0.115880,-3.706355,1.713691,-0.059186,-6.882158,-1.859583,-10.010662,-9.877346,-8.662403
26.023625,NaN,NaN,NaN,NaN,0.116213,-3.707101,1.713050,-0.059371,-6.882586,-1.859729,-10.010586,-9.877571,-8.669857
26.032676,NaN,NaN,NaN,NaN,0.116377,-3.708590,1.712734,-0.059467,-6.883425,-1.859794,-10.010548,-9.878036,-8.673580
26.043744,NaN,NaN,NaN,NaN,0.116700,-3.709332,1.712101,-0.059654,-6.883836,-1.859928,-10.010479,-9.878273,-8.680977
26.053414,NaN,NaN,NaN,NaN,0.116848,-3.710083,1.711783,-0.059770,-6.884259,-1.859997,-10.010471,-9.878502,-8.684650
26.063700,NaN,NaN,NaN,NaN,0.116993,-3.710833,1.711470,-0.059885,-6.884677,-1.860061,-10.010460,-9.878727,-8.688324
26.072400,NaN,NaN,NaN,NaN,0.117136,-3.711582,1.711159,-0.059998,-6.885088,-1.860119,-10.010452,-9.878960,-8.692013
26.084210,NaN,NaN,NaN,NaN,0.117407,-3.713082,1.710508,-0.060234,-6.885921,-1.860261,-10.010403,-9.879414,-8.699322
26.092716,NaN,NaN,NaN,NaN,0.117534,-3.713833,1.710188,-0.060356,-6.886343,-1.860323,-10.010384,-9.879639,-8.702980
26.104493,NaN,NaN,NaN,NaN,0.117659,-3.715328,1.709872,-0.060477,-6.887171,-1.860381,-10.010365,-9.880100,-8.706635
26.113595,NaN,NaN,NaN,NaN,0.117782,-3.716083,1.709218,-0.060596,-6.887619,-1.860523,-10.010349,-9.880276,-8.713890
26.123744,NaN,NaN,NaN,NaN,0.117980,-3.716835,1.708895,-0.060863,-6.888062,-1.860587,-10.010338,-9.880459,-8.717518
26.132911,NaN,NaN,NaN,NaN,0.118077,-3.717584,1.708576,-0.060993,-6.888499,-1.860646,-10.010334,-9.880642,-8.721157
26.144327,NaN,NaN,NaN,NaN,0.118172,-3.719075,1.708255,-0.061122,-6.889376,-1.860726,-10.010330,-9.880989,-8.724770
26.155100,NaN,NaN,NaN,NaN,0.118357,-3.719815,1.707623,-0.061413,-6.889816,-1.860871,-10.010353,-9.881149,-8.731979
26.163792,NaN,NaN,NaN,NaN,0.118448,-3.720553,1.707312,-0.061556,-6.890250,-1.860935,-10.010365,-9.881313,-8.735580
26.173668,NaN,NaN,NaN,NaN,0.118536,-3.721287,1.707004,-0.061697,-6.890677,-1.860994,-10.010376,-9.881485,-8.739182
26.183898,NaN,NaN,NaN,NaN,0.118624,-3.722735,1.706696,-0.061835,-6.891541,-1.861088,-10.010387,-9.881817,-8.742775
26.193552,NaN,NaN,NaN,NaN,0.118699,-3.723449,1.706089,-0.061984,-6.891975,-1.861259,-10.010414,-9.881977,-8.749969
26.205234,NaN,NaN,NaN,NaN,0.118843,-3.724869,1.705790,-0.062275,-6.892827,-1.861337,-10.010452,-9.882320,-8.753567
26.223751,NaN,NaN,NaN,NaN,0.118961,-3.725576,1.705163,-0.062561,-6.893259,-1.861535,-10.010502,-9.882477,-8.760723
26.232795,NaN,NaN,NaN,NaN,0.119055,-3.726981,1.704547,-0.062844,-6.894108,-1.861712,-10.010563,-9.882805,-8.767860
26.243575,NaN,NaN,NaN,NaN,0.119099,-3.727681,1.704222,-0.062983,-6.894523,-1.861831,-10.010590,-9.882977,-8.771397
26.252071,NaN,NaN,NaN,NaN,0.119129,-3.728379,1.703901,-0.063133,-6.894932,-1.861945,-10.010628,-9.883129,-8.774940
26.264043,NaN,NaN,NaN,NaN,0.119157,-3.729074,1.703584,-0.063281,-6.895335,-1.862052,-10.010670,-9.883289,-8.778477
26.281021,NaN,NaN,NaN,NaN,0.119209,-3.729766,1.702925,-0.063571,-6.895732,-1.862291,-10.010750,-9.883453,-8.785522
26.292511,NaN,NaN,NaN,NaN,0.119228,-3.731146,1.702585,-0.063722,-6.896523,-1.862422,-10.010796,-9.883781,-8.789028
26.300667,NaN,NaN,NaN,NaN,0.119246,-3.731834,1.702248,-0.063872,-6.896916,-1.862547,-10.010841,-9.883945,-8.792534
26.312739,NaN,NaN,NaN,NaN,0.119263,-3.733202,1.701914,-0.064018,-6.897683,-1.862667,-10.010883,-9.884319,-8.796036
26.331447,NaN,NaN,NaN,NaN,0.119335,-3.734572,1.700853,-0.064444,-6.898445,-1.863161,-10.011063,-9.884686,-8.806408
26.340861,NaN,NaN,NaN,NaN,0.119361,-3.735252,1.700508,-0.064581,-6.898816,-1.863313,-10.011131,-9.884876,-8.809856
26.351527,NaN,NaN,NaN,NaN,0.119385,-3.735928,1.700141,-0.064715,-6.899182,-1.863507,-10.011192,-9.885071,-8.813282
26.360265,NaN,NaN,NaN,NaN,0.119450,-3.737291,1.699420,-0.065003,-6.899926,-1.863875,-10.011341,-9.885460,-8.820110
26.371911,NaN,NaN,NaN,NaN,0.119480,-3.737967,1.699064,-0.065143,-6.900289,-1.864048,-10.011414,-9.885666,-8.823524
26.380886,NaN,NaN,NaN,NaN,0.119508,-3.738640,1.698699,-0.065282,-6.900646,-1.864255,-10.011482,-9.885880,-8.826916
26.391651,NaN,NaN,NaN,NaN,0.119542,-3.739328,1.698338,-0.065427,-6.901019,-1.864454,-10.011581,-9.886082,-8.830311
26.400540,NaN,NaN,NaN,NaN,0.119606,-3.740691,1.697627,-0.065711,-6.901745,-1.864832,-10.011765,-9.886501,-8.837086
26.413253,NaN,NaN,NaN,NaN,0.119636,-3.741367,1.697261,-0.065850,-6.902099,-1.865041,-10.011856,-9.886715,-8.840443
26.421012,NaN,NaN,NaN,NaN,0.119660,-3.742042,1.696898,-0.065995,-6.902460,-1.865242,-10.011955,-9.886921,-8.843792
26.431471,NaN,NaN,NaN,NaN,0.119683,-3.742712,1.696540,-0.066136,-6.902815,-1.865436,-10.012054,-9.887119,-8.847141
26.439968,NaN,NaN,NaN,NaN,0.119704,-3.744042,1.695835,-0.066275,-6.903507,-1.865804,-10.012150,-9.887524,-8.853821
26.452035,NaN,NaN,NaN,NaN,0.119743,-3.744702,1.695485,-0.066545,-6.903844,-1.866005,-10.012337,-9.887730,-8.857117
26.460452,NaN,NaN,NaN,NaN,0.119754,-3.745363,1.695138,-0.066673,-6.904188,-1.866199,-10.012440,-9.887924,-8.860413
26.472280,NaN,NaN,NaN,NaN,0.119763,-3.746020,1.694458,-0.066800,-6.904526,-1.866568,-10.012543,-9.888126,-8.866997
26.481519,NaN,NaN,NaN,NaN,0.119777,-3.747322,1.694106,-0.067046,-6.905183,-1.866778,-10.012737,-9.888557,-8.870266
26.493417,NaN,NaN,NaN,NaN,0.119767,-3.747966,1.693759,-0.067160,-6.905522,-1.866982,-10.012848,-9.888798,-8.873531
26.500267,NaN,NaN,NaN,NaN,0.119756,-3.748606,1.693417,-0.067272,-6.905855,-1.867178,-10.012951,-9.889038,-8.876793
26.511451,NaN,NaN,NaN,NaN,0.119730,-3.749875,1.693078,-0.067488,-6.906502,-1.867367,-10.013153,-9.889526,-8.880054
26.520516,NaN,NaN,NaN,NaN,0.119710,-3.750499,1.692389,-0.067585,-6.906831,-1.867793,-10.013268,-9.889778,-8.886520
26.531578,NaN,NaN,NaN,NaN,0.119688,-3.751118,1.692051,-0.067681,-6.907155,-1.867996,-10.013382,-9.890034,-8.889744
26.540609,NaN,NaN,NaN,NaN,0.119666,-3.751734,1.691717,-0.067775,-6.907474,-1.868192,-10.013489,-9.890293,-8.892963
26.551681,NaN,NaN,NaN,NaN,0.119643,-3.752975,1.691381,-0.067866,-6.908101,-1.868403,-10.013596,-9.890839,-8.896152
26.561597,NaN,NaN,NaN,NaN,0.119611,-3.753598,1.691049,-0.067956,-6.908409,-1.868607,-10.013718,-9.891113,-8.899349
26.572937,NaN,NaN,NaN,NaN,0.119544,-3.754217,1.690399,-0.068127,-6.908713,-1.868994,-10.013939,-9.891388,-8.905731
26.581617,NaN,NaN,NaN,NaN,0.119510,-3.754833,1.690087,-0.068209,-6.909011,-1.869198,-10.014042,-9.891663,-8.908882
26.592089,NaN,NaN,NaN,NaN,0.119470,-3.756073,1.689780,-0.068292,-6.909595,-1.869395,-10.014172,-9.892212,-8.912033
26.611470,NaN,NaN,NaN,NaN,0.119347,-3.757298,1.688877,-0.068531,-6.910160,-1.869958,-10.014538,-9.892776,-8.921436
26.621418,NaN,NaN,NaN,NaN,0.119297,-3.757898,1.688583,-0.068618,-6.910443,-1.870142,-10.014683,-9.893047,-8.924557
26.631460,NaN,NaN,NaN,NaN,0.119247,-3.758494,1.688293,-0.068703,-6.910720,-1.870320,-10.014843,-9.893318,-8.927673
26.640965,NaN,NaN,NaN,NaN,0.119145,-3.759675,1.688006,-0.068868,-6.911261,-1.870491,-10.015156,-9.893864,-8.930782
26.651525,NaN,NaN,NaN,NaN,0.119080,-3.760252,1.687471,-0.068954,-6.911543,-1.870851,-10.015331,-9.894108,-8.936939
26.660936,NaN,NaN,NaN,NaN,0.119015,-3.760827,1.687208,-0.069037,-6.911821,-1.871022,-10.015503,-9.894352,-8.940014
26.672203,NaN,NaN,NaN,NaN,0.118950,-3.761964,1.686948,-0.069119,-6.912361,-1.871185,-10.015675,-9.894894,-8.943089
26.682816,NaN,NaN,NaN,NaN,0.118884,-3.762519,1.686463,-0.069198,-6.912641,-1.871527,-10.015839,-9.895142,-8.949158
26.691508,NaN,NaN,NaN,NaN,0.118754,-3.763070,1.686226,-0.069312,-6.912916,-1.871688,-10.016224,-9.895390,-8.952190
26.700266,NaN,NaN,NaN,NaN,0.118689,-3.763618,1.685992,-0.069366,-6.913186,-1.871842,-10.016411,-9.895641,-8.955223
26.711593,NaN,NaN,NaN,NaN,0.118557,-3.764702,1.685761,-0.069469,-6.913712,-1.871989,-10.016766,-9.896149,-8.958256
26.722147,NaN,NaN,NaN,NaN,0.118492,-3.765249,1.685347,-0.069489,-6.913989,-1.872284,-10.016964,-9.896400,-8.964252
26.731407,NaN,NaN,NaN,NaN,0.118427,-3.765793,1.685144,-0.069507,-6.914262,-1.872421,-10.017155,-9.896652,-8.967247
26.741672,NaN,NaN,NaN,NaN,0.118362,-3.766333,1.684944,-0.069525,-6.914529,-1.872552,-10.017345,-9.896904,-8.970238
26.752386,NaN,NaN,NaN,NaN,0.118297,-3.766869,1.684772,-0.069542,-6.914793,-1.872658,-10.017521,-9.897160,-8.973190
26.760153,NaN,NaN,NaN,NaN,0.118189,-3.767947,1.684435,-0.069511,-6.915339,-1.872852,-10.017906,-9.897625,-8.979092
26.772257,NaN,NaN,NaN,NaN,0.118134,-3.768481,1.684270,-0.069495,-6.915605,-1.872941,-10.018093,-9.897861,-8.982040
26.782906,NaN,NaN,NaN,NaN,0.118079,-3.769011,1.684133,-0.069479,-6.915866,-1.872999,-10.018276,-9.898098,-8.984962
26.791458,NaN,NaN,NaN,NaN,0.118031,-3.769566,1.683997,-0.069438,-6.916128,-1.873052,-10.018478,-9.898285,-8.987881
26.800495,NaN,NaN,NaN,NaN,0.117983,-3.770663,1.683730,-0.069396,-6.916638,-1.873141,-10.018677,-9.898670,-8.993729
26.811711,NaN,NaN,NaN,NaN,0.117883,-3.771205,1.683605,-0.069313,-6.916887,-1.873172,-10.019085,-9.898869,-8.996624
26.820654,NaN,NaN,NaN,NaN,0.117835,-3.771773,1.683481,-0.069245,-6.917121,-1.873198,-10.019318,-9.899048,-8.999512
26.831648,NaN,NaN,NaN,NaN,0.117785,-3.772337,1.683359,-0.069176,-6.917352,-1.873218,-10.019543,-9.899231,-9.002396
26.841384,NaN,NaN,NaN,NaN,0.117735,-3.772897,1.683116,-0.069108,-6.917578,-1.873234,-10.019760,-9.899418,-9.008133
26.852066,NaN,NaN,NaN,NaN,0.117643,-3.774557,1.682996,-0.068950,-6.918177,-1.873229,-10.020210,-9.899994,-9.010990
26.872372,NaN,NaN,NaN,NaN,0.117556,-3.775104,1.682761,-0.068770,-6.918359,-1.873205,-10.020691,-9.900188,-9.016705
26.880595,NaN,NaN,NaN,NaN,0.117511,-3.776188,1.682522,-0.068680,-6.918692,-1.873165,-10.020931,-9.900570,-9.022381
26.891614,NaN,NaN,NaN,NaN,0.117440,-3.776726,1.682405,-0.068463,-6.918843,-1.873138,-10.021458,-9.900764,-9.025215
26.900382,NaN,NaN,NaN,NaN,0.117404,-3.777259,1.682290,-0.068355,-6.918990,-1.873106,-10.021709,-9.900963,-9.028049
26.911625,NaN,NaN,NaN,NaN,0.117367,-3.777787,1.682184,-0.068248,-6.919134,-1.873074,-10.021954,-9.901161,-9.030861
26.920693,NaN,NaN,NaN,NaN,0.117337,-3.778841,1.681976,-0.068115,-6.919401,-1.872996,-10.022232,-9.901512,-9.036480
26.931535,NaN,NaN,NaN,NaN,0.117277,-3.779362,1.681873,-0.067854,-6.919529,-1.872951,-10.022762,-9.901695,-9.039284
26.940862,NaN,NaN,NaN,NaN,0.117245,-3.779879,1.681786,-0.067726,-6.919654,-1.872911,-10.023014,-9.901882,-9.042084
26.951675,NaN,NaN,NaN,NaN,0.117227,-3.780397,1.681699,-0.067582,-6.919798,-1.872866,-10.023296,-9.902042,-9.044872
26.961542,NaN,NaN,NaN,NaN,0.117208,-3.781422,1.681613,-0.067440,-6.920076,-1.872818,-10.023567,-9.902382,-9.047661
26.971822,NaN,NaN,NaN,NaN,0.117167,-3.782432,1.681443,-0.067159,-6.920341,-1.872707,-10.024090,-9.902748,-9.053219
26.991896,NaN,NaN,NaN,NaN,0.117149,-3.782939,1.681289,-0.066874,-6.920483,-1.872633,-10.024643,-9.902905,-9.058773
27.000557,NaN,NaN,NaN,NaN,0.117150,-3.783942,1.681137,-0.066729,-6.920755,-1.872540,-10.024940,-9.903233,-9.064316
27.011697,NaN,NaN,NaN,NaN,0.117150,-3.784437,1.681065,-0.066586,-6.920886,-1.872516,-10.025230,-9.903400,-9.067066
27.020890,NaN,NaN,NaN,NaN,0.117157,-3.784931,1.680993,-0.066301,-6.921012,-1.872488,-10.025822,-9.903545,-9.069813
27.032285,NaN,NaN,NaN,NaN,0.117163,-3.786387,1.680922,-0.066160,-6.921368,-1.872454,-10.026127,-9.903984,-9.072552
27.052101,NaN,NaN,NaN,NaN,0.117182,-3.786865,1.680705,-0.065758,-6.921470,-1.872395,-10.027031,-9.904110,-9.080704
27.060113,NaN,NaN,NaN,NaN,0.117193,-3.787339,1.680632,-0.065634,-6.921569,-1.872377,-10.027332,-9.904243,-9.083408
27.073118,NaN,NaN,NaN,NaN,0.117210,-3.788740,1.680481,-0.065392,-6.921835,-1.872366,-10.027916,-9.904640,-9.088791
27.091603,NaN,NaN,NaN,NaN,0.117236,-3.789200,1.680326,-0.065184,-6.921910,-1.872375,-10.028515,-9.904762,-9.094154
27.101942,NaN,NaN,NaN,NaN,0.117247,-3.789657,1.680248,-0.065082,-6.921982,-1.872372,-10.028801,-9.904892,-9.096844
27.112561,NaN,NaN,NaN,NaN,0.117256,-3.790573,1.680173,-0.064981,-6.922114,-1.872397,-10.029076,-9.905144,-9.099522
27.120799,NaN,NaN,NaN,NaN,0.117278,-3.791034,1.680021,-0.064798,-6.922175,-1.872432,-10.029655,-9.905262,-9.104862
27.132766,NaN,NaN,NaN,NaN,0.117288,-3.791490,1.679945,-0.064708,-6.922234,-1.872442,-10.029934,-9.905384,-9.107525
27.142625,NaN,NaN,NaN,NaN,0.117296,-3.791943,1.679858,-0.064618,-6.922289,-1.872488,-10.030205,-9.905514,-9.110172
27.151599,NaN,NaN,NaN,NaN,0.117294,-3.792879,1.679771,-0.064537,-6.922402,-1.872528,-10.030491,-9.905746,-9.112812
27.160063,NaN,NaN,NaN,NaN,0.117291,-3.793341,1.679595,-0.064456,-6.922455,-1.872592,-10.030773,-9.905872,-9.118080
27.171531,NaN,NaN,NaN,NaN,0.117282,-3.793799,1.679477,-0.064299,-6.922504,-1.872636,-10.031284,-9.906002,-9.120682
27.180772,NaN,NaN,NaN,NaN,0.117267,-3.794265,1.679360,-0.064213,-6.922551,-1.872676,-10.031540,-9.906120,-9.123283
27.191404,NaN,NaN,NaN,NaN,0.117250,-3.794727,1.679242,-0.064128,-6.922596,-1.872709,-10.031788,-9.906246,-9.125881
27.200442,NaN,NaN,NaN,NaN,0.117233,-3.795639,1.679125,-0.064045,-6.922678,-1.872738,-10.032028,-9.906517,-9.128471
27.211698,NaN,NaN,NaN,NaN,0.117189,-3.796091,1.678853,-0.063901,-6.922711,-1.872836,-10.032497,-9.906639,-9.133595
27.220645,NaN,NaN,NaN,NaN,0.117161,-3.796539,1.678717,-0.063841,-6.922742,-1.872877,-10.032722,-9.906769,-9.136147
27.232083,NaN,NaN,NaN,NaN,0.117134,-3.796983,1.678447,-0.063781,-6.922771,-1.872945,-10.032928,-9.906906,-9.141232
27.240181,NaN,NaN,NaN,NaN,0.117106,-3.797860,1.678303,-0.063723,-6.922821,-1.872999,-10.033123,-9.907196,-9.143745
27.251771,NaN,NaN,NaN,NaN,0.117062,-3.798304,1.678159,-0.063638,-6.922846,-1.873049,-10.033512,-9.907330,-9.146255
27.260355,NaN,NaN,NaN,NaN,0.117047,-3.798745,1.678015,-0.063612,-6.922868,-1.873093,-10.033703,-9.907463,-9.148758
27.271411,NaN,NaN,NaN,NaN,0.117031,-3.799614,1.677871,-0.063586,-6.922906,-1.873132,-10.033886,-9.907764,-9.151260
27.280469,NaN,NaN,NaN,NaN,0.117013,-3.800069,1.677581,-0.063561,-6.922919,-1.873268,-10.034069,-9.907883,-9.156204
27.291532,NaN,NaN,NaN,NaN,0.116983,-3.800520,1.677437,-0.063559,-6.922930,-1.873328,-10.034431,-9.908012,-9.158676
27.300366,NaN,NaN,NaN,NaN,0.116967,-3.800967,1.677292,-0.063559,-6.922939,-1.873383,-10.034607,-9.908146,-9.161140
27.311501,NaN,NaN,NaN,NaN,0.116950,-3.801409,1.677141,-0.063560,-6.922946,-1.873474,-10.034779,-9.908283,-9.163586
27.320374,NaN,NaN,NaN,NaN,0.116937,-3.802344,1.676840,-0.063573,-6.922932,-1.873641,-10.034943,-9.908524,-9.168461
27.332564,NaN,NaN,NaN,NaN,0.116907,-3.803260,1.676689,-0.063601,-6.922910,-1.873717,-10.035263,-9.908791,-9.170891
27.351758,NaN,NaN,NaN,NaN,0.116867,-3.804206,1.676363,-0.063638,-6.922860,-1.873916,-10.035553,-9.909054,-9.175716
27.360851,NaN,NaN,NaN,NaN,0.116819,-3.804672,1.676199,-0.063687,-6.922832,-1.874006,-10.035816,-9.909195,-9.178120
27.371583,NaN,NaN,NaN,NaN,0.116794,-3.805132,1.675865,-0.063712,-6.922803,-1.874220,-10.035938,-9.909344,-9.182907
27.382903,NaN,NaN,NaN,NaN,0.116760,-3.805618,1.675694,-0.063745,-6.922760,-1.874343,-10.036049,-9.909489,-9.185291
27.391716,NaN,NaN,NaN,NaN,0.116726,-3.806574,1.675524,-0.063777,-6.922671,-1.874460,-10.036160,-9.909832,-9.187672
27.411647,NaN,NaN,NaN,NaN,0.116632,-3.807532,1.675027,-0.063884,-6.922565,-1.874833,-10.036457,-9.910183,-9.194756
27.420340,NaN,NaN,NaN,NaN,0.116606,-3.808015,1.674865,-0.063924,-6.922504,-1.874955,-10.036549,-9.910358,-9.197102
27.433116,NaN,NaN,NaN,NaN,0.116550,-3.808965,1.674704,-0.064004,-6.922379,-1.875072,-10.036720,-9.910721,-9.199440
27.451648,NaN,NaN,NaN,NaN,0.116506,-3.809942,1.674238,-0.064092,-6.922247,-1.875440,-10.036873,-9.911083,-9.206371
27.460014,NaN,NaN,NaN,NaN,0.116483,-3.810423,1.674083,-0.064137,-6.922180,-1.875551,-10.036945,-9.911270,-9.208672
27.471667,NaN,NaN,NaN,NaN,0.116458,-3.810899,1.673937,-0.064181,-6.922112,-1.875668,-10.037014,-9.911461,-9.210960
27.481149,NaN,NaN,NaN,NaN,0.116437,-3.811872,1.673645,-0.064242,-6.921961,-1.875886,-10.037071,-9.911816,-9.215527
27.492137,NaN,NaN,NaN,NaN,0.116389,-3.812351,1.673499,-0.064365,-6.921885,-1.875987,-10.037178,-9.911999,-9.217808
27.501611,NaN,NaN,NaN,NaN,0.116364,-3.812824,1.673354,-0.064426,-6.921808,-1.876082,-10.037228,-9.912189,-9.220085
27.511516,NaN,NaN,NaN,NaN,0.116337,-3.813292,1.673216,-0.064486,-6.921731,-1.876182,-10.037277,-9.912384,-9.222347
27.520099,NaN,NaN,NaN,NaN,0.116302,-3.814249,1.672939,-0.064623,-6.921607,-1.876366,-10.037365,-9.912735,-9.226883
27.533318,NaN,NaN,NaN,NaN,0.116283,-3.814719,1.672801,-0.064691,-6.921544,-1.876451,-10.037399,-9.912918,-9.229141
27.540897,NaN,NaN,NaN,NaN,0.116263,-3.815185,1.672668,-0.064758,-6.921481,-1.876530,-10.037430,-9.913105,-9.231380
27.551395,NaN,NaN,NaN,NaN,0.116259,-3.816162,1.672536,-0.064832,-6.921390,-1.876604,-10.037453,-9.913452,-9.233612
27.560043,NaN,NaN,NaN,NaN,0.116253,-3.816642,1.672403,-0.064906,-6.921343,-1.876673,-10.037476,-9.913639,-9.235840
27.571654,NaN,NaN,NaN,NaN,0.116239,-3.817116,1.672147,-0.065053,-6.921296,-1.876803,-10.037514,-9.913826,-9.240269
27.581043,NaN,NaN,NaN,NaN,0.116243,-3.817620,1.672022,-0.065119,-6.921257,-1.876862,-10.037521,-9.913998,-9.242470
27.591366,NaN,NaN,NaN,NaN,0.116246,-3.818117,1.671898,-0.065184,-6.921218,-1.876917,-10.037540,-9.914173,-9.244675
27.600572,NaN,NaN,NaN,NaN,0.116248,-3.818608,1.671774,-0.065315,-6.921177,-1.876967,-10.037579,-9.914356,-9.246872
27.611537,NaN,NaN,NaN,NaN,0.116258,-3.819596,1.671515,-0.065383,-6.921099,-1.877072,-10.037575,-9.914715,-9.251236
27.620125,NaN,NaN,NaN,NaN,0.116268,-3.820093,1.671385,-0.065452,-6.921060,-1.877118,-10.037571,-9.914894,-9.253414
27.632598,NaN,NaN,NaN,NaN,0.116284,-3.820583,1.671121,-0.065590,-6.921021,-1.877202,-10.037556,-9.915058,-9.257729
27.640722,NaN,NaN,NaN,NaN,0.116315,-3.821558,1.670987,-0.065652,-6.920946,-1.877242,-10.037548,-9.915382,-9.259865
27.652096,NaN,NaN,NaN,NaN,0.116344,-3.822043,1.670854,-0.065715,-6.920910,-1.877278,-10.037540,-9.915539,-9.262001
27.660301,NaN,NaN,NaN,NaN,0.116371,-3.822522,1.670720,-0.065778,-6.920873,-1.877308,-10.037533,-9.915699,-9.264130
27.671402,NaN,NaN,NaN,NaN,0.116397,-3.823461,1.670585,-0.065842,-6.920798,-1.877332,-10.037521,-9.916004,-9.266235
27.680359,NaN,NaN,NaN,NaN,0.116433,-3.823922,1.670316,-0.065910,-6.920760,-1.877365,-10.037502,-9.916142,-9.270443
27.692342,NaN,NaN,NaN,NaN,0.116502,-3.824377,1.670182,-0.066045,-6.920721,-1.877375,-10.037457,-9.916283,-9.272545
27.700538,NaN,NaN,NaN,NaN,0.116535,-3.824826,1.670054,-0.066113,-6.920682,-1.877390,-10.037437,-9.916431,-9.274616
27.711430,NaN,NaN,NaN,NaN,0.116572,-3.825260,1.669926,-0.066188,-6.920652,-1.877401,-10.037415,-9.916557,-9.276684
27.720725,NaN,NaN,NaN,NaN,0.116608,-3.826111,1.669669,-0.066264,-6.920594,-1.877411,-10.037395,-9.916821,-9.280811
27.732993,NaN,NaN,NaN,NaN,0.116678,-3.826942,1.669554,-0.066413,-6.920534,-1.877422,-10.037357,-9.917072,-9.282848
27.751890,NaN,NaN,NaN,NaN,0.116791,-3.827753,1.669324,-0.066567,-6.920473,-1.877432,-10.037312,-9.917259,-9.286915
27.761118,NaN,NaN,NaN,NaN,0.116898,-3.828150,1.669094,-0.066721,-6.920442,-1.877424,-10.037266,-9.917362,-9.291016
27.772200,NaN,NaN,NaN,NaN,0.116949,-3.828542,1.669008,-0.066797,-6.920412,-1.877425,-10.037243,-9.917473,-9.293037
27.782006,NaN,NaN,NaN,NaN,0.117024,-3.828942,1.668923,-0.066881,-6.920376,-1.877422,-10.037209,-9.917564,-9.295052
27.793355,NaN,NaN,NaN,NaN,0.117097,-3.830111,1.668836,-0.066965,-6.920273,-1.877416,-10.037178,-9.917889,-9.297070
27.811634,NaN,NaN,NaN,NaN,0.117339,-3.830506,1.668636,-0.067219,-6.920243,-1.877406,-10.037086,-9.917995,-9.303040
27.821185,NaN,NaN,NaN,NaN,0.117438,-3.830895,1.668579,-0.067304,-6.920214,-1.877400,-10.037052,-9.918114,-9.305038
27.831624,NaN,NaN,NaN,NaN,0.117631,-3.831657,1.668521,-0.067474,-6.920157,-1.877390,-10.036987,-9.918362,-9.307034
27.840789,NaN,NaN,NaN,NaN,0.117750,-3.832035,1.668455,-0.067560,-6.920136,-1.877367,-10.036945,-9.918480,-9.310921
27.851491,NaN,NaN,NaN,NaN,0.117867,-3.832407,1.668420,-0.067645,-6.920116,-1.877350,-10.036903,-9.918606,-9.312859
27.860270,NaN,NaN,NaN,NaN,0.117982,-3.832774,1.668385,-0.067731,-6.920097,-1.877330,-10.036861,-9.918736,-9.314793
27.871761,NaN,NaN,NaN,NaN,0.118094,-3.833136,1.668377,-0.067816,-6.920079,-1.877316,-10.036819,-9.918839,-9.316681
27.880482,NaN,NaN,NaN,NaN,0.118356,-3.833856,1.668357,-0.067975,-6.920038,-1.877278,-10.036686,-9.919041,-9.320457
27.892641,NaN,NaN,NaN,NaN,0.118484,-3.834554,1.668345,-0.068054,-6.919998,-1.877253,-10.036613,-9.919262,-9.322342
27.911626,NaN,NaN,NaN,NaN,0.118747,-3.834891,1.668362,-0.068198,-6.919972,-1.877196,-10.036461,-9.919353,-9.326012
27.920116,NaN,NaN,NaN,NaN,0.119017,-3.835550,1.668374,-0.068325,-6.919921,-1.877124,-10.036297,-9.919563,-9.329674
27.932090,NaN,NaN,NaN,NaN,0.119149,-3.835871,1.668390,-0.068387,-6.919897,-1.877067,-10.036221,-9.919682,-9.331451
27.941872,NaN,NaN,NaN,NaN,0.119289,-3.836196,1.668405,-0.068431,-6.919868,-1.877007,-10.036118,-9.919781,-9.333229
27.951467,NaN,NaN,NaN,NaN,0.119426,-3.836516,1.668418,-0.068474,-6.919841,-1.876945,-10.036022,-9.919880,-9.335007
27.960309,NaN,NaN,NaN,NaN,0.119560,-3.837139,1.668460,-0.068518,-6.919789,-1.876805,-10.035927,-9.920101,-9.338505
27.971982,NaN,NaN,NaN,NaN,0.119828,-3.837476,1.668489,-0.068581,-6.919766,-1.876727,-10.035717,-9.920177,-9.340229
27.979643,NaN,NaN,NaN,NaN,0.119962,-3.837808,1.668517,-0.068602,-6.919745,-1.876648,-10.035606,-9.920258,-9.341953
27.992420,NaN,NaN,NaN,NaN,0.120094,-3.838456,1.668543,-0.068623,-6.919704,-1.876566,-10.035496,-9.920437,-9.343681
28.001600,NaN,NaN,NaN,NaN,0.120223,-3.838807,1.668645,-0.068643,-6.919692,-1.876379,-10.035385,-9.920502,-9.347057
28.011545,NaN,NaN,NaN,NaN,0.120503,-3.839152,1.668693,-0.068655,-6.919681,-1.876282,-10.035114,-9.920570,-9.348747
28.020109,NaN,NaN,NaN,NaN,0.120640,-3.839492,1.668740,-0.068661,-6.919671,-1.876183,-10.034985,-9.920643,-9.350437
28.031673,NaN,NaN,NaN,NaN,0.120907,-3.839827,1.668784,-0.068673,-6.919660,-1.876082,-10.034733,-9.920723,-9.352131
28.041224,NaN,NaN,NaN,NaN,0.121054,-3.840508,1.668906,-0.068671,-6.919626,-1.875866,-10.034599,-9.920879,-9.355423
28.052058,NaN,NaN,NaN,NaN,0.121200,-3.840855,1.668965,-0.068668,-6.919602,-1.875756,-10.034473,-9.920956,-9.357109
28.060195,NaN,NaN,NaN,NaN,0.121343,-3.841196,1.669026,-0.068666,-6.919579,-1.875651,-10.034351,-9.921036,-9.358883
28.071509,NaN,NaN,NaN,NaN,0.121620,-3.841531,1.669119,-0.068653,-6.919557,-1.875544,-10.034161,-9.921124,-9.360722
28.081332,NaN,NaN,NaN,NaN,0.121755,-3.842237,1.669324,-0.068643,-6.919463,-1.875370,-10.034065,-9.921253,-9.364788
28.092469,NaN,NaN,NaN,NaN,0.121888,-3.842921,1.669439,-0.068633,-6.919374,-1.875313,-10.033978,-9.921410,-9.367027
28.111384,NaN,NaN,NaN,NaN,0.122162,-3.843282,1.669769,-0.068598,-6.919286,-1.875293,-10.033787,-9.921467,-9.371841
28.120248,NaN,NaN,NaN,NaN,0.122305,-3.843986,1.670178,-0.068574,-6.919116,-1.875443,-10.033688,-9.921597,-9.377132
28.131724,NaN,NaN,NaN,NaN,0.122582,-3.844329,1.670446,-0.068524,-6.919034,-1.875619,-10.033504,-9.921673,-9.379932
28.141049,NaN,NaN,NaN,NaN,0.122732,-3.844699,1.670744,-0.068496,-6.918928,-1.875860,-10.033401,-9.921719,-9.382816
28.151588,NaN,NaN,NaN,NaN,0.122880,-3.845420,1.671074,-0.068467,-6.918719,-1.876170,-10.033298,-9.921833,-9.385773
28.161418,NaN,NaN,NaN,NaN,0.123168,-3.845772,1.671873,-0.068409,-6.918619,-1.877063,-10.033100,-9.921909,-9.391907
28.171768,NaN,NaN,NaN,NaN,0.123315,-3.846150,1.672347,-0.068379,-6.918505,-1.877657,-10.032990,-9.921955,-9.395069
28.181781,NaN,NaN,NaN,NaN,0.123459,-3.846522,1.672865,-0.068348,-6.918393,-1.878346,-10.032883,-9.922012,-9.398270
28.192949,NaN,NaN,NaN,NaN,0.123742,-3.846887,1.673430,-0.068289,-6.918282,-1.879135,-10.032665,-9.922070,-9.401497
28.202334,NaN,NaN,NaN,NaN,0.123898,-3.847628,1.674053,-0.068265,-6.918053,-1.880104,-10.032543,-9.922176,-9.404816
28.211636,NaN,NaN,NaN,NaN,0.124051,-3.848004,1.675459,-0.068241,-6.917935,-1.882375,-10.032425,-9.922222,-9.411484
28.220895,NaN,NaN,NaN,NaN,0.124202,-3.848373,1.676246,-0.068217,-6.917819,-1.883687,-10.032310,-9.922272,-9.414818
28.231797,NaN,NaN,NaN,NaN,0.124350,-3.848735,1.677082,-0.068194,-6.917705,-1.885243,-10.032196,-9.922340,-9.418194
28.242089,NaN,NaN,NaN,NaN,0.124514,-3.849491,1.678937,-0.068173,-6.917445,-1.888735,-10.032078,-9.922413,-9.424915
28.251522,NaN,NaN,NaN,NaN,0.124836,-3.849859,1.679959,-0.068129,-6.917319,-1.890678,-10.031803,-9.922462,-9.428246
28.260833,NaN,NaN,NaN,NaN,0.124992,-3.850221,1.681019,-0.068107,-6.917195,-1.892914,-10.031670,-9.922512,-9.431568
28.273341,NaN,NaN,NaN,NaN,0.125170,-3.850613,1.682147,-0.068085,-6.917047,-1.895287,-10.031540,-9.922527,-9.434864
28.280258,NaN,NaN,NaN,NaN,0.125345,-3.851376,1.683347,-0.068063,-6.916759,-1.897793,-10.031418,-9.922569,-9.438129
28.292956,NaN,NaN,NaN,NaN,0.125686,-3.851746,1.685959,-0.068018,-6.916619,-1.903238,-10.031178,-9.922596,-9.444557
28.300586,NaN,NaN,NaN,NaN,0.125852,-3.852111,1.687344,-0.067996,-6.916482,-1.906382,-10.031063,-9.922634,-9.447697
28.311403,NaN,NaN,NaN,NaN,0.126032,-3.852504,1.688803,-0.067980,-6.916329,-1.909672,-10.030937,-9.922634,-9.450798
28.320225,NaN,NaN,NaN,NaN,0.126208,-3.853269,1.690336,-0.067964,-6.916033,-1.913112,-10.030815,-9.922661,-9.453850
28.331926,NaN,NaN,NaN,NaN,0.126552,-3.853642,1.693587,-0.067930,-6.915890,-1.920657,-10.030582,-9.922684,-9.459785
28.340847,NaN,NaN,NaN,NaN,0.126727,-3.854045,1.695307,-0.067926,-6.915733,-1.924762,-10.030468,-9.922668,-9.462666
28.352746,NaN,NaN,NaN,NaN,0.126900,-3.854831,1.698996,-0.067920,-6.915430,-1.933407,-10.030354,-9.922676,-9.468288
28.360695,NaN,NaN,NaN,NaN,0.127070,-3.855214,1.700899,-0.067915,-6.915284,-1.938195,-10.030243,-9.922691,-9.470985
28.371833,NaN,NaN,NaN,NaN,0.127407,-3.855617,1.702882,-0.067918,-6.915134,-1.943136,-10.030033,-9.922657,-9.473637
28.380227,NaN,NaN,NaN,NaN,0.127574,-3.856012,1.704947,-0.067927,-6.914988,-1.948232,-10.029934,-9.922634,-9.476238
28.392978,NaN,NaN,NaN,NaN,0.127739,-3.856399,1.707093,-0.067935,-6.914844,-1.953484,-10.029839,-9.922619,-9.478794
28.400500,NaN,NaN,NaN,NaN,0.127901,-3.857176,1.711481,-0.067942,-6.914545,-1.964937,-10.029743,-9.922562,-9.483635
28.411446,NaN,NaN,NaN,NaN,0.128224,-3.857564,1.713797,-0.067953,-6.914389,-1.970896,-10.029545,-9.922516,-9.485985
28.420183,NaN,NaN,NaN,NaN,0.128381,-3.857945,1.716210,-0.067957,-6.914237,-1.976994,-10.029449,-9.922482,-9.488289
28.431505,NaN,NaN,NaN,NaN,0.128537,-3.858319,1.718613,-0.067962,-6.914087,-1.983519,-10.029362,-9.922455,-9.490475
28.440185,NaN,NaN,NaN,NaN,0.128869,-3.859115,1.723669,-0.067995,-6.913779,-1.997024,-10.029156,-9.922356,-9.494705
28.452474,NaN,NaN,NaN,NaN,0.129031,-3.859501,1.726320,-0.068011,-6.913630,-2.004008,-10.029053,-9.922318,-9.496758
28.461282,NaN,NaN,NaN,NaN,0.129192,-3.859880,1.728929,-0.068026,-6.913483,-2.011414,-10.028957,-9.922291,-9.498695
28.471547,NaN,NaN,NaN,NaN,0.129372,-3.860285,1.731618,-0.068041,-6.913334,-2.018974,-10.028831,-9.922268,-9.500595
28.481029,NaN,NaN,NaN,NaN,0.129725,-3.860681,1.734386,-0.068070,-6.913188,-2.026688,-10.028606,-9.922253,-9.502460
28.493465,NaN,NaN,NaN,NaN,0.129896,-3.861452,1.740022,-0.068085,-6.912906,-2.042852,-10.028503,-9.922249,-9.506008
28.500744,NaN,NaN,NaN,NaN,0.130068,-3.861858,1.742883,-0.068100,-6.912775,-2.051302,-10.028374,-9.922226,-9.507690
28.511480,NaN,NaN,NaN,NaN,0.130237,-3.862257,1.745818,-0.068114,-6.912645,-2.059904,-10.028248,-9.922215,-9.509338
28.520274,NaN,NaN,NaN,NaN,0.130403,-3.863029,1.751732,-0.068127,-6.912397,-2.077849,-10.028122,-9.922215,-9.512463
28.531560,NaN,NaN,NaN,NaN,0.130722,-3.863433,1.754704,-0.068143,-6.912284,-2.087193,-10.027859,-9.922195,-9.513943
28.541002,NaN,NaN,NaN,NaN,0.130875,-3.863829,1.757736,-0.068145,-6.912175,-2.096688,-10.027721,-9.922184,-9.515385
28.553564,NaN,NaN,NaN,NaN,0.131026,-3.864596,1.760827,-0.068148,-6.911964,-2.106335,-10.027580,-9.922184,-9.516800
28.561456,NaN,NaN,NaN,NaN,0.131173,-3.864967,1.767037,-0.068150,-6.911863,-2.126354,-10.027447,-9.922195,-9.519482
28.573127,NaN,NaN,NaN,NaN,0.131460,-3.865378,1.770130,-0.068159,-6.911773,-2.136728,-10.027172,-9.922180,-9.520744
28.581416,NaN,NaN,NaN,NaN,0.131598,-3.865780,1.773261,-0.068166,-6.911685,-2.147257,-10.027035,-9.922176,-9.521988
28.592547,NaN,NaN,NaN,NaN,0.131734,-3.866559,1.776428,-0.068172,-6.911516,-2.157940,-10.026897,-9.922192,-9.523209
28.600640,NaN,NaN,NaN,NaN,0.131868,-3.866984,1.782562,-0.068178,-6.911438,-2.180282,-10.026768,-9.922173,-9.525452
28.611532,NaN,NaN,NaN,NaN,0.132154,-3.867401,1.785662,-0.068183,-6.911361,-2.191682,-10.026524,-9.922161,-9.526543
28.620377,NaN,NaN,NaN,NaN,0.132294,-3.867808,1.788781,-0.068185,-6.911288,-2.203234,-10.026405,-9.922157,-9.527615
28.631540,NaN,NaN,NaN,NaN,0.132432,-3.868206,1.791769,-0.068188,-6.911216,-2.215191,-10.026291,-9.922161,-9.528603
28.641281,NaN,NaN,NaN,NaN,0.132597,-3.869058,1.797717,-0.068188,-6.911078,-2.239575,-10.026180,-9.922138,-9.530533
28.652275,NaN,NaN,NaN,NaN,0.132919,-3.869872,1.800672,-0.068187,-6.910950,-2.251999,-10.025967,-9.922161,-9.531471
28.671519,NaN,NaN,NaN,NaN,0.133253,-3.870722,1.806323,-0.068183,-6.910828,-2.277713,-10.025780,-9.922157,-9.533176
28.680016,NaN,NaN,NaN,NaN,0.133600,-3.871133,1.809111,-0.068176,-6.910770,-2.290798,-10.025612,-9.922169,-9.534016
28.693272,NaN,NaN,NaN,NaN,0.133768,-3.871534,1.814520,-0.068173,-6.910716,-2.317595,-10.025536,-9.922184,-9.535599
28.700893,NaN,NaN,NaN,NaN,0.133948,-3.871958,1.817110,-0.068162,-6.910664,-2.331330,-10.025467,-9.922180,-9.536354
28.711368,NaN,NaN,NaN,NaN,0.134124,-3.872372,1.819643,-0.068152,-6.910614,-2.345217,-10.025402,-9.922176,-9.537102
28.720343,NaN,NaN,NaN,NaN,0.134296,-3.873172,1.822116,-0.068141,-6.910523,-2.359254,-10.025341,-9.922192,-9.537846
28.731777,NaN,NaN,NaN,NaN,0.134645,-3.873592,1.826796,-0.068106,-6.910469,-2.388062,-10.025192,-9.922173,-9.539185
28.740410,NaN,NaN,NaN,NaN,0.134822,-3.874003,1.829040,-0.068084,-6.910417,-2.402681,-10.025120,-9.922165,-9.539852
28.752351,NaN,NaN,NaN,NaN,0.135166,-3.875204,1.831219,-0.068040,-6.910257,-2.417441,-10.024982,-9.922115,-9.540520
28.771474,NaN,NaN,NaN,NaN,0.135551,-3.875604,1.837205,-0.067966,-6.910196,-2.462933,-10.024822,-9.922070,-9.542366
28.779960,NaN,NaN,NaN,NaN,0.135739,-3.875994,1.839019,-0.067930,-6.910137,-2.478386,-10.024746,-9.922035,-9.542999
28.791863,NaN,NaN,NaN,NaN,0.135923,-3.876763,1.840736,-0.067894,-6.910021,-2.494064,-10.024662,-9.921932,-9.543571
28.801369,NaN,NaN,NaN,NaN,0.136154,-3.877141,1.843921,-0.067839,-6.909962,-2.525801,-10.024563,-9.921864,-9.544727
28.811358,NaN,NaN,NaN,NaN,0.136604,-3.877509,1.845393,-0.067731,-6.909906,-2.541853,-10.024372,-9.921803,-9.545319
28.820669,NaN,NaN,NaN,NaN,0.136823,-3.877868,1.846786,-0.067678,-6.909853,-2.558024,-10.024284,-9.921753,-9.545914
28.831547,NaN,NaN,NaN,NaN,0.137038,-3.878218,1.848109,-0.067626,-6.909803,-2.574381,-10.024197,-9.921719,-9.546440
28.840079,NaN,NaN,NaN,NaN,0.137290,-3.878948,1.850437,-0.067566,-6.909707,-2.607477,-10.024097,-9.921562,-9.547535
28.853065,NaN,NaN,NaN,NaN,0.137783,-3.879299,1.851476,-0.067449,-6.909661,-2.624189,-10.023933,-9.921494,-9.548100
28.861709,NaN,NaN,NaN,NaN,0.138024,-3.879641,1.852487,-0.067392,-6.909619,-2.641053,-10.023853,-9.921440,-9.548618
28.871398,NaN,NaN,NaN,NaN,0.138293,-3.879992,1.853424,-0.067342,-6.909583,-2.658017,-10.023758,-9.921333,-9.549152
28.880048,NaN,NaN,NaN,NaN,0.138557,-3.880668,1.855095,-0.067292,-6.909516,-2.692230,-10.023663,-9.921169,-9.550259
28.892107,NaN,NaN,NaN,NaN,0.139073,-3.880992,1.855890,-0.067194,-6.909486,-2.709514,-10.023483,-9.921108,-9.550797
28.900544,NaN,NaN,NaN,NaN,0.139346,-3.881318,1.856630,-0.067150,-6.909470,-2.726883,-10.023373,-9.920998,-9.551357
28.911414,NaN,NaN,NaN,NaN,0.139614,-3.881635,1.857279,-0.067107,-6.909456,-2.744350,-10.023258,-9.920898,-9.551933
28.920203,NaN,NaN,NaN,NaN,0.140137,-3.882242,1.857871,-0.067022,-6.909433,-2.761897,-10.023037,-9.920731,-9.552521
28.931413,NaN,NaN,NaN,NaN,0.140414,-3.882537,1.859043,-0.066983,-6.909441,-2.797235,-10.022911,-9.920609,-9.553654
28.940746,NaN,NaN,NaN,NaN,0.140687,-3.882823,1.859568,-0.066944,-6.909452,-2.815007,-10.022789,-9.920494,-9.554237
28.953633,NaN,NaN,NaN,NaN,0.141219,-3.883101,1.860587,-0.066869,-6.909464,-2.850736,-10.022552,-9.920376,-9.555408
28.961598,NaN,NaN,NaN,NaN,0.141508,-3.883641,1.861092,-0.066837,-6.909489,-2.868686,-10.022423,-9.920124,-9.556000
28.971966,NaN,NaN,NaN,NaN,0.141791,-3.883903,1.861582,-0.066805,-6.909502,-2.886689,-10.022297,-9.919987,-9.556602
28.981650,NaN,NaN,NaN,NaN,0.142070,-3.884157,1.862028,-0.066773,-6.909516,-2.904754,-10.022175,-9.919865,-9.557220
28.993068,NaN,NaN,NaN,NaN,0.142345,-3.884652,1.863061,-0.066742,-6.909533,-2.941004,-10.022057,-9.919601,-9.558441
29.001261,NaN,NaN,NaN,NaN,0.142631,-3.884895,1.863577,-0.066704,-6.909536,-2.959191,-10.021923,-9.919460,-9.559067
29.012061,NaN,NaN,NaN,NaN,0.143190,-3.885356,1.864100,-0.066630,-6.909546,-2.977416,-10.021671,-9.919205,-9.559708
29.031600,NaN,NaN,NaN,NaN,0.143743,-3.885600,1.865386,-0.066551,-6.909536,-3.013876,-10.021389,-9.919041,-9.560982
29.041269,NaN,NaN,NaN,NaN,0.144018,-3.886063,1.866773,-0.066509,-6.909522,-3.050451,-10.021233,-9.918739,-9.562294
29.053572,NaN,NaN,NaN,NaN,0.144554,-3.886283,1.867603,-0.066429,-6.909517,-3.068741,-10.020935,-9.918610,-9.562943
29.060507,NaN,NaN,NaN,NaN,0.144818,-3.886538,1.868473,-0.066373,-6.909489,-3.087051,-10.020771,-9.918430,-9.563599
29.071450,NaN,NaN,NaN,NaN,0.145079,-3.886785,1.869387,-0.066317,-6.909463,-3.105380,-10.020611,-9.918262,-9.564266
29.080664,NaN,NaN,NaN,NaN,0.145334,-3.887250,1.870351,-0.066263,-6.909415,-3.123723,-10.020451,-9.917965,-9.564941
29.091576,NaN,NaN,NaN,NaN,0.145832,-3.887470,1.872534,-0.066157,-6.909393,-3.160397,-10.020153,-9.917835,-9.566303
29.100528,NaN,NaN,NaN,NaN,0.146077,-3.887716,1.873763,-0.066091,-6.909355,-3.178721,-10.019993,-9.917656,-9.566986
29.112321,NaN,NaN,NaN,NaN,0.146317,-3.887954,1.876415,-0.066026,-6.909318,-3.215382,-10.019840,-9.917488,-9.568371
29.121786,NaN,NaN,NaN,NaN,0.146554,-3.888403,1.877921,-0.065961,-6.909251,-3.233659,-10.019688,-9.917194,-9.569054
29.131472,NaN,NaN,NaN,NaN,0.147012,-3.888639,1.879507,-0.065815,-6.909216,-3.251935,-10.019379,-9.917030,-9.569740
29.140250,NaN,NaN,NaN,NaN,0.147234,-3.888866,1.881176,-0.065734,-6.909184,-3.270207,-10.019218,-9.916878,-9.570431
29.151364,NaN,NaN,NaN,NaN,0.147451,-3.889296,1.882931,-0.065654,-6.909123,-3.288472,-10.019077,-9.916611,-9.571125
29.160029,NaN,NaN,NaN,NaN,0.147864,-3.889527,1.886909,-0.065481,-6.909089,-3.324811,-10.018787,-9.916454,-9.572514
29.171317,NaN,NaN,NaN,NaN,0.148059,-3.889751,1.889042,-0.065388,-6.909056,-3.342963,-10.018639,-9.916313,-9.573215
29.193182,NaN,NaN,NaN,NaN,0.148250,-3.889966,1.891273,-0.065296,-6.909025,-3.361101,-10.018494,-9.916183,-9.573917
29.204045,NaN,NaN,NaN,NaN,0.148437,-3.890393,1.893702,-0.065205,-6.908968,-3.379121,-10.018353,-9.915943,-9.574612
29.212757,NaN,NaN,NaN,NaN,0.148610,-3.890606,1.898875,-0.065101,-6.908942,-3.415106,-10.018208,-9.915817,-9.576004
29.224542,NaN,NaN,NaN,NaN,0.148946,-3.890809,1.901623,-0.064897,-6.908918,-3.433068,-10.017902,-9.915707,-9.576702
29.233177,NaN,NaN,NaN,NaN,0.149109,-3.891005,1.904583,-0.064796,-6.908895,-3.450902,-10.017757,-9.915604,-9.577393
29.243592,NaN,NaN,NaN,NaN,0.149273,-3.891203,1.907656,-0.064688,-6.908872,-3.468712,-10.017605,-9.915485,-9.578087
29.252816,NaN,NaN,NaN,NaN,0.149589,-3.891575,1.910843,-0.064476,-6.908831,-3.486496,-10.017319,-9.915268,-9.578781
29.264046,NaN,NaN,NaN,NaN,0.149741,-3.891749,1.917670,-0.064372,-6.908812,-3.521867,-10.017181,-9.915169,-9.580154
29.272994,NaN,NaN,NaN,NaN,0.149900,-3.891908,1.921315,-0.064266,-6.908797,-3.539445,-10.017040,-9.915047,-9.580837
29.283832,NaN,NaN,NaN,NaN,0.150054,-3.892060,1.925078,-0.064161,-6.908783,-3.556989,-10.016895,-9.914936,-9.581516
29.292906,NaN,NaN,NaN,NaN,0.150205,-3.892204,1.928961,-0.064058,-6.908771,-3.574500,-10.016754,-9.914833,-9.582199
29.303604,NaN,NaN,NaN,NaN,0.150502,-3.892464,1.937304,-0.063860,-6.908765,-3.609188,-10.016479,-9.914623,-9.583519
29.312440,NaN,NaN,NaN,NaN,0.150649,-3.892578,1.941655,-0.063766,-6.908773,-3.626475,-10.016346,-9.914520,-9.584179
29.324375,NaN,NaN,NaN,NaN,0.150791,-3.892686,1.946124,-0.063672,-6.908781,-3.643723,-10.016216,-9.914436,-9.584835
29.332914,NaN,NaN,NaN,NaN,0.150931,-3.892866,1.950820,-0.063580,-6.908820,-3.660802,-10.016090,-9.914253,-9.585468
29.343746,NaN,NaN,NaN,NaN,0.151213,-3.892940,1.960575,-0.063398,-6.908850,-3.694822,-10.015862,-9.914154,-9.586731
29.353664,NaN,NaN,NaN,NaN,0.151349,-3.893007,1.965633,-0.063309,-6.908881,-3.711759,-10.015751,-9.914062,-9.587364
29.364091,NaN,NaN,NaN,NaN,0.151481,-3.893120,1.970808,-0.063221,-6.908947,-3.728650,-10.015644,-9.913910,-9.587994
29.376323,NaN,NaN,NaN,NaN,0.151609,-3.893170,1.976194,-0.063134,-6.908988,-3.745353,-10.015541,-9.913841,-9.588593
29.385843,NaN,NaN,NaN,NaN,0.151841,-3.893214,1.987307,-0.062972,-6.909030,-3.778612,-10.015312,-9.913780,-9.589790
29.393482,NaN,NaN,NaN,NaN,0.151952,-3.893251,1.993032,-0.062893,-6.909073,-3.795165,-10.015202,-9.913727,-9.590393
29.404361,NaN,NaN,NaN,NaN,0.152058,-3.893283,1.998941,-0.062815,-6.909118,-3.811523,-10.015110,-9.913685,-9.590969
29.412898,NaN,NaN,NaN,NaN,0.152254,-3.893330,2.011110,-0.062662,-6.909217,-3.844056,-10.014912,-9.913582,-9.592129
29.425028,NaN,NaN,NaN,NaN,0.152347,-3.893345,2.017354,-0.062588,-6.909268,-3.860240,-10.014816,-9.913544,-9.592709
29.433030,NaN,NaN,NaN,NaN,0.152437,-3.893354,2.023757,-0.062515,-6.909319,-3.876227,-10.014725,-9.913517,-9.593262
29.443739,NaN,NaN,NaN,NaN,0.152522,-3.893350,2.030261,-0.062440,-6.909368,-3.892156,-10.014614,-9.913479,-9.593819
29.452883,NaN,NaN,NaN,NaN,0.152604,-3.893325,2.036866,-0.062367,-6.909467,-3.908028,-10.014503,-9.913429,-9.594391
29.463765,NaN,NaN,NaN,NaN,0.152759,-3.893303,2.050402,-0.062224,-6.909517,-3.939461,-10.014294,-9.913418,-9.595512
29.474413,NaN,NaN,NaN,NaN,0.152837,-3.893264,2.057330,-0.062157,-6.909570,-3.955020,-10.014168,-9.913383,-9.596066
29.483557,NaN,NaN,NaN,NaN,0.152912,-3.893220,2.064367,-0.062091,-6.909622,-3.970507,-10.014046,-9.913361,-9.596619
29.493574,NaN,NaN,NaN,NaN,0.153054,-3.893113,2.071494,-0.061964,-6.909729,-3.985932,-10.013809,-9.913338,-9.597176
29.504004,NaN,NaN,NaN,NaN,0.153122,-3.893054,2.086055,-0.061910,-6.909808,-4.016311,-10.013680,-9.913319,-9.598217
29.512329,NaN,NaN,NaN,NaN,0.153187,-3.892989,2.093459,-0.061858,-6.909888,-4.031409,-10.013557,-9.913311,-9.598743
29.524912,NaN,NaN,NaN,NaN,0.153249,-3.892918,2.100942,-0.061806,-6.909966,-4.046444,-10.013435,-9.913307,-9.599277
29.532764,NaN,NaN,NaN,NaN,0.153308,-3.892772,2.116183,-0.061755,-6.910146,-4.076031,-10.013321,-9.913288,-9.600269
29.543994,NaN,NaN,NaN,NaN,0.153403,-3.892696,2.123912,-0.061667,-6.910246,-4.090732,-10.013077,-9.913273,-9.600773
29.552498,NaN,NaN,NaN,NaN,0.153446,-3.892614,2.131733,-0.061625,-6.910347,-4.105354,-10.012959,-9.913265,-9.601280
29.564008,NaN,NaN,NaN,NaN,0.153487,-3.892450,2.139646,-0.061584,-6.910560,-4.119769,-10.012844,-9.913250,-9.601761
29.574081,NaN,NaN,NaN,NaN,0.153569,-3.892367,2.155663,-0.061494,-6.910672,-4.148413,-10.012589,-9.913235,-9.602745
29.583533,NaN,NaN,NaN,NaN,0.153605,-3.892279,2.163762,-0.061452,-6.910784,-4.162641,-10.012459,-9.913227,-9.603245
29.592745,NaN,NaN,NaN,NaN,0.153640,-3.892186,2.171940,-0.061410,-6.910895,-4.176656,-10.012333,-9.913223,-9.603725
29.604640,NaN,NaN,NaN,NaN,0.153660,-3.892107,2.180173,-0.061363,-6.911025,-4.190611,-10.012199,-9.913204,-9.604214
29.612323,NaN,NaN,NaN,NaN,0.153694,-3.891936,2.196790,-0.061272,-6.911282,-4.218334,-10.011948,-9.913166,-9.605202
29.624695,NaN,NaN,NaN,NaN,0.153708,-3.891842,2.205197,-0.061228,-6.911410,-4.232085,-10.011826,-9.913147,-9.605705
29.632424,NaN,NaN,NaN,NaN,0.153720,-3.891744,2.213657,-0.061185,-6.911537,-4.245635,-10.011707,-9.913136,-9.606201
29.643709,NaN,NaN,NaN,NaN,0.153727,-3.891668,2.222159,-0.061143,-6.911679,-4.259123,-10.011593,-9.913113,-9.606705
29.652650,NaN,NaN,NaN,NaN,0.153736,-3.891500,2.239279,-0.061061,-6.911961,-4.285915,-10.011375,-9.913097,-9.607731
29.663910,NaN,NaN,NaN,NaN,0.153739,-3.891408,2.247896,-0.061022,-6.912100,-4.299078,-10.011269,-9.913097,-9.608234
29.672449,NaN,NaN,NaN,NaN,0.153733,-3.891335,2.256546,-0.060986,-6.912232,-4.312182,-10.011162,-9.913097,-9.608742
29.684592,NaN,NaN,NaN,NaN,0.153726,-3.891257,2.265227,-0.060951,-6.912364,-4.325227,-10.011055,-9.913109,-9.609261
29.693592,NaN,NaN,NaN,NaN,0.153718,-3.891085,2.282726,-0.060917,-6.912626,-4.350989,-10.010956,-9.913151,-9.610317
29.703760,NaN,NaN,NaN,NaN,0.153690,-3.891018,2.291511,-0.060848,-6.912755,-4.363724,-10.010750,-9.913158,-9.610847
29.712713,NaN,NaN,NaN,NaN,0.153670,-3.890945,2.300318,-0.060813,-6.912883,-4.376402,-10.010647,-9.913174,-9.611382
29.724648,NaN,NaN,NaN,NaN,0.153627,-3.890867,2.317989,-0.060746,-6.913012,-4.401472,-10.010452,-9.913197,-9.612469
29.732695,NaN,NaN,NaN,NaN,0.153578,-3.890713,2.326850,-0.060702,-6.913260,-4.413867,-10.010349,-9.913212,-9.613018
29.744344,NaN,NaN,NaN,NaN,0.153528,-3.890638,2.335724,-0.060658,-6.913382,-4.426207,-10.010250,-9.913208,-9.613575
29.753882,NaN,NaN,NaN,NaN,0.153478,-3.890557,2.344612,-0.060615,-6.913503,-4.438492,-10.010155,-9.913212,-9.614136
29.764340,NaN,NaN,NaN,NaN,0.153427,-3.890391,2.353540,-0.060573,-6.913736,-4.450612,-10.010056,-9.913208,-9.614689
29.775341,NaN,NaN,NaN,NaN,0.153279,-3.890306,2.371422,-0.060441,-6.913848,-4.474691,-10.009853,-9.913200,-9.615807
29.784906,NaN,NaN,NaN,NaN,0.153205,-3.890217,2.380373,-0.060376,-6.913961,-4.486651,-10.009758,-9.913200,-9.616375
29.792760,NaN,NaN,NaN,NaN,0.153131,-3.890122,2.389304,-0.060313,-6.914074,-4.498463,-10.009666,-9.913208,-9.616943
29.803773,NaN,NaN,NaN,NaN,0.153026,-3.890049,2.398239,-0.060220,-6.914179,-4.510224,-10.009571,-9.913197,-9.617516
29.813045,NaN,NaN,NaN,NaN,0.152817,-3.889889,2.407175,-0.060037,-6.914387,-4.521935,-10.009373,-9.913197,-9.618095
29.824072,NaN,NaN,NaN,NaN,0.152712,-3.889801,2.425014,-0.059948,-6.914492,-4.545134,-10.009274,-9.913204,-9.619274
29.833217,NaN,NaN,NaN,NaN,0.152597,-3.889718,2.433945,-0.059843,-6.914589,-4.556607,-10.009163,-9.913197,-9.619865
29.843529,NaN,NaN,NaN,NaN,0.152484,-3.889630,2.442872,-0.059740,-6.914687,-4.568033,-10.009056,-9.913197,-9.620461
29.853044,NaN,NaN,NaN,NaN,0.152371,-3.889440,2.460668,-0.059638,-6.914882,-4.590678,-10.008953,-9.913208,-9.621662
29.864619,NaN,NaN,NaN,NaN,0.152143,-3.889352,2.469533,-0.059429,-6.914959,-4.601900,-10.008751,-9.913200,-9.622272
29.873399,NaN,NaN,NaN,NaN,0.152030,-3.889259,2.478391,-0.059322,-6.915037,-4.613077,-10.008656,-9.913200,-9.622883
29.885008,NaN,NaN,NaN,NaN,0.151917,-3.889162,2.496077,-0.059217,-6.915115,-4.635296,-10.008564,-9.913208,-9.624123
29.895171,NaN,NaN,NaN,NaN,0.151694,-3.888955,2.504834,-0.059011,-6.915273,-4.646283,-10.008392,-9.913242,-9.624744
29.903573,NaN,NaN,NaN,NaN,0.151570,-3.888865,2.513609,-0.058901,-6.915333,-4.657211,-10.008305,-9.913250,-9.625370
29.912153,NaN,NaN,NaN,NaN,0.151447,-3.888769,2.522372,-0.058793,-6.915392,-4.668096,-10.008221,-9.913269,-9.625996
29.923698,NaN,NaN,NaN,NaN,0.151325,-3.888566,2.531121,-0.058686,-6.915514,-4.678939,-10.008141,-9.913315,-9.626629
29.933681,NaN,NaN,NaN,NaN,0.151205,-3.888471,2.548457,-0.058581,-6.915543,-4.700361,-10.008060,-9.913326,-9.627937
29.943507,NaN,NaN,NaN,NaN,0.150937,-3.888372,2.557103,-0.058368,-6.915573,-4.711013,-10.007874,-9.913345,-9.628593
29.952578,NaN,NaN,NaN,NaN,0.150806,-3.888269,2.565732,-0.058262,-6.915604,-4.721626,-10.007782,-9.913372,-9.629253
29.963757,NaN,NaN,NaN,NaN,0.150676,-3.888058,2.574298,-0.058158,-6.915661,-4.732124,-10.007694,-9.913422,-9.629932
29.972528,NaN,NaN,NaN,NaN,0.150415,-3.887950,2.591431,-0.057952,-6.915688,-4.752976,-10.007477,-9.913448,-9.631298
29.984463,NaN,NaN,NaN,NaN,0.150287,-3.887725,2.599969,-0.057850,-6.915745,-4.763346,-10.007370,-9.913513,-9.631985
30.003527,NaN,NaN,NaN,NaN,0.150029,-3.887619,2.616908,-0.057655,-6.915770,-4.783842,-10.007149,-9.913544,-9.633404
30.012313,NaN,NaN,NaN,NaN,0.149899,-3.887509,2.625347,-0.057562,-6.915797,-4.794036,-10.007030,-9.913582,-9.634117
30.023570,NaN,NaN,NaN,NaN,0.149643,-3.887279,2.642117,-0.057378,-6.915855,-4.814241,-10.006805,-9.913673,-9.635555
30.032873,NaN,NaN,NaN,NaN,0.149507,-3.887168,2.650448,-0.057295,-6.915872,-4.824253,-10.006672,-9.913723,-9.636284
30.043472,NaN,NaN,NaN,NaN,0.149373,-3.887053,2.658783,-0.057212,-6.915891,-4.834218,-10.006538,-9.913776,-9.637009
30.052926,NaN,NaN,NaN,NaN,0.149111,-3.886814,2.675334,-0.057050,-6.915932,-4.853990,-10.006290,-9.913898,-9.638504
30.063731,NaN,NaN,NaN,NaN,0.148956,-3.886696,2.683551,-0.056980,-6.915950,-4.863798,-10.006134,-9.913963,-9.639259
30.072335,NaN,NaN,NaN,NaN,0.148805,-3.886575,2.691744,-0.056910,-6.915970,-4.873575,-10.005978,-9.914036,-9.640015
30.084539,NaN,NaN,NaN,NaN,0.148510,-3.886322,2.699912,-0.056772,-6.916016,-4.883321,-10.005684,-9.914192,-9.640766
30.103769,NaN,NaN,NaN,NaN,0.148174,-3.886085,2.724148,-0.056667,-6.916058,-4.912232,-10.005318,-9.914349,-9.643028
30.112247,NaN,NaN,NaN,NaN,0.148010,-3.885962,2.732201,-0.056615,-6.916081,-4.921795,-10.005146,-9.914433,-9.643787
30.123565,NaN,NaN,NaN,NaN,0.147850,-3.885836,2.740187,-0.056563,-6.916106,-4.931288,-10.004974,-9.914520,-9.644543
30.132504,NaN,NaN,NaN,NaN,0.147456,-3.885601,2.756082,-0.056467,-6.916136,-4.950187,-10.004566,-9.914703,-9.646053
30.143660,NaN,NaN,NaN,NaN,0.147265,-3.885479,2.763990,-0.056419,-6.916154,-4.959593,-10.004372,-9.914799,-9.646805
30.154265,NaN,NaN,NaN,NaN,0.147076,-3.885354,2.771873,-0.056372,-6.916173,-4.968971,-10.004181,-9.914898,-9.647552
30.163871,NaN,NaN,NaN,NaN,0.146891,-3.885226,2.779708,-0.056325,-6.916194,-4.978260,-10.003998,-9.915001,-9.648296
30.174791,NaN,NaN,NaN,NaN,0.146661,-3.885009,2.795298,-0.056281,-6.916217,-4.996757,-10.003777,-9.915215,-9.649807
30.187780,NaN,NaN,NaN,NaN,0.146211,-3.884896,2.803075,-0.056196,-6.916231,-5.005950,-10.003342,-9.915325,-9.650558
30.193921,NaN,NaN,NaN,NaN,0.145993,-3.884779,2.810813,-0.056153,-6.916246,-5.015047,-10.003132,-9.915436,-9.651306
30.204006,NaN,NaN,NaN,NaN,0.145733,-3.884688,2.818522,-0.056103,-6.916230,-5.024117,-10.002903,-9.915543,-9.652058
30.212048,NaN,NaN,NaN,NaN,0.145477,-3.884593,2.833860,-0.056053,-6.916216,-5.042178,-10.002678,-9.915653,-9.653553
30.223631,NaN,NaN,NaN,NaN,0.144977,-3.884392,2.841476,-0.055954,-6.916193,-5.051096,-10.002247,-9.915905,-9.654282
30.233734,NaN,NaN,NaN,NaN,0.144705,-3.884298,2.849063,-0.055898,-6.916160,-5.059990,-10.002014,-9.916027,-9.655025
30.243483,NaN,NaN,NaN,NaN,0.144173,-3.884202,2.856623,-0.055788,-6.916128,-5.068859,-10.001560,-9.916153,-9.655769
30.253294,NaN,NaN,NaN,NaN,0.143914,-3.884002,2.871681,-0.055734,-6.916070,-5.086429,-10.001343,-9.916405,-9.657234
30.263884,NaN,NaN,NaN,NaN,0.143627,-3.883901,2.879160,-0.055672,-6.916009,-5.095145,-10.001118,-9.916542,-9.657955
30.272328,NaN,NaN,NaN,NaN,0.143345,-3.883798,2.886611,-0.055610,-6.915951,-5.103837,-10.000900,-9.916676,-9.658676
30.286426,NaN,NaN,NaN,NaN,0.142796,-3.883585,2.894034,-0.055487,-6.915843,-5.112505,-10.000481,-9.916958,-9.659393
30.303586,NaN,NaN,NaN,NaN,0.142183,-3.883396,2.916082,-0.055341,-6.915722,-5.138168,-10.000065,-9.917263,-9.661488
30.312573,NaN,NaN,NaN,NaN,0.141885,-3.883299,2.923376,-0.055268,-6.915666,-5.146676,-9.999866,-9.917416,-9.662182
30.323708,NaN,NaN,NaN,NaN,0.141591,-3.883199,2.930637,-0.055196,-6.915612,-5.155090,-9.999676,-9.917572,-9.662849
30.332595,NaN,NaN,NaN,NaN,0.141261,-3.883040,2.945073,-0.055111,-6.915498,-5.171851,-9.999481,-9.917904,-9.664185
30.344142,NaN,NaN,NaN,NaN,0.140617,-3.882872,2.952249,-0.054942,-6.915392,-5.180197,-9.999111,-9.918247,-9.664848
30.363994,NaN,NaN,NaN,NaN,0.139964,-3.882802,2.966483,-0.054765,-6.915331,-5.196734,-9.998768,-9.918427,-9.666145
30.372708,NaN,NaN,NaN,NaN,0.139303,-3.882654,2.980606,-0.054581,-6.915216,-5.213182,-9.998444,-9.918789,-9.667446
30.385611,NaN,NaN,NaN,NaN,0.138981,-3.882512,2.987608,-0.054490,-6.915085,-5.221324,-9.998287,-9.919163,-9.668072
30.403552,NaN,NaN,NaN,NaN,0.138299,-3.882445,3.001557,-0.054307,-6.915011,-5.237524,-9.998009,-9.919353,-9.669323
30.412277,NaN,NaN,NaN,NaN,0.137639,-3.882304,3.015396,-0.054124,-6.914871,-5.253637,-9.997757,-9.919739,-9.670593
30.423501,NaN,NaN,NaN,NaN,0.137318,-3.882229,3.022258,-0.054034,-6.914804,-5.261623,-9.997639,-9.919933,-9.671211
30.432529,NaN,NaN,NaN,NaN,0.136965,-3.882184,3.029094,-0.053933,-6.914707,-5.269588,-9.997532,-9.920132,-9.671825
30.444265,NaN,NaN,NaN,NaN,0.136618,-3.882031,3.042683,-0.053834,-6.914430,-5.285454,-9.997429,-9.920715,-9.673054
30.463686,NaN,NaN,NaN,NaN,0.135583,-3.882003,3.056174,-0.053520,-6.914321,-5.301171,-9.997135,-9.920898,-9.674236
30.472370,NaN,NaN,NaN,NaN,0.135231,-3.881972,3.062885,-0.053405,-6.914215,-5.308993,-9.997044,-9.921085,-9.674835
30.483913,NaN,NaN,NaN,NaN,0.134544,-3.881900,3.069568,-0.053176,-6.914011,-5.316795,-9.996864,-9.921455,-9.675438
30.494262,NaN,NaN,NaN,NaN,0.134177,-3.881874,3.082844,-0.053051,-6.913891,-5.332299,-9.996780,-9.921642,-9.676582
30.504498,NaN,NaN,NaN,NaN,0.133816,-3.881844,3.089442,-0.052926,-6.913774,-5.340019,-9.996700,-9.921825,-9.677155
30.511535,NaN,NaN,NaN,NaN,0.133463,-3.881811,3.096014,-0.052802,-6.913661,-5.347719,-9.996620,-9.922012,-9.677731
30.523465,NaN,NaN,NaN,NaN,0.133115,-3.881747,3.102554,-0.052680,-6.913418,-5.355367,-9.996544,-9.922363,-9.678288
30.532824,NaN,NaN,NaN,NaN,0.132341,-3.881716,3.115577,-0.052439,-6.913289,-5.370585,-9.996368,-9.922535,-9.679398
30.544710,NaN,NaN,NaN,NaN,0.131963,-3.881682,3.122048,-0.052319,-6.913163,-5.378163,-9.996284,-9.922707,-9.679955
30.553378,NaN,NaN,NaN,NaN,0.131592,-3.881646,3.128489,-0.052201,-6.913042,-5.385679,-9.996201,-9.922878,-9.680504
30.564709,NaN,NaN,NaN,NaN,0.131184,-3.881625,3.134903,-0.052077,-6.912902,-5.393174,-9.996098,-9.923035,-9.681053
30.574528,NaN,NaN,NaN,NaN,0.130387,-3.881601,3.147651,-0.051831,-6.912766,-5.408104,-9.995895,-9.923191,-9.682159
30.590854,NaN,NaN,NaN,NaN,0.129998,-3.881542,3.153979,-0.051710,-6.912505,-5.415506,-9.995800,-9.923492,-9.682713
30.599794,NaN,NaN,NaN,NaN,0.129579,-3.881532,3.160282,-0.051585,-6.912346,-5.422889,-9.995686,-9.923622,-9.683273
30.609969,NaN,NaN,NaN,NaN,0.129168,-3.881519,3.166568,-0.051461,-6.912190,-5.430243,-9.995586,-9.923752,-9.683838
30.619142,NaN,NaN,NaN,NaN,0.128367,-3.881503,3.172827,-0.051216,-6.912039,-5.437578,-9.995403,-9.923882,-9.684399
30.630081,NaN,NaN,NaN,NaN,0.127934,-3.881484,3.185264,-0.051093,-6.911727,-5.452150,-9.995304,-9.924118,-9.685532
30.639294,NaN,NaN,NaN,NaN,0.127509,-3.881480,3.191442,-0.050971,-6.911567,-5.459405,-9.995209,-9.924225,-9.686100
30.652071,NaN,NaN,NaN,NaN,0.127091,-3.881462,3.197594,-0.050850,-6.911260,-5.466641,-9.995117,-9.924461,-9.686668
30.670316,NaN,NaN,NaN,NaN,0.125811,-3.881483,3.215899,-0.050489,-6.910956,-5.488160,-9.994858,-9.924652,-9.688423
30.678379,NaN,NaN,NaN,NaN,0.125387,-3.881489,3.221956,-0.050370,-6.910810,-5.495286,-9.994774,-9.924751,-9.689007
30.689953,NaN,NaN,NaN,NaN,0.124562,-3.881491,3.227987,-0.050134,-6.910530,-5.502391,-9.994617,-9.924946,-9.689594
30.699586,NaN,NaN,NaN,NaN,0.124138,-3.881529,3.239949,-0.050015,-6.910390,-5.516496,-9.994564,-9.925011,-9.690781
30.709712,NaN,NaN,NaN,NaN,0.123722,-3.881564,3.245890,-0.049896,-6.910254,-5.523518,-9.994507,-9.925079,-9.691372
30.719870,NaN,NaN,NaN,NaN,0.123313,-3.881595,3.251807,-0.049779,-6.910120,-5.530520,-9.994453,-9.925148,-9.691967
30.729807,NaN,NaN,NaN,NaN,0.122913,-3.881621,3.257685,-0.049662,-6.909991,-5.537485,-9.994408,-9.925220,-9.692566
30.739505,NaN,NaN,NaN,NaN,0.122089,-3.881728,3.269366,-0.049417,-6.909724,-5.551354,-9.994366,-9.925327,-9.693768
30.751651,NaN,NaN,NaN,NaN,0.121689,-3.881775,3.275175,-0.049297,-6.909595,-5.558252,-9.994343,-9.925385,-9.694370
30.760198,NaN,NaN,NaN,NaN,0.121296,-3.881819,3.280959,-0.049176,-6.909471,-5.565117,-9.994324,-9.925446,-9.694973
30.770004,NaN,NaN,NaN,NaN,0.120905,-3.881894,3.286718,-0.049045,-6.909336,-5.571962,-9.994312,-9.925499,-9.695580
30.778373,NaN,NaN,NaN,NaN,0.120521,-3.881964,3.292451,-0.048915,-6.909204,-5.578786,-9.994305,-9.925552,-9.696182
30.790125,NaN,NaN,NaN,NaN,0.119775,-3.882091,3.303831,-0.048659,-6.908951,-5.592348,-9.994308,-9.925663,-9.697403
30.799879,NaN,NaN,NaN,NaN,0.119407,-3.882182,3.309478,-0.048526,-6.908822,-5.599086,-9.994324,-9.925697,-9.698017
30.809782,NaN,NaN,NaN,NaN,0.119047,-3.882269,3.315101,-0.048394,-6.908697,-5.605803,-9.994339,-9.925735,-9.698631
30.818935,NaN,NaN,NaN,NaN,0.118346,-3.882431,3.320704,-0.048133,-6.908456,-5.612495,-9.994366,-9.925804,-9.699245
30.829970,NaN,NaN,NaN,NaN,0.117990,-3.882530,3.331815,-0.048003,-6.908341,-5.625791,-9.994392,-9.925816,-9.700466
30.838965,NaN,NaN,NaN,NaN,0.117641,-3.882626,3.337334,-0.047875,-6.908231,-5.632408,-9.994419,-9.925835,-9.701088
30.852264,NaN,NaN,NaN,NaN,0.116962,-3.882717,3.342828,-0.047623,-6.908123,-5.639004,-9.994518,-9.925854,-9.701714
30.858580,NaN,NaN,NaN,NaN,0.116636,-3.882906,3.353760,-0.047499,-6.907923,-5.652072,-9.994579,-9.925869,-9.702950
30.870042,NaN,NaN,NaN,NaN,0.116316,-3.883005,3.359189,-0.047376,-6.907831,-5.658575,-9.994637,-9.925873,-9.703568
30.878341,NaN,NaN,NaN,NaN,0.116002,-3.883099,3.364593,-0.047255,-6.907742,-5.665057,-9.994694,-9.925877,-9.704185
30.889961,NaN,NaN,NaN,NaN,0.115695,-3.883190,3.369983,-0.047135,-6.907655,-5.671467,-9.994747,-9.925873,-9.704792
30.898704,NaN,NaN,NaN,NaN,0.115077,-3.883307,3.380687,-0.046897,-6.907580,-5.684227,-9.994869,-9.925850,-9.706005
30.909938,NaN,NaN,NaN,NaN,0.114777,-3.883531,3.386001,-0.046780,-6.907440,-5.690577,-9.994923,-9.925819,-9.706612
30.919282,NaN,NaN,NaN,NaN,0.114484,-3.883636,3.391302,-0.046665,-6.907374,-5.696863,-9.994972,-9.925808,-9.707214
30.929960,NaN,NaN,NaN,NaN,0.114178,-3.883763,3.396578,-0.046552,-6.907320,-5.703130,-9.995029,-9.925766,-9.707821
30.939020,NaN,NaN,NaN,NaN,0.113585,-3.884005,3.407058,-0.046327,-6.907218,-5.715605,-9.995144,-9.925690,-9.709023
30.952246,NaN,NaN,NaN,NaN,0.113298,-3.884120,3.412261,-0.046213,-6.907171,-5.721812,-9.995197,-9.925652,-9.709625
30.960277,NaN,NaN,NaN,NaN,0.113016,-3.884232,3.417464,-0.046099,-6.907126,-5.727955,-9.995247,-9.925617,-9.710217
30.970018,NaN,NaN,NaN,NaN,0.112713,-3.884368,3.422642,-0.045982,-6.907082,-5.734080,-9.995296,-9.925560,-9.710808
30.979942,NaN,NaN,NaN,NaN,0.112415,-3.884625,3.432924,-0.045861,-6.907001,-5.746269,-9.995338,-9.925457,-9.711990
30.989977,NaN,NaN,NaN,NaN,0.111837,-3.884748,3.438047,-0.045605,-6.906965,-5.752298,-9.995415,-9.925415,-9.712559
30.999136,NaN,NaN,NaN,NaN,0.111530,-3.884899,3.443145,-0.045454,-6.906918,-5.758307,-9.995472,-9.925354,-9.713123
31.010707,NaN,NaN,NaN,NaN,0.111229,-3.885323,3.453267,-0.045295,-6.906794,-5.770265,-9.995522,-9.925251,-9.714256
31.030932,NaN,NaN,NaN,NaN,0.110336,-3.885487,3.463339,-0.044728,-6.906747,-5.782078,-9.995655,-9.925217,-9.715332
31.039060,NaN,NaN,NaN,NaN,0.110034,-3.885648,3.468340,-0.044498,-6.906704,-5.787955,-9.995701,-9.925186,-9.715870
31.051237,NaN,NaN,NaN,NaN,0.109736,-3.885955,3.473316,-0.044252,-6.906626,-5.793812,-9.995735,-9.925144,-9.716408
31.069787,NaN,NaN,NaN,NaN,0.108836,-3.886275,3.488161,-0.043352,-6.906547,-5.811127,-9.995831,-9.925087,-9.717964
31.078794,NaN,NaN,NaN,NaN,0.108540,-3.886428,3.493060,-0.043003,-6.906512,-5.816860,-9.995853,-9.925068,-9.718487
31.089993,NaN,NaN,NaN,NaN,0.108249,-3.886733,3.497955,-0.042632,-6.906434,-5.822543,-9.995861,-9.925041,-9.718994
31.099091,NaN,NaN,NaN,NaN,0.107956,-3.886886,3.507675,-0.042201,-6.906391,-5.833850,-9.995872,-9.925034,-9.720013
31.110704,NaN,NaN,NaN,NaN,0.107384,-3.887034,3.512498,-0.041267,-6.906351,-5.839474,-9.995876,-9.925034,-9.720524
31.120395,NaN,NaN,NaN,NaN,0.107107,-3.887178,3.517315,-0.040761,-6.906315,-5.845054,-9.995865,-9.925037,-9.721027
31.129960,NaN,NaN,NaN,NaN,0.106838,-3.887326,3.522107,-0.040179,-6.906272,-5.850615,-9.995846,-9.925064,-9.721535
31.138417,NaN,NaN,NaN,NaN,0.106574,-3.887609,3.526875,-0.039569,-6.906195,-5.856158,-9.995819,-9.925129,-9.722042
31.149718,NaN,NaN,NaN,NaN,0.106064,-3.887744,3.536352,-0.038262,-6.906160,-5.867147,-9.995770,-9.925167,-9.723061
31.158531,NaN,NaN,NaN,NaN,0.105829,-3.887882,3.541060,-0.037527,-6.906123,-5.872593,-9.995731,-9.925205,-9.723576
31.170096,NaN,NaN,NaN,NaN,0.105601,-3.888016,3.550405,-0.036762,-6.906089,-5.883426,-9.995689,-9.925247,-9.724598
31.192004,NaN,NaN,NaN,NaN,0.105373,-3.888272,3.555065,-0.035969,-6.906030,-5.888766,-9.995640,-9.925350,-9.725105
31.202304,NaN,NaN,NaN,NaN,0.104951,-3.888397,3.559701,-0.034252,-6.905995,-5.894088,-9.995518,-9.925411,-9.725613
31.211777,NaN,NaN,NaN,NaN,0.104758,-3.888517,3.564312,-0.033327,-6.905965,-5.899392,-9.995441,-9.925480,-9.726124
31.222658,NaN,NaN,NaN,NaN,0.104570,-3.888745,3.568900,-0.032369,-6.905912,-5.904678,-9.995350,-9.925625,-9.726631
31.231747,NaN,NaN,NaN,NaN,0.104387,-3.888853,3.578019,-0.031378,-6.905890,-5.915133,-9.995255,-9.925697,-9.727642
31.242063,NaN,NaN,NaN,NaN,0.104054,-3.888955,3.582551,-0.029247,-6.905857,-5.920301,-9.995037,-9.925781,-9.728146
31.251483,NaN,NaN,NaN,NaN,0.103903,-3.889054,3.587058,-0.028108,-6.905827,-5.925451,-9.994919,-9.925869,-9.728645
31.262143,NaN,NaN,NaN,NaN,0.103747,-3.889240,3.591542,-0.026941,-6.905776,-5.930583,-9.994797,-9.926044,-9.729149
31.271025,NaN,NaN,NaN,NaN,0.103596,-3.889333,3.600481,-0.025740,-6.905736,-5.940667,-9.994671,-9.926132,-9.730141
31.282071,NaN,NaN,NaN,NaN,0.103346,-3.889422,3.604914,-0.023145,-6.905701,-5.945683,-9.994408,-9.926228,-9.730637
31.290723,NaN,NaN,NaN,NaN,0.103228,-3.889507,3.609324,-0.021798,-6.905668,-5.950682,-9.994270,-9.926319,-9.731136
31.302441,NaN,NaN,NaN,NaN,0.103113,-3.889589,3.613719,-0.020417,-6.905639,-5.955599,-9.994129,-9.926418,-9.731621
31.311544,NaN,NaN,NaN,NaN,0.102897,-3.889734,3.622439,-0.017463,-6.905546,-5.965383,-9.993835,-9.926601,-9.732597
31.322517,NaN,NaN,NaN,NaN,0.102794,-3.889801,3.626763,-0.015937,-6.905505,-5.970249,-9.993683,-9.926697,-9.733086
31.331659,NaN,NaN,NaN,NaN,0.102684,-3.889865,3.631073,-0.014383,-6.905468,-5.975027,-9.993530,-9.926796,-9.733589
31.342290,NaN,NaN,NaN,NaN,0.102589,-3.889912,3.635358,-0.012744,-6.905406,-5.979789,-9.993382,-9.926891,-9.734097
31.351729,NaN,NaN,NaN,NaN,0.102410,-3.889956,3.639621,-0.009367,-6.905346,-5.984535,-9.993080,-9.926987,-9.734604
31.363107,NaN,NaN,NaN,NaN,0.102326,-3.890034,3.648089,-0.007630,-6.905240,-5.993900,-9.992928,-9.927185,-9.735626
31.372175,NaN,NaN,NaN,NaN,0.102260,-3.890055,3.652296,-0.005816,-6.905177,-5.998519,-9.992786,-9.927277,-9.736141
31.382271,NaN,NaN,NaN,NaN,0.102197,-3.890072,3.656480,-0.003970,-6.905117,-6.003123,-9.992645,-9.927376,-9.736656
31.392439,NaN,NaN,NaN,NaN,0.102069,-3.890087,3.664795,-0.000193,-6.905061,-6.012197,-9.992348,-9.927479,-9.737713
31.402332,NaN,NaN,NaN,NaN,0.102026,-3.890098,3.668926,0.001777,-6.904966,-6.016669,-9.992214,-9.927685,-9.738243
31.411264,NaN,NaN,NaN,NaN,0.101986,-3.890094,3.673034,0.003778,-6.904927,-6.021125,-9.992081,-9.927792,-9.738773
31.423063,NaN,NaN,NaN,NaN,0.101949,-3.890079,3.677118,0.005808,-6.904860,-6.025567,-9.991943,-9.928001,-9.739304
31.442314,NaN,NaN,NaN,NaN,0.101916,-3.890040,3.689256,0.012111,-6.904794,-6.038530,-9.991558,-9.928223,-9.740879
31.451260,NaN,NaN,NaN,NaN,0.101920,-3.890018,3.693256,0.014276,-6.904766,-6.042823,-9.991432,-9.928333,-9.741402
31.462275,NaN,NaN,NaN,NaN,0.101926,-3.889993,3.697250,0.016469,-6.904741,-6.047014,-9.991302,-9.928444,-9.741920
31.472497,NaN,NaN,NaN,NaN,0.102001,-3.889958,3.705168,0.020959,-6.904716,-6.055357,-9.991070,-9.928539,-9.742958
31.482042,NaN,NaN,NaN,NaN,0.102040,-3.889881,3.709092,0.023244,-6.904677,-6.059508,-9.990952,-9.928738,-9.743473
31.491701,NaN,NaN,NaN,NaN,0.102081,-3.889840,3.712993,0.025557,-6.904661,-6.063646,-9.990833,-9.928833,-9.743992
31.503120,NaN,NaN,NaN,NaN,0.102123,-3.889797,3.716885,0.027896,-6.904648,-6.067677,-9.990711,-9.928932,-9.744503
31.510689,NaN,NaN,NaN,NaN,0.102302,-3.889733,3.724602,0.032686,-6.904638,-6.075701,-9.990475,-9.929008,-9.745514
31.523489,NaN,NaN,NaN,NaN,0.102393,-3.889535,3.728426,0.035119,-6.904625,-6.079694,-9.990349,-9.929241,-9.746017
31.542959,NaN,NaN,NaN,NaN,0.102606,-3.889450,3.736064,0.040055,-6.904631,-6.087498,-9.990108,-9.929306,-9.747021
31.550793,NaN,NaN,NaN,NaN,0.102849,-3.889275,3.743611,0.045085,-6.904649,-6.095253,-9.989880,-9.929432,-9.748024
31.562194,NaN,NaN,NaN,NaN,0.102970,-3.889187,3.747394,0.047635,-6.904661,-6.099044,-9.989761,-9.929489,-9.748528
31.571956,NaN,NaN,NaN,NaN,0.103136,-3.889081,3.751154,0.050220,-6.904668,-6.102824,-9.989662,-9.929531,-9.749043
31.581983,NaN,NaN,NaN,NaN,0.103300,-3.888868,3.754892,0.052828,-6.904689,-6.106592,-9.989559,-9.929615,-9.749554
31.591661,NaN,NaN,NaN,NaN,0.103625,-3.888760,3.758605,0.058111,-6.904702,-6.110349,-9.989346,-9.929657,-9.750069
31.603235,NaN,NaN,NaN,NaN,0.103829,-3.888653,3.766063,0.060796,-6.904706,-6.117671,-9.989258,-9.929688,-9.751095
31.610811,NaN,NaN,NaN,NaN,0.104022,-3.888545,3.769757,0.063496,-6.904710,-6.121316,-9.989170,-9.929718,-9.751610
31.622907,NaN,NaN,NaN,NaN,0.104213,-3.888327,3.773428,0.066217,-6.904726,-6.124949,-9.989079,-9.929760,-9.752121
31.631006,NaN,NaN,NaN,NaN,0.104638,-3.888221,3.780803,0.071733,-6.904723,-6.132040,-9.988926,-9.929775,-9.753143
31.642222,NaN,NaN,NaN,NaN,0.104871,-3.888114,3.784456,0.074526,-6.904722,-6.135569,-9.988865,-9.929790,-9.753654
31.652201,NaN,NaN,NaN,NaN,0.105103,-3.888005,3.788086,0.077340,-6.904722,-6.139089,-9.988804,-9.929806,-9.754162
31.662070,NaN,NaN,NaN,NaN,0.105332,-3.887805,3.791739,0.080173,-6.904706,-6.142532,-9.988739,-9.929840,-9.754658
31.671082,NaN,NaN,NaN,NaN,0.105618,-3.887714,3.798971,0.083050,-6.904688,-6.149391,-9.988716,-9.929852,-9.755646
31.682909,NaN,NaN,NaN,NaN,0.106163,-3.887527,3.802552,0.088849,-6.904658,-6.152805,-9.988655,-9.929878,-9.756138
31.702257,NaN,NaN,NaN,NaN,0.106751,-3.887384,3.809751,0.094734,-6.904594,-6.159480,-9.988617,-9.929867,-9.757080
31.711037,NaN,NaN,NaN,NaN,0.107379,-3.887310,3.816855,0.100705,-6.904564,-6.166116,-9.988598,-9.929863,-9.758026
31.722725,NaN,NaN,NaN,NaN,0.107689,-3.887184,3.820442,0.103715,-6.904488,-6.169345,-9.988583,-9.929840,-9.758488
31.742236,NaN,NaN,NaN,NaN,0.108420,-3.887131,3.827544,0.109794,-6.904442,-6.175778,-9.988609,-9.929810,-9.759411
31.751394,NaN,NaN,NaN,NaN,0.108771,-3.887077,3.834549,0.112851,-6.904397,-6.182176,-9.988617,-9.929783,-9.760330
31.762263,NaN,NaN,NaN,NaN,0.109460,-3.886964,3.838075,0.119012,-6.904309,-6.185283,-9.988636,-9.929741,-9.760769
31.772172,NaN,NaN,NaN,NaN,0.109872,-3.886912,3.841578,0.122115,-6.904256,-6.188382,-9.988667,-9.929695,-9.761204
31.784053,NaN,NaN,NaN,NaN,0.110280,-3.886804,3.848510,0.125232,-6.904150,-6.194555,-9.988689,-9.929615,-9.762077
31.793341,NaN,NaN,NaN,NaN,0.111083,-3.886749,3.852002,0.131508,-6.904097,-6.197551,-9.988728,-9.929558,-9.762482
31.802181,NaN,NaN,NaN,NaN,0.111540,-3.886695,3.855471,0.134658,-6.904053,-6.200540,-9.988758,-9.929478,-9.762890
31.811169,NaN,NaN,NaN,NaN,0.111992,-3.886639,3.858913,0.137822,-6.904008,-6.203523,-9.988785,-9.929401,-9.763302
31.822688,NaN,NaN,NaN,NaN,0.112431,-3.886524,3.862331,0.140994,-6.903916,-6.206498,-9.988811,-9.929264,-9.763710
31.831782,NaN,NaN,NaN,NaN,0.113351,-3.886469,3.869234,0.147390,-6.903888,-6.212265,-9.988869,-9.929165,-9.764465
31.842239,NaN,NaN,NaN,NaN,0.113830,-3.886413,3.872648,0.150614,-6.903857,-6.215137,-9.988899,-9.929073,-9.764847
31.851289,NaN,NaN,NaN,NaN,0.114304,-3.886356,3.876038,0.153850,-6.903825,-6.218003,-9.988922,-9.928986,-9.765228
31.862228,NaN,NaN,NaN,NaN,0.114774,-3.886239,3.879463,0.157097,-6.903764,-6.220784,-9.988945,-9.928757,-9.765583
31.871278,NaN,NaN,NaN,NaN,0.115813,-3.886180,3.886239,0.163664,-6.903736,-6.226327,-9.989025,-9.928638,-9.766312
31.883501,NaN,NaN,NaN,NaN,0.116324,-3.886058,3.889587,0.166963,-6.903671,-6.229091,-9.989052,-9.928421,-9.766674
31.902147,NaN,NaN,NaN,NaN,0.117372,-3.885947,3.896347,0.173593,-6.903607,-6.234463,-9.989113,-9.928196,-9.767380
31.910633,NaN,NaN,NaN,NaN,0.117914,-3.885890,3.899688,0.176927,-6.903571,-6.237140,-9.989143,-9.928097,-9.767735
31.922285,NaN,NaN,NaN,NaN,0.118981,-3.885833,3.906367,0.183622,-6.903533,-6.242405,-9.989189,-9.928005,-9.768436
31.932068,NaN,NaN,NaN,NaN,0.119564,-3.885782,3.909703,0.186986,-6.903476,-6.244995,-9.989227,-9.927895,-9.768784
31.941986,NaN,NaN,NaN,NaN,0.120141,-3.885730,3.913014,0.190360,-6.903416,-6.247579,-9.989254,-9.927792,-9.769135
31.951695,NaN,NaN,NaN,NaN,0.120711,-3.885677,3.919628,0.193742,-6.903354,-6.252673,-9.989281,-9.927692,-9.769817
31.962242,NaN,NaN,NaN,NaN,0.121869,-3.885577,3.922932,0.200518,-6.903205,-6.255182,-9.989349,-9.927479,-9.770153
31.973195,NaN,NaN,NaN,NaN,0.122461,-3.885530,3.926209,0.203916,-6.903118,-6.257686,-9.989391,-9.927368,-9.770489
31.984330,NaN,NaN,NaN,NaN,0.123047,-3.885432,3.932773,0.207322,-6.902936,-6.262629,-9.989433,-9.927181,-9.771160
32.002135,NaN,NaN,NaN,NaN,0.124860,-3.885374,3.939317,0.217589,-6.902728,-6.267502,-9.989586,-9.926968,-9.771832
32.010635,NaN,NaN,NaN,NaN,0.125466,-3.885343,3.942548,0.221028,-6.902618,-6.269932,-9.989635,-9.926868,-9.772171
32.022036,NaN,NaN,NaN,NaN,0.126066,-3.885278,3.945752,0.224474,-6.902386,-6.272358,-9.989681,-9.926685,-9.772514
32.031295,NaN,NaN,NaN,NaN,0.126654,-3.885266,3.952235,0.227925,-6.902251,-6.277129,-9.989719,-9.926590,-9.773159
32.042092,NaN,NaN,NaN,NaN,0.127892,-3.885238,3.955436,0.234800,-6.901968,-6.279507,-9.989822,-9.926418,-9.773483
32.062053,NaN,NaN,NaN,NaN,0.129101,-3.885222,3.961829,0.241703,-6.901819,-6.284216,-9.989910,-9.926338,-9.774101
32.070945,NaN,NaN,NaN,NaN,0.130358,-3.885231,3.968185,0.248593,-6.901478,-6.288874,-9.990009,-9.926159,-9.774715
32.082985,NaN,NaN,NaN,NaN,0.130976,-3.885234,3.971321,0.252048,-6.901117,-6.291196,-9.990051,-9.925999,-9.775028
32.102174,NaN,NaN,NaN,NaN,0.132213,-3.885287,3.977643,0.258947,-6.900694,-6.295779,-9.990135,-9.925793,-9.775646
32.110993,NaN,NaN,NaN,NaN,0.133442,-3.885310,3.983850,0.265842,-6.900475,-6.300344,-9.990204,-9.925701,-9.776295
32.121882,NaN,NaN,NaN,NaN,0.134046,-3.885332,3.986977,0.269300,-6.900251,-6.302588,-9.990227,-9.925613,-9.776615
32.130912,NaN,NaN,NaN,NaN,0.134674,-3.885377,3.990075,0.272745,-6.899998,-6.304829,-9.990261,-9.925510,-9.776939
32.142312,NaN,NaN,NaN,NaN,0.135293,-3.885420,3.993144,0.276197,-6.899740,-6.307065,-9.990288,-9.925411,-9.777267
32.160687,NaN,NaN,NaN,NaN,0.135906,-3.885461,3.996184,0.279655,-6.899477,-6.309296,-9.990314,-9.925316,-9.777596
32.171090,NaN,NaN,NaN,NaN,0.137138,-3.885554,4.002345,0.286559,-6.898904,-6.313672,-9.990372,-9.925087,-9.778252
32.179960,NaN,NaN,NaN,NaN,0.137754,-3.885606,4.005379,0.290002,-6.898593,-6.315854,-9.990406,-9.924965,-9.778599
32.192385,NaN,NaN,NaN,NaN,0.138363,-3.885704,4.008385,0.293452,-6.897958,-6.318033,-9.990433,-9.924740,-9.778946
32.210810,NaN,NaN,NaN,NaN,0.140187,-3.885849,4.017476,0.303774,-6.897245,-6.324468,-9.990532,-9.924461,-9.779999
32.220081,NaN,NaN,NaN,NaN,0.140787,-3.885918,4.020445,0.307216,-6.896882,-6.326605,-9.990559,-9.924335,-9.780354
32.230736,NaN,NaN,NaN,NaN,0.141379,-3.885985,4.023473,0.310665,-6.896513,-6.328714,-9.990582,-9.924217,-9.780701
32.241403,NaN,NaN,NaN,NaN,0.142594,-3.886075,4.029432,0.317533,-6.896113,-6.332924,-9.990646,-9.924061,-9.781410
32.250422,NaN,NaN,NaN,NaN,0.143189,-3.886246,4.032366,0.320974,-6.895298,-6.335024,-9.990669,-9.923767,-9.781765
32.259756,NaN,NaN,NaN,NaN,0.143776,-3.886328,4.035357,0.324422,-6.894883,-6.337095,-9.990688,-9.923630,-9.782120
32.270929,NaN,NaN,NaN,NaN,0.144378,-3.886434,4.038318,0.327848,-6.894427,-6.339163,-9.990711,-9.923462,-9.782478
32.279894,NaN,NaN,NaN,NaN,0.145559,-3.886638,4.044144,0.334717,-6.893504,-6.343290,-9.990749,-9.923145,-9.783192
32.291851,NaN,NaN,NaN,NaN,0.146138,-3.886829,4.047011,0.338159,-6.892559,-6.345348,-9.990757,-9.922859,-9.783550
32.310334,NaN,NaN,NaN,NaN,0.147298,-3.886945,4.052858,0.345043,-6.892054,-6.349440,-9.990780,-9.922699,-9.784275
32.320088,NaN,NaN,NaN,NaN,0.148446,-3.887168,4.058577,0.351925,-6.891026,-6.353521,-9.990803,-9.922405,-9.784996
32.330558,NaN,NaN,NaN,NaN,0.149008,-3.887274,4.061497,0.355374,-6.890503,-6.355539,-9.990803,-9.922268,-9.785366
32.340609,NaN,NaN,NaN,NaN,0.149586,-3.887397,4.064384,0.358827,-6.889953,-6.357554,-9.990814,-9.922123,-9.785732
32.351211,NaN,NaN,NaN,NaN,0.150156,-3.887518,4.067239,0.362285,-6.889397,-6.359566,-9.990818,-9.922001,-9.786102
32.359451,NaN,NaN,NaN,NaN,0.151273,-3.887749,4.070061,0.369216,-6.888268,-6.361575,-9.990803,-9.921780,-9.786469
32.371330,NaN,NaN,NaN,NaN,0.151855,-3.887859,4.075800,0.372689,-6.887675,-6.365551,-9.990799,-9.921665,-9.787216
32.379289,NaN,NaN,NaN,NaN,0.152429,-3.887966,4.078619,0.376166,-6.887076,-6.367536,-9.990791,-9.921555,-9.787586
32.391947,NaN,NaN,NaN,NaN,0.152993,-3.888167,4.081405,0.379646,-6.885860,-6.369517,-9.990776,-9.921356,-9.787960
32.410326,NaN,NaN,NaN,NaN,0.154689,-3.888358,4.089846,0.390091,-6.884591,-6.375412,-9.990742,-9.921120,-9.789082
32.419127,NaN,NaN,NaN,NaN,0.155247,-3.888449,4.092593,0.393579,-6.883947,-6.377372,-9.990730,-9.921013,-9.789448
32.430503,NaN,NaN,NaN,NaN,0.155797,-3.888536,4.095399,0.397071,-6.883297,-6.379320,-9.990730,-9.920910,-9.789818
32.439085,NaN,NaN,NaN,NaN,0.156941,-3.888713,4.100912,0.404031,-6.881945,-6.383206,-9.990757,-9.920696,-9.790554
32.451429,NaN,NaN,NaN,NaN,0.157501,-3.888796,4.103617,0.407518,-6.881259,-6.385145,-9.990765,-9.920597,-9.790920
32.460640,NaN,NaN,NaN,NaN,0.158050,-3.888873,4.106379,0.411008,-6.880568,-6.387077,-9.990765,-9.920506,-9.791286
32.470588,NaN,NaN,NaN,NaN,0.158619,-3.888956,4.109105,0.414480,-6.879861,-6.389006,-9.990780,-9.920406,-9.791649
32.479182,NaN,NaN,NaN,NaN,0.159179,-3.889034,4.111798,0.417957,-6.879148,-6.390931,-9.990788,-9.920311,-9.792011
32.490695,NaN,NaN,NaN,NaN,0.160273,-3.889181,4.117166,0.424923,-6.877702,-6.394768,-9.990768,-9.920143,-9.792732
32.500113,NaN,NaN,NaN,NaN,0.160840,-3.889248,4.119840,0.428391,-6.876972,-6.396682,-9.990772,-9.920059,-9.793091
32.510896,NaN,NaN,NaN,NaN,0.161398,-3.889311,4.122480,0.431863,-6.876235,-6.398592,-9.990772,-9.919979,-9.793446
32.519054,NaN,NaN,NaN,NaN,0.162486,-3.889424,4.125087,0.438819,-6.874741,-6.400499,-9.990753,-9.919838,-9.793800
32.530379,NaN,NaN,NaN,NaN,0.163046,-3.889468,4.130345,0.442281,-6.873978,-6.404296,-9.990765,-9.919754,-9.794498
32.541442,NaN,NaN,NaN,NaN,0.163596,-3.889509,4.132923,0.445748,-6.873207,-6.406188,-9.990768,-9.919678,-9.794838
32.552327,NaN,NaN,NaN,NaN,0.164137,-3.889579,4.137976,0.449220,-6.871644,-6.409959,-9.990757,-9.919544,-9.795521
32.571588,NaN,NaN,NaN,NaN,0.165735,-3.889661,4.143029,0.459637,-6.870031,-6.413732,-9.990715,-9.919422,-9.796196
32.579464,NaN,NaN,NaN,NaN,0.166266,-3.889709,4.145504,0.463103,-6.869203,-6.415612,-9.990704,-9.919365,-9.796535
32.591006,NaN,NaN,NaN,NaN,0.166789,-3.889791,4.147945,0.466573,-6.867525,-6.417488,-9.990688,-9.919296,-9.796875
32.599908,NaN,NaN,NaN,NaN,0.167302,-3.889859,4.152869,0.470045,-6.866677,-6.421235,-9.990669,-9.919247,-9.797539
32.610337,NaN,NaN,NaN,NaN,0.168363,-3.889922,4.155279,0.476962,-6.865822,-6.423101,-9.990643,-9.919205,-9.797871
32.619269,NaN,NaN,NaN,NaN,0.168881,-3.889980,4.157655,0.480426,-6.864960,-6.424963,-9.990623,-9.919167,-9.798203
32.630752,NaN,NaN,NaN,NaN,0.169390,-3.890035,4.160064,0.483895,-6.864091,-6.426831,-9.990601,-9.919132,-9.798534
32.639305,NaN,NaN,NaN,NaN,0.170467,-3.890165,4.164779,0.490801,-6.862319,-6.430552,-9.990570,-9.919056,-9.799191
32.651599,NaN,NaN,NaN,NaN,0.170993,-3.890274,4.167085,0.494260,-6.860516,-6.432405,-9.990547,-9.918999,-9.799519
32.670461,NaN,NaN,NaN,NaN,0.172070,-3.890336,4.171762,0.501157,-6.859591,-6.436109,-9.990509,-9.918968,-9.800194
32.678834,NaN,NaN,NaN,NaN,0.173164,-3.890393,4.176300,0.508037,-6.858658,-6.439792,-9.990475,-9.918945,-9.800869
32.690857,NaN,NaN,NaN,NaN,0.173697,-3.890492,4.178619,0.511485,-6.856769,-6.441618,-9.990448,-9.918911,-9.801193
32.700177,NaN,NaN,NaN,NaN,0.174256,-3.890531,4.180902,0.514904,-6.855803,-6.443439,-9.990421,-9.918892,-9.801517
32.710263,NaN,NaN,NaN,NaN,0.174805,-3.890564,4.183151,0.518329,-6.854830,-6.445255,-9.990387,-9.918888,-9.801842
32.720143,NaN,NaN,NaN,NaN,0.175345,-3.890593,4.187644,0.521759,-6.853848,-6.448876,-9.990353,-9.918888,-9.802498
32.730679,NaN,NaN,NaN,NaN,0.176421,-3.890631,4.189888,0.528616,-6.851860,-6.450682,-9.990246,-9.918900,-9.802822
32.739283,NaN,NaN,NaN,NaN,0.176956,-3.890640,4.192098,0.532041,-6.850852,-6.452483,-9.990185,-9.918911,-9.803146
32.751940,NaN,NaN,NaN,NaN,0.177481,-3.890645,4.194272,0.535471,-6.848812,-6.454278,-9.990120,-9.918941,-9.803467
32.770566,NaN,NaN,NaN,NaN,0.179063,-3.890633,4.200821,0.545743,-6.846749,-6.459627,-9.989891,-9.918980,-9.804428
32.779014,NaN,NaN,NaN,NaN,0.179582,-3.890620,4.202934,0.549169,-6.845706,-6.461398,-9.989807,-9.919003,-9.804768
32.790560,NaN,NaN,NaN,NaN,0.180621,-3.890602,4.205104,0.556008,-6.844654,-6.463149,-9.989628,-9.919029,-9.805099
32.800064,NaN,NaN,NaN,NaN,0.181141,-3.890555,4.209338,0.559420,-6.842485,-6.466638,-9.989529,-9.919075,-9.805767
32.810298,NaN,NaN,NaN,NaN,0.181652,-3.890525,4.211403,0.562837,-6.841389,-6.468374,-9.989426,-9.919106,-9.806099
32.820711,NaN,NaN,NaN,NaN,0.182155,-3.890489,4.213434,0.566259,-6.840285,-6.470104,-9.989319,-9.919136,-9.806427
32.830489,NaN,NaN,NaN,NaN,0.182650,-3.890449,4.215506,0.569687,-6.839174,-6.471819,-9.989212,-9.919167,-9.806744
32.839851,NaN,NaN,NaN,NaN,0.183172,-3.890406,4.219545,0.573089,-6.838031,-6.475232,-9.989094,-9.919201,-9.807384
32.853004,NaN,NaN,NaN,NaN,0.184190,-3.890307,4.221514,0.579911,-6.835722,-6.476930,-9.988892,-9.919277,-9.807705
32.859531,NaN,NaN,NaN,NaN,0.184686,-3.890250,4.223524,0.583330,-6.834555,-6.478605,-9.988789,-9.919319,-9.808018
32.870431,NaN,NaN,NaN,NaN,0.185209,-3.890203,4.225500,0.586732,-6.833364,-6.480275,-9.988674,-9.919353,-9.808331
32.878885,NaN,NaN,NaN,NaN,0.185721,-3.890092,4.229350,0.590139,-6.830960,-6.483597,-9.988556,-9.919445,-9.808952
32.890605,NaN,NaN,NaN,NaN,0.186720,-3.890029,4.231292,0.596969,-6.829746,-6.485227,-9.988319,-9.919498,-9.809254
32.899927,NaN,NaN,NaN,NaN,0.187236,-3.889974,4.233200,0.600375,-6.828512,-6.486851,-9.988178,-9.919552,-9.809578
32.910485,NaN,NaN,NaN,NaN,0.187743,-3.889916,4.235073,0.603787,-6.827271,-6.488469,-9.988041,-9.919605,-9.809902
32.920413,NaN,NaN,NaN,NaN,0.188730,-3.889783,4.238785,0.610627,-6.824765,-6.491673,-9.987762,-9.919720,-9.810535
32.931122,NaN,NaN,NaN,NaN,0.189252,-3.889715,4.240624,0.614035,-6.823493,-6.493258,-9.987595,-9.919773,-9.810844
32.939563,NaN,NaN,NaN,NaN,0.189765,-3.889642,4.242430,0.617448,-6.822212,-6.494838,-9.987423,-9.919827,-9.811153
32.953778,NaN,NaN,NaN,NaN,0.190268,-3.889564,4.244202,0.620865,-6.820925,-6.496412,-9.987255,-9.919899,-9.811459
32.960172,NaN,NaN,NaN,NaN,0.191278,-3.889401,4.247767,0.627705,-6.818313,-6.499494,-9.986885,-9.920044,-9.812054
32.971072,NaN,NaN,NaN,NaN,0.191786,-3.889315,4.249498,0.631129,-6.816989,-6.501026,-9.986683,-9.920116,-9.812347
32.980250,NaN,NaN,NaN,NaN,0.192284,-3.889228,4.251197,0.634558,-6.815658,-6.502553,-9.986485,-9.920193,-9.812645
32.991768,NaN,NaN,NaN,NaN,0.192775,-3.889025,4.252905,0.637993,-6.812963,-6.504053,-9.986282,-9.920341,-9.812916
32.999715,NaN,NaN,NaN,NaN,0.193808,-3.888909,4.256222,0.644844,-6.811598,-6.507037,-9.985863,-9.920395,-9.813454
33.011759,NaN,NaN,NaN,NaN,0.194311,-3.888788,4.257832,0.648277,-6.810226,-6.508522,-9.985653,-9.920452,-9.813725
33.019926,NaN,NaN,NaN,NaN,0.194805,-3.888663,4.259438,0.651715,-6.808846,-6.509982,-9.985447,-9.920509,-9.813976
33.030588,NaN,NaN,NaN,NaN,0.195316,-3.888528,4.261012,0.655146,-6.807437,-6.511437,-9.985237,-9.920563,-9.814232
33.040177,NaN,NaN,NaN,NaN,0.195819,-3.888388,4.264062,0.658582,-6.806022,-6.514329,-9.985035,-9.920620,-9.814739
33.053176,NaN,NaN,NaN,NaN,0.196800,-3.887942,4.265574,0.665470,-6.801718,-6.515747,-9.984631,-9.920788,-9.814957
33.070719,NaN,NaN,NaN,NaN,0.198281,-3.887616,4.268501,0.675787,-6.798792,-6.518567,-9.984058,-9.920898,-9.815392
33.079462,NaN,NaN,NaN,NaN,0.198757,-3.887446,4.271305,0.679235,-6.797318,-6.521366,-9.983879,-9.920956,-9.815861
33.090728,NaN,NaN,NaN,NaN,0.199224,-3.887271,4.272693,0.682688,-6.795838,-6.522748,-9.983700,-9.921017,-9.816055
33.099148,NaN,NaN,NaN,NaN,0.199709,-3.887089,4.274050,0.686124,-6.794338,-6.524126,-9.983543,-9.921070,-9.816250
33.111297,NaN,NaN,NaN,NaN,0.200185,-3.886519,4.276671,0.689566,-6.789798,-6.526862,-9.983383,-9.921238,-9.816647
33.130491,NaN,NaN,NaN,NaN,0.201587,-3.886329,4.279289,0.699919,-6.788264,-6.529528,-9.982929,-9.921303,-9.816967
33.139027,NaN,NaN,NaN,NaN,0.202053,-3.886133,4.280553,0.703379,-6.786723,-6.530852,-9.982792,-9.921371,-9.817120
33.150717,NaN,NaN,NaN,NaN,0.202511,-3.885730,4.281787,0.706845,-6.783620,-6.532171,-9.982658,-9.921505,-9.817276
33.159784,NaN,NaN,NaN,NaN,0.202960,-3.885514,4.284284,0.710313,-6.782039,-6.534736,-9.982525,-9.921585,-9.817513
33.170430,NaN,NaN,NaN,NaN,0.203865,-3.885296,4.285487,0.717254,-6.780451,-6.536009,-9.982269,-9.921665,-9.817638
33.179733,NaN,NaN,NaN,NaN,0.204305,-3.885072,4.286660,0.720731,-6.778856,-6.537276,-9.982143,-9.921749,-9.817768
33.192043,NaN,NaN,NaN,NaN,0.205174,-3.884848,4.289029,0.727686,-6.777256,-6.539718,-9.981892,-9.921841,-9.817940
33.199231,NaN,NaN,NaN,NaN,0.205602,-3.884372,4.290169,0.731164,-6.774009,-6.540930,-9.981770,-9.922058,-9.818027
33.210998,NaN,NaN,NaN,NaN,0.206023,-3.883880,4.291279,0.734646,-6.770736,-6.542135,-9.981647,-9.922279,-9.818119
33.230384,NaN,NaN,NaN,NaN,0.206835,-3.883626,4.293580,0.741615,-6.769078,-6.544461,-9.981403,-9.922398,-9.818233
33.239400,NaN,NaN,NaN,NaN,0.207228,-3.883369,4.294685,0.745102,-6.767413,-6.545614,-9.981281,-9.922516,-9.818298
33.251657,NaN,NaN,NaN,NaN,0.207992,-3.882843,4.296890,0.752089,-6.764066,-6.547873,-9.981045,-9.922771,-9.818390
33.259296,NaN,NaN,NaN,NaN,0.208372,-3.882586,4.297990,0.755584,-6.762383,-6.548978,-9.980907,-9.922909,-9.818428
33.270560,NaN,NaN,NaN,NaN,0.208745,-3.882324,4.299059,0.759084,-6.760696,-6.550077,-9.980759,-9.923050,-9.818474
33.279120,NaN,NaN,NaN,NaN,0.209469,-3.881791,4.301179,0.766097,-6.757302,-6.552223,-9.980469,-9.923325,-9.818531
33.290509,NaN,NaN,NaN,NaN,0.209832,-3.881541,4.302230,0.769592,-6.755591,-6.553271,-9.980309,-9.923470,-9.818539
33.299446,NaN,NaN,NaN,NaN,0.210187,-3.881288,4.303252,0.773091,-6.753873,-6.554314,-9.980152,-9.923611,-9.818558
33.311337,NaN,NaN,NaN,NaN,0.210534,-3.880770,4.305281,0.776594,-6.750421,-6.556345,-9.979992,-9.923908,-9.818558
33.330490,NaN,NaN,NaN,NaN,0.211573,-3.880299,4.307266,0.787085,-6.746906,-6.558316,-9.979515,-9.924194,-9.818527
33.340451,NaN,NaN,NaN,NaN,0.211911,-3.880058,4.308215,0.790583,-6.745141,-6.559294,-9.979355,-9.924335,-9.818523
33.385156,NaN,NaN,NaN,NaN,0.212567,-3.879813,4.309136,0.797594,-6.743369,-6.560266,-9.979046,-9.924477,-9.818523
33.395408,NaN,NaN,NaN,NaN,0.212903,-3.879564,4.311062,0.801080,-6.741592,-6.562102,-9.978897,-9.924614,-9.818451
33.405421,NaN,NaN,NaN,NaN,0.213232,-3.878888,4.311981,0.804571,-6.736142,-6.563012,-9.978748,-9.925014,-9.818424
33.433407,NaN,NaN,NaN,NaN,0.213869,-3.878655,4.313801,0.811570,-6.734315,-6.564770,-9.978447,-9.925148,-9.818314
33.443556,NaN,NaN,NaN,NaN,0.214551,-3.878229,4.315574,0.818531,-6.730587,-6.566460,-9.978142,-9.925385,-9.818180
33.454709,NaN,NaN,NaN,NaN,0.214882,-3.877787,4.316418,0.822019,-6.726840,-6.567297,-9.977997,-9.925617,-9.818127
33.473516,NaN,NaN,NaN,NaN,0.215560,-3.877572,4.318165,0.828997,-6.724946,-6.568862,-9.977722,-9.925720,-9.817970
33.482299,NaN,NaN,NaN,NaN,0.216244,-3.877129,4.318997,0.835980,-6.721144,-6.569638,-9.977478,-9.925922,-9.817924
33.493336,NaN,NaN,NaN,NaN,0.216575,-3.876902,4.320646,0.839478,-6.719236,-6.571131,-9.977364,-9.926022,-9.817810
33.502706,NaN,NaN,NaN,NaN,0.216931,-3.876689,4.321462,0.842964,-6.717309,-6.571848,-9.977264,-9.926125,-9.817741
33.513231,NaN,NaN,NaN,NaN,0.217279,-3.876475,4.322252,0.846456,-6.715377,-6.572561,-9.977165,-9.926224,-9.817680
33.522846,NaN,NaN,NaN,NaN,0.217619,-3.876257,4.323802,0.849952,-6.713441,-6.573933,-9.977070,-9.926323,-9.817539
33.533375,NaN,NaN,NaN,NaN,0.218301,-3.875808,4.324563,0.856952,-6.709535,-6.574591,-9.976883,-9.926544,-9.817455
33.542721,NaN,NaN,NaN,NaN,0.218642,-3.875578,4.325297,0.860456,-6.707565,-6.575245,-9.976791,-9.926659,-9.817371
33.554971,NaN,NaN,NaN,NaN,0.219301,-3.875345,4.326004,0.867475,-6.705590,-6.575896,-9.976612,-9.926769,-9.817295
33.563420,NaN,NaN,NaN,NaN,0.219660,-3.874875,4.327413,0.870992,-6.701615,-6.577086,-9.976517,-9.926987,-9.817070
33.573258,NaN,NaN,NaN,NaN,0.220012,-3.874638,4.328077,0.874514,-6.699615,-6.577676,-9.976425,-9.927097,-9.816971
33.582098,NaN,NaN,NaN,NaN,0.220357,-3.874400,4.328716,0.878040,-6.697613,-6.578263,-9.976337,-9.927204,-9.816887
33.593356,NaN,NaN,NaN,NaN,0.220695,-3.874157,4.329377,0.881572,-6.695606,-6.578794,-9.976246,-9.927296,-9.816757
33.603393,NaN,NaN,NaN,NaN,0.221454,-3.873660,4.330621,0.888638,-6.691542,-6.579848,-9.976070,-9.927471,-9.816536
33.613800,NaN,NaN,NaN,NaN,0.221821,-3.873407,4.331206,0.892177,-6.689503,-6.580370,-9.975979,-9.927559,-9.816441
33.622777,NaN,NaN,NaN,NaN,0.222180,-3.873150,4.331819,0.895721,-6.687459,-6.580835,-9.975891,-9.927647,-9.816303
33.633261,NaN,NaN,NaN,NaN,0.222575,-3.872877,4.332407,0.899265,-6.685387,-6.581297,-9.975796,-9.927708,-9.816181
33.642529,NaN,NaN,NaN,NaN,0.223340,-3.872601,4.333506,0.906367,-6.683310,-6.582214,-9.975613,-9.927769,-9.815964
33.653810,NaN,NaN,NaN,NaN,0.223710,-3.872044,4.334019,0.909924,-6.679147,-6.582669,-9.975525,-9.927887,-9.815876
33.662093,NaN,NaN,NaN,NaN,0.224073,-3.871761,4.334547,0.913486,-6.677059,-6.583073,-9.975433,-9.927948,-9.815777
33.673088,NaN,NaN,NaN,NaN,0.224467,-3.871463,4.335050,0.917047,-6.674942,-6.583474,-9.975346,-9.927971,-9.815693
33.682308,NaN,NaN,NaN,NaN,0.224854,-3.870859,4.335529,0.920612,-6.670695,-6.583873,-9.975254,-9.928024,-9.815620
33.693309,NaN,NaN,NaN,NaN,0.225603,-3.870554,4.336450,0.927752,-6.668567,-6.584630,-9.975079,-9.928051,-9.815464
33.702229,NaN,NaN,NaN,NaN,0.225997,-3.870243,4.336892,0.931324,-6.666409,-6.584987,-9.974995,-9.928043,-9.815384
33.714066,NaN,NaN,NaN,NaN,0.226382,-3.869615,4.337310,0.934900,-6.662083,-6.585342,-9.974911,-9.928017,-9.815311
33.733372,NaN,NaN,NaN,NaN,0.227535,-3.868981,4.338491,0.945650,-6.657714,-6.586321,-9.974640,-9.927956,-9.815094
33.742957,NaN,NaN,NaN,NaN,0.227931,-3.868662,4.338850,0.949239,-6.655511,-6.586631,-9.974552,-9.927906,-9.815033
33.755087,NaN,NaN,NaN,NaN,0.228319,-3.868016,4.339186,0.952832,-6.651095,-6.586939,-9.974464,-9.927822,-9.814983
33.773508,NaN,NaN,NaN,NaN,0.229522,-3.867400,4.340198,0.963636,-6.646636,-6.587773,-9.974224,-9.927700,-9.814816
33.782870,NaN,NaN,NaN,NaN,0.229922,-3.867089,4.340490,0.967246,-6.644402,-6.588047,-9.974144,-9.927643,-9.814781
33.794873,NaN,NaN,NaN,NaN,0.230314,-3.866777,4.340802,0.970859,-6.642165,-6.588298,-9.974075,-9.927586,-9.814735
33.803236,NaN,NaN,NaN,NaN,0.230753,-3.866146,4.341358,0.974487,-6.637640,-6.588795,-9.974007,-9.927429,-9.814674
33.814434,NaN,NaN,NaN,NaN,0.231607,-3.865828,4.341603,0.981753,-6.635372,-6.589041,-9.973869,-9.927353,-9.814659
33.823094,NaN,NaN,NaN,NaN,0.232021,-3.865506,4.341882,0.985391,-6.633102,-6.589278,-9.973801,-9.927280,-9.814636
33.833198,NaN,NaN,NaN,NaN,0.232472,-3.865196,4.342138,0.989053,-6.630805,-6.589513,-9.973736,-9.927197,-9.814625
33.841809,NaN,NaN,NaN,NaN,0.233348,-3.864568,4.342372,0.996384,-6.626201,-6.589746,-9.973618,-9.927040,-9.814617
33.853366,NaN,NaN,NaN,NaN,0.233774,-3.864251,4.342868,1.000054,-6.623895,-6.590190,-9.973572,-9.926964,-9.814621
33.862528,NaN,NaN,NaN,NaN,0.234223,-3.863948,4.343128,1.003742,-6.621561,-6.590400,-9.973530,-9.926872,-9.814629
33.873220,NaN,NaN,NaN,NaN,0.234662,-3.863643,4.343366,1.007432,-6.619225,-6.590608,-9.973492,-9.926785,-9.814648
33.882583,NaN,NaN,NaN,NaN,0.235518,-3.863027,4.343582,1.014819,-6.614544,-6.590813,-9.973412,-9.926643,-9.814678
33.893288,NaN,NaN,NaN,NaN,0.235966,-3.862709,4.344103,1.018533,-6.612171,-6.591205,-9.973373,-9.926579,-9.814728
33.902207,NaN,NaN,NaN,NaN,0.236405,-3.862388,4.344330,1.022247,-6.609794,-6.591399,-9.973335,-9.926514,-9.814777
33.914109,NaN,NaN,NaN,NaN,0.236835,-3.862066,4.344536,1.025963,-6.607416,-6.591589,-9.973305,-9.926453,-9.814831
33.922962,NaN,NaN,NaN,NaN,0.237670,-3.861742,4.344956,1.033402,-6.605034,-6.591973,-9.973240,-9.926395,-9.814960
33.933210,NaN,NaN,NaN,NaN,0.238111,-3.861081,4.345171,1.037137,-6.600233,-6.592165,-9.973202,-9.926281,-9.815033
33.941803,NaN,NaN,NaN,NaN,0.238544,-3.860742,4.345363,1.040873,-6.597813,-6.592354,-9.973164,-9.926228,-9.815113
33.954283,NaN,NaN,NaN,NaN,0.239387,-3.860059,4.345535,1.048349,-6.592966,-6.592542,-9.973095,-9.926151,-9.815201
33.962703,NaN,NaN,NaN,NaN,0.239829,-3.859721,4.345976,1.052089,-6.590518,-6.592928,-9.973030,-9.926109,-9.815384
33.973214,NaN,NaN,NaN,NaN,0.240263,-3.859382,4.346164,1.055830,-6.588068,-6.593117,-9.972969,-9.926071,-9.815487
33.982255,NaN,NaN,NaN,NaN,0.240689,-3.859042,4.346330,1.059574,-6.585616,-6.593302,-9.972912,-9.926037,-9.815598
33.993357,NaN,NaN,NaN,NaN,0.241106,-3.858700,4.346537,1.063318,-6.583161,-6.593488,-9.972851,-9.926003,-9.815697
34.002332,NaN,NaN,NaN,NaN,0.241964,-3.858016,4.346884,1.070821,-6.578203,-6.593849,-9.972702,-9.925926,-9.815910
34.013806,NaN,NaN,NaN,NaN,0.242380,-3.857672,4.347027,1.074575,-6.575721,-6.594023,-9.972626,-9.925896,-9.816029
34.022385,NaN,NaN,NaN,NaN,0.242789,-3.857326,4.347211,1.078329,-6.573236,-6.594192,-9.972557,-9.925865,-9.816154
34.033258,NaN,NaN,NaN,NaN,0.243218,-3.856984,4.347374,1.082083,-6.570736,-6.594357,-9.972473,-9.925842,-9.816288
34.042294,NaN,NaN,NaN,NaN,0.244051,-3.856295,4.347516,1.089592,-6.565732,-6.594520,-9.972309,-9.925800,-9.816425
34.053267,NaN,NaN,NaN,NaN,0.244454,-3.855948,4.347804,1.093349,-6.563227,-6.594844,-9.972229,-9.925785,-9.816715
34.062611,NaN,NaN,NaN,NaN,0.244880,-3.855604,4.347949,1.097113,-6.560712,-6.595007,-9.972137,-9.925770,-9.816864
34.073246,NaN,NaN,NaN,NaN,0.245296,-3.855261,4.348073,1.100879,-6.558196,-6.595166,-9.972050,-9.925774,-9.817017
34.091353,NaN,NaN,NaN,NaN,0.246103,-3.854917,4.348321,1.108413,-6.555678,-6.595482,-9.971878,-9.925781,-9.817348
34.101864,NaN,NaN,NaN,NaN,0.246535,-3.854226,4.348444,1.112168,-6.550628,-6.595638,-9.971802,-9.925804,-9.817520
34.110465,NaN,NaN,NaN,NaN,0.246958,-3.853879,4.348547,1.115924,-6.548095,-6.595790,-9.971722,-9.925816,-9.817699
34.122544,NaN,NaN,NaN,NaN,0.247372,-3.853531,4.348630,1.119680,-6.545560,-6.595939,-9.971649,-9.925827,-9.817883
34.131228,NaN,NaN,NaN,NaN,0.247777,-3.853181,4.348868,1.123437,-6.543023,-6.596237,-9.971573,-9.925842,-9.818264
34.141854,NaN,NaN,NaN,NaN,0.248637,-3.852440,4.348957,1.130935,-6.537914,-6.596380,-9.971436,-9.925838,-9.818459
34.151252,NaN,NaN,NaN,NaN,0.249054,-3.852071,4.349026,1.134685,-6.535357,-6.596518,-9.971371,-9.925842,-9.818676
34.163161,NaN,NaN,NaN,NaN,0.249463,-3.851701,4.349127,1.138436,-6.532800,-6.596659,-9.971329,-9.925842,-9.818886
34.171353,NaN,NaN,NaN,NaN,0.250295,-3.850939,4.349269,1.145945,-6.527636,-6.596925,-9.971260,-9.925858,-9.819317
34.182349,NaN,NaN,NaN,NaN,0.250699,-3.850557,4.349311,1.149701,-6.525051,-6.597052,-9.971226,-9.925869,-9.819538
34.192084,NaN,NaN,NaN,NaN,0.251093,-3.850175,4.349335,1.153456,-6.522465,-6.597173,-9.971191,-9.925877,-9.819759
34.202017,NaN,NaN,NaN,NaN,0.251479,-3.849792,4.349408,1.157212,-6.519876,-6.597289,-9.971157,-9.925907,-9.819973
34.211719,NaN,NaN,NaN,NaN,0.251885,-3.849401,4.349498,1.160976,-6.517271,-6.597505,-9.971123,-9.925919,-9.820438
34.224084,NaN,NaN,NaN,NaN,0.252670,-3.848622,4.349513,1.168505,-6.512058,-6.597606,-9.971073,-9.925945,-9.820675
34.233109,NaN,NaN,NaN,NaN,0.253050,-3.848232,4.349594,1.172270,-6.509450,-6.597694,-9.971054,-9.925961,-9.820904
34.242703,NaN,NaN,NaN,NaN,0.253458,-3.847826,4.349655,1.176040,-6.506833,-6.597777,-9.971024,-9.925972,-9.821136
34.250631,NaN,NaN,NaN,NaN,0.253858,-3.847013,4.349719,1.179811,-6.501594,-6.597929,-9.970993,-9.925999,-9.821609
34.261882,NaN,NaN,NaN,NaN,0.254632,-3.846606,4.349809,1.187352,-6.498972,-6.597988,-9.970936,-9.926018,-9.821846
34.272857,NaN,NaN,NaN,NaN,0.255027,-3.846170,4.349879,1.191123,-6.496357,-6.598042,-9.970909,-9.926048,-9.822086
34.281706,NaN,NaN,NaN,NaN,0.255414,-3.845735,4.349929,1.194894,-6.493742,-6.598091,-9.970886,-9.926075,-9.822334
34.291893,NaN,NaN,NaN,NaN,0.256164,-3.845301,4.350050,1.202437,-6.491127,-6.598149,-9.970840,-9.926105,-9.822823
34.302173,NaN,NaN,NaN,NaN,0.256558,-3.844407,4.350121,1.206227,-6.485911,-6.598159,-9.970814,-9.926174,-9.823067
34.310711,NaN,NaN,NaN,NaN,0.256943,-3.843948,4.350172,1.210016,-6.483310,-6.598164,-9.970783,-9.926212,-9.823315
34.322888,NaN,NaN,NaN,NaN,0.257689,-3.842548,4.350203,1.217595,-6.475518,-6.598163,-9.970730,-9.926300,-9.823566
34.342144,NaN,NaN,NaN,NaN,0.258426,-3.842064,4.350404,1.225204,-6.472930,-6.598055,-9.970665,-9.926327,-9.824322
34.351175,NaN,NaN,NaN,NaN,0.258782,-3.841582,4.350433,1.229008,-6.470341,-6.598009,-9.970634,-9.926357,-9.824577
34.361848,NaN,NaN,NaN,NaN,0.259130,-3.841102,4.350543,1.232811,-6.467752,-6.597945,-9.970600,-9.926384,-9.824841
34.370945,NaN,NaN,NaN,NaN,0.259821,-3.840078,4.350702,1.240442,-6.462576,-6.597802,-9.970512,-9.926472,-9.825367
34.383050,NaN,NaN,NaN,NaN,0.260154,-3.839568,4.350752,1.244257,-6.459987,-6.597721,-9.970467,-9.926521,-9.825634
34.391221,NaN,NaN,NaN,NaN,0.260480,-3.839059,4.350872,1.248072,-6.457396,-6.597638,-9.970425,-9.926567,-9.825905
34.402772,NaN,NaN,NaN,NaN,0.260795,-3.838518,4.350971,1.251906,-6.454816,-6.597548,-9.970356,-9.926624,-9.826180
34.410551,NaN,NaN,NaN,NaN,0.261104,-3.837442,4.351112,1.255740,-6.449651,-6.597352,-9.970287,-9.926739,-9.826733
34.422402,NaN,NaN,NaN,NaN,0.261699,-3.836907,4.351229,1.263403,-6.447066,-6.597240,-9.970158,-9.926792,-9.827000
34.430927,NaN,NaN,NaN,NaN,0.261990,-3.836321,4.351326,1.267251,-6.444492,-6.597124,-9.970078,-9.926849,-9.827267
34.442048,NaN,NaN,NaN,NaN,0.262273,-3.835737,4.351404,1.271098,-6.441916,-6.597000,-9.969997,-9.926914,-9.827538
34.451619,NaN,NaN,NaN,NaN,0.262550,-3.834576,4.351503,1.274944,-6.436759,-6.596735,-9.969921,-9.927044,-9.828121
34.461704,NaN,NaN,NaN,NaN,0.263082,-3.833999,4.351593,1.282632,-6.434177,-6.596592,-9.969780,-9.927109,-9.828403
34.471016,NaN,NaN,NaN,NaN,0.263330,-3.833382,4.351665,1.286488,-6.431597,-6.596443,-9.969692,-9.927166,-9.828686
34.482597,NaN,NaN,NaN,NaN,0.263572,-3.832767,4.351751,1.290343,-6.429014,-6.596124,-9.969608,-9.927223,-9.829250
34.490904,NaN,NaN,NaN,NaN,0.264037,-3.832155,4.351846,1.298050,-6.426429,-6.595956,-9.969440,-9.927280,-9.829521
34.501966,NaN,NaN,NaN,NaN,0.264264,-3.830285,4.351923,1.301905,-6.418698,-6.595782,-9.969337,-9.927471,-9.829792
34.521687,NaN,NaN,NaN,NaN,0.264701,-3.829034,4.352021,1.309609,-6.413543,-6.595413,-9.969147,-9.927593,-9.830330
34.530512,NaN,NaN,NaN,NaN,0.264910,-3.828385,4.352181,1.313459,-6.410976,-6.595004,-9.969059,-9.927658,-9.830845
34.541938,NaN,NaN,NaN,NaN,0.265339,-3.827738,4.352234,1.321155,-6.408406,-6.594790,-9.968872,-9.927719,-9.831104
34.551515,NaN,NaN,NaN,NaN,0.265544,-3.827095,4.352269,1.325001,-6.405832,-6.594567,-9.968781,-9.927776,-9.831364
34.562518,NaN,NaN,NaN,NaN,0.265743,-3.825808,4.352357,1.328846,-6.400681,-6.594335,-9.968693,-9.927906,-9.831608
34.572131,NaN,NaN,NaN,NaN,0.266111,-3.825164,4.352477,1.336506,-6.398104,-6.593849,-9.968533,-9.927971,-9.832138
34.583520,NaN,NaN,NaN,NaN,0.266287,-3.824524,4.352510,1.340333,-6.395524,-6.593595,-9.968452,-9.928036,-9.832405
34.592833,NaN,NaN,NaN,NaN,0.266457,-3.823887,4.352585,1.344160,-6.392940,-6.593333,-9.968376,-9.928097,-9.832657
34.601930,NaN,NaN,NaN,NaN,0.266613,-3.823264,4.352641,1.347984,-6.390367,-6.593064,-9.968311,-9.928165,-9.832909
34.611166,NaN,NaN,NaN,NaN,0.266909,-3.822026,4.352700,1.355627,-6.385207,-6.592506,-9.968189,-9.928295,-9.833420
34.622489,NaN,NaN,NaN,NaN,0.267050,-3.821411,4.352748,1.359447,-6.382622,-6.592232,-9.968132,-9.928352,-9.833652
34.631322,NaN,NaN,NaN,NaN,0.267168,-3.820786,4.352780,1.363260,-6.380055,-6.591950,-9.968094,-9.928417,-9.833897
34.642012,NaN,NaN,NaN,NaN,0.267388,-3.820166,4.352794,1.370883,-6.377485,-6.591661,-9.968071,-9.928478,-9.834145
34.651107,NaN,NaN,NaN,NaN,0.267492,-3.818936,4.352791,1.374692,-6.372332,-6.591364,-9.968063,-9.928600,-9.834389
34.661997,NaN,NaN,NaN,NaN,0.267591,-3.818308,4.352812,1.378501,-6.369771,-6.590753,-9.968063,-9.928661,-9.834858
34.671119,NaN,NaN,NaN,NaN,0.267686,-3.817684,4.352798,1.382308,-6.367206,-6.590436,-9.968063,-9.928719,-9.835094
34.683825,NaN,NaN,NaN,NaN,0.267775,-3.816445,4.352767,1.386114,-6.362062,-6.590110,-9.968063,-9.928844,-9.835331
34.701716,NaN,NaN,NaN,NaN,0.268011,-3.815180,4.352647,1.397541,-6.356931,-6.589097,-9.968082,-9.928982,-9.836037
34.710307,NaN,NaN,NaN,NaN,0.268080,-3.814553,4.352575,1.401351,-6.354358,-6.588743,-9.968090,-9.929047,-9.836273
34.722022,NaN,NaN,NaN,NaN,0.268207,-3.813310,4.352487,1.408966,-6.349198,-6.588382,-9.968113,-9.929176,-9.836514
34.731225,NaN,NaN,NaN,NaN,0.268257,-3.812665,4.352305,1.412779,-6.346637,-6.587642,-9.968128,-9.929237,-9.836987
34.741928,NaN,NaN,NaN,NaN,0.268304,-3.812025,4.352191,1.416590,-6.344071,-6.587261,-9.968143,-9.929298,-9.837223
34.751588,NaN,NaN,NaN,NaN,0.268347,-3.811389,4.352062,1.420399,-6.341499,-6.586871,-9.968159,-9.929359,-9.837467
34.762003,NaN,NaN,NaN,NaN,0.268386,-3.810757,4.351925,1.424206,-6.338922,-6.586473,-9.968155,-9.929417,-9.837708
34.771254,NaN,NaN,NaN,NaN,0.268447,-3.809472,4.351774,1.431844,-6.333817,-6.586066,-9.968151,-9.929527,-9.837944
34.783323,NaN,NaN,NaN,NaN,0.268472,-3.808203,4.351429,1.435660,-6.328690,-6.585227,-9.968151,-9.929630,-9.838428
34.801841,NaN,NaN,NaN,NaN,0.268512,-3.807552,4.351071,1.443295,-6.326148,-6.584365,-9.968147,-9.929680,-9.838871
34.810446,NaN,NaN,NaN,NaN,0.268527,-3.806262,4.350659,1.447113,-6.321043,-6.583471,-9.968147,-9.929779,-9.839344
34.822988,NaN,NaN,NaN,NaN,0.268547,-3.805623,4.350469,1.454743,-6.318480,-6.583007,-9.968136,-9.929825,-9.839561
34.830894,NaN,NaN,NaN,NaN,0.268563,-3.804951,4.350265,1.458558,-6.315941,-6.582535,-9.968132,-9.929871,-9.839779
34.841651,NaN,NaN,NaN,NaN,0.268585,-3.804283,4.350048,1.466182,-6.313396,-6.582055,-9.968128,-9.929913,-9.839996
34.863175,NaN,NaN,NaN,NaN,0.268590,-3.803621,4.349617,1.469991,-6.310843,-6.581054,-9.968128,-9.929955,-9.840416
34.873864,NaN,NaN,NaN,NaN,0.268601,-3.802272,4.349403,1.473796,-6.305746,-6.580534,-9.968136,-9.930035,-9.840618
34.882680,NaN,NaN,NaN,NaN,0.268608,-3.801587,4.349177,1.477599,-6.303201,-6.580007,-9.968143,-9.930065,-9.840839
34.894587,NaN,NaN,NaN,NaN,0.268612,-3.800230,4.348937,1.481400,-6.298089,-6.579472,-9.968143,-9.930119,-9.841057
34.913915,NaN,NaN,NaN,NaN,0.268604,-3.798820,4.348269,1.492768,-6.292984,-6.577795,-9.968128,-9.930134,-9.841679
34.922616,NaN,NaN,NaN,NaN,0.268595,-3.798123,4.348022,1.496551,-6.290420,-6.577220,-9.968121,-9.930141,-9.841888
34.934160,NaN,NaN,NaN,NaN,0.268583,-3.796709,4.347803,1.500332,-6.285273,-6.576632,-9.968113,-9.930130,-9.842083
34.943568,NaN,NaN,NaN,NaN,0.268575,-3.795992,4.347325,1.507875,-6.282688,-6.575431,-9.968052,-9.930111,-9.842476
34.954074,NaN,NaN,NaN,NaN,0.268567,-3.795281,4.347068,1.511645,-6.280096,-6.574820,-9.968014,-9.930096,-9.842674
34.964372,NaN,NaN,NaN,NaN,0.268555,-3.794575,4.346837,1.515414,-6.277497,-6.574185,-9.967979,-9.930077,-9.842842
34.974112,NaN,NaN,NaN,NaN,0.268531,-3.793838,4.346593,1.519173,-6.274883,-6.573543,-9.967922,-9.930042,-9.843010
34.985369,NaN,NaN,NaN,NaN,0.268504,-3.793107,4.346071,1.522931,-6.272263,-6.572237,-9.967869,-9.930012,-9.843357
34.995568,NaN,NaN,NaN,NaN,0.268442,-3.791662,4.345792,1.530444,-6.267002,-6.571573,-9.967762,-9.929943,-9.843533
35.004381,NaN,NaN,NaN,NaN,0.268407,-3.790950,4.345539,1.534197,-6.264361,-6.570886,-9.967712,-9.929913,-9.843681
35.014194,NaN,NaN,NaN,NaN,0.268362,-3.790209,4.345274,1.537943,-6.261705,-6.570191,-9.967651,-9.929859,-9.843834
35.022689,NaN,NaN,NaN,NaN,0.268263,-3.789474,4.344712,1.545429,-6.259042,-6.568782,-9.967537,-9.929810,-9.844147
35.033949,NaN,NaN,NaN,NaN,0.268210,-3.788023,4.344446,1.549168,-6.253694,-6.568057,-9.967480,-9.929710,-9.844276
35.043160,NaN,NaN,NaN,NaN,0.268145,-3.787282,4.344169,1.552894,-6.250987,-6.567325,-9.967411,-9.929649,-9.844410
35.054221,NaN,NaN,NaN,NaN,0.268077,-3.785820,4.343582,1.556619,-6.245553,-6.565839,-9.967342,-9.929527,-9.844688
35.075266,NaN,NaN,NaN,NaN,0.267854,-3.784372,4.343020,1.567773,-6.240058,-6.564279,-9.967159,-9.929405,-9.844940
35.082579,NaN,NaN,NaN,NaN,0.267772,-3.783651,4.342722,1.571481,-6.237283,-6.563488,-9.967098,-9.929340,-9.845070
35.095076,NaN,NaN,NaN,NaN,0.267688,-3.782226,4.342414,1.575187,-6.231714,-6.562692,-9.967041,-9.929218,-9.845200
35.113855,NaN,NaN,NaN,NaN,0.267432,-3.780769,4.341501,1.586263,-6.226028,-6.560191,-9.966869,-9.929127,-9.845554
35.122807,NaN,NaN,NaN,NaN,0.267344,-3.780049,4.341176,1.589947,-6.223177,-6.559344,-9.966816,-9.929081,-9.845688
35.133962,NaN,NaN,NaN,NaN,0.267253,-3.778592,4.340870,1.593629,-6.217416,-6.558470,-9.966785,-9.928986,-9.845810
35.142724,NaN,NaN,NaN,NaN,0.267172,-3.777855,4.340228,1.597302,-6.214507,-6.556703,-9.966751,-9.928936,-9.846062
35.155140,NaN,NaN,NaN,NaN,0.267002,-3.776399,4.339892,1.604644,-6.208674,-6.555810,-9.966690,-9.928841,-9.846191
35.174035,NaN,NaN,NaN,NaN,0.266826,-3.774903,4.339267,1.611991,-6.202759,-6.553975,-9.966633,-9.928734,-9.846424
35.182658,NaN,NaN,NaN,NaN,0.266647,-3.774164,4.338603,1.619342,-6.199796,-6.552114,-9.966610,-9.928680,-9.846668
35.194005,NaN,NaN,NaN,NaN,0.266554,-3.773432,4.338310,1.623017,-6.196827,-6.551149,-9.966606,-9.928635,-9.846779
35.203411,NaN,NaN,NaN,NaN,0.266465,-3.772676,4.338006,1.626703,-6.193830,-6.550179,-9.966618,-9.928566,-9.846893
35.213877,NaN,NaN,NaN,NaN,0.266374,-3.771928,4.337692,1.630387,-6.190831,-6.549201,-9.966629,-9.928501,-9.847008
35.222497,NaN,NaN,NaN,NaN,0.266185,-3.770451,4.337094,1.637754,-6.184818,-6.547193,-9.966652,-9.928375,-9.847233
35.234030,NaN,NaN,NaN,NaN,0.266089,-3.769706,4.336810,1.641433,-6.181778,-6.546162,-9.966663,-9.928295,-9.847343
35.242782,NaN,NaN,NaN,NaN,0.265992,-3.768967,4.336514,1.645112,-6.178734,-6.545125,-9.966675,-9.928219,-9.847473
35.254954,NaN,NaN,NaN,NaN,0.265893,-3.766788,4.336210,1.648790,-6.169581,-6.544084,-9.966690,-9.927998,-9.847610
35.273715,NaN,NaN,NaN,NaN,0.265566,-3.766054,4.335369,1.659827,-6.166490,-6.540844,-9.966740,-9.927906,-9.848003
35.282584,NaN,NaN,NaN,NaN,0.265443,-3.765328,4.335091,1.663508,-6.163395,-6.539740,-9.966755,-9.927814,-9.848137
35.320158,NaN,NaN,NaN,NaN,0.265193,-3.763894,4.334803,1.670869,-6.157197,-6.538631,-9.966785,-9.927616,-9.848274
35.329867,NaN,NaN,NaN,NaN,0.265051,-3.763173,4.334570,1.674550,-6.154058,-6.537478,-9.966797,-9.927498,-9.848419
35.340524,NaN,NaN,NaN,NaN,0.264909,-3.762459,4.334074,1.678231,-6.150917,-6.535159,-9.966808,-9.927383,-9.848717
35.349484,NaN,NaN,NaN,NaN,0.264766,-3.761751,4.333810,1.681912,-6.147772,-6.533993,-9.966824,-9.927273,-9.848869
35.360633,NaN,NaN,NaN,NaN,0.264623,-3.761049,4.333607,1.685592,-6.144625,-6.532800,-9.966839,-9.927166,-9.849037
35.370368,NaN,NaN,NaN,NaN,0.264309,-3.759654,4.333394,1.692991,-6.138268,-6.531603,-9.966862,-9.926914,-9.849205
35.381749,NaN,NaN,NaN,NaN,0.264152,-3.758283,4.332938,1.696690,-6.131899,-6.529197,-9.966877,-9.926674,-9.849552
35.400588,NaN,NaN,NaN,NaN,0.263839,-3.757613,4.332577,1.704109,-6.128692,-6.526731,-9.966877,-9.926540,-9.849937
35.409062,NaN,NaN,NaN,NaN,0.263685,-3.756949,4.332380,1.707827,-6.125481,-6.525492,-9.966862,-9.926407,-9.850132
35.420567,NaN,NaN,NaN,NaN,0.263373,-3.755638,4.332011,1.715263,-6.119051,-6.522991,-9.966839,-9.926151,-9.850559
35.430396,NaN,NaN,NaN,NaN,0.263201,-3.755006,4.331837,1.718986,-6.115803,-6.521729,-9.966797,-9.926010,-9.850788
35.440118,NaN,NaN,NaN,NaN,0.263029,-3.754380,4.331654,1.722709,-6.112554,-6.520463,-9.966759,-9.925865,-9.851017
35.449874,NaN,NaN,NaN,NaN,0.262684,-3.753146,4.331461,1.730155,-6.106049,-6.519192,-9.966690,-9.925591,-9.851273
35.460324,NaN,NaN,NaN,NaN,0.262480,-3.752570,4.331136,1.733890,-6.102777,-6.516648,-9.966640,-9.925442,-9.851841
35.469459,NaN,NaN,NaN,NaN,0.262276,-3.751999,4.330959,1.737624,-6.099503,-6.515369,-9.966587,-9.925297,-9.852127
35.482178,NaN,NaN,NaN,NaN,0.262073,-3.751433,4.330772,1.741357,-6.096226,-6.514086,-9.966541,-9.925156,-9.852409
35.489339,NaN,NaN,NaN,NaN,0.261650,-3.750348,4.330467,1.748832,-6.089665,-6.511507,-9.966438,-9.924896,-9.853027
35.500248,NaN,NaN,NaN,NaN,0.261430,-3.749829,4.330300,1.752573,-6.086380,-6.510210,-9.966385,-9.924770,-9.853336
35.509157,NaN,NaN,NaN,NaN,0.261211,-3.749314,4.330124,1.756314,-6.083092,-6.508908,-9.966335,-9.924652,-9.853653
35.520552,NaN,NaN,NaN,NaN,0.260992,-3.748335,4.329987,1.760056,-6.076505,-6.507610,-9.966282,-9.924416,-9.853989
35.529437,NaN,NaN,NaN,NaN,0.260524,-3.747870,4.329684,1.767551,-6.073205,-6.505000,-9.966198,-9.924297,-9.854652
35.540177,NaN,NaN,NaN,NaN,0.260292,-3.747408,4.329518,1.771298,-6.069903,-6.503687,-9.966156,-9.924187,-9.854980
35.549384,NaN,NaN,NaN,NaN,0.260061,-3.746951,4.329343,1.775045,-6.066598,-6.502369,-9.966118,-9.924076,-9.855305
35.560571,NaN,NaN,NaN,NaN,0.259830,-3.746498,4.329212,1.778791,-6.063292,-6.501054,-9.966080,-9.923981,-9.855644
35.569732,NaN,NaN,NaN,NaN,0.259331,-3.745670,4.328923,1.786279,-6.056671,-6.498409,-9.966011,-9.923813,-9.856319
35.581143,NaN,NaN,NaN,NaN,0.259084,-3.744856,4.328765,1.790022,-6.050043,-6.497079,-9.965981,-9.923656,-9.856651
35.600213,NaN,NaN,NaN,NaN,0.258568,-3.744478,4.328508,1.797524,-6.046733,-6.494411,-9.965923,-9.923588,-9.857323
35.609058,NaN,NaN,NaN,NaN,0.258300,-3.743731,4.328215,1.801283,-6.040107,-6.491722,-9.965900,-9.923466,-9.857983
35.620339,NaN,NaN,NaN,NaN,0.257770,-3.743363,4.328100,1.808800,-6.036791,-6.490371,-9.965855,-9.923412,-9.858303
35.629541,NaN,NaN,NaN,NaN,0.257488,-3.743014,4.327975,1.812573,-6.033480,-6.489015,-9.965832,-9.923363,-9.858616
35.640206,NaN,NaN,NaN,NaN,0.257208,-3.742668,4.327842,1.816345,-6.030166,-6.487653,-9.965805,-9.923317,-9.858925
35.650131,NaN,NaN,NaN,NaN,0.256656,-3.741986,4.327699,1.823886,-6.023533,-6.486286,-9.965759,-9.923233,-9.859230
35.660212,NaN,NaN,NaN,NaN,0.256375,-3.741668,4.327489,1.827658,-6.020232,-6.483540,-9.965748,-9.923183,-9.859810
35.668453,NaN,NaN,NaN,NaN,0.256097,-3.741353,4.327370,1.831430,-6.016928,-6.482158,-9.965736,-9.923138,-9.860100
35.680935,NaN,NaN,NaN,NaN,0.255820,-3.740734,4.327140,1.835201,-6.010314,-6.479389,-9.965725,-9.923042,-9.860634
35.700179,NaN,NaN,NaN,NaN,0.255023,-3.740163,4.326907,1.846505,-6.003727,-6.476605,-9.965740,-9.922943,-9.861126
35.708907,NaN,NaN,NaN,NaN,0.254764,-3.739882,4.326778,1.850270,-6.000431,-6.475205,-9.965752,-9.922897,-9.861370
35.720290,NaN,NaN,NaN,NaN,0.254508,-3.739604,4.326691,1.854035,-5.997132,-6.473810,-9.965767,-9.922855,-9.861603
35.729234,NaN,NaN,NaN,NaN,0.254249,-3.739056,4.326491,1.857803,-5.990546,-6.471003,-9.965797,-9.922741,-9.862061
35.741886,NaN,NaN,NaN,NaN,0.253741,-3.738521,4.326378,1.865336,-5.983952,-6.469591,-9.965866,-9.922626,-9.862286
35.761733,NaN,NaN,NaN,NaN,0.253000,-3.738255,4.326267,1.876639,-5.980654,-6.466782,-9.966026,-9.922554,-9.862701
35.770844,NaN,NaN,NaN,NaN,0.252757,-3.737732,4.326118,1.880406,-5.974053,-6.463949,-9.966087,-9.922421,-9.863110
35.782331,NaN,NaN,NaN,NaN,0.252517,-3.737475,4.326089,1.884172,-5.970749,-6.462544,-9.966152,-9.922356,-9.863289
35.791439,NaN,NaN,NaN,NaN,0.252280,-3.737217,4.326051,1.887941,-5.967433,-6.461134,-9.966225,-9.922272,-9.863464
35.800816,NaN,NaN,NaN,NaN,0.252045,-3.736962,4.326005,1.891709,-5.964117,-6.459717,-9.966297,-9.922180,-9.863640
35.809106,NaN,NaN,NaN,NaN,0.251812,-3.736463,4.325884,1.895477,-5.957478,-6.456864,-9.966370,-9.922012,-9.863987
35.820588,NaN,NaN,NaN,NaN,0.251354,-3.736217,4.325864,1.903011,-5.954156,-6.455448,-9.966507,-9.921932,-9.864136
35.830157,NaN,NaN,NaN,NaN,0.251117,-3.735970,4.325833,1.906781,-5.950824,-6.454026,-9.966587,-9.921829,-9.864285
35.841403,NaN,NaN,NaN,NaN,0.250883,-3.735726,4.325744,1.910551,-5.947490,-6.451160,-9.966663,-9.921730,-9.864578
35.849621,NaN,NaN,NaN,NaN,0.250422,-3.735245,4.325732,1.918088,-5.940817,-6.449736,-9.966816,-9.921535,-9.864712
35.860730,NaN,NaN,NaN,NaN,0.250159,-3.735002,4.325711,1.921849,-5.937466,-6.448305,-9.966900,-9.921398,-9.864845
35.869074,NaN,NaN,NaN,NaN,0.249899,-3.734762,4.325682,1.925609,-5.934115,-6.446867,-9.966984,-9.921265,-9.864971
35.880257,NaN,NaN,NaN,NaN,0.249390,-3.734290,4.325645,1.933128,-5.927407,-6.445422,-9.967140,-9.921013,-9.865101
35.890406,NaN,NaN,NaN,NaN,0.249108,-3.734046,4.325580,1.936875,-5.924042,-6.442541,-9.967236,-9.920849,-9.865318
35.900233,NaN,NaN,NaN,NaN,0.248829,-3.733806,4.325533,1.940623,-5.920676,-6.441090,-9.967327,-9.920696,-9.865429
35.909340,NaN,NaN,NaN,NaN,0.248553,-3.733568,4.325479,1.944370,-5.917309,-6.439631,-9.967415,-9.920544,-9.865540
35.920151,NaN,NaN,NaN,NaN,0.248280,-3.733106,4.325433,1.948116,-5.910563,-6.438187,-9.967503,-9.920212,-9.865635
35.929397,NaN,NaN,NaN,NaN,0.247673,-3.732882,4.325317,1.955591,-5.907185,-6.435276,-9.967701,-9.920033,-9.865841
35.941143,NaN,NaN,NaN,NaN,0.247374,-3.732441,4.325247,1.959328,-5.900425,-6.433809,-9.967793,-9.919693,-9.865944
35.960141,NaN,NaN,NaN,NaN,0.246753,-3.732220,4.325117,1.966782,-5.897041,-6.430879,-9.967979,-9.919495,-9.866108
35.969249,NaN,NaN,NaN,NaN,0.246112,-3.732001,4.325039,1.974215,-5.893655,-6.429402,-9.968170,-9.919300,-9.866192
35.980236,NaN,NaN,NaN,NaN,0.245798,-3.731570,4.324884,1.977932,-5.886879,-6.426459,-9.968262,-9.918911,-9.866348
35.990284,NaN,NaN,NaN,NaN,0.245455,-3.731343,4.324807,1.981635,-5.883491,-6.424992,-9.968361,-9.918686,-9.866402
36.000142,NaN,NaN,NaN,NaN,0.245117,-3.731118,4.324723,1.985338,-5.880101,-6.423516,-9.968456,-9.918472,-9.866455
36.009547,NaN,NaN,NaN,NaN,0.244454,-3.730896,4.324633,1.992746,-5.876711,-6.422032,-9.968639,-9.918262,-9.866516
36.020360,NaN,NaN,NaN,NaN,0.244081,-3.730443,4.324468,1.996443,-5.869920,-6.419089,-9.968735,-9.917831,-9.866608
36.028750,NaN,NaN,NaN,NaN,0.243715,-3.730212,4.324376,2.000140,-5.866520,-6.417605,-9.968830,-9.917610,-9.866657
36.061123,NaN,NaN,NaN,NaN,0.243353,-3.729984,4.324275,2.003838,-5.863118,-6.416113,-9.968922,-9.917404,-9.866711
36.070302,NaN,NaN,NaN,NaN,0.242995,-3.729758,4.324192,2.007535,-5.859716,-6.414638,-9.969009,-9.917210,-9.866756
36.079827,NaN,NaN,NaN,NaN,0.242199,-3.729281,4.324005,2.014928,-5.852917,-6.411661,-9.969177,-9.916763,-9.866848
36.089608,NaN,NaN,NaN,NaN,0.241809,-3.729047,4.323902,2.018625,-5.849516,-6.410161,-9.969257,-9.916553,-9.866898
36.108648,NaN,NaN,NaN,NaN,0.241044,-3.728585,4.323793,2.026021,-5.842711,-6.408650,-9.969414,-9.916157,-9.866947
36.117592,NaN,NaN,NaN,NaN,0.240624,-3.728346,4.323599,2.029716,-5.839321,-6.405652,-9.969482,-9.915920,-9.867035
36.128450,NaN,NaN,NaN,NaN,0.240210,-3.728110,4.323493,2.033411,-5.835929,-6.404140,-9.969551,-9.915695,-9.867081
36.138535,NaN,NaN,NaN,NaN,0.239802,-3.727877,4.323378,2.037107,-5.832536,-6.402620,-9.969616,-9.915478,-9.867126
36.148951,NaN,NaN,NaN,NaN,0.239398,-3.727646,4.323279,2.040803,-5.829142,-6.401124,-9.969681,-9.915264,-9.867161
36.158259,NaN,NaN,NaN,NaN,0.238508,-3.727409,4.323173,2.048172,-5.825755,-6.399619,-9.969788,-9.915035,-9.867195
36.171549,NaN,NaN,NaN,NaN,0.238073,-3.726713,4.322942,2.051857,-5.815585,-6.396581,-9.969841,-9.914394,-9.867271
36.188710,NaN,NaN,NaN,NaN,0.237174,-3.726246,4.322697,2.059239,-5.808824,-6.393557,-9.969944,-9.913948,-9.867336
36.198258,NaN,NaN,NaN,NaN,0.236711,-3.726015,4.322429,2.062934,-5.805441,-6.390495,-9.969994,-9.913738,-9.867432
36.209695,NaN,NaN,NaN,NaN,0.235803,-3.725788,4.322300,2.070327,-5.802056,-6.388977,-9.970051,-9.913536,-9.867481
36.218384,NaN,NaN,NaN,NaN,0.235311,-3.725561,4.322165,2.074041,-5.798671,-6.387448,-9.970081,-9.913330,-9.867527
36.229075,NaN,NaN,NaN,NaN,0.234825,-3.725337,4.322025,2.077754,-5.795285,-6.385911,-9.970108,-9.913136,-9.867577
36.238042,NaN,NaN,NaN,NaN,0.233874,-3.725116,4.321746,2.085181,-5.791896,-6.382826,-9.970158,-9.912949,-9.867680
36.248821,NaN,NaN,NaN,NaN,0.233375,-3.724680,4.321606,2.088916,-5.785110,-6.381278,-9.970177,-9.912613,-9.867729
36.257699,NaN,NaN,NaN,NaN,0.232882,-3.724465,4.321461,2.092651,-5.781713,-6.379721,-9.970196,-9.912449,-9.867775
36.269987,NaN,NaN,NaN,NaN,0.231917,-3.724043,4.321311,2.100120,-5.774913,-6.378155,-9.970203,-9.912144,-9.867821
36.288426,NaN,NaN,NaN,NaN,0.230925,-3.723696,4.320803,2.107617,-5.768140,-6.373448,-9.970200,-9.911861,-9.867935
36.297168,NaN,NaN,NaN,NaN,0.230438,-3.723525,4.320624,2.111366,-5.764750,-6.371859,-9.970200,-9.911732,-9.867973
36.310101,NaN,NaN,NaN,NaN,0.229958,-3.723081,4.320433,2.115113,-5.754607,-6.370275,-9.970196,-9.911343,-9.868008
36.328410,NaN,NaN,NaN,NaN,0.228478,-3.722945,4.319831,2.126386,-5.751228,-6.365460,-9.970127,-9.911221,-9.868065
36.337636,NaN,NaN,NaN,NaN,0.227998,-3.722812,4.319614,2.130143,-5.747847,-6.363846,-9.970093,-9.911106,-9.868076
36.348642,NaN,NaN,NaN,NaN,0.227516,-3.722691,4.319391,2.133902,-5.744483,-6.362221,-9.970066,-9.910980,-9.868092
36.357313,NaN,NaN,NaN,NaN,0.226573,-3.722455,4.318932,2.141417,-5.737745,-6.358941,-9.970013,-9.910782,-9.868130
36.369664,NaN,NaN,NaN,NaN,0.226112,-3.722227,4.318696,2.145174,-5.730998,-6.357285,-9.969986,-9.910633,-9.868153
36.388415,NaN,NaN,NaN,NaN,0.225205,-3.722131,4.318164,2.152682,-5.727640,-6.353958,-9.969944,-9.910542,-9.868183
36.397768,NaN,NaN,NaN,NaN,0.224320,-3.721946,4.317616,2.160184,-5.720916,-6.350589,-9.969913,-9.910381,-9.868221
36.408880,NaN,NaN,NaN,NaN,0.223887,-3.721857,4.317321,2.163934,-5.717549,-6.348901,-9.969898,-9.910309,-9.868244
36.417412,NaN,NaN,NaN,NaN,0.223452,-3.721769,4.317020,2.167682,-5.714185,-6.347203,-9.969894,-9.910213,-9.868271
36.429072,NaN,NaN,NaN,NaN,0.223024,-3.721600,4.316409,2.171429,-5.707449,-6.343775,-9.969894,-9.910049,-9.868324
36.448955,NaN,NaN,NaN,NaN,0.221770,-3.721442,4.315761,2.182643,-5.700705,-6.340368,-9.969929,-9.909874,-9.868393
36.457208,NaN,NaN,NaN,NaN,0.221360,-3.721368,4.315433,2.186367,-5.697331,-6.338649,-9.969955,-9.909782,-9.868431
36.469746,NaN,NaN,NaN,NaN,0.220561,-3.721297,4.315101,2.193809,-5.693955,-6.336919,-9.970001,-9.909695,-9.868469
36.477379,NaN,NaN,NaN,NaN,0.220164,-3.721228,4.314760,2.197519,-5.690577,-6.335206,-9.970047,-9.909611,-9.868519
36.488500,NaN,NaN,NaN,NaN,0.219773,-3.721098,4.314068,2.201226,-5.683803,-6.331748,-9.970089,-9.909378,-9.868629
36.497249,NaN,NaN,NaN,NaN,0.219388,-3.721036,4.313716,2.204932,-5.680412,-6.330003,-9.970127,-9.909267,-9.868694
36.508700,NaN,NaN,NaN,NaN,0.219009,-3.720914,4.313348,2.208637,-5.673626,-6.328267,-9.970161,-9.909046,-9.868778
36.518690,NaN,NaN,NaN,NaN,0.218274,-3.720854,4.312603,2.216032,-5.670232,-6.324763,-9.970272,-9.908932,-9.868946
36.540302,NaN,NaN,NaN,NaN,0.217916,-3.720797,4.312227,2.219726,-5.666835,-6.322995,-9.970325,-9.908821,-9.869030
36.548201,NaN,NaN,NaN,NaN,0.217564,-3.720742,4.311830,2.223419,-5.663436,-6.321214,-9.970379,-9.908718,-9.869122
36.559296,NaN,NaN,NaN,NaN,0.217216,-3.720678,4.311431,2.227104,-5.660036,-6.319423,-9.970455,-9.908600,-9.869217
36.568899,NaN,NaN,NaN,NaN,0.216536,-3.720559,4.311030,2.234471,-5.653228,-6.317622,-9.970608,-9.908379,-9.869293
36.578287,NaN,NaN,NaN,NaN,0.216204,-3.720503,4.310208,2.238153,-5.649820,-6.314000,-9.970676,-9.908279,-9.869450
36.588674,NaN,NaN,NaN,NaN,0.215888,-3.720434,4.309788,2.241845,-5.646394,-6.312179,-9.970783,-9.908173,-9.869530
36.598650,NaN,NaN,NaN,NaN,0.215577,-3.720367,4.309367,2.245536,-5.642966,-6.310348,-9.970890,-9.908070,-9.869606
36.607965,NaN,NaN,NaN,NaN,0.215271,-3.720243,4.308507,2.249225,-5.636106,-6.306669,-9.970993,-9.907887,-9.869751
36.619497,NaN,NaN,NaN,NaN,0.214670,-3.720179,4.308069,2.256609,-5.632661,-6.304821,-9.971214,-9.907795,-9.869816
36.627406,NaN,NaN,NaN,NaN,0.214375,-3.720117,4.307629,2.260304,-5.629213,-6.302962,-9.971333,-9.907707,-9.869869
36.640096,NaN,NaN,NaN,NaN,0.214084,-3.720059,4.306742,2.263997,-5.625764,-6.299213,-9.971455,-9.907627,-9.869980
36.648249,NaN,NaN,NaN,NaN,0.213517,-3.719949,4.306280,2.271380,-5.618859,-6.297346,-9.971691,-9.907482,-9.870037
36.658806,NaN,NaN,NaN,NaN,0.213233,-3.719885,4.305817,2.275079,-5.615390,-6.295469,-9.971817,-9.907417,-9.870094
36.667734,NaN,NaN,NaN,NaN,0.212953,-3.719823,4.305354,2.278777,-5.611919,-6.293581,-9.971939,-9.907360,-9.870152
36.678557,NaN,NaN,NaN,NaN,0.212678,-3.719708,4.304890,2.282473,-5.604974,-6.291683,-9.972061,-9.907257,-9.870213
36.688766,NaN,NaN,NaN,NaN,0.212406,-3.719649,4.303915,2.286169,-5.601492,-6.287886,-9.972176,-9.907223,-9.870316
36.698327,NaN,NaN,NaN,NaN,0.211849,-3.719593,4.303426,2.293590,-5.598009,-6.285972,-9.972401,-9.907192,-9.870365
36.707521,NaN,NaN,NaN,NaN,0.211576,-3.719541,4.302936,2.297298,-5.594524,-6.284047,-9.972507,-9.907166,-9.870419
36.719752,NaN,NaN,NaN,NaN,0.211308,-3.719440,4.301934,2.301006,-5.587534,-6.280166,-9.972610,-9.907146,-9.870518
36.739218,NaN,NaN,NaN,NaN,0.210489,-3.719306,4.300932,2.312165,-5.577017,-6.276241,-9.972927,-9.907127,-9.870617
36.758350,NaN,NaN,NaN,NaN,0.209961,-3.719260,4.299912,2.319622,-5.573489,-6.272282,-9.973118,-9.907143,-9.870716
36.767133,NaN,NaN,NaN,NaN,0.209444,-3.719177,4.299403,2.327097,-5.566432,-6.270287,-9.973297,-9.907181,-9.870766
36.778426,NaN,NaN,NaN,NaN,0.209191,-3.719139,4.298381,2.330832,-5.562903,-6.266260,-9.973377,-9.907204,-9.870861
36.787924,NaN,NaN,NaN,NaN,0.208949,-3.719121,4.297869,2.334587,-5.559359,-6.264229,-9.973454,-9.907234,-9.870907
36.798321,NaN,NaN,NaN,NaN,0.208710,-3.719105,4.297357,2.338339,-5.555815,-6.262188,-9.973526,-9.907257,-9.870956
36.808539,NaN,NaN,NaN,NaN,0.208475,-3.719091,4.296342,2.342091,-5.552273,-6.258068,-9.973595,-9.907284,-9.871044
36.818489,NaN,NaN,NaN,NaN,0.208017,-3.719093,4.295838,2.349607,-5.545163,-6.255989,-9.973690,-9.907364,-9.871086
36.827215,NaN,NaN,NaN,NaN,0.207793,-3.719108,4.295335,2.353372,-5.541597,-6.253900,-9.973732,-9.907413,-9.871132
36.838921,NaN,NaN,NaN,NaN,0.207574,-3.719125,4.294832,2.357134,-5.538031,-6.251802,-9.973774,-9.907467,-9.871174
36.847760,NaN,NaN,NaN,NaN,0.207357,-3.719145,4.293818,2.360895,-5.534467,-6.247563,-9.973812,-9.907528,-9.871265
36.858353,NaN,NaN,NaN,NaN,0.206920,-3.719251,4.293313,2.368463,-5.527271,-6.245429,-9.973846,-9.907677,-9.871311
36.867653,NaN,NaN,NaN,NaN,0.206706,-3.719307,4.292809,2.372243,-5.523676,-6.243286,-9.973866,-9.907753,-9.871365
36.879169,NaN,NaN,NaN,NaN,0.206495,-3.719365,4.292314,2.376022,-5.520083,-6.241128,-9.973888,-9.907833,-9.871418
36.888305,NaN,NaN,NaN,NaN,0.206084,-3.719530,4.291329,2.383617,-5.512824,-6.236784,-9.973923,-9.907993,-9.871532
36.898479,NaN,NaN,NaN,NaN,0.205883,-3.719615,4.290839,2.387411,-5.509197,-6.234598,-9.973934,-9.908077,-9.871586
36.907036,NaN,NaN,NaN,NaN,0.205686,-3.719703,4.290351,2.391202,-5.505572,-6.232403,-9.973946,-9.908161,-9.871647
36.918480,NaN,NaN,NaN,NaN,0.205491,-3.719792,4.289888,2.394991,-5.501949,-6.230192,-9.973953,-9.908234,-9.871700
36.927378,NaN,NaN,NaN,NaN,0.205304,-3.720014,4.288969,2.398808,-5.494648,-6.225744,-9.973961,-9.908375,-9.871841
36.939379,NaN,NaN,NaN,NaN,0.204940,-3.720128,4.288512,2.406435,-5.491000,-6.223507,-9.973953,-9.908447,-9.871910
36.948823,NaN,NaN,NaN,NaN,0.204762,-3.720243,4.288085,2.410244,-5.487353,-6.221249,-9.973946,-9.908524,-9.871979
36.958820,NaN,NaN,NaN,NaN,0.204595,-3.720376,4.287661,2.414085,-5.483681,-6.218982,-9.973949,-9.908600,-9.872047
36.967874,NaN,NaN,NaN,NaN,0.204430,-3.720647,4.286816,2.417922,-5.476342,-6.214423,-9.973949,-9.908756,-9.872189
36.978566,NaN,NaN,NaN,NaN,0.204109,-3.720784,4.286419,2.425588,-5.472676,-6.212113,-9.973949,-9.908833,-9.872253
36.989247,NaN,NaN,NaN,NaN,0.203950,-3.720942,4.286021,2.429452,-5.468997,-6.209796,-9.973972,-9.908901,-9.872322
36.998588,NaN,NaN,NaN,NaN,0.203793,-3.721102,4.285625,2.433313,-5.465321,-6.207471,-9.973984,-9.908974,-9.872391
37.008334,NaN,NaN,NaN,NaN,0.203639,-3.721262,4.285231,2.437170,-5.461647,-6.205138,-9.973995,-9.909046,-9.872459
37.019512,NaN,NaN,NaN,NaN,0.203350,-3.721617,4.284512,2.444911,-5.454295,-6.200411,-9.974026,-9.909191,-9.872578
37.027784,NaN,NaN,NaN,NaN,0.203215,-3.721811,4.284154,2.448794,-5.450617,-6.198036,-9.974045,-9.909264,-9.872635
37.041543,NaN,NaN,NaN,NaN,0.202951,-3.722006,4.283470,2.456550,-5.446942,-6.193245,-9.974079,-9.909332,-9.872746
37.048707,NaN,NaN,NaN,NaN,0.202829,-3.722201,4.283144,2.460456,-5.443268,-6.190829,-9.974098,-9.909405,-9.872795
37.058488,NaN,NaN,NaN,NaN,0.202709,-3.722670,4.282816,2.464358,-5.435910,-6.188408,-9.974117,-9.909534,-9.872849
37.067585,NaN,NaN,NaN,NaN,0.202591,-3.722904,4.282490,2.468255,-5.432233,-6.185979,-9.974136,-9.909599,-9.872902
37.078391,NaN,NaN,NaN,NaN,0.202474,-3.723139,4.282181,2.472149,-5.428558,-6.183545,-9.974152,-9.909668,-9.872948
37.088107,NaN,NaN,NaN,NaN,0.202264,-3.723397,4.281566,2.480003,-5.424870,-6.178657,-9.974209,-9.909721,-9.873043
37.100012,NaN,NaN,NaN,NaN,0.202161,-3.723912,4.281260,2.483925,-5.417501,-6.176202,-9.974232,-9.909855,-9.873093
37.108005,NaN,NaN,NaN,NaN,0.202061,-3.724169,4.280976,2.487842,-5.413819,-6.173732,-9.974255,-9.909924,-9.873127
37.118824,NaN,NaN,NaN,NaN,0.201984,-3.724434,4.280693,2.491790,-5.410118,-6.171256,-9.974281,-9.909973,-9.873161
37.127584,NaN,NaN,NaN,NaN,0.201908,-3.724700,4.280127,2.495734,-5.406419,-6.166282,-9.974304,-9.910027,-9.873234
37.139542,NaN,NaN,NaN,NaN,0.201758,-3.725231,4.279886,2.503608,-5.399028,-6.163777,-9.974342,-9.910137,-9.873268
37.147622,NaN,NaN,NaN,NaN,0.201687,-3.725507,4.279646,2.507577,-5.395304,-6.161266,-9.974380,-9.910183,-9.873306
37.158645,NaN,NaN,NaN,NaN,0.201617,-3.725783,4.279406,2.511540,-5.391582,-6.158748,-9.974415,-9.910244,-9.873344
37.167572,NaN,NaN,NaN,NaN,0.201549,-3.726332,4.278928,2.515499,-5.384149,-6.153693,-9.974449,-9.910370,-9.873413
37.178330,NaN,NaN,NaN,NaN,0.201415,-3.726607,4.278732,2.523402,-5.380437,-6.151151,-9.974529,-9.910435,-9.873447
37.187726,NaN,NaN,NaN,NaN,0.201347,-3.726878,4.278536,2.527383,-5.376709,-6.148603,-9.974583,-9.910488,-9.873482
37.199595,NaN,NaN,NaN,NaN,0.201280,-3.727148,4.278142,2.531360,-5.372984,-6.143488,-9.974628,-9.910545,-9.873558
37.209854,NaN,NaN,NaN,NaN,0.201149,-3.727688,4.277983,2.539297,-5.365543,-6.140916,-9.974716,-9.910671,-9.873596
37.218843,NaN,NaN,NaN,NaN,0.201079,-3.727954,4.277825,2.543297,-5.361815,-6.138339,-9.974770,-9.910732,-9.873638
37.227101,NaN,NaN,NaN,NaN,0.201012,-3.728219,4.277665,2.547292,-5.358090,-6.135754,-9.974819,-9.910789,-9.873676
37.238233,NaN,NaN,NaN,NaN,0.200879,-3.728747,4.277506,2.555267,-5.350649,-6.133164,-9.974922,-9.910915,-9.873718
37.247270,NaN,NaN,NaN,NaN,0.200807,-3.729017,4.277221,2.559270,-5.346925,-6.127963,-9.974987,-9.910973,-9.873783
37.258488,NaN,NaN,NaN,NaN,0.200737,-3.729286,4.277077,2.563268,-5.343204,-6.125353,-9.975044,-9.911037,-9.873821
37.267511,NaN,NaN,NaN,NaN,0.200667,-3.729555,4.276931,2.567261,-5.339486,-6.122737,-9.975098,-9.911098,-9.873859
37.278314,NaN,NaN,NaN,NaN,0.200599,-3.729825,4.276812,2.571249,-5.335770,-6.120112,-9.975151,-9.911163,-9.873894
37.287174,NaN,NaN,NaN,NaN,0.200520,-3.730092,4.276573,2.575258,-5.332043,-6.114844,-9.975216,-9.911217,-9.873970
37.299616,NaN,NaN,NaN,NaN,0.200366,-3.730625,4.276452,2.583261,-5.324599,-6.112201,-9.975349,-9.911331,-9.874012
37.307664,NaN,NaN,NaN,NaN,0.200291,-3.730891,4.276370,2.587254,-5.320881,-6.109544,-9.975407,-9.911392,-9.874035
37.319873,NaN,NaN,NaN,NaN,0.200212,-3.731703,4.276201,2.591269,-5.309728,-6.104212,-9.975483,-9.911564,-9.874084
37.338399,NaN,NaN,NaN,NaN,0.199983,-3.731972,4.276072,2.603281,-5.306016,-6.098857,-9.975689,-9.911633,-9.874126
37.347785,NaN,NaN,NaN,NaN,0.199907,-3.732240,4.276029,2.607291,-5.302304,-6.096172,-9.975769,-9.911690,-9.874153
37.358515,NaN,NaN,NaN,NaN,0.199832,-3.732507,4.275983,2.611295,-5.298594,-6.093481,-9.975845,-9.911751,-9.874184
37.367670,NaN,NaN,NaN,NaN,0.199689,-3.733039,4.275936,2.619287,-5.291182,-6.090785,-9.975986,-9.911877,-9.874214
37.378633,NaN,NaN,NaN,NaN,0.199610,-3.733315,4.275919,2.623268,-5.287482,-6.085387,-9.976070,-9.911926,-9.874260
37.388357,NaN,NaN,NaN,NaN,0.199534,-3.733590,4.275907,2.627243,-5.283783,-6.082680,-9.976151,-9.911980,-9.874283
37.400737,NaN,NaN,NaN,NaN,0.199459,-3.734415,4.275893,2.631214,-5.272706,-6.079966,-9.976227,-9.912136,-9.874310
37.418620,NaN,NaN,NaN,NaN,0.199227,-3.734691,4.275928,2.643075,-5.269020,-6.071826,-9.976433,-9.912178,-9.874344
37.427104,NaN,NaN,NaN,NaN,0.199150,-3.734967,4.275935,2.647015,-5.265336,-6.069101,-9.976490,-9.912220,-9.874359
37.439448,NaN,NaN,NaN,NaN,0.199074,-3.735242,4.275939,2.650951,-5.261655,-6.066370,-9.976547,-9.912262,-9.874378
37.449243,NaN,NaN,NaN,NaN,0.198999,-3.735813,4.275988,2.654883,-5.254313,-6.060900,-9.976601,-9.912338,-9.874401
37.458279,NaN,NaN,NaN,NaN,0.198809,-3.736108,4.276009,2.662707,-5.250653,-6.058157,-9.976742,-9.912365,-9.874416
37.468212,NaN,NaN,NaN,NaN,0.198716,-3.736402,4.276027,2.666612,-5.246994,-6.055408,-9.976807,-9.912399,-9.874443
37.478606,NaN,NaN,NaN,NaN,0.198625,-3.736694,4.276043,2.670514,-5.243338,-6.052647,-9.976849,-9.912434,-9.874447
37.486950,NaN,NaN,NaN,NaN,0.198401,-3.737299,4.276067,2.678299,-5.236054,-6.047110,-9.976971,-9.912445,-9.874470
37.500135,NaN,NaN,NaN,NaN,0.198292,-3.737599,4.276076,2.682186,-5.232414,-6.044333,-9.977024,-9.912457,-9.874481
37.509370,NaN,NaN,NaN,NaN,0.198184,-3.737899,4.276078,2.686070,-5.228775,-6.041550,-9.977074,-9.912472,-9.874474
37.518463,NaN,NaN,NaN,NaN,0.198044,-3.738204,4.276077,2.689954,-5.225139,-6.038762,-9.977142,-9.912445,-9.874470
37.526889,NaN,NaN,NaN,NaN,0.197905,-3.738812,4.276070,2.693834,-5.217871,-6.033169,-9.977203,-9.912407,-9.874508
37.538427,NaN,NaN,NaN,NaN,0.197635,-3.739114,4.276051,2.701583,-5.214239,-6.030387,-9.977337,-9.912392,-9.874504
37.547198,NaN,NaN,NaN,NaN,0.197471,-3.739433,4.276028,2.705438,-5.210601,-6.027599,-9.977406,-9.912365,-9.874500
37.558312,NaN,NaN,NaN,NaN,0.197310,-3.739751,4.276004,2.709290,-5.206964,-6.024806,-9.977470,-9.912338,-9.874500
37.567732,NaN,NaN,NaN,NaN,0.196995,-3.740067,4.275977,2.716985,-5.203329,-6.022007,-9.977592,-9.912319,-9.874504
37.578754,NaN,NaN,NaN,NaN,0.196803,-3.740691,4.275890,2.720814,-5.196060,-6.016424,-9.977657,-9.912243,-9.874466
37.586779,NaN,NaN,NaN,NaN,0.196614,-3.740999,4.275844,2.724640,-5.192428,-6.013625,-9.977718,-9.912205,-9.874454
37.613691,NaN,NaN,NaN,NaN,0.196245,-3.741613,4.275738,2.732285,-5.185168,-6.008035,-9.977802,-9.912140,-9.874401
37.631863,NaN,NaN,NaN,NaN,0.195825,-3.742230,4.275614,2.739880,-5.177924,-6.002450,-9.977909,-9.912067,-9.874325
37.640582,NaN,NaN,NaN,NaN,0.195620,-3.742537,4.275548,2.743673,-5.174305,-5.999650,-9.977955,-9.912037,-9.874294
37.652140,NaN,NaN,NaN,NaN,0.195417,-3.743150,4.275471,2.747465,-5.167058,-5.996858,-9.978001,-9.912010,-9.874226
37.662606,NaN,NaN,NaN,NaN,0.195193,-3.743457,4.275313,2.751235,-5.163432,-5.991257,-9.978062,-9.911999,-9.874123
37.671824,NaN,NaN,NaN,NaN,0.194755,-3.743762,4.275232,2.758768,-5.159806,-5.988447,-9.978168,-9.911991,-9.874081
37.680429,NaN,NaN,NaN,NaN,0.194540,-3.744066,4.275154,2.762532,-5.156182,-5.985664,-9.978214,-9.911987,-9.874001
37.691833,NaN,NaN,NaN,NaN,0.194297,-3.744376,4.275074,2.766272,-5.152545,-5.982874,-9.978271,-9.911987,-9.873928
37.701434,NaN,NaN,NaN,NaN,0.194057,-3.744685,4.274906,2.770010,-5.148909,-5.977278,-9.978325,-9.911991,-9.873795
37.712375,NaN,NaN,NaN,NaN,0.193586,-3.745300,4.274819,2.777481,-5.141640,-5.974471,-9.978424,-9.912037,-9.873734
37.721428,NaN,NaN,NaN,NaN,0.193356,-3.745606,4.274755,2.781215,-5.138007,-5.971682,-9.978466,-9.912064,-9.873646
37.731804,NaN,NaN,NaN,NaN,0.193099,-3.745908,4.274688,2.784941,-5.134370,-5.968886,-9.978500,-9.912094,-9.873562
37.741178,NaN,NaN,NaN,NaN,0.192845,-3.746209,4.274619,2.788666,-5.130734,-5.966084,-9.978531,-9.912128,-9.873486
37.753249,NaN,NaN,NaN,NaN,0.192349,-3.746808,4.274493,2.796111,-5.123466,-5.960480,-9.978580,-9.912205,-9.873306
37.761292,NaN,NaN,NaN,NaN,0.192092,-3.747097,4.274435,2.799822,-5.119822,-5.957679,-9.978622,-9.912231,-9.873203
37.773706,NaN,NaN,NaN,NaN,0.191839,-3.747957,4.274310,2.803532,-5.108893,-5.952057,-9.978657,-9.912312,-9.873016
37.793709,NaN,NaN,NaN,NaN,0.191090,-3.748232,4.274193,2.814643,-5.105227,-5.946446,-9.978764,-9.912323,-9.872765
37.802301,NaN,NaN,NaN,NaN,0.190839,-3.748507,4.274131,2.818337,-5.101561,-5.943631,-9.978798,-9.912334,-9.872646
37.813355,NaN,NaN,NaN,NaN,0.190349,-3.749317,4.274066,2.825722,-5.090543,-5.940809,-9.978855,-9.912354,-9.872532
37.832111,NaN,NaN,NaN,NaN,0.189818,-3.749579,4.273896,2.833093,-5.086854,-5.932362,-9.978897,-9.912342,-9.872131
37.840833,NaN,NaN,NaN,NaN,0.189559,-3.749840,4.273833,2.836777,-5.083167,-5.929533,-9.978912,-9.912338,-9.872009
37.851797,NaN,NaN,NaN,NaN,0.189304,-3.750101,4.273777,2.840460,-5.079482,-5.926708,-9.978928,-9.912334,-9.871872
37.861243,NaN,NaN,NaN,NaN,0.189010,-3.750622,4.273656,2.844143,-5.072069,-5.921039,-9.978939,-9.912277,-9.871609
37.878925,NaN,NaN,NaN,NaN,0.188436,-3.751140,4.273592,2.851506,-5.064664,-5.918194,-9.978951,-9.912239,-9.871487
37.897627,NaN,NaN,NaN,NaN,0.187839,-3.751411,4.273448,2.858859,-5.060934,-5.912500,-9.978939,-9.912224,-9.871246
37.907378,NaN,NaN,NaN,NaN,0.187526,-3.751951,4.273373,2.862530,-5.053484,-5.909642,-9.978924,-9.912209,-9.871132
37.918055,NaN,NaN,NaN,NaN,0.186915,-3.752219,4.273196,2.869870,-5.049763,-5.903893,-9.978909,-9.912209,-9.870918
37.926852,NaN,NaN,NaN,NaN,0.186571,-3.752500,4.273095,2.873537,-5.046023,-5.901001,-9.978897,-9.912193,-9.870823
37.937600,NaN,NaN,NaN,NaN,0.186231,-3.752779,4.272991,2.877203,-5.042287,-5.898102,-9.978889,-9.912182,-9.870728
37.948162,NaN,NaN,NaN,NaN,0.185897,-3.753057,4.272780,2.880867,-5.038553,-5.892276,-9.978874,-9.912178,-9.870541
37.957536,NaN,NaN,NaN,NaN,0.185200,-3.753611,4.272672,2.888203,-5.031070,-5.889349,-9.978851,-9.912174,-9.870445
37.966880,NaN,NaN,NaN,NaN,0.184837,-3.753887,4.272563,2.891874,-5.027321,-5.886415,-9.978840,-9.912178,-9.870377
37.978310,NaN,NaN,NaN,NaN,0.184126,-3.754435,4.272337,2.899210,-5.019832,-5.880531,-9.978855,-9.912197,-9.870251
37.988463,NaN,NaN,NaN,NaN,0.183777,-3.754707,4.272223,2.902877,-5.016090,-5.877576,-9.978855,-9.912212,-9.870174
37.997464,NaN,NaN,NaN,NaN,0.183392,-3.754986,4.272106,2.906544,-5.012326,-5.874615,-9.978870,-9.912235,-9.870098
38.006414,NaN,NaN,NaN,NaN,0.183012,-3.755263,4.271988,2.910210,-5.008564,-5.871648,-9.978886,-9.912262,-9.870029
38.018128,NaN,NaN,NaN,NaN,0.182638,-3.755816,4.271868,2.913874,-5.001049,-5.868675,-9.978893,-9.912327,-9.869965
38.026593,NaN,NaN,NaN,NaN,0.182269,-3.756094,4.271744,2.917538,-4.997276,-5.865693,-9.978901,-9.912369,-9.869873
38.037444,NaN,NaN,NaN,NaN,0.181513,-3.756371,4.271489,2.924855,-4.993507,-5.859710,-9.978966,-9.912415,-9.869701
38.046098,NaN,NaN,NaN,NaN,0.181143,-3.756647,4.271360,2.928512,-4.989740,-5.856711,-9.978996,-9.912464,-9.869621
38.057675,NaN,NaN,NaN,NaN,0.180780,-3.756922,4.271212,2.932168,-4.985976,-5.853712,-9.979019,-9.912514,-9.869522
38.066844,NaN,NaN,NaN,NaN,0.180394,-3.757477,4.270910,2.935818,-4.978439,-5.847700,-9.979061,-9.912594,-9.869343
38.077991,NaN,NaN,NaN,NaN,0.179638,-3.757754,4.270757,2.943114,-4.974674,-5.844686,-9.979134,-9.912636,-9.869259
38.087160,NaN,NaN,NaN,NaN,0.179268,-3.758029,4.270595,2.946760,-4.970911,-5.841693,-9.979164,-9.912682,-9.869148
38.097737,NaN,NaN,NaN,NaN,0.178866,-3.758309,4.270433,2.950402,-4.967156,-5.838694,-9.979187,-9.912720,-9.869045
38.106109,NaN,NaN,NaN,NaN,0.178079,-3.758866,4.270105,2.957682,-4.959650,-5.832679,-9.979221,-9.912800,-9.868855
38.118871,NaN,NaN,NaN,NaN,0.177694,-3.759144,4.269929,2.961322,-4.955900,-5.829694,-9.979233,-9.912846,-9.868740
38.126548,NaN,NaN,NaN,NaN,0.177279,-3.759418,4.269750,2.964946,-4.952164,-5.826703,-9.979263,-9.912876,-9.868633
38.137623,NaN,NaN,NaN,NaN,0.176870,-3.759965,4.269571,2.968569,-4.944695,-5.823706,-9.979290,-9.912960,-9.868534
38.148029,NaN,NaN,NaN,NaN,0.176467,-3.760237,4.269205,2.972192,-4.940962,-5.817716,-9.979317,-9.913006,-9.868313
38.159564,NaN,NaN,NaN,NaN,0.175661,-3.760503,4.269017,2.979425,-4.937228,-5.814723,-9.979366,-9.913036,-9.868202
38.167858,NaN,NaN,NaN,NaN,0.175257,-3.760768,4.268829,2.983036,-4.933496,-5.811724,-9.979389,-9.913067,-9.868095
38.179134,NaN,NaN,NaN,NaN,0.174860,-3.761558,4.268641,2.986647,-4.922303,-5.808719,-9.979412,-9.913147,-9.867996
38.197693,NaN,NaN,NaN,NaN,0.173661,-3.761819,4.268039,2.997462,-4.918572,-5.799740,-9.979488,-9.913162,-9.867680
38.206851,NaN,NaN,NaN,NaN,0.173267,-3.762079,4.267837,3.001065,-4.914843,-5.796734,-9.979511,-9.913181,-9.867596
38.217989,NaN,NaN,NaN,NaN,0.172878,-3.762339,4.267631,3.004667,-4.911115,-5.793751,-9.979538,-9.913200,-9.867496
38.226857,NaN,NaN,NaN,NaN,0.172479,-3.762859,4.267220,3.008259,-4.903648,-5.787765,-9.979568,-9.913231,-9.867321
38.237566,NaN,NaN,NaN,NaN,0.171698,-3.763119,4.267014,3.015442,-4.899917,-5.784763,-9.979618,-9.913246,-9.867241
38.246045,NaN,NaN,NaN,NaN,0.171316,-3.763377,4.266807,3.019034,-4.896186,-5.781754,-9.979641,-9.913269,-9.867168
38.257705,NaN,NaN,NaN,NaN,0.170940,-3.763897,4.266607,3.022625,-4.888748,-5.778781,-9.979660,-9.913315,-9.867077
38.267393,NaN,NaN,NaN,NaN,0.170543,-3.764159,4.266204,3.026215,-4.885041,-5.772817,-9.979664,-9.913334,-9.866947
38.278444,NaN,NaN,NaN,NaN,0.169768,-3.764679,4.266001,3.033396,-4.877626,-5.769825,-9.979633,-9.913380,-9.866890
38.297458,NaN,NaN,NaN,NaN,0.168986,-3.764947,4.265594,3.040571,-4.873928,-5.763920,-9.979584,-9.913387,-9.866768
38.306081,NaN,NaN,NaN,NaN,0.168589,-3.765215,4.265185,3.044157,-4.870231,-5.757989,-9.979553,-9.913403,-9.866665
38.318035,NaN,NaN,NaN,NaN,0.167812,-3.765747,4.264969,3.051328,-4.862839,-5.755075,-9.979485,-9.913445,-9.866604
38.326859,NaN,NaN,NaN,NaN,0.167406,-3.766015,4.264752,3.054901,-4.859139,-5.752154,-9.979439,-9.913452,-9.866550
38.338194,NaN,NaN,NaN,NaN,0.167006,-3.766550,4.264535,3.058474,-4.851742,-5.749226,-9.979401,-9.913483,-9.866501
38.346960,NaN,NaN,NaN,NaN,0.166612,-3.766815,4.264317,3.062047,-4.848045,-5.746292,-9.979355,-9.913506,-9.866459
38.357923,NaN,NaN,NaN,NaN,0.165807,-3.767099,4.263859,3.069188,-4.844358,-5.740513,-9.979263,-9.913509,-9.866375
38.367072,NaN,NaN,NaN,NaN,0.165398,-3.767380,4.263629,3.072756,-4.840673,-5.737612,-9.979214,-9.913521,-9.866344
38.378930,NaN,NaN,NaN,NaN,0.164994,-3.767940,4.263399,3.076324,-4.833303,-5.734703,-9.979160,-9.913570,-9.866314
38.397487,NaN,NaN,NaN,NaN,0.163762,-3.768540,4.262684,3.087039,-4.825941,-5.726078,-9.979004,-9.913612,-9.866241
38.406464,NaN,NaN,NaN,NaN,0.163354,-3.768837,4.262444,3.090613,-4.822261,-5.723186,-9.978947,-9.913635,-9.866226
38.418926,NaN,NaN,NaN,NaN,0.162951,-3.769132,4.262183,3.094187,-4.818582,-5.720302,-9.978893,-9.913666,-9.866211
38.426683,NaN,NaN,NaN,NaN,0.162111,-3.769748,4.261663,3.101333,-4.811238,-5.714509,-9.978779,-9.913723,-9.866199
38.438044,NaN,NaN,NaN,NaN,0.161699,-3.770357,4.261404,3.104907,-4.803897,-5.711600,-9.978722,-9.913795,-9.866199
38.457686,NaN,NaN,NaN,NaN,0.160872,-3.770668,4.260857,3.112050,-4.800234,-5.705763,-9.978603,-9.913818,-9.866230
38.467655,NaN,NaN,NaN,NaN,0.160047,-3.770977,4.260312,3.119190,-4.796572,-5.699894,-9.978481,-9.913849,-9.866276
38.478200,NaN,NaN,NaN,NaN,0.159643,-3.771901,4.260016,3.122761,-4.785584,-5.696953,-9.978416,-9.913929,-9.866302
38.498122,NaN,NaN,NaN,NaN,0.158828,-3.772212,4.259427,3.129856,-4.781920,-5.691045,-9.978264,-9.913952,-9.866360
38.506369,NaN,NaN,NaN,NaN,0.158430,-3.772521,4.259132,3.133405,-4.778257,-5.688080,-9.978188,-9.913975,-9.866405
38.517414,NaN,NaN,NaN,NaN,0.157654,-3.773134,4.258519,3.140504,-4.770933,-5.682128,-9.978020,-9.914032,-9.866501
38.526458,NaN,NaN,NaN,NaN,0.157273,-3.773425,4.258202,3.144025,-4.767273,-5.679141,-9.977928,-9.914047,-9.866550
38.538427,NaN,NaN,NaN,NaN,0.156898,-3.774003,4.257885,3.147548,-4.759955,-5.676147,-9.977837,-9.914082,-9.866604
38.547745,NaN,NaN,NaN,NaN,0.156529,-3.774289,4.257567,3.151072,-4.756298,-5.673146,-9.977749,-9.914127,-9.866657
38.557973,NaN,NaN,NaN,NaN,0.155786,-3.774585,4.256872,3.158088,-4.752638,-5.667128,-9.977558,-9.914139,-9.866776
38.566767,NaN,NaN,NaN,NaN,0.155413,-3.774880,4.256526,3.161581,-4.748979,-5.664108,-9.977455,-9.914158,-9.866840
38.577792,NaN,NaN,NaN,NaN,0.155045,-3.775173,4.256182,3.165076,-4.745321,-5.661081,-9.977345,-9.914177,-9.866909
38.587364,NaN,NaN,NaN,NaN,0.154305,-3.775748,4.255812,3.172037,-4.738003,-5.658040,-9.977119,-9.914188,-9.866978
38.598134,NaN,NaN,NaN,NaN,0.153933,-3.776030,4.255077,3.175504,-4.734342,-5.651936,-9.977009,-9.914185,-9.867123
38.606620,NaN,NaN,NaN,NaN,0.153567,-3.776311,4.254711,3.178973,-4.730683,-5.648873,-9.976898,-9.914181,-9.867199
38.618004,NaN,NaN,NaN,NaN,0.153207,-3.776591,4.254319,3.182445,-4.727025,-5.645811,-9.976788,-9.914192,-9.867271
38.627179,NaN,NaN,NaN,NaN,0.152821,-3.777151,4.253929,3.185892,-4.719686,-5.642741,-9.976669,-9.914162,-9.867344
38.638311,NaN,NaN,NaN,NaN,0.152067,-3.777430,4.253156,3.192795,-4.716018,-5.636580,-9.976425,-9.914150,-9.867496
38.648252,NaN,NaN,NaN,NaN,0.151699,-3.777707,4.252754,3.196250,-4.712353,-5.633497,-9.976307,-9.914146,-9.867565
38.657464,NaN,NaN,NaN,NaN,0.151311,-3.778266,4.252355,3.199676,-4.705012,-5.630407,-9.976189,-9.914093,-9.867641
38.666265,NaN,NaN,NaN,NaN,0.150553,-3.778544,4.251563,3.206536,-4.701344,-5.624205,-9.975952,-9.914066,-9.867794
38.677732,NaN,NaN,NaN,NaN,0.150184,-3.778821,4.251158,3.209970,-4.697679,-5.621110,-9.975838,-9.914043,-9.867863
38.687426,NaN,NaN,NaN,NaN,0.149802,-3.779103,4.250756,3.213381,-4.694016,-5.618009,-9.975719,-9.913986,-9.867935
38.697365,NaN,NaN,NaN,NaN,0.149425,-3.779385,4.250355,3.216795,-4.690355,-5.614901,-9.975597,-9.913937,-9.868008
38.708290,NaN,NaN,NaN,NaN,0.149055,-3.779666,4.249531,3.220212,-4.686695,-5.608676,-9.975479,-9.913891,-9.868145
38.717673,NaN,NaN,NaN,NaN,0.148315,-3.780226,4.249107,3.227035,-4.679392,-5.605558,-9.975235,-9.913776,-9.868214
38.726353,NaN,NaN,NaN,NaN,0.147946,-3.780506,4.248687,3.230441,-4.675748,-5.602434,-9.975113,-9.913704,-9.868286
38.738401,NaN,NaN,NaN,NaN,0.147583,-3.781335,4.247843,3.233851,-4.664828,-5.596189,-9.974995,-9.913525,-9.868423
38.758440,NaN,NaN,NaN,NaN,0.146480,-3.781875,4.246999,3.244060,-4.657558,-5.589941,-9.974632,-9.913387,-9.868565
38.777298,NaN,NaN,NaN,NaN,0.145756,-3.782411,4.246164,3.250869,-4.650293,-5.583666,-9.974400,-9.913265,-9.868710
38.785842,NaN,NaN,NaN,NaN,0.145403,-3.782681,4.245309,3.254278,-4.646657,-5.577403,-9.974289,-9.913170,-9.868835
38.797763,NaN,NaN,NaN,NaN,0.144667,-3.782951,4.244887,3.261101,-4.643022,-5.574260,-9.974018,-9.913082,-9.868900
38.815299,NaN,NaN,NaN,NaN,0.144307,-3.783219,4.244467,3.264518,-4.639389,-5.571111,-9.973888,-9.912998,-9.868965
38.826358,NaN,NaN,NaN,NaN,0.143954,-3.783487,4.244055,3.267937,-4.635757,-5.567961,-9.973759,-9.912918,-9.869011
38.835643,NaN,NaN,NaN,NaN,0.143581,-3.784020,4.243236,3.271362,-4.628465,-5.561642,-9.973602,-9.912704,-9.869118
38.846969,NaN,NaN,NaN,NaN,0.142854,-3.784550,4.242831,3.278221,-4.621179,-5.558472,-9.973309,-9.912514,-9.869171
38.866437,NaN,NaN,NaN,NaN,0.142128,-3.784825,4.242045,3.285085,-4.617523,-5.552108,-9.973003,-9.912411,-9.869251
38.875699,NaN,NaN,NaN,NaN,0.141404,-3.785373,4.241271,3.291955,-4.610216,-5.545717,-9.972687,-9.912212,-9.869350
38.886316,NaN,NaN,NaN,NaN,0.141052,-3.785645,4.240883,3.295395,-4.606566,-5.542505,-9.972530,-9.912121,-9.869392
38.895725,NaN,NaN,NaN,NaN,0.140672,-3.785912,4.240498,3.298845,-4.602919,-5.539287,-9.972370,-9.912014,-9.869438
38.906116,NaN,NaN,NaN,NaN,0.140299,-3.786443,4.240114,3.302296,-4.595634,-5.536064,-9.972214,-9.911812,-9.869484
38.914909,NaN,NaN,NaN,NaN,0.139572,-3.786707,4.239364,3.309209,-4.591993,-5.529580,-9.971909,-9.911732,-9.869572
38.926122,NaN,NaN,NaN,NaN,0.139191,-3.786966,4.238999,3.312668,-4.588351,-5.526320,-9.971767,-9.911633,-9.869610
38.935776,NaN,NaN,NaN,NaN,0.138817,-3.787224,4.238636,3.316131,-4.584711,-5.523054,-9.971630,-9.911537,-9.869678
38.948124,NaN,NaN,NaN,NaN,0.138449,-3.787983,4.237923,3.319596,-4.573792,-5.516503,-9.971485,-9.911255,-9.869812
38.966411,NaN,NaN,NaN,NaN,0.137340,-3.788228,4.237227,3.329990,-4.570151,-5.509928,-9.971081,-9.911152,-9.869942
38.975798,NaN,NaN,NaN,NaN,0.136975,-3.788473,4.236881,3.333458,-4.566512,-5.506632,-9.970955,-9.911057,-9.870007
38.986595,NaN,NaN,NaN,NaN,0.136616,-3.788941,4.236546,3.336928,-4.559231,-5.503332,-9.970833,-9.910824,-9.870071
38.996238,NaN,NaN,NaN,NaN,0.135902,-3.789164,4.236214,3.343875,-4.555590,-5.500026,-9.970646,-9.910694,-9.870121
39.006470,NaN,NaN,NaN,NaN,0.135555,-3.789386,4.235557,3.347354,-4.551950,-5.493398,-9.970570,-9.910572,-9.870228
39.015172,NaN,NaN,NaN,NaN,0.135216,-3.789609,4.235250,3.350835,-4.548313,-5.490070,-9.970493,-9.910454,-9.870270
39.026897,NaN,NaN,NaN,NaN,0.134853,-3.789813,4.234944,3.354324,-4.544667,-5.486737,-9.970425,-9.910294,-9.870316
39.035771,NaN,NaN,NaN,NaN,0.134498,-3.790016,4.234339,3.357816,-4.541023,-5.480054,-9.970356,-9.910141,-9.870407
39.047418,NaN,NaN,NaN,NaN,0.133806,-3.790628,4.234038,3.364809,-4.530103,-5.476705,-9.970230,-9.909752,-9.870457
39.066288,NaN,NaN,NaN,NaN,0.132772,-3.790807,4.233479,3.375322,-4.526456,-5.469966,-9.970039,-9.909603,-9.870544
39.075496,NaN,NaN,NaN,NaN,0.132433,-3.791167,4.232926,3.378832,-4.519168,-5.463206,-9.969978,-9.909321,-9.870640
39.086525,NaN,NaN,NaN,NaN,0.132101,-3.791348,4.232656,3.382345,-4.515527,-5.459809,-9.969917,-9.909187,-9.870674
39.097007,NaN,NaN,NaN,NaN,0.131778,-3.791505,4.232388,3.385846,-4.511876,-5.456407,-9.969864,-9.909027,-9.870708
39.106937,NaN,NaN,NaN,NaN,0.131461,-3.791821,4.232121,3.389349,-4.504578,-5.453000,-9.969810,-9.908710,-9.870743
39.115788,NaN,NaN,NaN,NaN,0.131150,-3.791980,4.231854,3.392855,-4.500932,-5.449589,-9.969761,-9.908562,-9.870766
39.126298,NaN,NaN,NaN,NaN,0.130546,-3.792119,4.231315,3.399851,-4.497277,-5.442720,-9.969685,-9.908386,-9.870796
39.135417,NaN,NaN,NaN,NaN,0.130255,-3.792259,4.231047,3.403341,-4.493626,-5.439280,-9.969654,-9.908215,-9.870811
39.147646,NaN,NaN,NaN,NaN,0.129970,-3.792664,4.230519,3.406835,-4.482671,-5.432371,-9.969624,-9.907696,-9.870842
39.167181,NaN,NaN,NaN,NaN,0.129141,-3.792785,4.229998,3.417267,-4.479016,-5.425431,-9.969563,-9.907509,-9.870876
39.175229,NaN,NaN,NaN,NaN,0.128875,-3.792907,4.229740,3.420740,-4.475364,-5.421954,-9.969547,-9.907330,-9.870907
39.186333,NaN,NaN,NaN,NaN,0.128614,-3.793031,4.229467,3.424215,-4.471713,-5.418462,-9.969540,-9.907158,-9.870937
39.194971,NaN,NaN,NaN,NaN,0.128357,-3.793139,4.228928,3.427677,-4.468050,-5.411464,-9.969547,-9.906975,-9.870998
39.207870,NaN,NaN,NaN,NaN,0.127860,-3.793469,4.228661,3.434608,-4.457072,-5.407960,-9.969566,-9.906471,-9.871033
39.226320,NaN,NaN,NaN,NaN,0.127389,-3.793554,4.228084,3.441531,-4.453413,-5.400907,-9.969601,-9.906300,-9.871086
39.235194,NaN,NaN,NaN,NaN,0.126944,-3.793730,4.227799,3.448446,-4.446101,-5.397375,-9.969643,-9.905987,-9.871132
39.246058,NaN,NaN,NaN,NaN,0.126729,-3.793820,4.227213,3.451909,-4.442448,-5.390291,-9.969658,-9.905838,-9.871223
39.256249,NaN,NaN,NaN,NaN,0.126504,-3.793899,4.226912,3.455353,-4.438786,-5.386739,-9.969681,-9.905666,-9.871269
39.267970,NaN,NaN,NaN,NaN,0.126283,-3.794144,4.226611,3.458800,-4.427809,-5.383183,-9.969704,-9.905224,-9.871315
39.286439,NaN,NaN,NaN,NaN,0.125635,-3.794240,4.225679,3.469147,-4.424146,-5.372511,-9.969791,-9.905083,-9.871429
39.294853,NaN,NaN,NaN,NaN,0.125421,-3.794338,4.225366,3.472592,-4.420484,-5.368949,-9.969826,-9.904949,-9.871490
39.306835,NaN,NaN,NaN,NaN,0.125212,-3.794637,4.225055,3.476041,-4.409510,-5.365384,-9.969860,-9.904591,-9.871548
39.326238,NaN,NaN,NaN,NaN,0.124598,-3.794751,4.224091,3.486400,-4.405853,-5.354695,-9.969967,-9.904465,-9.871700
39.336170,NaN,NaN,NaN,NaN,0.124393,-3.794867,4.223765,3.489854,-4.402199,-5.351131,-9.970009,-9.904343,-9.871746
39.348469,NaN,NaN,NaN,NaN,0.124192,-3.795236,4.223443,3.493311,-4.391252,-5.347564,-9.970051,-9.903973,-9.871792
39.366748,NaN,NaN,NaN,NaN,0.123604,-3.795371,4.222410,3.503706,-4.387611,-5.336929,-9.970158,-9.903839,-9.871887
39.376123,NaN,NaN,NaN,NaN,0.123414,-3.795507,4.222071,3.507178,-4.383972,-5.333378,-9.970192,-9.903709,-9.871918
39.386375,NaN,NaN,NaN,NaN,0.123228,-3.795643,4.221716,3.510652,-4.380335,-5.329855,-9.970222,-9.903591,-9.871918
39.396819,NaN,NaN,NaN,NaN,0.122859,-3.795798,4.221013,3.517606,-4.376712,-5.322799,-9.970318,-9.903446,-9.871925
39.408754,NaN,NaN,NaN,NaN,0.122680,-3.796108,4.220666,3.521087,-4.369470,-5.319266,-9.970367,-9.903152,-9.871929
39.416238,NaN,NaN,NaN,NaN,0.122504,-3.796263,4.220289,3.524571,-4.365852,-5.315758,-9.970409,-9.903015,-9.871902
39.426119,NaN,NaN,NaN,NaN,0.122325,-3.796436,4.219915,3.528059,-4.362238,-5.312247,-9.970436,-9.902859,-9.871880
39.435572,NaN,NaN,NaN,NaN,0.121979,-3.796782,4.219544,3.535043,-4.355014,-5.308733,-9.970482,-9.902569,-9.871861
39.446308,NaN,NaN,NaN,NaN,0.121811,-3.796954,4.218761,3.538540,-4.351404,-5.301708,-9.970505,-9.902435,-9.871799
39.456147,NaN,NaN,NaN,NaN,0.121649,-3.797142,4.218351,3.542038,-4.347806,-5.298200,-9.970524,-9.902287,-9.871758
39.466133,NaN,NaN,NaN,NaN,0.121490,-3.797330,4.217943,3.545538,-4.344208,-5.294689,-9.970539,-9.902164,-9.871719
39.475735,NaN,NaN,NaN,NaN,0.121182,-3.797518,4.217093,3.552544,-4.340612,-5.287672,-9.970551,-9.902050,-9.871655
39.486655,NaN,NaN,NaN,NaN,0.121035,-3.797914,4.216651,3.556051,-4.333439,-5.284166,-9.970531,-9.901814,-9.871616
39.495207,NaN,NaN,NaN,NaN,0.120891,-3.798122,4.216214,3.559561,-4.329861,-5.280658,-9.970512,-9.901695,-9.871582
39.508075,NaN,NaN,NaN,NaN,0.120750,-3.798757,4.215305,3.563072,-4.319123,-5.273648,-9.970493,-9.901356,-9.871498
39.526108,NaN,NaN,NaN,NaN,0.120354,-3.798978,4.214368,3.573634,-4.315539,-5.266644,-9.970413,-9.901237,-9.871410
39.535106,NaN,NaN,NaN,NaN,0.120229,-3.799199,4.213906,3.577160,-4.311957,-5.263140,-9.970383,-9.901127,-9.871365
39.547707,NaN,NaN,NaN,NaN,0.120105,-3.799418,4.213412,3.580689,-4.308377,-5.259638,-9.970348,-9.901024,-9.871304
39.556186,NaN,NaN,NaN,NaN,0.119994,-3.799902,4.212439,3.584227,-4.301211,-5.252631,-9.970295,-9.900803,-9.871193
39.566211,NaN,NaN,NaN,NaN,0.119780,-3.800143,4.211960,3.591307,-4.297631,-5.249126,-9.970192,-9.900700,-9.871143
39.575716,NaN,NaN,NaN,NaN,0.119677,-3.800382,4.211487,3.594851,-4.294053,-5.245620,-9.970142,-9.900604,-9.871098
39.586574,NaN,NaN,NaN,NaN,0.119577,-3.800620,4.210995,3.598395,-4.290476,-5.242120,-9.970093,-9.900536,-9.871029
39.595514,NaN,NaN,NaN,NaN,0.119405,-3.801153,4.210026,3.605462,-4.283321,-5.235120,-9.969967,-9.900383,-9.870895
39.609138,NaN,NaN,NaN,NaN,0.119322,-3.801681,4.209548,3.608998,-4.276173,-5.231620,-9.969910,-9.900257,-9.870834
39.626318,NaN,NaN,NaN,NaN,0.119161,-3.801978,4.208581,3.616056,-4.272609,-5.224634,-9.969776,-9.900181,-9.870697
39.635230,NaN,NaN,NaN,NaN,0.119008,-3.802566,4.207635,3.623103,-4.265488,-5.217646,-9.969627,-9.900032,-9.870571
39.646299,NaN,NaN,NaN,NaN,0.118936,-3.802856,4.207172,3.626629,-4.261929,-5.214167,-9.969555,-9.899960,-9.870510
39.655804,NaN,NaN,NaN,NaN,0.118870,-3.803184,4.206713,3.630155,-4.258380,-5.210686,-9.969460,-9.899864,-9.870441
39.666182,NaN,NaN,NaN,NaN,0.118807,-3.803510,4.206260,3.633682,-4.254833,-5.207205,-9.969360,-9.899776,-9.870377
39.674942,NaN,NaN,NaN,NaN,0.118746,-3.803833,4.205810,3.637212,-4.251287,-5.203722,-9.969265,-9.899693,-9.870316
39.686511,NaN,NaN,NaN,NaN,0.118636,-3.804512,4.204920,3.644277,-4.244210,-5.196809,-9.969044,-9.899532,-9.870190
39.695064,NaN,NaN,NaN,NaN,0.118587,-3.804867,4.204483,3.647813,-4.240677,-5.193349,-9.968922,-9.899452,-9.870129
39.707155,NaN,NaN,NaN,NaN,0.118495,-3.805219,4.203619,3.654890,-4.237146,-5.186465,-9.968685,-9.899380,-9.870022
39.715734,NaN,NaN,NaN,NaN,0.118447,-3.805955,4.203192,3.658440,-4.230093,-5.183038,-9.968563,-9.899250,-9.869972
39.726177,NaN,NaN,NaN,NaN,0.118400,-3.806340,4.202771,3.661993,-4.226571,-5.179610,-9.968441,-9.899193,-9.869923
39.735334,NaN,NaN,NaN,NaN,0.118356,-3.806722,4.202353,3.665546,-4.223050,-5.176180,-9.968319,-9.899139,-9.869877
39.746506,NaN,NaN,NaN,NaN,0.118313,-3.807100,4.201943,3.669101,-4.219530,-5.172785,-9.968204,-9.899090,-9.869827
39.756905,NaN,NaN,NaN,NaN,0.118255,-3.807932,4.201537,3.672655,-4.212488,-5.169388,-9.968067,-9.899010,-9.869781
39.766458,NaN,NaN,NaN,NaN,0.118146,-3.808342,4.200739,3.679767,-4.208968,-5.162585,-9.967808,-9.898975,-9.869701
39.776280,NaN,NaN,NaN,NaN,0.118094,-3.808749,4.200359,3.683326,-4.205450,-5.159197,-9.967682,-9.898945,-9.869644
39.786500,NaN,NaN,NaN,NaN,0.118028,-3.809192,4.199984,3.686888,-4.201931,-5.155805,-9.967522,-9.898930,-9.869591
39.796581,NaN,NaN,NaN,NaN,0.117902,-3.810068,4.199246,3.694015,-4.194899,-5.149014,-9.967209,-9.898911,-9.869492
39.808900,NaN,NaN,NaN,NaN,0.117842,-3.810969,4.198890,3.697581,-4.187872,-5.145635,-9.967060,-9.898930,-9.869438
39.827304,NaN,NaN,NaN,NaN,0.117669,-3.811434,4.198188,3.704724,-4.184361,-5.138867,-9.966743,-9.898960,-9.869343
39.836136,NaN,NaN,NaN,NaN,0.117585,-3.812351,4.197503,3.708298,-4.177341,-5.132087,-9.966591,-9.899033,-9.869267
39.846790,NaN,NaN,NaN,NaN,0.117424,-3.812803,4.197172,3.715448,-4.173831,-5.128712,-9.966328,-9.899075,-9.869221
39.855298,NaN,NaN,NaN,NaN,0.117334,-3.813293,4.196845,3.719024,-4.170326,-5.125333,-9.966198,-9.899136,-9.869183
39.868907,NaN,NaN,NaN,NaN,0.117247,-3.814737,4.196204,3.722602,-4.159813,-5.118566,-9.966072,-9.899326,-9.869110
39.886800,NaN,NaN,NaN,NaN,0.116975,-3.815251,4.195562,3.733340,-4.156314,-5.111810,-9.965714,-9.899403,-9.869026
39.894609,NaN,NaN,NaN,NaN,0.116873,-3.815759,4.195247,3.736922,-4.152816,-5.108427,-9.965595,-9.899483,-9.868984
39.906224,NaN,NaN,NaN,NaN,0.116675,-3.816761,4.194935,3.744087,-4.145822,-5.105040,-9.965343,-9.899647,-9.868950
39.915231,NaN,NaN,NaN,NaN,0.116551,-3.817295,4.194613,3.747674,-4.142352,-5.101664,-9.965202,-9.899731,-9.868900
39.925995,NaN,NaN,NaN,NaN,0.116430,-3.817822,4.193983,3.751263,-4.138882,-5.094901,-9.965069,-9.899815,-9.868809
39.944210,NaN,NaN,NaN,NaN,0.116312,-3.818344,4.193674,3.754852,-4.135413,-5.091514,-9.964939,-9.899902,-9.868767
39.955040,NaN,NaN,NaN,NaN,0.116196,-3.819411,4.193348,3.758442,-4.128501,-5.088132,-9.964813,-9.900093,-9.868713
39.965546,NaN,NaN,NaN,NaN,0.115916,-3.819955,4.192709,3.765631,-4.125060,-5.081357,-9.964523,-9.900192,-9.868633
39.976165,NaN,NaN,NaN,NaN,0.115780,-3.821027,4.192397,3.769226,-4.118178,-5.077964,-9.964386,-9.900394,-9.868595
39.987387,NaN,NaN,NaN,NaN,0.115647,-3.821579,4.192071,3.772820,-4.114756,-5.074562,-9.964252,-9.900497,-9.868561
40.003537,NaN,NaN,NaN,NaN,0.115190,-3.822664,4.191435,3.783592,-4.107913,-5.067747,-9.963837,-9.900692,-9.868496
40.015377,NaN,NaN,NaN,NaN,0.115043,-3.823750,4.190806,3.787184,-4.101082,-5.060918,-9.963707,-9.900864,-9.868443
40.034777,NaN,NaN,NaN,NaN,0.114740,-3.824295,4.190184,3.794337,-4.097673,-5.054074,-9.963448,-9.900951,-9.868412
40.043588,NaN,NaN,NaN,NaN,0.114449,-3.824834,4.189575,3.801490,-4.094264,-5.047204,-9.963215,-9.901043,-9.868397
40.054968,NaN,NaN,NaN,NaN,0.114308,-3.825908,4.189276,3.805058,-4.087447,-5.043756,-9.963081,-9.901218,-9.868393
40.064245,NaN,NaN,NaN,NaN,0.114171,-3.826443,4.188981,3.808626,-4.084039,-5.040305,-9.962952,-9.901302,-9.868389
40.075868,NaN,NaN,NaN,NaN,0.114036,-3.827496,4.188401,3.812194,-4.077223,-5.033373,-9.962830,-9.901501,-9.868393
40.094892,NaN,NaN,NaN,NaN,0.113643,-3.828558,4.187839,3.822887,-4.070435,-5.026408,-9.962418,-9.901672,-9.868408
40.103994,NaN,NaN,NaN,NaN,0.113517,-3.829080,4.187563,3.826450,-4.067040,-5.022921,-9.962280,-9.901760,-9.868420
40.114979,NaN,NaN,NaN,NaN,0.113272,-3.830107,4.187292,3.833574,-4.060250,-5.019432,-9.962017,-9.901936,-9.868435
40.123377,NaN,NaN,NaN,NaN,0.113138,-3.830620,4.186741,3.837139,-4.056882,-5.012389,-9.961880,-9.902035,-9.868454
40.135028,NaN,NaN,NaN,NaN,0.113007,-3.831128,4.186471,3.840704,-4.053514,-5.008864,-9.961746,-9.902130,-9.868465
40.144228,NaN,NaN,NaN,NaN,0.112879,-3.831629,4.186206,3.844269,-4.050144,-5.005337,-9.961617,-9.902229,-9.868469
40.155344,NaN,NaN,NaN,NaN,0.112601,-3.832125,4.185925,3.851405,-4.046774,-5.001771,-9.961372,-9.902328,-9.868469
40.165852,NaN,NaN,NaN,NaN,0.112453,-3.833109,4.185375,3.854975,-4.040040,-4.994632,-9.961246,-9.902477,-9.868477
40.176071,NaN,NaN,NaN,NaN,0.112308,-3.833593,4.185105,3.858545,-4.036672,-4.991060,-9.961128,-9.902550,-9.868488
40.184570,NaN,NaN,NaN,NaN,0.112165,-3.834072,4.184807,3.862115,-4.033303,-4.987459,-9.961018,-9.902626,-9.868500
40.195270,NaN,NaN,NaN,NaN,0.111996,-3.834559,4.184514,3.865681,-4.029957,-4.983855,-9.960903,-9.902683,-9.868515
40.204145,NaN,NaN,NaN,NaN,0.111830,-3.835518,4.183941,3.869247,-4.023261,-4.976643,-9.960789,-9.902798,-9.868538
40.214822,NaN,NaN,NaN,NaN,0.111509,-3.835988,4.183630,3.876378,-4.019912,-4.973006,-9.960556,-9.902859,-9.868557
40.224203,NaN,NaN,NaN,NaN,0.111319,-3.836448,4.183323,3.879946,-4.016568,-4.969368,-9.960453,-9.902905,-9.868580
40.234934,NaN,NaN,NaN,NaN,0.111134,-3.836903,4.183021,3.883515,-4.013222,-4.965729,-9.960361,-9.902950,-9.868603
40.244410,NaN,NaN,NaN,NaN,0.110952,-3.837353,4.182723,3.887083,-4.009876,-4.962088,-9.960270,-9.903000,-9.868629
40.255585,NaN,NaN,NaN,NaN,0.110552,-3.838219,4.182081,3.894229,-4.003171,-4.954747,-9.960114,-9.903107,-9.868690
40.263404,NaN,NaN,NaN,NaN,0.110335,-3.838637,4.181766,3.897808,-3.999811,-4.951075,-9.960049,-9.903160,-9.868740
40.276578,NaN,NaN,NaN,NaN,0.110122,-3.839458,4.181456,3.901387,-3.993090,-4.947402,-9.959972,-9.903267,-9.868786
40.294681,NaN,NaN,NaN,NaN,0.109441,-3.840221,4.180420,3.912169,-3.986371,-4.936287,-9.959778,-9.903381,-9.868969
40.303383,NaN,NaN,NaN,NaN,0.109213,-3.840596,4.180085,3.915769,-3.983010,-4.932582,-9.959724,-9.903442,-9.869030
40.314937,NaN,NaN,NaN,NaN,0.108989,-3.841325,4.179712,3.919369,-3.976292,-4.928855,-9.959675,-9.903572,-9.869106
40.324834,NaN,NaN,NaN,NaN,0.108506,-3.841681,4.178982,3.926595,-3.972935,-4.921401,-9.959618,-9.903641,-9.869247
40.334733,NaN,NaN,NaN,NaN,0.108271,-3.842032,4.178624,3.930207,-3.969577,-4.917674,-9.959606,-9.903713,-9.869316
40.344448,NaN,NaN,NaN,NaN,0.108041,-3.842380,4.178234,3.933818,-3.966218,-4.913931,-9.959595,-9.903782,-9.869389
40.356292,NaN,NaN,NaN,NaN,0.107809,-3.842714,4.177850,3.937447,-3.962860,-4.910188,-9.959583,-9.903847,-9.869465
40.363617,NaN,NaN,NaN,NaN,0.107359,-3.843371,4.177099,3.944703,-3.956143,-4.902703,-9.959564,-9.903973,-9.869621
40.375737,NaN,NaN,NaN,NaN,0.107141,-3.843694,4.176730,3.948329,-3.952782,-4.898960,-9.959560,-9.904034,-9.869698
40.383928,NaN,NaN,NaN,NaN,0.106926,-3.844013,4.176332,3.951955,-3.949420,-4.895204,-9.959557,-9.904099,-9.869789
40.394710,NaN,NaN,NaN,NaN,0.106708,-3.844309,4.175938,3.955587,-3.946065,-4.891449,-9.959549,-9.904163,-9.869884
40.403646,NaN,NaN,NaN,NaN,0.106495,-3.844601,4.175550,3.959218,-3.942708,-4.887694,-9.959541,-9.904232,-9.869976
40.414749,NaN,NaN,NaN,NaN,0.106080,-3.845176,4.174735,3.966477,-3.935991,-4.880176,-9.959530,-9.904369,-9.870167
40.423708,NaN,NaN,NaN,NaN,0.105879,-3.845452,4.174308,3.970120,-3.932634,-4.876414,-9.959538,-9.904434,-9.870262
40.435501,NaN,NaN,NaN,NaN,0.105682,-3.846260,4.173471,3.973761,-3.922554,-4.868893,-9.959545,-9.904579,-9.870453
40.454886,NaN,NaN,NaN,NaN,0.105130,-3.846508,4.172566,3.984687,-3.919168,-4.861338,-9.959576,-9.904621,-9.870636
40.463701,NaN,NaN,NaN,NaN,0.104961,-3.846753,4.172122,3.988330,-3.915781,-4.857562,-9.959595,-9.904667,-9.870731
40.475716,NaN,NaN,NaN,NaN,0.104796,-3.846995,4.171682,3.991973,-3.912392,-4.853787,-9.959618,-9.904713,-9.870823
40.483927,NaN,NaN,NaN,NaN,0.104636,-3.847235,4.170734,3.995615,-3.909004,-4.846256,-9.959641,-9.904762,-9.871002
40.494940,NaN,NaN,NaN,NaN,0.104333,-3.847674,4.170268,4.002923,-3.902174,-4.842493,-9.959724,-9.904800,-9.871094
40.503746,NaN,NaN,NaN,NaN,0.104186,-3.847890,4.169808,4.006577,-3.898759,-4.838730,-9.959770,-9.904823,-9.871185
40.514803,NaN,NaN,NaN,NaN,0.104043,-3.848103,4.169312,4.010230,-3.895342,-4.834970,-9.959801,-9.904846,-9.871284
40.523572,NaN,NaN,NaN,NaN,0.103904,-3.848493,4.168336,4.013893,-3.888485,-4.827455,-9.959850,-9.904873,-9.871479
40.536168,NaN,NaN,NaN,NaN,0.103634,-3.848874,4.167857,4.021214,-3.881626,-4.823699,-9.959953,-9.904907,-9.871574
40.555780,NaN,NaN,NaN,NaN,0.103369,-3.849035,4.166848,4.028541,-3.878178,-4.816208,-9.960072,-9.904900,-9.871773
40.565209,NaN,NaN,NaN,NaN,0.103108,-3.849194,4.166353,4.035872,-3.874729,-4.812464,-9.960194,-9.904896,-9.871868
40.575856,NaN,NaN,NaN,NaN,0.102983,-3.849507,4.165340,4.039536,-3.867832,-4.804990,-9.960247,-9.904892,-9.872051
40.585386,NaN,NaN,NaN,NaN,0.102856,-3.849627,4.164824,4.043200,-3.864357,-4.801260,-9.960316,-9.904881,-9.872143
40.594817,NaN,NaN,NaN,NaN,0.102733,-3.849745,4.164313,4.046861,-3.860882,-4.797532,-9.960384,-9.904873,-9.872234
40.604869,NaN,NaN,NaN,NaN,0.102612,-3.849977,4.163808,4.050520,-3.853933,-4.793806,-9.960453,-9.904881,-9.872326
40.614900,NaN,NaN,NaN,NaN,0.102385,-3.850067,4.162734,4.057850,-3.850430,-4.786400,-9.960609,-9.904884,-9.872505
40.625443,NaN,NaN,NaN,NaN,0.102278,-3.850156,4.162207,4.061519,-3.846927,-4.782700,-9.960697,-9.904892,-9.872593
40.636719,NaN,NaN,NaN,NaN,0.102175,-3.850420,4.161173,4.065187,-3.836421,-4.775308,-9.960800,-9.904930,-9.872761
40.656498,NaN,NaN,NaN,NaN,0.101890,-3.850480,4.160099,4.076200,-3.832890,-4.767969,-9.961117,-9.904938,-9.872929
40.663585,NaN,NaN,NaN,NaN,0.101804,-3.850541,4.159572,4.079877,-3.829360,-4.764305,-9.961227,-9.904949,-9.873013
40.675219,NaN,NaN,NaN,NaN,0.101639,-3.850660,4.159051,4.087229,-3.822300,-4.760643,-9.961449,-9.904972,-9.873096
40.684621,NaN,NaN,NaN,NaN,0.101559,-3.850691,4.157991,4.090913,-3.818734,-4.753376,-9.961563,-9.904984,-9.873264
40.694617,NaN,NaN,NaN,NaN,0.101482,-3.850721,4.157471,4.094594,-3.815169,-4.749748,-9.961678,-9.904995,-9.873348
40.703623,NaN,NaN,NaN,NaN,0.101408,-3.850753,4.156957,4.098275,-3.811604,-4.746121,-9.961788,-9.905006,-9.873436
40.714939,NaN,NaN,NaN,NaN,0.101337,-3.850784,4.156440,4.101954,-3.808041,-4.742518,-9.961899,-9.905025,-9.873516
40.724334,NaN,NaN,NaN,NaN,0.101262,-3.850813,4.155929,4.105632,-3.800865,-4.738917,-9.962017,-9.905052,-9.873604
40.736316,NaN,NaN,NaN,NaN,0.101120,-3.850843,4.154927,4.112986,-3.793694,-4.731723,-9.962246,-9.905083,-9.873772
40.754943,NaN,NaN,NaN,NaN,0.100996,-3.850865,4.153912,4.120330,-3.790080,-4.724603,-9.962471,-9.905102,-9.873932
40.763414,NaN,NaN,NaN,NaN,0.100892,-3.850886,4.152925,4.127667,-3.786467,-4.717493,-9.962696,-9.905125,-9.874096
40.775298,NaN,NaN,NaN,NaN,0.100845,-3.850932,4.152417,4.131334,-3.779248,-4.713981,-9.962803,-9.905170,-9.874168
40.783023,NaN,NaN,NaN,NaN,0.100802,-3.850950,4.151916,4.134981,-3.775605,-4.710470,-9.962917,-9.905193,-9.874241
40.794600,NaN,NaN,NaN,NaN,0.100762,-3.850986,4.151421,4.138626,-3.768329,-4.706961,-9.963028,-9.905243,-9.874313
40.804717,NaN,NaN,NaN,NaN,0.100725,-3.851005,4.150932,4.142272,-3.764696,-4.703453,-9.963139,-9.905270,-9.874401
40.815379,NaN,NaN,NaN,NaN,0.100663,-3.851011,4.149941,4.149543,-3.761028,-4.696504,-9.963322,-9.905304,-9.874554
40.823406,NaN,NaN,NaN,NaN,0.100640,-3.851018,4.149456,4.153170,-3.757363,-4.693031,-9.963406,-9.905338,-9.874626
40.835914,NaN,NaN,NaN,NaN,0.100599,-3.851034,4.148494,4.160423,-3.750043,-4.686103,-9.963570,-9.905411,-9.874763
40.854951,NaN,NaN,NaN,NaN,0.100586,-3.851039,4.147547,4.167658,-3.742666,-4.679193,-9.963711,-9.905483,-9.874893
40.864162,NaN,NaN,NaN,NaN,0.100584,-3.851043,4.147083,4.171275,-3.738982,-4.675739,-9.963783,-9.905521,-9.874943
40.874993,NaN,NaN,NaN,NaN,0.100583,-3.851057,4.146606,4.174891,-3.731600,-4.672297,-9.963837,-9.905594,-9.874992
40.884098,NaN,NaN,NaN,NaN,0.100589,-3.851066,4.145673,4.182143,-3.727902,-4.665416,-9.963917,-9.905628,-9.875092
40.894923,NaN,NaN,NaN,NaN,0.100595,-3.851076,4.145216,4.185769,-3.724208,-4.661975,-9.963959,-9.905663,-9.875141
40.903892,NaN,NaN,NaN,NaN,0.100603,-3.851086,4.144766,4.189393,-3.720518,-4.658535,-9.963997,-9.905697,-9.875191
40.915039,NaN,NaN,NaN,NaN,0.100613,-3.851098,4.144313,4.193017,-3.716830,-4.655108,-9.964035,-9.905739,-9.875237
40.923751,NaN,NaN,NaN,NaN,0.100627,-3.851130,4.143867,4.200292,-3.709440,-4.651680,-9.964066,-9.905796,-9.875294
40.935882,NaN,NaN,NaN,NaN,0.100637,-3.851166,4.142995,4.203928,-3.702062,-4.644826,-9.964081,-9.905857,-9.875412
40.955028,NaN,NaN,NaN,NaN,0.100636,-3.851214,4.142112,4.211205,-3.698370,-4.638023,-9.964088,-9.905884,-9.875523
40.964983,NaN,NaN,NaN,NaN,0.100616,-3.851263,4.141254,4.218485,-3.694682,-4.631218,-9.964077,-9.905914,-9.875637
40.976124,NaN,NaN,NaN,NaN,0.100609,-3.851362,4.140804,4.222123,-3.687314,-4.627843,-9.964073,-9.906013,-9.875694
40.985992,NaN,NaN,NaN,NaN,0.100588,-3.851451,4.140361,4.225780,-3.683641,-4.624467,-9.964031,-9.906063,-9.875751
40.994892,NaN,NaN,NaN,NaN,0.100570,-3.851540,4.139925,4.229434,-3.679971,-4.621089,-9.963993,-9.906113,-9.875805
41.005825,NaN,NaN,NaN,NaN,0.100539,-3.851630,4.139035,4.236739,-3.676303,-4.614359,-9.963924,-9.906162,-9.875923
41.015401,NaN,NaN,NaN,NaN,0.100524,-3.851836,4.138582,4.240394,-3.668992,-4.611007,-9.963860,-9.906261,-9.875984
41.024414,NaN,NaN,NaN,NaN,0.100511,-3.851953,4.138136,4.244046,-3.665347,-4.607653,-9.963795,-9.906307,-9.876045
41.036385,NaN,NaN,NaN,NaN,0.100490,-3.852070,4.137697,4.251348,-3.661706,-4.604298,-9.963669,-9.906361,-9.876102
41.044718,NaN,NaN,NaN,NaN,0.100489,-3.852340,4.136781,4.255013,-3.654449,-4.597625,-9.963562,-9.906464,-9.876255
41.055301,NaN,NaN,NaN,NaN,0.100490,-3.852493,4.136334,4.258676,-3.650833,-4.594287,-9.963455,-9.906517,-9.876331
41.063996,NaN,NaN,NaN,NaN,0.100493,-3.852645,4.135895,4.262337,-3.647219,-4.590947,-9.963356,-9.906570,-9.876408
41.075075,NaN,NaN,NaN,NaN,0.100497,-3.852988,4.135448,4.265996,-3.640011,-4.587617,-9.963257,-9.906666,-9.876499
41.083581,NaN,NaN,NaN,NaN,0.100500,-3.853179,4.134574,4.273332,-3.636417,-4.580951,-9.963013,-9.906704,-9.876682
41.095246,NaN,NaN,NaN,NaN,0.100503,-3.853558,4.134148,4.276995,-3.629233,-4.577617,-9.962898,-9.906784,-9.876774
41.115075,NaN,NaN,NaN,NaN,0.100523,-3.853792,4.133269,4.284334,-3.625656,-4.570961,-9.962681,-9.906796,-9.876965
41.123774,NaN,NaN,NaN,NaN,0.100556,-3.854254,4.132419,4.291679,-3.618506,-4.564298,-9.962482,-9.906826,-9.877151
41.136570,NaN,NaN,NaN,NaN,0.100575,-3.854762,4.131979,4.295347,-3.611380,-4.560982,-9.962387,-9.906826,-9.877243
41.154746,NaN,NaN,NaN,NaN,0.100643,-3.855037,4.131118,4.302701,-3.607828,-4.554344,-9.962151,-9.906799,-9.877422
41.164487,NaN,NaN,NaN,NaN,0.100679,-3.855311,4.130697,4.306372,-3.604277,-4.551022,-9.962040,-9.906773,-9.877514
41.175104,NaN,NaN,NaN,NaN,0.100753,-3.855852,4.129847,4.313699,-3.597179,-4.544404,-9.961864,-9.906731,-9.877693
41.184204,NaN,NaN,NaN,NaN,0.100784,-3.856175,4.129418,4.317357,-3.593643,-4.541106,-9.961777,-9.906677,-9.877781
41.195912,NaN,NaN,NaN,NaN,0.100816,-3.856495,4.128995,4.321011,-3.590109,-4.537806,-9.961693,-9.906624,-9.877865
41.204084,NaN,NaN,NaN,NaN,0.100884,-3.856812,4.128580,4.328301,-3.586575,-4.534503,-9.961533,-9.906574,-9.877953
41.214812,NaN,NaN,NaN,NaN,0.100919,-3.857486,4.127709,4.331939,-3.579513,-4.527930,-9.961456,-9.906414,-9.878086
41.223386,NaN,NaN,NaN,NaN,0.100954,-3.857841,4.127284,4.335571,-3.575986,-4.524639,-9.961384,-9.906319,-9.878155
41.234705,NaN,NaN,NaN,NaN,0.100990,-3.858544,4.126866,4.339197,-3.568935,-4.521346,-9.961304,-9.906143,-9.878223
41.243644,NaN,NaN,NaN,NaN,0.101056,-3.858930,4.125993,4.346432,-3.565420,-4.514824,-9.961163,-9.906021,-9.878311
41.254695,NaN,NaN,NaN,NaN,0.101086,-3.859312,4.125569,4.350040,-3.561905,-4.511559,-9.961098,-9.905907,-9.878357
41.264014,NaN,NaN,NaN,NaN,0.101119,-3.859690,4.125151,4.353642,-3.558391,-4.508291,-9.961040,-9.905796,-9.878403
41.274937,NaN,NaN,NaN,NaN,0.101151,-3.860474,4.124697,4.357239,-3.551357,-4.505055,-9.960983,-9.905571,-9.878422
41.284492,NaN,NaN,NaN,NaN,0.101216,-3.860880,4.123811,4.364429,-3.547837,-4.498574,-9.960865,-9.905445,-9.878429
41.295750,NaN,NaN,NaN,NaN,0.101249,-3.861679,4.123378,4.368014,-3.540799,-4.495328,-9.960812,-9.905212,-9.878437
41.314758,NaN,NaN,NaN,NaN,0.101328,-3.862097,4.122454,4.375165,-3.537296,-4.488897,-9.960701,-9.905071,-9.878391
41.323493,NaN,NaN,NaN,NaN,0.101372,-3.862919,4.122004,4.378730,-3.530288,-4.485677,-9.960644,-9.904816,-9.878368
41.335240,NaN,NaN,NaN,NaN,0.101464,-3.863324,4.121093,4.385844,-3.526785,-4.479269,-9.960541,-9.904694,-9.878304
41.345044,NaN,NaN,NaN,NaN,0.101529,-3.863734,4.120633,4.389398,-3.523291,-4.476081,-9.960468,-9.904545,-9.878273
41.356545,NaN,NaN,NaN,NaN,0.101595,-3.864542,4.120180,4.392947,-3.516304,-4.472889,-9.960392,-9.904266,-9.878246
41.375353,NaN,NaN,NaN,NaN,0.101810,-3.865353,4.118813,4.403576,-3.509326,-4.463366,-9.960171,-9.903973,-9.878151
41.384655,NaN,NaN,NaN,NaN,0.101890,-3.865762,4.118364,4.407115,-3.505841,-4.460196,-9.960094,-9.903820,-9.878117
41.396393,NaN,NaN,NaN,NaN,0.101971,-3.866165,4.117462,4.410651,-3.502357,-4.453870,-9.960022,-9.903667,-9.878048
41.404768,NaN,NaN,NaN,NaN,0.102052,-3.866966,4.117008,4.414182,-3.495399,-4.450713,-9.959949,-9.903351,-9.878010
41.415350,NaN,NaN,NaN,NaN,0.102226,-3.867363,4.116563,4.421237,-3.491926,-4.447552,-9.959816,-9.903191,-9.877972
41.423726,NaN,NaN,NaN,NaN,0.102313,-3.867756,4.116126,4.424760,-3.488453,-4.444386,-9.959755,-9.903038,-9.877941
41.435159,NaN,NaN,NaN,NaN,0.102489,-3.868527,4.115695,4.431797,-3.481506,-4.441217,-9.959644,-9.902748,-9.877907
41.444027,NaN,NaN,NaN,NaN,0.102572,-3.868894,4.114804,4.435313,-3.478044,-4.434917,-9.959591,-9.902588,-9.877811
41.454663,NaN,NaN,NaN,NaN,0.102657,-3.869256,4.114370,4.438827,-3.474581,-4.431760,-9.959541,-9.902435,-9.877769
41.464113,NaN,NaN,NaN,NaN,0.102741,-3.869615,4.113945,4.442338,-3.471118,-4.428598,-9.959496,-9.902287,-9.877724
41.474999,NaN,NaN,NaN,NaN,0.102826,-3.869970,4.113506,4.445847,-3.467654,-4.425451,-9.959457,-9.902145,-9.877655
41.483721,NaN,NaN,NaN,NaN,0.102912,-3.870659,4.112652,4.449363,-3.460752,-4.419141,-9.959415,-9.901817,-9.877522
41.496557,NaN,NaN,NaN,NaN,0.103084,-3.871331,4.112237,4.456390,-3.453849,-4.415980,-9.959343,-9.901520,-9.877460
41.506908,NaN,NaN,NaN,NaN,0.103171,-3.871667,4.111810,4.459900,-3.450401,-4.412826,-9.959312,-9.901356,-9.877369
41.515853,NaN,NaN,NaN,NaN,0.103243,-3.872325,4.110981,4.463431,-3.443504,-4.406505,-9.959274,-9.901051,-9.877205
41.535036,NaN,NaN,NaN,NaN,0.103466,-3.872648,4.110168,4.474011,-3.440056,-4.400198,-9.959175,-9.900906,-9.877045
41.544284,NaN,NaN,NaN,NaN,0.103537,-3.872987,4.109767,4.477538,-3.436599,-4.397053,-9.959145,-9.900738,-9.876957
41.554693,NaN,NaN,NaN,NaN,0.103608,-3.873321,4.109374,4.481062,-3.433142,-4.393903,-9.959114,-9.900578,-9.876873
41.564694,NaN,NaN,NaN,NaN,0.103755,-3.873650,4.108988,4.488107,-3.429685,-4.390749,-9.959064,-9.900425,-9.876789
41.574845,NaN,NaN,NaN,NaN,0.103820,-3.874315,4.108212,4.491635,-3.422762,-4.384463,-9.959038,-9.900112,-9.876595
41.583652,NaN,NaN,NaN,NaN,0.103886,-3.874650,4.107835,4.495162,-3.419297,-4.381312,-9.959015,-9.899956,-9.876495
41.596414,NaN,NaN,NaN,NaN,0.103953,-3.875307,4.107466,4.498688,-3.412366,-4.378156,-9.958992,-9.899666,-9.876400
41.614706,NaN,NaN,NaN,NaN,0.104105,-3.876006,4.106391,4.509310,-3.405417,-4.368689,-9.958935,-9.899368,-9.876083
41.623300,NaN,NaN,NaN,NaN,0.104149,-3.876348,4.106048,4.512856,-3.401942,-4.365522,-9.958916,-9.899227,-9.875984
41.635976,NaN,NaN,NaN,NaN,0.104193,-3.876686,4.105695,4.516401,-3.398468,-4.362369,-9.958904,-9.899101,-9.875870
41.643757,NaN,NaN,NaN,NaN,0.104211,-3.877056,4.105348,4.519970,-3.394985,-4.359210,-9.958893,-9.898949,-9.875763
41.654746,NaN,NaN,NaN,NaN,0.104249,-3.877781,4.104675,4.527103,-3.388019,-4.352876,-9.958900,-9.898670,-9.875553
41.663761,NaN,NaN,NaN,NaN,0.104270,-3.878137,4.104326,4.530667,-3.384536,-4.349724,-9.958908,-9.898540,-9.875454
41.674891,NaN,NaN,NaN,NaN,0.104256,-3.878535,4.103984,4.534255,-3.381032,-4.346566,-9.958916,-9.898388,-9.875355
41.683917,NaN,NaN,NaN,NaN,0.104233,-3.879314,4.103321,4.541424,-3.374027,-4.340234,-9.958939,-9.898094,-9.875168
41.696750,NaN,NaN,NaN,NaN,0.104224,-3.880070,4.103000,4.545006,-3.367022,-4.337060,-9.958954,-9.897812,-9.875080
41.714720,NaN,NaN,NaN,NaN,0.104186,-3.880479,4.102372,4.552191,-3.363509,-4.330752,-9.958981,-9.897648,-9.874912
41.723480,NaN,NaN,NaN,NaN,0.104157,-3.881279,4.101769,4.555793,-3.356485,-4.324422,-9.958992,-9.897346,-9.874760
41.735098,NaN,NaN,NaN,NaN,0.104103,-3.881670,4.101468,4.562993,-3.352975,-4.321271,-9.959023,-9.897205,-9.874691
41.744657,NaN,NaN,NaN,NaN,0.104062,-3.882095,4.101172,4.566613,-3.349464,-4.318115,-9.959034,-9.897045,-9.874626
41.757224,NaN,NaN,NaN,NaN,0.104022,-3.882513,4.100884,4.570231,-3.345955,-4.314952,-9.959045,-9.896900,-9.874565
41.764779,NaN,NaN,NaN,NaN,0.103946,-3.882925,4.100602,4.577464,-3.342446,-4.311784,-9.959084,-9.896763,-9.874496
41.775589,NaN,NaN,NaN,NaN,0.103889,-3.883780,4.100030,4.581091,-3.335431,-4.305449,-9.959095,-9.896484,-9.874371
41.784752,NaN,NaN,NaN,NaN,0.103834,-3.884222,4.099751,4.584716,-3.331924,-4.302273,-9.959110,-9.896343,-9.874313
41.796665,NaN,NaN,NaN,NaN,0.103779,-3.884657,4.099480,4.588340,-3.328418,-4.299092,-9.959126,-9.896206,-9.874256
41.804952,NaN,NaN,NaN,NaN,0.103651,-3.885086,4.098925,4.595611,-3.324914,-4.292737,-9.959160,-9.896080,-9.874134
41.815005,NaN,NaN,NaN,NaN,0.103577,-3.885984,4.098657,4.599259,-3.317896,-4.289552,-9.959175,-9.895767,-9.874077
41.823735,NaN,NaN,NaN,NaN,0.103505,-3.886424,4.098396,4.602905,-3.314388,-4.286361,-9.959194,-9.895622,-9.874039
41.835157,NaN,NaN,NaN,NaN,0.103435,-3.887321,4.098134,4.606550,-3.307380,-4.283163,-9.959232,-9.895325,-9.873993
41.843652,NaN,NaN,NaN,NaN,0.103249,-3.887779,4.097630,4.613877,-3.303878,-4.276748,-9.959301,-9.895176,-9.873905
41.855785,NaN,NaN,NaN,NaN,0.103160,-3.888674,4.097385,4.617538,-3.296878,-4.273533,-9.959343,-9.894894,-9.873867
41.874850,NaN,NaN,NaN,NaN,0.102957,-3.889133,4.096888,4.624878,-3.293386,-4.267091,-9.959415,-9.894733,-9.873802
41.883788,NaN,NaN,NaN,NaN,0.102736,-3.889585,4.096415,4.632237,-3.289894,-4.260628,-9.959473,-9.894577,-9.873775
41.894889,NaN,NaN,NaN,NaN,0.102628,-3.890468,4.096190,4.635913,-3.282913,-4.257388,-9.959499,-9.894295,-9.873764
41.905100,NaN,NaN,NaN,NaN,0.102517,-3.890927,4.095972,4.639615,-3.279420,-4.254143,-9.959522,-9.894127,-9.873753
41.914687,NaN,NaN,NaN,NaN,0.102407,-3.891378,4.095759,4.643313,-3.275928,-4.250893,-9.959549,-9.893970,-9.873741
41.923962,NaN,NaN,NaN,NaN,0.102300,-3.892258,4.095550,4.647009,-3.268944,-4.247639,-9.959576,-9.893688,-9.873734
41.934848,NaN,NaN,NaN,NaN,0.102077,-3.892718,4.095151,4.654421,-3.265451,-4.241088,-9.959644,-9.893528,-9.873711
41.943406,NaN,NaN,NaN,NaN,0.101963,-3.893170,4.094960,4.658136,-3.261958,-4.237806,-9.959686,-9.893375,-9.873714
41.955706,NaN,NaN,NaN,NaN,0.101852,-3.894052,4.094774,4.661849,-3.254975,-4.234519,-9.959724,-9.893089,-9.873722
41.974936,NaN,NaN,NaN,NaN,0.101512,-3.894936,4.094248,4.672996,-3.247975,-4.224598,-9.959862,-9.892818,-9.873722
41.983601,NaN,NaN,NaN,NaN,0.101393,-3.895381,4.094083,4.676723,-3.244466,-4.221277,-9.959915,-9.892685,-9.873722
41.994935,NaN,NaN,NaN,NaN,0.101275,-3.896249,4.093922,4.680447,-3.237451,-4.217952,-9.959972,-9.892437,-9.873722
42.005093,NaN,NaN,NaN,NaN,0.101159,-3.896704,4.093614,4.684167,-3.233934,-4.211249,-9.960030,-9.892300,-9.873714
42.014678,NaN,NaN,NaN,NaN,0.100911,-3.897151,4.093467,4.691668,-3.230419,-4.207892,-9.960121,-9.892174,-9.873714
42.023334,NaN,NaN,NaN,NaN,0.100791,-3.897591,4.093324,4.695412,-3.226903,-4.204531,-9.960171,-9.892052,-9.873711
42.034979,NaN,NaN,NaN,NaN,0.100674,-3.898023,4.093172,4.699153,-3.223388,-4.201142,-9.960217,-9.891933,-9.873703
42.043554,NaN,NaN,NaN,NaN,0.100546,-3.898934,4.092883,4.702933,-3.216333,-4.194353,-9.960266,-9.891674,-9.873680
42.055550,NaN,NaN,NaN,NaN,0.100298,-3.899814,4.092746,4.710480,-3.209281,-4.190953,-9.960365,-9.891434,-9.873672
42.074855,NaN,NaN,NaN,NaN,0.100046,-3.900263,4.092454,4.718051,-3.205730,-4.184097,-9.960484,-9.891319,-9.873638
42.084431,NaN,NaN,NaN,NaN,0.099916,-3.901137,4.092315,4.721849,-3.198632,-4.180665,-9.960548,-9.891113,-9.873623
42.094897,NaN,NaN,NaN,NaN,0.099667,-3.901561,4.092048,4.729434,-3.195083,-4.173759,-9.960678,-9.891018,-9.873577
42.104068,NaN,NaN,NaN,NaN,0.099560,-3.901989,4.091920,4.733274,-3.191517,-4.170288,-9.960739,-9.890930,-9.873543
42.114698,NaN,NaN,NaN,NaN,0.099457,-3.902408,4.091797,4.737109,-3.187952,-4.166814,-9.960800,-9.890827,-9.873512
42.123185,NaN,NaN,NaN,NaN,0.099256,-3.902819,4.091677,4.744764,-3.184389,-4.163337,-9.960903,-9.890728,-9.873493
42.136042,NaN,NaN,NaN,NaN,0.099163,-3.903629,4.091424,4.748630,-3.177249,-4.156317,-9.960953,-9.890556,-9.873405
42.144464,NaN,NaN,NaN,NaN,0.099072,-3.904027,4.091303,4.752490,-3.173672,-4.152804,-9.961006,-9.890484,-9.873363
42.157021,NaN,NaN,NaN,NaN,0.098896,-3.904800,4.091065,4.760196,-3.166523,-4.145725,-9.961105,-9.890354,-9.873268
42.175117,NaN,NaN,NaN,NaN,0.098741,-3.905533,4.090834,4.767949,-3.159361,-4.138591,-9.961243,-9.890255,-9.873165
42.184231,NaN,NaN,NaN,NaN,0.098666,-3.905888,4.090724,4.771817,-3.155782,-4.135022,-9.961315,-9.890217,-9.873096
42.195037,NaN,NaN,NaN,NaN,0.098594,-3.906569,4.090622,4.775681,-3.148625,-4.131418,-9.961384,-9.890171,-9.873016
42.204863,NaN,NaN,NaN,NaN,0.098533,-3.906894,4.090425,4.779577,-3.145047,-4.124208,-9.961468,-9.890167,-9.872864
42.214674,NaN,NaN,NaN,NaN,0.098416,-3.907212,4.090333,4.787354,-3.141470,-4.120602,-9.961643,-9.890167,-9.872787
42.224674,NaN,NaN,NaN,NaN,0.098361,-3.907523,4.090244,4.791234,-3.137894,-4.116995,-9.961727,-9.890171,-9.872719
42.235922,NaN,NaN,NaN,NaN,0.098307,-3.907827,4.090145,4.795108,-3.134319,-4.113365,-9.961815,-9.890182,-9.872635
42.243464,NaN,NaN,NaN,NaN,0.098259,-3.908409,4.089959,4.799017,-3.127164,-4.106103,-9.961906,-9.890251,-9.872475
42.256303,NaN,NaN,NaN,NaN,0.098168,-3.908690,4.089870,4.806818,-3.123587,-4.102471,-9.962055,-9.890289,-9.872398
42.264130,NaN,NaN,NaN,NaN,0.098125,-3.908965,4.089781,4.810711,-3.120011,-4.098813,-9.962132,-9.890335,-9.872303
42.274750,NaN,NaN,NaN,NaN,0.098080,-3.909228,4.089693,4.814637,-3.116431,-4.095155,-9.962212,-9.890400,-9.872211
42.283543,NaN,NaN,NaN,NaN,0.097994,-3.909735,4.089526,4.822472,-3.109272,-4.087838,-9.962372,-9.890549,-9.872036
42.294992,NaN,NaN,NaN,NaN,0.097954,-3.910214,4.089446,4.826380,-3.102108,-4.084160,-9.962448,-9.890739,-9.871933
42.314803,NaN,NaN,NaN,NaN,0.097809,-3.910443,4.089296,4.838188,-3.098523,-4.076804,-9.962711,-9.890846,-9.871708
42.324819,NaN,NaN,NaN,NaN,0.097765,-3.910666,4.089150,4.842112,-3.094938,-4.069436,-9.962795,-9.890957,-9.871490
42.335303,NaN,NaN,NaN,NaN,0.097703,-3.911108,4.089078,4.846055,-3.087765,-4.065747,-9.962898,-9.891182,-9.871384
42.343453,NaN,NaN,NaN,NaN,0.097644,-3.911327,4.089008,4.849991,-3.084178,-4.062058,-9.963001,-9.891304,-9.871281
42.355850,NaN,NaN,NaN,NaN,0.097529,-3.911745,4.088941,4.857846,-3.077005,-4.058370,-9.963203,-9.891548,-9.871178
42.374732,NaN,NaN,NaN,NaN,0.097380,-3.912158,4.088740,4.865752,-3.069831,-4.047319,-9.963413,-9.891846,-9.870842
42.384677,NaN,NaN,NaN,NaN,0.097310,-3.912357,4.088679,4.869695,-3.066245,-4.043637,-9.963520,-9.891994,-9.870739
42.394874,NaN,NaN,NaN,NaN,0.097242,-3.912722,4.088605,4.873632,-3.059073,-4.039955,-9.963619,-9.892307,-9.870617
42.403633,NaN,NaN,NaN,NaN,0.097155,-3.912889,4.088467,4.877590,-3.055487,-4.032596,-9.963722,-9.892487,-9.870384
42.415844,NaN,NaN,NaN,NaN,0.096989,-3.913205,4.088400,4.885485,-3.048317,-4.028917,-9.963928,-9.892838,-9.870274
42.434844,NaN,NaN,NaN,NaN,0.096814,-3.913340,4.088268,4.893373,-3.044721,-4.021545,-9.964130,-9.893017,-9.869976
42.443790,NaN,NaN,NaN,NaN,0.096633,-3.913471,4.088148,4.901256,-3.041126,-4.014178,-9.964333,-9.893196,-9.869701
42.455466,NaN,NaN,NaN,NaN,0.096546,-3.913719,4.088087,4.905187,-3.033938,-4.010487,-9.964436,-9.893551,-9.869541
42.463924,NaN,NaN,NaN,NaN,0.096449,-3.913824,4.088029,4.909129,-3.030349,-4.006798,-9.964531,-9.893719,-9.869385
42.474886,NaN,NaN,NaN,NaN,0.096355,-3.913925,4.087974,4.913064,-3.026760,-4.003110,-9.964626,-9.893890,-9.869232
42.483748,NaN,NaN,NaN,NaN,0.096263,-3.914114,4.087869,4.916994,-3.019583,-3.995739,-9.964722,-9.894234,-9.868935
42.494799,NaN,NaN,NaN,NaN,0.096088,-3.914202,4.087818,4.924833,-3.015996,-3.992041,-9.964901,-9.894402,-9.868767
42.503804,NaN,NaN,NaN,NaN,0.095995,-3.914275,4.087769,4.928768,-3.012414,-3.988344,-9.964973,-9.894569,-9.868607
42.515724,NaN,NaN,NaN,NaN,0.095904,-3.914343,4.087679,4.932697,-3.008833,-3.980954,-9.965046,-9.894737,-9.868301
42.523915,NaN,NaN,NaN,NaN,0.095815,-3.914471,4.087622,4.936619,-3.001671,-3.977242,-9.965118,-9.895054,-9.868145
42.535203,NaN,NaN,NaN,NaN,0.095638,-3.914522,4.087567,4.944460,-2.998100,-3.973531,-9.965244,-9.895206,-9.867992
42.543984,NaN,NaN,NaN,NaN,0.095550,-3.914569,4.087514,4.948380,-2.994529,-3.969822,-9.965298,-9.895355,-9.867859
42.554910,NaN,NaN,NaN,NaN,0.095465,-3.914653,4.087462,4.952292,-2.987388,-3.966115,-9.965363,-9.895657,-9.867733
42.565259,NaN,NaN,NaN,NaN,0.095381,-3.914690,4.087324,4.956199,-2.983822,-3.958648,-9.965424,-9.895805,-9.867462
42.574863,NaN,NaN,NaN,NaN,0.095189,-3.914723,4.087258,4.964013,-2.980256,-3.954919,-9.965527,-9.895950,-9.867336
42.583717,NaN,NaN,NaN,NaN,0.095098,-3.914752,4.087196,4.967911,-2.976690,-3.951192,-9.965576,-9.896095,-9.867214
42.595273,NaN,NaN,NaN,NaN,0.095009,-3.914779,4.087130,4.971803,-2.973124,-3.947435,-9.965626,-9.896248,-9.867069
42.603694,NaN,NaN,NaN,NaN,0.094895,-3.914804,4.087004,4.975691,-2.965993,-3.939930,-9.965656,-9.896561,-9.866798
42.616077,NaN,NaN,NaN,NaN,0.094675,-3.914816,4.086945,4.983449,-2.958862,-3.936181,-9.965721,-9.896873,-9.866669
42.634894,NaN,NaN,NaN,NaN,0.094446,-3.914813,4.086831,4.991179,-2.955288,-3.928624,-9.965778,-9.897022,-9.866386
42.643502,NaN,NaN,NaN,NaN,0.094325,-3.914807,4.086778,4.995033,-2.951713,-3.924850,-9.965805,-9.897171,-9.866253
42.655386,NaN,NaN,NaN,NaN,0.094093,-3.914787,4.086675,5.002725,-2.944563,-3.917285,-9.965855,-9.897526,-9.865971
42.663686,NaN,NaN,NaN,NaN,0.093976,-3.914769,4.086627,5.006554,-2.940977,-3.913494,-9.965874,-9.897705,-9.865829
42.674721,NaN,NaN,NaN,NaN,0.093863,-3.914747,4.086579,5.010377,-2.937390,-3.909706,-9.965904,-9.897884,-9.865696
42.684477,NaN,NaN,NaN,NaN,0.093645,-3.914698,4.086534,5.018009,-2.930218,-3.905923,-9.965958,-9.898239,-9.865566
42.694888,NaN,NaN,NaN,NaN,0.093543,-3.914652,4.086442,5.021802,-2.926624,-3.898358,-9.965973,-9.898411,-9.865246
42.704313,NaN,NaN,NaN,NaN,0.093442,-3.914604,4.086398,5.025590,-2.923031,-3.894582,-9.965992,-9.898582,-9.865097
42.716196,NaN,NaN,NaN,NaN,0.093345,-3.914501,4.086312,5.029373,-2.915846,-3.887032,-9.966007,-9.898891,-9.864777
42.734943,NaN,NaN,NaN,NaN,0.093073,-3.914362,4.086231,5.040663,-2.908633,-3.879489,-9.966084,-9.899204,-9.864445
42.743297,NaN,NaN,NaN,NaN,0.092988,-3.914290,4.086192,5.044412,-2.905026,-3.875723,-9.966110,-9.899357,-9.864292
42.755674,NaN,NaN,NaN,NaN,0.092905,-3.914142,4.086154,5.048156,-2.897815,-3.871962,-9.966141,-9.899666,-9.864140
42.764418,NaN,NaN,NaN,NaN,0.092826,-3.914039,4.086080,5.051897,-2.894189,-3.864439,-9.966171,-9.899803,-9.863800
42.774717,NaN,NaN,NaN,NaN,0.092675,-3.913935,4.086044,5.059327,-2.890564,-3.860683,-9.966236,-9.899940,-9.863640
42.785298,NaN,NaN,NaN,NaN,0.092604,-3.913830,4.086009,5.063036,-2.886939,-3.856931,-9.966267,-9.900074,-9.863487
42.794797,NaN,NaN,NaN,NaN,0.092535,-3.913724,4.085984,5.066741,-2.883314,-3.853191,-9.966286,-9.900211,-9.863319
42.803804,NaN,NaN,NaN,NaN,0.092466,-3.913453,4.085935,5.070427,-2.876020,-3.845723,-9.966309,-9.900463,-9.863007
42.815621,NaN,NaN,NaN,NaN,0.092335,-3.913178,4.085912,5.077786,-2.868727,-3.841994,-9.966354,-9.900711,-9.862862
42.834808,NaN,NaN,NaN,NaN,0.092212,-3.913020,4.085871,5.085134,-2.865058,-3.834559,-9.966393,-9.900818,-9.862560
42.843790,NaN,NaN,NaN,NaN,0.092097,-3.912702,4.085851,5.092472,-2.857721,-3.830848,-9.966415,-9.901035,-9.862434
42.854744,NaN,NaN,NaN,NaN,0.092044,-3.912543,4.085788,5.096135,-2.854053,-3.823440,-9.966423,-9.901146,-9.862194
42.864041,NaN,NaN,NaN,NaN,0.091988,-3.912366,4.085744,5.099781,-2.850369,-3.819745,-9.966427,-9.901260,-9.862076
42.874736,NaN,NaN,NaN,NaN,0.091934,-3.912191,4.085702,5.103424,-2.846685,-3.816054,-9.966427,-9.901375,-9.861965
42.883990,NaN,NaN,NaN,NaN,0.091832,-3.912015,4.085623,5.110701,-2.843002,-3.808694,-9.966434,-9.901489,-9.861748
42.895035,NaN,NaN,NaN,NaN,0.091792,-3.911646,4.085584,5.114333,-2.835615,-3.805027,-9.966438,-9.901669,-9.861645
42.903796,NaN,NaN,NaN,NaN,0.091754,-3.911452,4.085546,5.117962,-2.831911,-3.801363,-9.966446,-9.901760,-9.861546
42.915915,NaN,NaN,NaN,NaN,0.091717,-3.911260,4.085509,5.121589,-2.828207,-3.797702,-9.966434,-9.901855,-9.861450
42.923995,NaN,NaN,NaN,NaN,0.091683,-3.911068,4.085456,5.125213,-2.824503,-3.790419,-9.966427,-9.901947,-9.861275
42.935116,NaN,NaN,NaN,NaN,0.091600,-3.910659,4.085430,5.132441,-2.817057,-3.786783,-9.966412,-9.902126,-9.861195
42.943785,NaN,NaN,NaN,NaN,0.091561,-3.910455,4.085405,5.136051,-2.813335,-3.783149,-9.966408,-9.902218,-9.861118
42.955166,NaN,NaN,NaN,NaN,0.091525,-3.910040,4.085409,5.139658,-2.805874,-3.779507,-9.966400,-9.902412,-9.861038
42.966228,NaN,NaN,NaN,NaN,0.091478,-3.909827,4.085419,5.143276,-2.802134,-3.772233,-9.966404,-9.902508,-9.860901
42.975192,NaN,NaN,NaN,NaN,0.091389,-3.909616,4.085424,5.150506,-2.798395,-3.768601,-9.966404,-9.902607,-9.860840
42.983910,NaN,NaN,NaN,NaN,0.091348,-3.909405,4.085468,5.154117,-2.794657,-3.764970,-9.966404,-9.902702,-9.860764
42.995231,NaN,NaN,NaN,NaN,0.091297,-3.909205,4.085512,5.157735,-2.790916,-3.761343,-9.966423,-9.902802,-9.860695
43.003897,NaN,NaN,NaN,NaN,0.091203,-3.909004,4.085599,5.164965,-2.787176,-3.754095,-9.966461,-9.902901,-9.860577
43.016163,NaN,NaN,NaN,NaN,0.091158,-3.908407,4.085643,5.168577,-2.775957,-3.750476,-9.966480,-9.903152,-9.860523
43.034828,NaN,NaN,NaN,NaN,0.091074,-3.908208,4.085768,5.175802,-2.772222,-3.743223,-9.966549,-9.903221,-9.860458
43.043472,NaN,NaN,NaN,NaN,0.091035,-3.907814,4.085888,5.179416,-2.764752,-3.735981,-9.966599,-9.903366,-9.860409
43.054805,NaN,NaN,NaN,NaN,0.090960,-3.907619,4.085955,5.186636,-2.761019,-3.732350,-9.966690,-9.903442,-9.860386
43.063715,NaN,NaN,NaN,NaN,0.090922,-3.907401,4.086021,5.190238,-2.757299,-3.728722,-9.966747,-9.903503,-9.860363
43.075341,NaN,NaN,NaN,NaN,0.090886,-3.907185,4.086087,5.193839,-2.753580,-3.725097,-9.966805,-9.903568,-9.860348
43.084508,NaN,NaN,NaN,NaN,0.090817,-3.906757,4.086154,5.201034,-2.746144,-3.721475,-9.966946,-9.903702,-9.860344
43.095261,NaN,NaN,NaN,NaN,0.090786,-3.906520,4.086278,5.204618,-2.742443,-3.714217,-9.967030,-9.903755,-9.860313
43.103757,NaN,NaN,NaN,NaN,0.090756,-3.906284,4.086340,5.208201,-2.738741,-3.710592,-9.967110,-9.903812,-9.860306
43.116139,NaN,NaN,NaN,NaN,0.090728,-3.906049,4.086402,5.211783,-2.735040,-3.706971,-9.967186,-9.903870,-9.860302
43.124682,NaN,NaN,NaN,NaN,0.090680,-3.905561,4.086506,5.218944,-2.727657,-3.699718,-9.967339,-9.903973,-9.860279
43.134853,NaN,NaN,NaN,NaN,0.090661,-3.905307,4.086558,5.222523,-2.723975,-3.696095,-9.967407,-9.904022,-9.860271
43.143604,NaN,NaN,NaN,NaN,0.090643,-3.905056,4.086609,5.226101,-2.720293,-3.692475,-9.967480,-9.904072,-9.860287
43.155145,NaN,NaN,NaN,NaN,0.090626,-3.904546,4.086651,5.229677,-2.712957,-3.688856,-9.967548,-9.904163,-9.860298
43.164024,NaN,NaN,NaN,NaN,0.090607,-3.904288,4.086735,5.236839,-2.709302,-3.681626,-9.967659,-9.904205,-9.860325
43.175893,NaN,NaN,NaN,NaN,0.090599,-3.904032,4.086776,5.240418,-2.705647,-3.678015,-9.967716,-9.904247,-9.860344
43.184968,NaN,NaN,NaN,NaN,0.090591,-3.903778,4.086813,5.243997,-2.701991,-3.674406,-9.967766,-9.904289,-9.860359
43.194702,NaN,NaN,NaN,NaN,0.090585,-3.903521,4.086849,5.247590,-2.698361,-3.670800,-9.967815,-9.904324,-9.860378
43.203481,NaN,NaN,NaN,NaN,0.090580,-3.903265,4.086886,5.251183,-2.694729,-3.667197,-9.967861,-9.904358,-9.860394
43.214904,NaN,NaN,NaN,NaN,0.090573,-3.902761,4.086962,5.258363,-2.687464,-3.659987,-9.967945,-9.904434,-9.860428
43.223859,NaN,NaN,NaN,NaN,0.090577,-3.902501,4.087001,5.261975,-2.683867,-3.656380,-9.967999,-9.904465,-9.860443
43.235098,NaN,NaN,NaN,NaN,0.090582,-3.902243,4.087041,5.265585,-2.680269,-3.652776,-9.968048,-9.904499,-9.860462
43.243723,NaN,NaN,NaN,NaN,0.090587,-3.901733,4.087080,5.269193,-2.673070,-3.649176,-9.968094,-9.904587,-9.860481
43.254979,NaN,NaN,NaN,NaN,0.090593,-3.901477,4.087160,5.276433,-2.669501,-3.641964,-9.968185,-9.904636,-9.860519
43.264043,NaN,NaN,NaN,NaN,0.090593,-3.901222,4.087200,5.280064,-2.665930,-3.638363,-9.968227,-9.904690,-9.860542
43.276132,NaN,NaN,NaN,NaN,0.090594,-3.900719,4.087281,5.283693,-2.658785,-3.631172,-9.968281,-9.904793,-9.860600
43.294959,NaN,NaN,NaN,NaN,0.090600,-3.900218,4.087368,5.294594,-2.651665,-3.623965,-9.968422,-9.904903,-9.860641
43.303492,NaN,NaN,NaN,NaN,0.090604,-3.899967,4.087413,5.298240,-2.648117,-3.620366,-9.968468,-9.904961,-9.860668
43.314866,NaN,NaN,NaN,NaN,0.090613,-3.899473,4.087457,5.305524,-2.641018,-3.616771,-9.968559,-9.905071,-9.860703
43.323904,NaN,NaN,NaN,NaN,0.090613,-3.899217,4.087566,5.309180,-2.637485,-3.609571,-9.968571,-9.905117,-9.860783
43.334884,NaN,NaN,NaN,NaN,0.090615,-3.898962,4.087621,5.312834,-2.633951,-3.605975,-9.968586,-9.905167,-9.860828
43.344404,NaN,NaN,NaN,NaN,0.090618,-3.898710,4.087676,5.316485,-2.630415,-3.602383,-9.968597,-9.905216,-9.860878
43.357981,NaN,NaN,NaN,NaN,0.090621,-3.898462,4.087801,5.320134,-2.626878,-3.595170,-9.968609,-9.905266,-9.860958
43.366567,NaN,NaN,NaN,NaN,0.090624,-3.897950,4.087863,5.323791,-2.619866,-3.591569,-9.968605,-9.905357,-9.861004
43.376718,NaN,NaN,NaN,NaN,0.090632,-3.897450,4.087925,5.331097,-2.612846,-3.587971,-9.968594,-9.905453,-9.861050
43.394713,NaN,NaN,NaN,NaN,0.090650,-3.897204,4.088078,5.338403,-2.609362,-3.580734,-9.968552,-9.905487,-9.861126
43.404193,NaN,NaN,NaN,NaN,0.090663,-3.896719,4.088229,5.342056,-2.602386,-3.573510,-9.968521,-9.905563,-9.861214
43.414961,NaN,NaN,NaN,NaN,0.090691,-3.896481,4.088323,5.349355,-2.598895,-3.569877,-9.968456,-9.905602,-9.861259
43.425721,NaN,NaN,NaN,NaN,0.090716,-3.896249,4.088417,5.353005,-2.595437,-3.566247,-9.968407,-9.905632,-9.861305
43.434782,NaN,NaN,NaN,NaN,0.090741,-3.896020,4.088511,5.356653,-2.591977,-3.562621,-9.968357,-9.905659,-9.861355
43.443858,NaN,NaN,NaN,NaN,0.090767,-3.895570,4.088604,5.360299,-2.585048,-3.558997,-9.968311,-9.905712,-9.861389
43.455237,NaN,NaN,NaN,NaN,0.090823,-3.895361,4.088803,5.367574,-2.581605,-3.551713,-9.968224,-9.905735,-9.861446
43.463520,NaN,NaN,NaN,NaN,0.090853,-3.895155,4.088901,5.371202,-2.578158,-3.548076,-9.968178,-9.905762,-9.861485
43.475990,NaN,NaN,NaN,NaN,0.090912,-3.894750,4.088998,5.378453,-2.571258,-3.544442,-9.968094,-9.905823,-9.861523
43.494810,NaN,NaN,NaN,NaN,0.090999,-3.894376,4.089303,5.385689,-2.564393,-3.533495,-9.968029,-9.905888,-9.861645
43.503320,NaN,NaN,NaN,NaN,0.091042,-3.894192,4.089404,5.389306,-2.560956,-3.529853,-9.967999,-9.905922,-9.861713
43.515433,NaN,NaN,NaN,NaN,0.091086,-3.894011,4.089515,5.392920,-2.557517,-3.526204,-9.967964,-9.905960,-9.861786
43.524682,NaN,NaN,NaN,NaN,0.091137,-3.893688,4.089737,5.396523,-2.550682,-3.518915,-9.967945,-9.906040,-9.861942
43.534733,NaN,NaN,NaN,NaN,0.091238,-3.893530,4.089847,5.403724,-2.547260,-3.515276,-9.967911,-9.906082,-9.862022
43.544032,NaN,NaN,NaN,NaN,0.091289,-3.893375,4.089957,5.407322,-2.543836,-3.511640,-9.967896,-9.906124,-9.862103
43.555016,NaN,NaN,NaN,NaN,0.091340,-3.893222,4.090069,5.410919,-2.540408,-3.507990,-9.967880,-9.906181,-9.862190
43.563523,NaN,NaN,NaN,NaN,0.091399,-3.893096,4.090292,5.414500,-2.537008,-3.500698,-9.967873,-9.906242,-9.862377
43.576164,NaN,NaN,NaN,NaN,0.091517,-3.892730,4.090403,5.421659,-2.526786,-3.497056,-9.967842,-9.906429,-9.862469
43.594658,NaN,NaN,NaN,NaN,0.091644,-3.892642,4.090605,5.428802,-2.523386,-3.489762,-9.967815,-9.906498,-9.862652
43.603756,NaN,NaN,NaN,NaN,0.091712,-3.892470,4.090805,5.432367,-2.516578,-3.482479,-9.967804,-9.906647,-9.862835
43.614814,NaN,NaN,NaN,NaN,0.091848,-3.892387,4.090884,5.439493,-2.513169,-3.478824,-9.967781,-9.906723,-9.862919
43.623559,NaN,NaN,NaN,NaN,0.091916,-3.892338,4.090965,5.443039,-2.509773,-3.475173,-9.967766,-9.906807,-9.862995
43.634731,NaN,NaN,NaN,NaN,0.091984,-3.892245,4.091045,5.446585,-2.502972,-3.471523,-9.967754,-9.906979,-9.863075
43.644419,NaN,NaN,NaN,NaN,0.092119,-3.892200,4.091126,5.453674,-2.499566,-3.467876,-9.967731,-9.907063,-9.863152
43.654821,NaN,NaN,NaN,NaN,0.092172,-3.892192,4.091252,5.457216,-2.496166,-3.460565,-9.967716,-9.907162,-9.863297
43.664019,NaN,NaN,NaN,NaN,0.092226,-3.892184,4.091317,5.460757,-2.492762,-3.456913,-9.967701,-9.907261,-9.863369
43.676637,NaN,NaN,NaN,NaN,0.092280,-3.892171,4.091381,5.464296,-2.485944,-3.453265,-9.967690,-9.907440,-9.863445
43.694758,NaN,NaN,NaN,NaN,0.092401,-3.892223,4.091509,5.474936,-2.479112,-3.442319,-9.967659,-9.907639,-9.863686
43.703392,NaN,NaN,NaN,NaN,0.092436,-3.892250,4.091554,5.478486,-2.475691,-3.438676,-9.967655,-9.907738,-9.863770
43.715744,NaN,NaN,NaN,NaN,0.092471,-3.892276,4.091585,5.482034,-2.472268,-3.435026,-9.967648,-9.907837,-9.863827
43.723521,NaN,NaN,NaN,NaN,0.092490,-3.892411,4.091652,5.489182,-2.465414,-3.427735,-9.967609,-9.908020,-9.863949
43.735537,NaN,NaN,NaN,NaN,0.092501,-3.892478,4.091687,5.492754,-2.461983,-3.424093,-9.967590,-9.908115,-9.864010
43.745237,NaN,NaN,NaN,NaN,0.092513,-3.892545,4.091687,5.496325,-2.458548,-3.420432,-9.967575,-9.908207,-9.864044
43.754910,NaN,NaN,NaN,NaN,0.092512,-3.892628,4.091689,5.499923,-2.455112,-3.416774,-9.967564,-9.908291,-9.864082
43.764962,NaN,NaN,NaN,NaN,0.092511,-3.892794,4.091693,5.503519,-2.448231,-3.413118,-9.967556,-9.908459,-9.864124
43.776833,NaN,NaN,NaN,NaN,0.092514,-3.892877,4.091663,5.510706,-2.444785,-3.405798,-9.967537,-9.908543,-9.864201
43.786465,NaN,NaN,NaN,NaN,0.092518,-3.892976,4.091631,5.514325,-2.441342,-3.402133,-9.967522,-9.908619,-9.864239
43.794870,NaN,NaN,NaN,NaN,0.092523,-3.893074,4.091600,5.517941,-2.437896,-3.398472,-9.967506,-9.908703,-9.864281
43.803523,NaN,NaN,NaN,NaN,0.092533,-3.893172,4.091546,5.525170,-2.434447,-3.391158,-9.967468,-9.908787,-9.864357
43.816164,NaN,NaN,NaN,NaN,0.092540,-3.893475,4.091472,5.528782,-2.424091,-3.387479,-9.967445,-9.909039,-9.864384
43.835717,NaN,NaN,NaN,NaN,0.092549,-3.893584,4.091331,5.536026,-2.420640,-3.380131,-9.967403,-9.909119,-9.864445
43.844819,NaN,NaN,NaN,NaN,0.092555,-3.893693,4.091264,5.539644,-2.417186,-3.376462,-9.967384,-9.909199,-9.864479
43.854759,NaN,NaN,NaN,NaN,0.092568,-3.893922,4.091027,5.546892,-2.410274,-3.369098,-9.967346,-9.909363,-9.864517
43.863340,NaN,NaN,NaN,NaN,0.092575,-3.894043,4.090914,5.550520,-2.406815,-3.365421,-9.967331,-9.909443,-9.864544
43.874993,NaN,NaN,NaN,NaN,0.092592,-3.894282,4.090804,5.557771,-2.399887,-3.361748,-9.967293,-9.909603,-9.864571
43.885974,NaN,NaN,NaN,NaN,0.092596,-3.894419,4.090517,5.561411,-2.396428,-3.354374,-9.967274,-9.909683,-9.864597
43.894647,NaN,NaN,NaN,NaN,0.092600,-3.894556,4.090379,5.565048,-2.392966,-3.350692,-9.967251,-9.909763,-9.864613
43.904373,NaN,NaN,NaN,NaN,0.092605,-3.894692,4.090245,5.568683,-2.389500,-3.347013,-9.967232,-9.909843,-9.864635
43.914867,NaN,NaN,NaN,NaN,0.092611,-3.894826,4.090089,5.572316,-2.386031,-3.343325,-9.967213,-9.909924,-9.864651
43.924237,NaN,NaN,NaN,NaN,0.092606,-3.895119,4.089787,5.575956,-2.379117,-3.335958,-9.967182,-9.910084,-9.864681
43.935615,NaN,NaN,NaN,NaN,0.092600,-3.895406,4.089642,5.583230,-2.372188,-3.332280,-9.967133,-9.910244,-9.864700
43.954833,NaN,NaN,NaN,NaN,0.092572,-3.895562,4.089294,5.590500,-2.368726,-3.324895,-9.967083,-9.910328,-9.864704
43.963491,NaN,NaN,NaN,NaN,0.092523,-3.895869,4.088961,5.597765,-2.361793,-3.317524,-9.967030,-9.910507,-9.864727
43.975044,NaN,NaN,NaN,NaN,0.092500,-3.896020,4.088778,5.601394,-2.358321,-3.313838,-9.967003,-9.910599,-9.864719
43.985237,NaN,NaN,NaN,NaN,0.092474,-3.896183,4.088598,5.605030,-2.354859,-3.310156,-9.966969,-9.910690,-9.864716
43.994638,NaN,NaN,NaN,NaN,0.092449,-3.896343,4.088422,5.608663,-2.351393,-3.306478,-9.966938,-9.910786,-9.864716
44.003506,NaN,NaN,NaN,NaN,0.092403,-3.896501,4.088250,5.615925,-2.347925,-3.302803,-9.966881,-9.910881,-9.864719
44.014784,NaN,NaN,NaN,NaN,0.092373,-3.896818,4.087856,5.619571,-2.341002,-3.295445,-9.966846,-9.911076,-9.864735
44.023709,NaN,NaN,NaN,NaN,0.092344,-3.896977,4.087664,5.623216,-2.337548,-3.291772,-9.966808,-9.911175,-9.864742
44.035609,NaN,NaN,NaN,NaN,0.092316,-3.897133,4.087476,5.626858,-2.334090,-3.288103,-9.966778,-9.911278,-9.864758
44.043992,NaN,NaN,NaN,NaN,0.092251,-3.897287,4.087270,5.634157,-2.330628,-3.284423,-9.966698,-9.911385,-9.864761
44.054877,NaN,NaN,NaN,NaN,0.092215,-3.897600,4.086869,5.637813,-2.323777,-3.277072,-9.966656,-9.911591,-9.864780
44.063678,NaN,NaN,NaN,NaN,0.092180,-3.897754,4.086674,5.641466,-2.320346,-3.273402,-9.966614,-9.911694,-9.864796
44.075023,NaN,NaN,NaN,NaN,0.092117,-3.898055,4.086484,5.648765,-2.313472,-3.269735,-9.966537,-9.911896,-9.864815
44.085787,NaN,NaN,NaN,NaN,0.092070,-3.898218,4.086096,5.652424,-2.310066,-3.262367,-9.966503,-9.911995,-9.864849
44.094714,NaN,NaN,NaN,NaN,0.092025,-3.898378,4.085907,5.656081,-2.306656,-3.258689,-9.966469,-9.912090,-9.864872
44.104080,NaN,NaN,NaN,NaN,0.091982,-3.898535,4.085723,5.659735,-2.303241,-3.255014,-9.966438,-9.912189,-9.864906
44.114824,NaN,NaN,NaN,NaN,0.091940,-3.898690,4.085536,5.663387,-2.299823,-3.251327,-9.966408,-9.912285,-9.864944
44.124868,NaN,NaN,NaN,NaN,0.091847,-3.899023,4.085175,5.670712,-2.293020,-3.243965,-9.966377,-9.912457,-9.865032
44.135825,NaN,NaN,NaN,NaN,0.091803,-3.899345,4.085001,5.674371,-2.286202,-3.240290,-9.966366,-9.912628,-9.865082
44.155363,NaN,NaN,NaN,NaN,0.091710,-3.899508,4.084660,5.681705,-2.282807,-3.232911,-9.966351,-9.912693,-9.865189
44.164985,NaN,NaN,NaN,NaN,0.091660,-3.899823,4.084495,5.685379,-2.276005,-3.229229,-9.966343,-9.912830,-9.865257
44.175271,NaN,NaN,NaN,NaN,0.091565,-3.899976,4.084166,5.692720,-2.272598,-3.221852,-9.966343,-9.912895,-9.865398
44.184055,NaN,NaN,NaN,NaN,0.091513,-3.900136,4.084003,5.696425,-2.269210,-3.218158,-9.966358,-9.912952,-9.865479
44.194792,NaN,NaN,NaN,NaN,0.091463,-3.900293,4.083843,5.700128,-2.265818,-3.214469,-9.966370,-9.913006,-9.865559
44.204493,NaN,NaN,NaN,NaN,0.091415,-3.900599,4.083524,5.703827,-2.259023,-3.207077,-9.966385,-9.913120,-9.865726
44.214893,NaN,NaN,NaN,NaN,0.091304,-3.900758,4.083365,5.711253,-2.255633,-3.203374,-9.966434,-9.913158,-9.865814
44.224310,NaN,NaN,NaN,NaN,0.091240,-3.900915,4.083210,5.714980,-2.252240,-3.199675,-9.966473,-9.913204,-9.865929
44.236876,NaN,NaN,NaN,NaN,0.091119,-3.901220,4.083058,5.722424,-2.245442,-3.195981,-9.966564,-9.913288,-9.866047
44.254823,NaN,NaN,NaN,NaN,0.090974,-3.901537,4.082649,5.729923,-2.238636,-3.184847,-9.966690,-9.913368,-9.866405
44.263326,NaN,NaN,NaN,NaN,0.090904,-3.901690,4.082521,5.733668,-2.235227,-3.181145,-9.966755,-9.913406,-9.866524
44.276746,NaN,NaN,NaN,NaN,0.090836,-3.901841,4.082407,5.737409,-2.231815,-3.177436,-9.966816,-9.913467,-9.866657
44.284412,NaN,NaN,NaN,NaN,0.090697,-3.902141,4.082189,5.744928,-2.224989,-3.170031,-9.966988,-9.913574,-9.866936
44.294608,NaN,NaN,NaN,NaN,0.090630,-3.902287,4.082085,5.748683,-2.221570,-3.166336,-9.967068,-9.913628,-9.867073
44.304326,NaN,NaN,NaN,NaN,0.090566,-3.902431,4.081995,5.752435,-2.218148,-3.162643,-9.967152,-9.913681,-9.867214
44.316715,NaN,NaN,NaN,NaN,0.090498,-3.902711,4.081823,5.756190,-2.211294,-3.155270,-9.967255,-9.913765,-9.867496
44.336384,NaN,NaN,NaN,NaN,0.090308,-3.903112,4.081664,5.767437,-2.200989,-3.147915,-9.967564,-9.913967,-9.867779
44.355566,NaN,NaN,NaN,NaN,0.090182,-3.903509,4.081478,5.774927,-2.190660,-3.136926,-9.967781,-9.914158,-9.868244
44.374971,NaN,NaN,NaN,NaN,0.089991,-3.903636,4.081375,5.786152,-2.187211,-3.129617,-9.968117,-9.914219,-9.868542
44.384079,NaN,NaN,NaN,NaN,0.089910,-3.903774,4.081331,5.789881,-2.183755,-3.125968,-9.968246,-9.914268,-9.868687
44.395289,NaN,NaN,NaN,NaN,0.089832,-3.904172,4.081289,5.793607,-2.173366,-3.122322,-9.968376,-9.914429,-9.868828
44.414977,NaN,NaN,NaN,NaN,0.089611,-3.904316,4.081186,5.804778,-2.169882,-3.111394,-9.968815,-9.914482,-9.869240
44.423803,NaN,NaN,NaN,NaN,0.089541,-3.904457,4.081158,5.808503,-2.166395,-3.107758,-9.968975,-9.914532,-9.869370
44.435969,NaN,NaN,NaN,NaN,0.089473,-3.904884,4.081133,5.812225,-2.155915,-3.104126,-9.969131,-9.914696,-9.869499
44.454860,NaN,NaN,NaN,NaN,0.089263,-3.905035,4.081043,5.823396,-2.152414,-3.093235,-9.969585,-9.914757,-9.869801
44.463556,NaN,NaN,NaN,NaN,0.089194,-3.905182,4.081018,5.827117,-2.148910,-3.089612,-9.969730,-9.914822,-9.869919
44.474842,NaN,NaN,NaN,NaN,0.089049,-3.905327,4.080977,5.834570,-2.145404,-3.085993,-9.970016,-9.914883,-9.870014
44.483926,NaN,NaN,NaN,NaN,0.088974,-3.905626,4.080905,5.838301,-2.138373,-3.078766,-9.970154,-9.915009,-9.870209
44.495631,NaN,NaN,NaN,NaN,0.088901,-3.905771,4.080873,5.842029,-2.134854,-3.075158,-9.970284,-9.915073,-9.870308
44.503897,NaN,NaN,NaN,NaN,0.088832,-3.905913,4.080822,5.845755,-2.131332,-3.071561,-9.970413,-9.915138,-9.870384
44.514847,NaN,NaN,NaN,NaN,0.088747,-3.906049,4.080774,5.849498,-2.127795,-3.067969,-9.970535,-9.915207,-9.870464
44.523410,NaN,NaN,NaN,NaN,0.088586,-3.906310,4.080685,5.856973,-2.120713,-3.060796,-9.970772,-9.915340,-9.870613
44.535222,NaN,NaN,NaN,NaN,0.088510,-3.906436,4.080642,5.860706,-2.117168,-3.057232,-9.970890,-9.915409,-9.870659
44.544843,NaN,NaN,NaN,NaN,0.088434,-3.906555,4.080600,5.864443,-2.113608,-3.053673,-9.970993,-9.915489,-9.870701
44.554996,NaN,NaN,NaN,NaN,0.088362,-3.906672,4.080561,5.868176,-2.110046,-3.050117,-9.971092,-9.915569,-9.870750
44.564552,NaN,NaN,NaN,NaN,0.088291,-3.906898,4.080525,5.871906,-2.102915,-3.046563,-9.971191,-9.915710,-9.870800
44.575232,NaN,NaN,NaN,NaN,0.088145,-3.906996,4.080476,5.879361,-2.099328,-3.039500,-9.971367,-9.915771,-9.870850
44.584866,NaN,NaN,NaN,NaN,0.088070,-3.907092,4.080454,5.883087,-2.095740,-3.035973,-9.971447,-9.915836,-9.870895
44.596147,NaN,NaN,NaN,NaN,0.087997,-3.907184,4.080417,5.886809,-2.092150,-3.028929,-9.971527,-9.915897,-9.870991
44.607174,NaN,NaN,NaN,NaN,0.087926,-3.907426,4.080391,5.890529,-2.081355,-3.025433,-9.971607,-9.916100,-9.871025
44.623622,NaN,NaN,NaN,NaN,0.087687,-3.907487,4.080345,5.901695,-2.077746,-3.018451,-9.971821,-9.916168,-9.871101
44.635335,NaN,NaN,NaN,NaN,0.087528,-3.907604,4.080326,5.909132,-2.070523,-3.014964,-9.971947,-9.916325,-9.871140
44.644751,NaN,NaN,NaN,NaN,0.087435,-3.907662,4.080269,5.912870,-2.066892,-3.008032,-9.972004,-9.916409,-9.871193
44.654660,NaN,NaN,NaN,NaN,0.087344,-3.907717,4.080243,5.916604,-2.063259,-3.004570,-9.972065,-9.916492,-9.871227
44.663992,NaN,NaN,NaN,NaN,0.087255,-3.907771,4.080220,5.920334,-2.059625,-3.001110,-9.972118,-9.916576,-9.871258
44.675047,NaN,NaN,NaN,NaN,0.087171,-3.907822,4.080179,5.924061,-2.055989,-2.997665,-9.972172,-9.916656,-9.871281
44.684268,NaN,NaN,NaN,NaN,0.086988,-3.907880,4.080103,5.931561,-2.052335,-2.990781,-9.972237,-9.916740,-9.871338
44.695939,NaN,NaN,NaN,NaN,0.086901,-3.908045,4.080068,5.935306,-2.041366,-2.987342,-9.972267,-9.916992,-9.871368
44.714780,NaN,NaN,NaN,NaN,0.086713,-3.908128,4.079995,5.942794,-2.037695,-2.980512,-9.972309,-9.917065,-9.871449
44.723462,NaN,NaN,NaN,NaN,0.086614,-3.908286,4.079960,5.946537,-2.030350,-2.977099,-9.972321,-9.917210,-9.871490
44.735241,NaN,NaN,NaN,NaN,0.086424,-3.908362,4.079901,5.954014,-2.026676,-2.970302,-9.972340,-9.917286,-9.871578
44.744479,NaN,NaN,NaN,NaN,0.086318,-3.908481,4.079876,5.957766,-2.022994,-2.966918,-9.972336,-9.917339,-9.871624
44.754695,NaN,NaN,NaN,NaN,0.086215,-3.908597,4.079853,5.961515,-2.019311,-2.963535,-9.972332,-9.917397,-9.871674
44.764308,NaN,NaN,NaN,NaN,0.086115,-3.908821,4.079831,5.965261,-2.011942,-2.960154,-9.972328,-9.917519,-9.871712
44.774992,NaN,NaN,NaN,NaN,0.085917,-3.908970,4.079799,5.972744,-2.008266,-2.953435,-9.972260,-9.917545,-9.871811
44.784128,NaN,NaN,NaN,NaN,0.085819,-3.909116,4.079786,5.976481,-2.004588,-2.950076,-9.972221,-9.917576,-9.871861
44.795878,NaN,NaN,NaN,NaN,0.085723,-3.909569,4.079767,5.980216,-1.993554,-2.943372,-9.972187,-9.917641,-9.871979
44.814828,NaN,NaN,NaN,NaN,0.085432,-3.909737,4.079758,5.991386,-1.989879,-2.936680,-9.972073,-9.917645,-9.872105
44.823172,NaN,NaN,NaN,NaN,0.085338,-3.909900,4.079756,5.995101,-1.986204,-2.933335,-9.972031,-9.917648,-9.872173
44.834968,NaN,NaN,NaN,NaN,0.085246,-3.910061,4.079749,5.998814,-1.982528,-2.930000,-9.971985,-9.917656,-9.872246
44.844108,NaN,NaN,NaN,NaN,0.085142,-3.910448,4.079738,6.002499,-1.975155,-2.923331,-9.971935,-9.917606,-9.872391
44.854748,NaN,NaN,NaN,NaN,0.084941,-3.910635,4.079734,6.009863,-1.971467,-2.919998,-9.971828,-9.917587,-9.872467
44.863781,NaN,NaN,NaN,NaN,0.084846,-3.910818,4.079731,6.013541,-1.967778,-2.916666,-9.971779,-9.917568,-9.872547
44.874873,NaN,NaN,NaN,NaN,0.084753,-3.910997,4.079718,6.017217,-1.964088,-2.913335,-9.971729,-9.917568,-9.872623
44.884900,NaN,NaN,NaN,NaN,0.084648,-3.911198,4.079695,6.020871,-1.960387,-2.906676,-9.971668,-9.917538,-9.872742
44.895408,NaN,NaN,NaN,NaN,0.084446,-3.911587,4.079687,6.028172,-1.952981,-2.903347,-9.971577,-9.917488,-9.872803
44.903951,NaN,NaN,NaN,NaN,0.084351,-3.911775,4.079676,6.031818,-1.949277,-2.900012,-9.971531,-9.917465,-9.872875
44.914769,NaN,NaN,NaN,NaN,0.084230,-3.911988,4.079667,6.035440,-1.945558,-2.896679,-9.971481,-9.917404,-9.872944
44.923526,NaN,NaN,NaN,NaN,0.084114,-3.912399,4.079652,6.039060,-1.938118,-2.890014,-9.971432,-9.917297,-9.873093
44.935102,NaN,NaN,NaN,NaN,0.083890,-3.912598,4.079642,6.046295,-1.934397,-2.886685,-9.971333,-9.917252,-9.873177
44.944754,NaN,NaN,NaN,NaN,0.083752,-3.912822,4.079633,6.049892,-1.930652,-2.883356,-9.971283,-9.917156,-9.873264
44.955114,NaN,NaN,NaN,NaN,0.083618,-3.913041,4.079625,6.053487,-1.926907,-2.880028,-9.971230,-9.917068,-9.873348
44.966890,NaN,NaN,NaN,NaN,0.083488,-3.913255,4.079618,6.057081,-1.923160,-2.876700,-9.971172,-9.916985,-9.873440
44.975135,NaN,NaN,NaN,NaN,0.083204,-3.913700,4.079605,6.064261,-1.915637,-2.870062,-9.971069,-9.916775,-9.873615
44.984971,NaN,NaN,NaN,NaN,0.083052,-3.913929,4.079598,6.067849,-1.911860,-2.866743,-9.971016,-9.916653,-9.873707
44.996089,NaN,NaN,NaN,NaN,0.082759,-3.914374,4.079593,6.075020,-1.904308,-2.863425,-9.970913,-9.916412,-9.873798
45.014748,NaN,NaN,NaN,NaN,0.082404,-3.914859,4.079580,6.082185,-1.896687,-2.853528,-9.970825,-9.916100,-9.874084
45.025197,NaN,NaN,NaN,NaN,0.082233,-3.915094,4.079576,6.085766,-1.892878,-2.850229,-9.970779,-9.915955,-9.874180
45.034946,NaN,NaN,NaN,NaN,0.082066,-3.915325,4.079566,6.089346,-1.889068,-2.846939,-9.970737,-9.915813,-9.874294
45.043685,NaN,NaN,NaN,NaN,0.081682,-3.915587,4.079546,6.096479,-1.885226,-2.840358,-9.970642,-9.915634,-9.874516
45.055171,NaN,NaN,NaN,NaN,0.081498,-3.916343,4.079537,6.100044,-1.873704,-2.837067,-9.970596,-9.915085,-9.874630
45.075029,NaN,NaN,NaN,NaN,0.081114,-3.916606,4.079473,6.107163,-1.869838,-2.830503,-9.970516,-9.914886,-9.874882
45.083783,NaN,NaN,NaN,NaN,0.080719,-3.917117,4.079414,6.114273,-1.862110,-2.823937,-9.970448,-9.914505,-9.875134
45.096272,NaN,NaN,NaN,NaN,0.080528,-3.917365,4.079367,6.117826,-1.858247,-2.820641,-9.970413,-9.914326,-9.875275
45.104458,NaN,NaN,NaN,NaN,0.080322,-3.917626,4.079321,6.121374,-1.854346,-2.817344,-9.970387,-9.914124,-9.875412
45.114761,NaN,NaN,NaN,NaN,0.080121,-3.917883,4.079276,6.124921,-1.850448,-2.814047,-9.970360,-9.913933,-9.875553
45.124137,NaN,NaN,NaN,NaN,0.079924,-3.918380,4.079188,6.128467,-1.842656,-2.807450,-9.970329,-9.913570,-9.875839
45.134955,NaN,NaN,NaN,NaN,0.079547,-3.918620,4.079142,6.135559,-1.838764,-2.804153,-9.970253,-9.913403,-9.875996
45.143726,NaN,NaN,NaN,NaN,0.079355,-3.918876,4.079095,6.139101,-1.834832,-2.800856,-9.970222,-9.913216,-9.876148
45.155708,NaN,NaN,NaN,NaN,0.079168,-3.919613,4.079050,6.142643,-1.823053,-2.797558,-9.970196,-9.912720,-9.876301
45.175010,NaN,NaN,NaN,NaN,0.078613,-3.919867,4.078927,6.153274,-1.819089,-2.787659,-9.970116,-9.912563,-9.876759
45.183428,NaN,NaN,NaN,NaN,0.078422,-3.920116,4.078889,6.156822,-1.815128,-2.784358,-9.970097,-9.912418,-9.876923
45.194891,NaN,NaN,NaN,NaN,0.078237,-3.920597,4.078851,6.160370,-1.807216,-2.781056,-9.970078,-9.912144,-9.877087
45.205940,NaN,NaN,NaN,NaN,0.078056,-3.920855,4.078798,6.163917,-1.803227,-2.774466,-9.970058,-9.912003,-9.877430
45.214717,NaN,NaN,NaN,NaN,0.077692,-3.921107,4.078772,6.171027,-1.799243,-2.771170,-9.970005,-9.911869,-9.877598
45.223700,NaN,NaN,NaN,NaN,0.077517,-3.921353,4.078746,6.174581,-1.795263,-2.767874,-9.969978,-9.911739,-9.877766
45.234817,NaN,NaN,NaN,NaN,0.077346,-3.921593,4.078744,6.178135,-1.791286,-2.764586,-9.969955,-9.911621,-9.877934
45.243631,NaN,NaN,NaN,NaN,0.077181,-3.921836,4.078742,6.181697,-1.787277,-2.761296,-9.969933,-9.911495,-9.878109
45.255384,NaN,NaN,NaN,NaN,0.076863,-3.922306,4.078740,6.188820,-1.779271,-2.754715,-9.969948,-9.911259,-9.878460
45.264663,NaN,NaN,NaN,NaN,0.076709,-3.922533,4.078758,6.192382,-1.775273,-2.751418,-9.969955,-9.911152,-9.878639
45.274842,NaN,NaN,NaN,NaN,0.076564,-3.922774,4.078775,6.195953,-1.771268,-2.748119,-9.969963,-9.911045,-9.878815
45.283774,NaN,NaN,NaN,NaN,0.076422,-3.923011,4.078792,6.199524,-1.767267,-2.744821,-9.969967,-9.910942,-9.878986
45.295002,NaN,NaN,NaN,NaN,0.076149,-3.923467,4.078837,6.206665,-1.759276,-2.738205,-9.969978,-9.910740,-9.879341
45.303858,NaN,NaN,NaN,NaN,0.076013,-3.923702,4.078866,6.210237,-1.755273,-2.734889,-9.969975,-9.910648,-9.879524
45.314821,NaN,NaN,NaN,NaN,0.075882,-3.923932,4.078895,6.213808,-1.751273,-2.731572,-9.969978,-9.910561,-9.879707
45.323454,NaN,NaN,NaN,NaN,0.075754,-3.924158,4.078959,6.217379,-1.747278,-2.724920,-9.969978,-9.910480,-9.880066
45.335083,NaN,NaN,NaN,NaN,0.075497,-3.924608,4.078995,6.224516,-1.739282,-2.721586,-9.969975,-9.910320,-9.880245
45.345014,NaN,NaN,NaN,NaN,0.075367,-3.924835,4.079031,6.228083,-1.735282,-2.718251,-9.969963,-9.910240,-9.880417
45.356539,NaN,NaN,NaN,NaN,0.075241,-3.925499,4.079095,6.231648,-1.723301,-2.711562,-9.969955,-9.910088,-9.880772
45.375066,NaN,NaN,NaN,NaN,0.074904,-3.925720,4.079154,6.242341,-1.719311,-2.704855,-9.969883,-9.910046,-9.881130
45.383660,NaN,NaN,NaN,NaN,0.074802,-3.925937,4.079183,6.245904,-1.715326,-2.701499,-9.969849,-9.910004,-9.881306
45.394776,NaN,NaN,NaN,NaN,0.074704,-3.926149,4.079214,6.249468,-1.711344,-2.698143,-9.969818,-9.909966,-9.881474
45.404593,NaN,NaN,NaN,NaN,0.074608,-3.926356,4.079270,6.253031,-1.707368,-2.691387,-9.969784,-9.909931,-9.881836
45.414834,NaN,NaN,NaN,NaN,0.074442,-3.926757,4.079299,6.260146,-1.699409,-2.688008,-9.969658,-9.909882,-9.882015
45.424461,NaN,NaN,NaN,NaN,0.074364,-3.926950,4.079326,6.263703,-1.695436,-2.684628,-9.969597,-9.909863,-9.882191
45.435630,NaN,NaN,NaN,NaN,0.074288,-3.927138,4.079338,6.267261,-1.691467,-2.681232,-9.969521,-9.909843,-9.882378
45.443607,NaN,NaN,NaN,NaN,0.074223,-3.927509,4.079364,6.270823,-1.683508,-2.674435,-9.969414,-9.909821,-9.882744
45.455650,NaN,NaN,NaN,NaN,0.074101,-3.927687,4.079378,6.277946,-1.679536,-2.671035,-9.969215,-9.909813,-9.882919
45.464892,NaN,NaN,NaN,NaN,0.074045,-3.927861,4.079391,6.281507,-1.675567,-2.667634,-9.969120,-9.909809,-9.883121
45.474872,NaN,NaN,NaN,NaN,0.074004,-3.928042,4.079405,6.285071,-1.671584,-2.664232,-9.968994,-9.909809,-9.883320
45.483666,NaN,NaN,NaN,NaN,0.073929,-3.928391,4.079419,6.292199,-1.663632,-2.660828,-9.968723,-9.909817,-9.883526
45.495397,NaN,NaN,NaN,NaN,0.073895,-3.928559,4.079459,6.295763,-1.659663,-2.654029,-9.968582,-9.909824,-9.883945
45.503657,NaN,NaN,NaN,NaN,0.073875,-3.928735,4.079484,6.299331,-1.655672,-2.650634,-9.968410,-9.909824,-9.884159
45.514777,NaN,NaN,NaN,NaN,0.073858,-3.928907,4.079509,6.302898,-1.651687,-2.647237,-9.968246,-9.909828,-9.884369
45.524214,NaN,NaN,NaN,NaN,0.073830,-3.929237,4.079570,6.310035,-1.643729,-2.640439,-9.967926,-9.909840,-9.884781
45.535048,NaN,NaN,NaN,NaN,0.073839,-3.929395,4.079606,6.313608,-1.639723,-2.637039,-9.967747,-9.909840,-9.884987
45.543981,NaN,NaN,NaN,NaN,0.073850,-3.929548,4.079641,6.317181,-1.635722,-2.633636,-9.967575,-9.909843,-9.885204
45.556038,NaN,NaN,NaN,NaN,0.073876,-3.929842,4.079706,6.324327,-1.627735,-2.626824,-9.967247,-9.909859,-9.885635
45.574800,NaN,NaN,NaN,NaN,0.073929,-3.930133,4.079766,6.331457,-1.619718,-2.620002,-9.966877,-9.909874,-9.886055
45.583623,NaN,NaN,NaN,NaN,0.073957,-3.930272,4.079796,6.335023,-1.615718,-2.616588,-9.966698,-9.909885,-9.886257
45.595054,NaN,NaN,NaN,NaN,0.073986,-3.930406,4.079828,6.338589,-1.611724,-2.613168,-9.966526,-9.909893,-9.886456
45.604767,NaN,NaN,NaN,NaN,0.074086,-3.930649,4.079893,6.345703,-1.603689,-2.606324,-9.966129,-9.909916,-9.886803
45.614719,NaN,NaN,NaN,NaN,0.074137,-3.930764,4.079926,6.349260,-1.599681,-2.602899,-9.965946,-9.909927,-9.886971
45.623237,NaN,NaN,NaN,NaN,0.074189,-3.930875,4.079962,6.352818,-1.595678,-2.599474,-9.965767,-9.909946,-9.887119
45.635166,NaN,NaN,NaN,NaN,0.074269,-3.930980,4.079996,6.356367,-1.591647,-2.596047,-9.965565,-9.909958,-9.887264
45.643623,NaN,NaN,NaN,NaN,0.074428,-3.931180,4.080065,6.363467,-1.583605,-2.589189,-9.965183,-9.910004,-9.887543
45.655589,NaN,NaN,NaN,NaN,0.074508,-3.931364,4.080100,6.367018,-1.575587,-2.585757,-9.965000,-9.910065,-9.887680
45.674751,NaN,NaN,NaN,NaN,0.074691,-3.931459,4.080163,6.374104,-1.571559,-2.578870,-9.964653,-9.910088,-9.887901
45.683868,NaN,NaN,NaN,NaN,0.074894,-3.931638,4.080225,6.381176,-1.563523,-2.571976,-9.964333,-9.910133,-9.888119
45.694747,NaN,NaN,NaN,NaN,0.074995,-3.931721,4.080251,6.384712,-1.559514,-2.568520,-9.964180,-9.910160,-9.888206
45.703788,NaN,NaN,NaN,NaN,0.075123,-3.931811,4.080276,6.388242,-1.555481,-2.565064,-9.964020,-9.910187,-9.888294
45.715763,NaN,NaN,NaN,NaN,0.075250,-3.931980,4.080328,6.391771,-1.547436,-2.558145,-9.963867,-9.910255,-9.888470
45.735600,NaN,NaN,NaN,NaN,0.075637,-3.932146,4.080362,6.402355,-1.539382,-2.551213,-9.963421,-9.910324,-9.888588
45.744502,NaN,NaN,NaN,NaN,0.075772,-3.932230,4.080380,6.405877,-1.535348,-2.547744,-9.963276,-9.910355,-9.888649
45.757087,NaN,NaN,NaN,NaN,0.076041,-3.932387,4.080403,6.412925,-1.527298,-2.540816,-9.963001,-9.910423,-9.888748
45.775096,NaN,NaN,NaN,NaN,0.076303,-3.932576,4.080414,6.419970,-1.519207,-2.533895,-9.962711,-9.910492,-9.888828
45.783958,NaN,NaN,NaN,NaN,0.076432,-3.932664,4.080420,6.423494,-1.515172,-2.530432,-9.962578,-9.910530,-9.888874
45.795118,NaN,NaN,NaN,NaN,0.076561,-3.932749,4.080404,6.427019,-1.511144,-2.526984,-9.962444,-9.910568,-9.888897
45.804855,NaN,NaN,NaN,NaN,0.076797,-3.932899,4.080376,6.434089,-1.503058,-2.520081,-9.962177,-9.910652,-9.888943
45.815981,NaN,NaN,NaN,NaN,0.076914,-3.933034,4.080364,6.437625,-1.495000,-2.516626,-9.962051,-9.910736,-9.888969
45.835457,NaN,NaN,NaN,NaN,0.077294,-3.933150,4.080337,6.448253,-1.486931,-2.509751,-9.961678,-9.910847,-9.888973
45.843364,NaN,NaN,NaN,NaN,0.077423,-3.933202,4.080315,6.451799,-1.482907,-2.502867,-9.961563,-9.910904,-9.889011
45.854850,NaN,NaN,NaN,NaN,0.077551,-3.933251,4.080285,6.455346,-1.478889,-2.499443,-9.961456,-9.910957,-9.889004
45.864050,NaN,NaN,NaN,NaN,0.077692,-3.933311,4.080256,6.458903,-1.474856,-2.496016,-9.961338,-9.911026,-9.889000
45.874766,NaN,NaN,NaN,NaN,0.077830,-3.933368,4.080229,6.462461,-1.470830,-2.492586,-9.961227,-9.911095,-9.888996
45.884377,NaN,NaN,NaN,NaN,0.078102,-3.933472,4.080158,6.469577,-1.462797,-2.485732,-9.961018,-9.911224,-9.888969
45.894878,NaN,NaN,NaN,NaN,0.078243,-3.933528,4.080115,6.473148,-1.458761,-2.482308,-9.960907,-9.911301,-9.888947
45.903902,NaN,NaN,NaN,NaN,0.078382,-3.933582,4.080073,6.476719,-1.454731,-2.478881,-9.960804,-9.911381,-9.888924
45.915717,NaN,NaN,NaN,NaN,0.078519,-3.933722,4.079993,6.480290,-1.442685,-2.472022,-9.960678,-9.911613,-9.888878
45.934967,NaN,NaN,NaN,NaN,0.078924,-3.933776,4.079899,6.491010,-1.438666,-2.465153,-9.960335,-9.911709,-9.888805
45.943316,NaN,NaN,NaN,NaN,0.079060,-3.933827,4.079854,6.494587,-1.434653,-2.461716,-9.960228,-9.911800,-9.888771
45.955148,NaN,NaN,NaN,NaN,0.079326,-3.933919,4.079811,6.501743,-1.426650,-2.458277,-9.960033,-9.911980,-9.888737
45.964797,NaN,NaN,NaN,NaN,0.079456,-3.933966,4.079705,6.505343,-1.422645,-2.451413,-9.959919,-9.912067,-9.888634
45.974724,NaN,NaN,NaN,NaN,0.079584,-3.934009,4.079654,6.508944,-1.418647,-2.447979,-9.959812,-9.912159,-9.888584
45.984759,NaN,NaN,NaN,NaN,0.079710,-3.934049,4.079603,6.512544,-1.414656,-2.444542,-9.959709,-9.912247,-9.888538
45.995014,NaN,NaN,NaN,NaN,0.079834,-3.934085,4.079544,6.516144,-1.410672,-2.441102,-9.959610,-9.912334,-9.888462
46.004280,NaN,NaN,NaN,NaN,0.080074,-3.934150,4.079430,6.523386,-1.402715,-2.434214,-9.959435,-9.912491,-9.888317
46.015756,NaN,NaN,NaN,NaN,0.080191,-3.934202,4.079376,6.527007,-1.394784,-2.430766,-9.959351,-9.912659,-9.888252
46.034889,NaN,NaN,NaN,NaN,0.080409,-3.934205,4.079235,6.534271,-1.390830,-2.423874,-9.959217,-9.912739,-9.888035
46.043668,NaN,NaN,NaN,NaN,0.080607,-3.934203,4.079100,6.541559,-1.382940,-2.416971,-9.959118,-9.912899,-9.887833
46.054964,NaN,NaN,NaN,NaN,0.080705,-3.934198,4.079014,6.545201,-1.379005,-2.413518,-9.959072,-9.912975,-9.887695
46.064613,NaN,NaN,NaN,NaN,0.080800,-3.934168,4.078929,6.548872,-1.375074,-2.410062,-9.959053,-9.913048,-9.887562
46.074827,NaN,NaN,NaN,NaN,0.080893,-3.934137,4.078846,6.552540,-1.371150,-2.406604,-9.959042,-9.913139,-9.887432
46.084764,NaN,NaN,NaN,NaN,0.081075,-3.934103,4.078673,6.559875,-1.367232,-2.399662,-9.959042,-9.913227,-9.887142
46.095242,NaN,NaN,NaN,NaN,0.081157,-3.934018,4.078581,6.563563,-1.359417,-2.396177,-9.959072,-9.913391,-9.886986
46.103550,NaN,NaN,NaN,NaN,0.081238,-3.933966,4.078492,6.567251,-1.355521,-2.392691,-9.959106,-9.913467,-9.886837
46.116549,NaN,NaN,NaN,NaN,0.081394,-3.933858,4.078305,6.574622,-1.347747,-2.385699,-9.959183,-9.913616,-9.886524
46.134914,NaN,NaN,NaN,NaN,0.081512,-3.933707,4.078111,6.582040,-1.339994,-2.378685,-9.959301,-9.913757,-9.886204
46.143466,NaN,NaN,NaN,NaN,0.081568,-3.933630,4.078017,6.585747,-1.336127,-2.375175,-9.959366,-9.913822,-9.886044
46.155013,NaN,NaN,NaN,NaN,0.081665,-3.933464,4.077905,6.593182,-1.328409,-2.371658,-9.959499,-9.913940,-9.885868
46.164236,NaN,NaN,NaN,NaN,0.081706,-3.933375,4.077686,6.596909,-1.324557,-2.364620,-9.959579,-9.913990,-9.885532
46.174749,NaN,NaN,NaN,NaN,0.081745,-3.933285,4.077579,6.600635,-1.320712,-2.361098,-9.959660,-9.914036,-9.885376
46.184007,NaN,NaN,NaN,NaN,0.081783,-3.933193,4.077474,6.604360,-1.316873,-2.357574,-9.959740,-9.914085,-9.885223
46.194741,NaN,NaN,NaN,NaN,0.081820,-3.933101,4.077347,6.608082,-1.313039,-2.354041,-9.959820,-9.914139,-9.885044
46.203371,NaN,NaN,NaN,NaN,0.081883,-3.932896,4.077096,6.615552,-1.305389,-2.346969,-9.960011,-9.914230,-9.884743
46.217467,NaN,NaN,NaN,NaN,0.081913,-3.932687,4.076972,6.619284,-1.297762,-2.343430,-9.960106,-9.914318,-9.884602
46.234806,NaN,NaN,NaN,NaN,0.081957,-3.932572,4.076687,6.626759,-1.293954,-2.336303,-9.960312,-9.914337,-9.884274
46.243398,NaN,NaN,NaN,NaN,0.081984,-3.932456,4.076409,6.634241,-1.290152,-2.329169,-9.960537,-9.914356,-9.883968
46.254953,NaN,NaN,NaN,NaN,0.081996,-3.932222,4.076258,6.637979,-1.282561,-2.325581,-9.960648,-9.914417,-9.883797
46.264961,NaN,NaN,NaN,NaN,0.081977,-3.932085,4.076108,6.641724,-1.278766,-2.321993,-9.960770,-9.914421,-9.883629
46.274960,NaN,NaN,NaN,NaN,0.081957,-3.931948,4.075959,6.645467,-1.274976,-2.318402,-9.960876,-9.914425,-9.883472
46.285595,NaN,NaN,NaN,NaN,0.081915,-3.931672,4.075644,6.652948,-1.267412,-2.311192,-9.961090,-9.914436,-9.883148
46.295007,NaN,NaN,NaN,NaN,0.081858,-3.931505,4.075479,6.656689,-1.263632,-2.307572,-9.961201,-9.914417,-9.882980
46.304909,NaN,NaN,NaN,NaN,0.081802,-3.931339,4.075315,6.660429,-1.259856,-2.303950,-9.961311,-9.914406,-9.882824
46.318010,NaN,NaN,NaN,NaN,0.081691,-3.931173,4.074984,6.667903,-1.256086,-2.296683,-9.961529,-9.914387,-9.882484
46.324847,NaN,NaN,NaN,NaN,0.081591,-3.930831,4.074816,6.671643,-1.248553,-2.293038,-9.961639,-9.914337,-9.882305
46.336435,NaN,NaN,NaN,NaN,0.081492,-3.930478,4.074649,6.675382,-1.241032,-2.289393,-9.961746,-9.914276,-9.882133
46.356337,NaN,NaN,NaN,NaN,0.081298,-3.929906,4.074143,6.682853,-1.229767,-2.278402,-9.961956,-9.914196,-9.881603
46.375444,NaN,NaN,NaN,NaN,0.080925,-3.929709,4.073812,6.694022,-1.226018,-2.271055,-9.962284,-9.914177,-9.881264
46.383962,NaN,NaN,NaN,NaN,0.080804,-3.929513,4.073648,6.697742,-1.222274,-2.267349,-9.962395,-9.914162,-9.881065
46.394906,NaN,NaN,NaN,NaN,0.080644,-3.929297,4.073487,6.701445,-1.218534,-2.263643,-9.962505,-9.914143,-9.880878
46.403488,NaN,NaN,NaN,NaN,0.080331,-3.928867,4.073167,6.708847,-1.211069,-2.256232,-9.962730,-9.914108,-9.880520
46.416967,NaN,NaN,NaN,NaN,0.080178,-3.928654,4.073029,6.712546,-1.207343,-2.252494,-9.962841,-9.914093,-9.880337
46.424149,NaN,NaN,NaN,NaN,0.079987,-3.928409,4.072894,6.716233,-1.203616,-2.248755,-9.962952,-9.914082,-9.880161
46.435704,NaN,NaN,NaN,NaN,0.079798,-3.928167,4.072628,6.719918,-1.199893,-2.241280,-9.963062,-9.914078,-9.879837
46.443472,NaN,NaN,NaN,NaN,0.079430,-3.927683,4.072498,6.727283,-1.192464,-2.237543,-9.963268,-9.914070,-9.879684
46.455205,NaN,NaN,NaN,NaN,0.079249,-3.927444,4.072383,6.730964,-1.188757,-2.233785,-9.963364,-9.914066,-9.879517
46.464199,NaN,NaN,NaN,NaN,0.079041,-3.927181,4.072270,6.734635,-1.185052,-2.230029,-9.963459,-9.914070,-9.879360
46.475751,NaN,NaN,NaN,NaN,0.078835,-3.926919,4.072045,6.738305,-1.181352,-2.222520,-9.963558,-9.914078,-9.879059
46.485702,NaN,NaN,NaN,NaN,0.078431,-3.926402,4.071947,6.745641,-1.173969,-2.218745,-9.963745,-9.914101,-9.878887
46.494990,NaN,NaN,NaN,NaN,0.078203,-3.926117,4.071850,6.749290,-1.170276,-2.214972,-9.963833,-9.914131,-9.878719
46.503808,NaN,NaN,NaN,NaN,0.077977,-3.925835,4.071755,6.752938,-1.166589,-2.211201,-9.963921,-9.914162,-9.878555
46.514923,NaN,NaN,NaN,NaN,0.077538,-3.925276,4.071661,6.760231,-1.159233,-2.207430,-9.964104,-9.914230,-9.878399
46.523323,NaN,NaN,NaN,NaN,0.077310,-3.924987,4.071512,6.763858,-1.155554,-2.199854,-9.964199,-9.914276,-9.878048
46.535397,NaN,NaN,NaN,NaN,0.077084,-3.924700,4.071439,6.767485,-1.151882,-2.196068,-9.964291,-9.914326,-9.877884
46.544263,NaN,NaN,NaN,NaN,0.076863,-3.924415,4.071365,6.771111,-1.148214,-2.192284,-9.964386,-9.914375,-9.877728
46.555911,NaN,NaN,NaN,NaN,0.076645,-3.923846,4.071297,6.774736,-1.140887,-2.188485,-9.964478,-9.914509,-9.877544
46.564887,NaN,NaN,NaN,NaN,0.076205,-3.923563,4.071165,6.781960,-1.137226,-2.180890,-9.964653,-9.914585,-9.877213
46.576511,NaN,NaN,NaN,NaN,0.075991,-3.923281,4.071101,6.785570,-1.133572,-2.177095,-9.964737,-9.914661,-9.877056
46.585189,NaN,NaN,NaN,NaN,0.075780,-3.923002,4.071052,6.789180,-1.129923,-2.173292,-9.964821,-9.914738,-9.876873
46.594846,NaN,NaN,NaN,NaN,0.075566,-3.922722,4.071004,6.792780,-1.126251,-2.169492,-9.964893,-9.914829,-9.876698
46.604479,NaN,NaN,NaN,NaN,0.075151,-3.922169,4.070913,6.799982,-1.118926,-2.161894,-9.965031,-9.915028,-9.876373
46.615100,NaN,NaN,NaN,NaN,0.074948,-3.921896,4.070885,6.803581,-1.115272,-2.158088,-9.965099,-9.915127,-9.876179
46.625355,NaN,NaN,NaN,NaN,0.074749,-3.921628,4.070860,6.807173,-1.111584,-2.154284,-9.965164,-9.915253,-9.876003
46.634799,NaN,NaN,NaN,NaN,0.074364,-3.921363,4.070835,6.814356,-1.107902,-2.150481,-9.965267,-9.915375,-9.875832
46.643563,NaN,NaN,NaN,NaN,0.074176,-3.920840,4.070796,6.817947,-1.100554,-2.142870,-9.965321,-9.915619,-9.875473
46.655097,NaN,NaN,NaN,NaN,0.073990,-3.920605,4.070781,6.821527,-1.096859,-2.139061,-9.965374,-9.915760,-9.875286
46.663742,NaN,NaN,NaN,NaN,0.073807,-3.920372,4.070769,6.825107,-1.093170,-2.135254,-9.965427,-9.915901,-9.875107
46.675824,NaN,NaN,NaN,NaN,0.073628,-3.919695,4.070745,6.828687,-1.082112,-2.127638,-9.965481,-9.916309,-9.874714
46.694942,NaN,NaN,NaN,NaN,0.073108,-3.919477,4.070724,6.839400,-1.078422,-2.120022,-9.965633,-9.916443,-9.874294
46.703359,NaN,NaN,NaN,NaN,0.072941,-3.919262,4.070716,6.842967,-1.074738,-2.116215,-9.965683,-9.916580,-9.874096
46.716324,NaN,NaN,NaN,NaN,0.072616,-3.918837,4.070709,6.850101,-1.067384,-2.112410,-9.965782,-9.916843,-9.873909
46.725077,NaN,NaN,NaN,NaN,0.072447,-3.918641,4.070714,6.853658,-1.063701,-2.104796,-9.965832,-9.917004,-9.873470
46.734796,NaN,NaN,NaN,NaN,0.072281,-3.918448,4.070719,6.857214,-1.060023,-2.100991,-9.965878,-9.917160,-9.873264
46.744253,NaN,NaN,NaN,NaN,0.072120,-3.918256,4.070724,6.860771,-1.056350,-2.097187,-9.965927,-9.917316,-9.873074
46.755182,NaN,NaN,NaN,NaN,0.071962,-3.918066,4.070740,6.864328,-1.052683,-2.093369,-9.965965,-9.917469,-9.872856
46.763469,NaN,NaN,NaN,NaN,0.071613,-3.917709,4.070775,6.871409,-1.045309,-2.085738,-9.966019,-9.917793,-9.872448
46.775535,NaN,NaN,NaN,NaN,0.071444,-3.917533,4.070794,6.874951,-1.041631,-2.081924,-9.966045,-9.917950,-9.872257
46.784380,NaN,NaN,NaN,NaN,0.071279,-3.917359,4.070816,6.878493,-1.037958,-2.078101,-9.966072,-9.918106,-9.872051
46.794732,NaN,NaN,NaN,NaN,0.071111,-3.917184,4.070839,6.882043,-1.034279,-2.074279,-9.966099,-9.918270,-9.871853
46.803548,NaN,NaN,NaN,NaN,0.070786,-3.916839,4.070887,6.889145,-1.026935,-2.066640,-9.966164,-9.918591,-9.871487
46.814865,NaN,NaN,NaN,NaN,0.070629,-3.916670,4.070895,6.892697,-1.023270,-2.062814,-9.966202,-9.918747,-9.871288
46.823686,NaN,NaN,NaN,NaN,0.070463,-3.916501,4.070903,6.896257,-1.019595,-2.058990,-9.966244,-9.918896,-9.871098
46.835748,NaN,NaN,NaN,NaN,0.070300,-3.916335,4.070923,6.899818,-1.015924,-2.051347,-9.966286,-9.919041,-9.870747
46.843588,NaN,NaN,NaN,NaN,0.069984,-3.916007,4.070916,6.906940,-1.008597,-2.047514,-9.966366,-9.919319,-9.870556
46.855196,NaN,NaN,NaN,NaN,0.069830,-3.915853,4.070910,6.910506,-1.004924,-2.043682,-9.966412,-9.919445,-9.870377
46.863942,NaN,NaN,NaN,NaN,0.069680,-3.915698,4.070906,6.914073,-1.001256,-2.039852,-9.966461,-9.919567,-9.870205
46.875811,NaN,NaN,NaN,NaN,0.069389,-3.915243,4.070881,6.921206,-0.990253,-2.032172,-9.966549,-9.919910,-9.869854
46.894886,NaN,NaN,NaN,NaN,0.069147,-3.915093,4.070838,6.928374,-0.986579,-2.024475,-9.966648,-9.920017,-9.869507
46.903587,NaN,NaN,NaN,NaN,0.069029,-3.914945,4.070819,6.931958,-0.982910,-2.020630,-9.966698,-9.920120,-9.869350
46.914886,NaN,NaN,NaN,NaN,0.068915,-3.914651,4.070778,6.935542,-0.975554,-2.016768,-9.966743,-9.920311,-9.869167
46.924366,NaN,NaN,NaN,NaN,0.068738,-3.914505,4.070702,6.942679,-0.971868,-2.009052,-9.966835,-9.920406,-9.868835
46.935030,NaN,NaN,NaN,NaN,0.068653,-3.914361,4.070666,6.946249,-0.968186,-2.005198,-9.966885,-9.920498,-9.868683
46.945875,NaN,NaN,NaN,NaN,0.068570,-3.914219,4.070618,6.949818,-0.964509,-2.001318,-9.966934,-9.920586,-9.868504
46.956383,NaN,NaN,NaN,NaN,0.068514,-3.914077,4.070573,6.953373,-0.960804,-1.997442,-9.966976,-9.920666,-9.868340
46.966855,NaN,NaN,NaN,NaN,0.068408,-3.913797,4.070485,6.960485,-0.953407,-1.989695,-9.967056,-9.920837,-9.868031
46.976992,NaN,NaN,NaN,NaN,0.068358,-3.913659,4.070444,6.964043,-0.949715,-1.985825,-9.967094,-9.920925,-9.867893
46.984954,NaN,NaN,NaN,NaN,0.068310,-3.913522,4.070395,6.967600,-0.946028,-1.981924,-9.967133,-9.921013,-9.867748
46.995296,NaN,NaN,NaN,NaN,0.068295,-3.913384,4.070349,6.971137,-0.942316,-1.978026,-9.967175,-9.921082,-9.867615
47.004087,NaN,NaN,NaN,NaN,0.068270,-3.913113,4.070261,6.978212,-0.934907,-1.970238,-9.967258,-9.921223,-9.867367
47.016398,NaN,NaN,NaN,NaN,0.068260,-3.912979,4.070208,6.981751,-0.931210,-1.966300,-9.967297,-9.921291,-9.867249
47.025171,NaN,NaN,NaN,NaN,0.068282,-3.912855,4.070156,6.985279,-0.927485,-1.962366,-9.967323,-9.921337,-9.867138
47.035627,NaN,NaN,NaN,NaN,0.068306,-3.912612,4.070055,6.988808,-0.920050,-1.954508,-9.967350,-9.921429,-9.866955
47.055595,NaN,NaN,NaN,NaN,0.068411,-3.912381,4.069959,6.999387,-0.912608,-1.946561,-9.967392,-9.921494,-9.866802
47.063457,NaN,NaN,NaN,NaN,0.068468,-3.912270,4.069914,7.002906,-0.908880,-1.942593,-9.967392,-9.921513,-9.866734
47.076376,NaN,NaN,NaN,NaN,0.068584,-3.911959,4.069828,7.009949,-0.897714,-1.934638,-9.967396,-9.921551,-9.866615
47.094726,NaN,NaN,NaN,NaN,0.068754,-3.911868,4.069747,7.016963,-0.893993,-1.926669,-9.967373,-9.921551,-9.866516
47.103586,NaN,NaN,NaN,NaN,0.068839,-3.911779,4.069709,7.020473,-0.890277,-1.922690,-9.967361,-9.921547,-9.866489
47.114911,NaN,NaN,NaN,NaN,0.068923,-3.911622,4.069661,7.023983,-0.882846,-1.918690,-9.967365,-9.921516,-9.866459
47.123961,NaN,NaN,NaN,NaN,0.069123,-3.911554,4.069569,7.031011,-0.879132,-1.910703,-9.967331,-9.921490,-9.866417
47.136680,NaN,NaN,NaN,NaN,0.069222,-3.911420,4.069526,7.034526,-0.871719,-1.906715,-9.967319,-9.921440,-9.866405
47.154990,NaN,NaN,NaN,NaN,0.069425,-3.911358,4.069447,7.041570,-0.868003,-1.898706,-9.967270,-9.921368,-9.866390
47.163393,NaN,NaN,NaN,NaN,0.069629,-3.911236,4.069377,7.048627,-0.860587,-1.890714,-9.967216,-9.921227,-9.866371
47.175068,NaN,NaN,NaN,NaN,0.069731,-3.911177,4.069350,7.052156,-0.856886,-1.886711,-9.967194,-9.921158,-9.866364
47.183845,NaN,NaN,NaN,NaN,0.069844,-3.911131,4.069323,7.055693,-0.853162,-1.882712,-9.967159,-9.921055,-9.866364
47.194726,NaN,NaN,NaN,NaN,0.069956,-3.911087,4.069299,7.059229,-0.849443,-1.878718,-9.967125,-9.920956,-9.866364
47.203585,NaN,NaN,NaN,NaN,0.070178,-3.910999,4.069275,7.066305,-0.842020,-1.870728,-9.967056,-9.920769,-9.866383
47.214964,NaN,NaN,NaN,NaN,0.070301,-3.910963,4.069276,7.069850,-0.838294,-1.866732,-9.967014,-9.920635,-9.866398
47.224157,NaN,NaN,NaN,NaN,0.070423,-3.910928,4.069279,7.073397,-0.834573,-1.862740,-9.966972,-9.920506,-9.866421
47.235652,NaN,NaN,NaN,NaN,0.070545,-3.910893,4.069287,7.076943,-0.830856,-1.854771,-9.966942,-9.920380,-9.866478
47.243916,NaN,NaN,NaN,NaN,0.070784,-3.910825,4.069323,7.084038,-0.823438,-1.850778,-9.966885,-9.920139,-9.866512
47.255018,NaN,NaN,NaN,NaN,0.070914,-3.910801,4.069360,7.087587,-0.819721,-1.846789,-9.966854,-9.919987,-9.866550
47.263584,NaN,NaN,NaN,NaN,0.071043,-3.910778,4.069398,7.091136,-0.816010,-1.842806,-9.966824,-9.919834,-9.866592
47.274801,NaN,NaN,NaN,NaN,0.071298,-3.910732,4.069437,7.098235,-0.808601,-1.838827,-9.966766,-9.919559,-9.866642
47.284057,NaN,NaN,NaN,NaN,0.071440,-3.910716,4.069608,7.101784,-0.804889,-1.830811,-9.966766,-9.919392,-9.866749
47.294751,NaN,NaN,NaN,NaN,0.071580,-3.910700,4.069694,7.105334,-0.801182,-1.826811,-9.966766,-9.919228,-9.866806
47.303640,NaN,NaN,NaN,NaN,0.071719,-3.910685,4.069780,7.108884,-0.797479,-1.822816,-9.966766,-9.919067,-9.866867
47.314759,NaN,NaN,NaN,NaN,0.071857,-3.910670,4.069894,7.112434,-0.793781,-1.818798,-9.966766,-9.918915,-9.866936
47.323551,NaN,NaN,NaN,NaN,0.072150,-3.910640,4.070122,7.119533,-0.786384,-1.810781,-9.966774,-9.918587,-9.867085
47.335185,NaN,NaN,NaN,NaN,0.072293,-3.910611,4.070237,7.123083,-0.779003,-1.806780,-9.966774,-9.918282,-9.867161
47.357115,NaN,NaN,NaN,NaN,0.072585,-3.910620,4.070639,7.130183,-0.775325,-1.794760,-9.966747,-9.918125,-9.867439
47.364001,NaN,NaN,NaN,NaN,0.072880,-3.910638,4.070772,7.137284,-0.767980,-1.790765,-9.966690,-9.917828,-9.867538
47.375182,NaN,NaN,NaN,NaN,0.073025,-3.910647,4.070934,7.140835,-0.764314,-1.786777,-9.966663,-9.917686,-9.867638
47.384950,NaN,NaN,NaN,NaN,0.073185,-3.910661,4.071094,7.144380,-0.760659,-1.782795,-9.966625,-9.917545,-9.867737
47.394825,NaN,NaN,NaN,NaN,0.073342,-3.910675,4.071254,7.147926,-0.757009,-1.778819,-9.966591,-9.917419,-9.867840
47.405380,NaN,NaN,NaN,NaN,0.073649,-3.910702,4.071588,7.155018,-0.749720,-1.770880,-9.966537,-9.917175,-9.868034
47.414883,NaN,NaN,NaN,NaN,0.073821,-3.910724,4.071761,7.158563,-0.746099,-1.766917,-9.966503,-9.917057,-9.868130
47.424467,NaN,NaN,NaN,NaN,0.073991,-3.910746,4.071934,7.162109,-0.742483,-1.762960,-9.966473,-9.916946,-9.868229
47.435636,NaN,NaN,NaN,NaN,0.074324,-3.910807,4.072285,7.169202,-0.731653,-1.755064,-9.966412,-9.916630,-9.868412
47.454701,NaN,NaN,NaN,NaN,0.074677,-3.910825,4.072642,7.176294,-0.728048,-1.747193,-9.966331,-9.916527,-9.868587
47.463343,NaN,NaN,NaN,NaN,0.074848,-3.910843,4.072819,7.179841,-0.724446,-1.743264,-9.966293,-9.916431,-9.868679
47.475911,NaN,NaN,NaN,NaN,0.075204,-3.910872,4.073009,7.186929,-0.717261,-1.739344,-9.966232,-9.916245,-9.868755
47.483855,NaN,NaN,NaN,NaN,0.075389,-3.910882,4.073386,7.190469,-0.713678,-1.731518,-9.966194,-9.916157,-9.868919
47.494655,NaN,NaN,NaN,NaN,0.075570,-3.910892,4.073574,7.194011,-0.710097,-1.727614,-9.966160,-9.916073,-9.869003
47.504349,NaN,NaN,NaN,NaN,0.075749,-3.910903,4.073761,7.197553,-0.706520,-1.723714,-9.966125,-9.915993,-9.869091
47.515609,NaN,NaN,NaN,NaN,0.075926,-3.910913,4.073966,7.201097,-0.702945,-1.719818,-9.966095,-9.915913,-9.869171
47.523669,NaN,NaN,NaN,NaN,0.076300,-3.910926,4.074371,7.208149,-0.695820,-1.712041,-9.966019,-9.915752,-9.869324
47.536111,NaN,NaN,NaN,NaN,0.076483,-3.910933,4.074572,7.211678,-0.692263,-1.708160,-9.965981,-9.915676,-9.869400
47.543809,NaN,NaN,NaN,NaN,0.076662,-3.910939,4.074789,7.215208,-0.688707,-1.704270,-9.965946,-9.915604,-9.869480
47.554668,NaN,NaN,NaN,NaN,0.076836,-3.910938,4.075004,7.218720,-0.685175,-1.700386,-9.965908,-9.915524,-9.869560
47.563372,NaN,NaN,NaN,NaN,0.077177,-3.910934,4.075429,7.225748,-0.678118,-1.692631,-9.965836,-9.915375,-9.869724
47.575381,NaN,NaN,NaN,NaN,0.077343,-3.910932,4.075644,7.229263,-0.674593,-1.688749,-9.965805,-9.915310,-9.869804
47.584095,NaN,NaN,NaN,NaN,0.077492,-3.910921,4.075857,7.232774,-0.671087,-1.684872,-9.965763,-9.915241,-9.869865
47.594649,NaN,NaN,NaN,NaN,0.077639,-3.910909,4.076068,7.236287,-0.667584,-1.681001,-9.965725,-9.915173,-9.869930
47.604164,NaN,NaN,NaN,NaN,0.077924,-3.910885,4.076478,7.243316,-0.660583,-1.673275,-9.965649,-9.915047,-9.870060
47.615269,NaN,NaN,NaN,NaN,0.078045,-3.910873,4.076676,7.246819,-0.657102,-1.669420,-9.965622,-9.914982,-9.870129
47.623549,NaN,NaN,NaN,NaN,0.078165,-3.910861,4.076873,7.250325,-0.653624,-1.665571,-9.965595,-9.914921,-9.870197
47.635948,NaN,NaN,NaN,NaN,0.078396,-3.910831,4.077265,7.257340,-0.643211,-1.657879,-9.965549,-9.914803,-9.870342
47.654843,NaN,NaN,NaN,NaN,0.078583,-3.910827,4.077653,7.264352,-0.639750,-1.650200,-9.965508,-9.914761,-9.870502
47.663573,NaN,NaN,NaN,NaN,0.078674,-3.910822,4.077844,7.267860,-0.636290,-1.646367,-9.965488,-9.914726,-9.870583
47.674901,NaN,NaN,NaN,NaN,0.078762,-3.910816,4.078037,7.271369,-0.629377,-1.642530,-9.965469,-9.914658,-9.870674
47.683866,NaN,NaN,NaN,NaN,0.078916,-3.910815,4.078417,7.278378,-0.625922,-1.634871,-9.965450,-9.914635,-9.870853
47.695496,NaN,NaN,NaN,NaN,0.078990,-3.910814,4.078605,7.281886,-0.622470,-1.631049,-9.965443,-9.914619,-9.870949
47.703877,NaN,NaN,NaN,NaN,0.079062,-3.910812,4.078796,7.285394,-0.619021,-1.627219,-9.965435,-9.914604,-9.871063
47.714881,NaN,NaN,NaN,NaN,0.079125,-3.910815,4.078984,7.288894,-0.615588,-1.623394,-9.965458,-9.914593,-9.871181
47.723937,NaN,NaN,NaN,NaN,0.079246,-3.910822,4.079356,7.295898,-0.608729,-1.615760,-9.965504,-9.914577,-9.871418
47.737080,NaN,NaN,NaN,NaN,0.079304,-3.910837,4.079541,7.299403,-0.601897,-1.611951,-9.965530,-9.914570,-9.871536
47.755184,NaN,NaN,NaN,NaN,0.079385,-3.910848,4.079904,7.306408,-0.598492,-1.604347,-9.965595,-9.914570,-9.871780
47.764519,NaN,NaN,NaN,NaN,0.079462,-3.910868,4.080258,7.313419,-0.591690,-1.596763,-9.965664,-9.914574,-9.872051
47.776232,NaN,NaN,NaN,NaN,0.079498,-3.910876,4.080437,7.316927,-0.588292,-1.592973,-9.965698,-9.914577,-9.872181
47.784414,NaN,NaN,NaN,NaN,0.079531,-3.910906,4.080614,7.320415,-0.584915,-1.589187,-9.965744,-9.914570,-9.872314
47.795751,NaN,NaN,NaN,NaN,0.079562,-3.910934,4.080789,7.323904,-0.581540,-1.585405,-9.965794,-9.914566,-9.872444
47.804819,NaN,NaN,NaN,NaN,0.079592,-3.910987,4.080961,7.327395,-0.574794,-1.581628,-9.965839,-9.914562,-9.872578
47.815877,NaN,NaN,NaN,NaN,0.079638,-3.911035,4.081322,7.334359,-0.571438,-1.574095,-9.965954,-9.914551,-9.872833
47.823670,NaN,NaN,NaN,NaN,0.079655,-3.911082,4.081500,7.337833,-0.568084,-1.570335,-9.966019,-9.914539,-9.872944
47.834945,NaN,NaN,NaN,NaN,0.079686,-3.911171,4.081676,7.344786,-0.561377,-1.566578,-9.966110,-9.914524,-9.873055
47.844075,NaN,NaN,NaN,NaN,0.079697,-3.911232,4.082015,7.348242,-0.558040,-1.559084,-9.966171,-9.914505,-9.873264
47.854731,NaN,NaN,NaN,NaN,0.079707,-3.911292,4.082182,7.351700,-0.554703,-1.555344,-9.966232,-9.914490,-9.873371
47.863918,NaN,NaN,NaN,NaN,0.079716,-3.911350,4.082346,7.355160,-0.551367,-1.551607,-9.966290,-9.914478,-9.873478
47.875091,NaN,NaN,NaN,NaN,0.079725,-3.911485,4.082500,7.358622,-0.544708,-1.547870,-9.966351,-9.914452,-9.873581
47.884136,NaN,NaN,NaN,NaN,0.079733,-3.911561,4.082805,7.362074,-0.541385,-1.540408,-9.966415,-9.914444,-9.873760
47.895822,NaN,NaN,NaN,NaN,0.079748,-3.911709,4.082955,7.368984,-0.534737,-1.536684,-9.966541,-9.914429,-9.873852
47.914763,NaN,NaN,NaN,NaN,0.079756,-3.911799,4.083271,7.375904,-0.531402,-1.529247,-9.966663,-9.914433,-9.874027
47.924314,NaN,NaN,NaN,NaN,0.079757,-3.911972,4.083426,7.382833,-0.524731,-1.525535,-9.966778,-9.914463,-9.874119
47.936483,NaN,NaN,NaN,NaN,0.079757,-3.912056,4.083742,7.386300,-0.521396,-1.518121,-9.966839,-9.914486,-9.874294
47.945310,NaN,NaN,NaN,NaN,0.079759,-3.912150,4.083901,7.389783,-0.518050,-1.514421,-9.966892,-9.914524,-9.874382
47.954706,NaN,NaN,NaN,NaN,0.079761,-3.912332,4.084059,7.393268,-0.511357,-1.510726,-9.966927,-9.914608,-9.874466
47.964217,NaN,NaN,NaN,NaN,0.079764,-3.912420,4.084216,7.400243,-0.508010,-1.507034,-9.966999,-9.914650,-9.874554
47.975328,NaN,NaN,NaN,NaN,0.079766,-3.912529,4.084523,7.403753,-0.504636,-1.499651,-9.967026,-9.914700,-9.874741
47.983758,NaN,NaN,NaN,NaN,0.079768,-3.912635,4.084675,7.407264,-0.501261,-1.495966,-9.967052,-9.914749,-9.874836
47.995642,NaN,NaN,NaN,NaN,0.079771,-3.912738,4.084824,7.410776,-0.497886,-1.492284,-9.967079,-9.914810,-9.874931
48.005751,NaN,NaN,NaN,NaN,0.079773,-3.912942,4.085133,7.414289,-0.491120,-1.484940,-9.967106,-9.914940,-9.875099
48.014751,NaN,NaN,NaN,NaN,0.079779,-3.913042,4.085285,7.421354,-0.487729,-1.481273,-9.967144,-9.915005,-9.875183
48.023676,NaN,NaN,NaN,NaN,0.079780,-3.913140,4.085436,7.424888,-0.484338,-1.477610,-9.967159,-9.915070,-9.875267
48.034780,NaN,NaN,NaN,NaN,0.079782,-3.913328,4.085586,7.428422,-0.477555,-1.473952,-9.967178,-9.915203,-9.875351
48.044191,NaN,NaN,NaN,NaN,0.079783,-3.913416,4.085905,7.431958,-0.474164,-1.466659,-9.967197,-9.915291,-9.875488
48.054690,NaN,NaN,NaN,NaN,0.079790,-3.913502,4.086062,7.439065,-0.470773,-1.463017,-9.967205,-9.915379,-9.875561
48.063753,NaN,NaN,NaN,NaN,0.079793,-3.913586,4.086219,7.442620,-0.467381,-1.459380,-9.967209,-9.915462,-9.875641
48.074832,NaN,NaN,NaN,NaN,0.079796,-3.913668,4.086385,7.446175,-0.463989,-1.455749,-9.967216,-9.915550,-9.875706
48.084047,NaN,NaN,NaN,NaN,0.079802,-3.913818,4.086711,7.449740,-0.457204,-1.448498,-9.967216,-9.915737,-9.875835
48.095530,NaN,NaN,NaN,NaN,0.079813,-3.913891,4.086874,7.456874,-0.453810,-1.444878,-9.967209,-9.915833,-9.875904
48.104337,NaN,NaN,NaN,NaN,0.079819,-3.913961,4.087043,7.460442,-0.450415,-1.441272,-9.967209,-9.915924,-9.875950
48.114783,NaN,NaN,NaN,NaN,0.079834,-3.914025,4.087211,7.464027,-0.447028,-1.437669,-9.967201,-9.916042,-9.875996
48.123792,NaN,NaN,NaN,NaN,0.079862,-3.914088,4.087378,7.471198,-0.443639,-1.434069,-9.967178,-9.916164,-9.876060
48.134999,NaN,NaN,NaN,NaN,0.079875,-3.914206,4.087716,7.474783,-0.436858,-1.426866,-9.967163,-9.916397,-9.876163
48.145222,NaN,NaN,NaN,NaN,0.079896,-3.914264,4.087887,7.478378,-0.433481,-1.423264,-9.967163,-9.916515,-9.876202
48.156729,NaN,NaN,NaN,NaN,0.079916,-3.914321,4.088056,7.481973,-0.430103,-1.419666,-9.967163,-9.916630,-9.876244
48.164544,NaN,NaN,NaN,NaN,0.079955,-3.914429,4.088388,7.489164,-0.423343,-1.412459,-9.967167,-9.916840,-9.876312
48.175302,NaN,NaN,NaN,NaN,0.079998,-3.914484,4.088552,7.492778,-0.419969,-1.408851,-9.967171,-9.916916,-9.876339
48.184241,NaN,NaN,NaN,NaN,0.080040,-3.914536,4.088715,7.496392,-0.416594,-1.405247,-9.967178,-9.916996,-9.876358
48.196669,NaN,NaN,NaN,NaN,0.080121,-3.914672,4.088877,7.503619,-0.406467,-1.401647,-9.967197,-9.917225,-9.876377
48.214785,NaN,NaN,NaN,NaN,0.080248,-3.914706,4.089377,7.510872,-0.403092,-1.390802,-9.967220,-9.917297,-9.876389
48.223675,NaN,NaN,NaN,NaN,0.080310,-3.914737,4.089540,7.514499,-0.399715,-1.387195,-9.967232,-9.917366,-9.876396
48.235170,NaN,NaN,NaN,NaN,0.080370,-3.914791,4.089690,7.518124,-0.392980,-1.383576,-9.967247,-9.917500,-9.876404
48.244239,NaN,NaN,NaN,NaN,0.080517,-3.914814,4.089985,7.525407,-0.389621,-1.376352,-9.967285,-9.917568,-9.876457
48.254595,NaN,NaN,NaN,NaN,0.080588,-3.914835,4.090131,7.529047,-0.386259,-1.372745,-9.967308,-9.917633,-9.876484
48.264362,NaN,NaN,NaN,NaN,0.080659,-3.914854,4.090261,7.532687,-0.382896,-1.369126,-9.967335,-9.917694,-9.876514
48.275133,NaN,NaN,NaN,NaN,0.080750,-3.914878,4.090390,7.536326,-0.379561,-1.365510,-9.967365,-9.917755,-9.876545
48.284449,NaN,NaN,NaN,NaN,0.080930,-3.914919,4.090519,7.543604,-0.372882,-1.361898,-9.967430,-9.917873,-9.876579
48.296117,NaN,NaN,NaN,NaN,0.081018,-3.914936,4.090773,7.547242,-0.369540,-1.354684,-9.967464,-9.917934,-9.876656
48.304637,NaN,NaN,NaN,NaN,0.081105,-3.914951,4.090881,7.550879,-0.366195,-1.351067,-9.967495,-9.917999,-9.876678
48.314689,NaN,NaN,NaN,NaN,0.081222,-3.914975,4.090989,7.554521,-0.362877,-1.347454,-9.967545,-9.918049,-9.876705
48.324121,NaN,NaN,NaN,NaN,0.081337,-3.915016,4.091202,7.558162,-0.356233,-1.340238,-9.967594,-9.918148,-9.876762
48.335144,NaN,NaN,NaN,NaN,0.081563,-3.915034,4.091289,7.565441,-0.352908,-1.336613,-9.967693,-9.918201,-9.876778
48.342881,NaN,NaN,NaN,NaN,0.081700,-3.915078,4.091375,7.569083,-0.349601,-1.332991,-9.967743,-9.918243,-9.876797
48.355173,NaN,NaN,NaN,NaN,0.081834,-3.915159,4.091461,7.572723,-0.342977,-1.329373,-9.967789,-9.918316,-9.876816
48.364678,NaN,NaN,NaN,NaN,0.081967,-3.915196,4.091610,7.576364,-0.339660,-1.322123,-9.967834,-9.918354,-9.876862
48.375376,NaN,NaN,NaN,NaN,0.082241,-3.915244,4.091674,7.583643,-0.336359,-1.318490,-9.967960,-9.918381,-9.876881
48.383655,NaN,NaN,NaN,NaN,0.082383,-3.915289,4.091737,7.587282,-0.333055,-1.314862,-9.968025,-9.918407,-9.876900
48.396202,NaN,NaN,NaN,NaN,0.082662,-3.915332,4.091845,7.594557,-0.329748,-1.307587,-9.968147,-9.918434,-9.876919
48.405410,NaN,NaN,NaN,NaN,0.082820,-3.915431,4.091889,7.598194,-0.323135,-1.303941,-9.968212,-9.918461,-9.876915
48.414717,NaN,NaN,NaN,NaN,0.082977,-3.915487,4.091933,7.601830,-0.319828,-1.300298,-9.968277,-9.918461,-9.876911
48.423678,NaN,NaN,NaN,NaN,0.083131,-3.915541,4.091976,7.605466,-0.316519,-1.296659,-9.968338,-9.918461,-9.876934
48.434876,NaN,NaN,NaN,NaN,0.083284,-3.915592,4.092019,7.609101,-0.313207,-1.293007,-9.968388,-9.918461,-9.876938
48.443569,NaN,NaN,NaN,NaN,0.083628,-3.915710,4.092105,7.616370,-0.306588,-1.285714,-9.968506,-9.918427,-9.876961
48.455416,NaN,NaN,NaN,NaN,0.083797,-3.915765,4.092147,7.620003,-0.303274,-1.282073,-9.968563,-9.918415,-9.876972
48.464243,NaN,NaN,NaN,NaN,0.083963,-3.915818,4.092189,7.623634,-0.299958,-1.278412,-9.968616,-9.918404,-9.876976
48.474881,NaN,NaN,NaN,NaN,0.084148,-3.915877,4.092231,7.627260,-0.296627,-1.274755,-9.968678,-9.918388,-9.876980
48.483995,NaN,NaN,NaN,NaN,0.084511,-3.915933,4.092273,7.634506,-0.293294,-1.271101,-9.968796,-9.918373,-9.876984
48.494850,NaN,NaN,NaN,NaN,0.084689,-3.916038,4.092353,7.638128,-0.286623,-1.263777,-9.968849,-9.918346,-9.876987
48.504291,NaN,NaN,NaN,NaN,0.084879,-3.916081,4.092391,7.641735,-0.283270,-1.260107,-9.968906,-9.918327,-9.876987
48.514739,NaN,NaN,NaN,NaN,0.085066,-3.916123,4.092428,7.645340,-0.279915,-1.256442,-9.968964,-9.918308,-9.876991
48.523290,NaN,NaN,NaN,NaN,0.085250,-3.916200,4.092509,7.648945,-0.273199,-1.249123,-9.969017,-9.918259,-9.876987
48.535261,NaN,NaN,NaN,NaN,0.085630,-3.916241,4.092551,7.656140,-0.269834,-1.245470,-9.969116,-9.918228,-9.876984
48.545158,NaN,NaN,NaN,NaN,0.085826,-3.916281,4.092592,7.659730,-0.266467,-1.241821,-9.969166,-9.918198,-9.877010
48.556801,NaN,NaN,NaN,NaN,0.086019,-3.916387,4.092673,7.663320,-0.256353,-1.234532,-9.969193,-9.918118,-9.877071
48.575115,NaN,NaN,NaN,NaN,0.086598,-3.916419,4.092758,7.674089,-0.252990,-1.227243,-9.969273,-9.918091,-9.877121
48.584473,NaN,NaN,NaN,NaN,0.086796,-3.916449,4.092798,7.677681,-0.249626,-1.223603,-9.969296,-9.918068,-9.877148
48.594875,NaN,NaN,NaN,NaN,0.086991,-3.916503,4.092838,7.681273,-0.242889,-1.219967,-9.969315,-9.918015,-9.877178
48.605978,NaN,NaN,NaN,NaN,0.087183,-3.916539,4.092891,7.684865,-0.239527,-1.212706,-9.969334,-9.917988,-9.877247
48.614674,NaN,NaN,NaN,NaN,0.087576,-3.916573,4.092917,7.692056,-0.236162,-1.209081,-9.969360,-9.917961,-9.877281
48.623904,NaN,NaN,NaN,NaN,0.087768,-3.916605,4.092941,7.695650,-0.232794,-1.205459,-9.969372,-9.917938,-9.877319
48.635038,NaN,NaN,NaN,NaN,0.087958,-3.916635,4.092950,7.699244,-0.229425,-1.201847,-9.969383,-9.917919,-9.877342
48.644274,NaN,NaN,NaN,NaN,0.088142,-3.916713,4.092965,7.702838,-0.222692,-1.194633,-9.969387,-9.917873,-9.877396
48.655815,NaN,NaN,NaN,NaN,0.088504,-3.916782,4.092972,7.710024,-0.215950,-1.191031,-9.969398,-9.917831,-9.877422
48.674874,NaN,NaN,NaN,NaN,0.088851,-3.916820,4.092981,7.717194,-0.212556,-1.183805,-9.969429,-9.917812,-9.877457
48.683525,NaN,NaN,NaN,NaN,0.089182,-3.916890,4.092985,7.724348,-0.205761,-1.180197,-9.969479,-9.917782,-9.877476
48.696208,NaN,NaN,NaN,NaN,0.089345,-3.916922,4.092999,7.727923,-0.202360,-1.172976,-9.969501,-9.917767,-9.877502
48.704290,NaN,NaN,NaN,NaN,0.089489,-3.916972,4.093009,7.731502,-0.198936,-1.169363,-9.969536,-9.917744,-9.877506
48.715352,NaN,NaN,NaN,NaN,0.089632,-3.917020,4.093017,7.735079,-0.195510,-1.165754,-9.969566,-9.917744,-9.877518
48.723941,NaN,NaN,NaN,NaN,0.089909,-3.917107,4.093026,7.742233,-0.188655,-1.162148,-9.969624,-9.917744,-9.877514
48.735041,NaN,NaN,NaN,NaN,0.090028,-3.917178,4.093075,7.745822,-0.185203,-1.154938,-9.969658,-9.917732,-9.877491
48.743493,NaN,NaN,NaN,NaN,0.090145,-3.917246,4.093099,7.749411,-0.181751,-1.151339,-9.969696,-9.917728,-9.877487
48.756106,NaN,NaN,NaN,NaN,0.090260,-3.917312,4.093122,7.752999,-0.178297,-1.147742,-9.969730,-9.917721,-9.877483
48.765501,NaN,NaN,NaN,NaN,0.090372,-3.917375,4.093187,7.756587,-0.174843,-1.140552,-9.969765,-9.917717,-9.877464
48.774931,NaN,NaN,NaN,NaN,0.090535,-3.917568,4.093219,7.763773,-0.167888,-1.136961,-9.969856,-9.917709,-9.877460
48.784075,NaN,NaN,NaN,NaN,0.090614,-3.917660,4.093249,7.767365,-0.164409,-1.133374,-9.969902,-9.917706,-9.877457
48.795781,NaN,NaN,NaN,NaN,0.090692,-3.917748,4.093279,7.770956,-0.160929,-1.129764,-9.969944,-9.917706,-9.877445
48.803778,NaN,NaN,NaN,NaN,0.090784,-3.917986,4.093338,7.778159,-0.153890,-1.122555,-9.970047,-9.917698,-9.877430
48.814742,NaN,NaN,NaN,NaN,0.090828,-3.918100,4.093367,7.781759,-0.150369,-1.118956,-9.970097,-9.917694,-9.877426
48.823386,NaN,NaN,NaN,NaN,0.090872,-3.918211,4.093395,7.785359,-0.146848,-1.115361,-9.970146,-9.917694,-9.877422
48.835409,NaN,NaN,NaN,NaN,0.090914,-3.918318,4.093418,7.788958,-0.143327,-1.111752,-9.970192,-9.917694,-9.877411
48.843800,NaN,NaN,NaN,NaN,0.090933,-3.918593,4.093463,7.792568,-0.136237,-1.104546,-9.970249,-9.917675,-9.877419
48.856147,NaN,NaN,NaN,NaN,0.090968,-3.918725,4.093485,7.799786,-0.132692,-1.100949,-9.970367,-9.917671,-9.877426
48.863807,NaN,NaN,NaN,NaN,0.090984,-3.918854,4.093500,7.803394,-0.129146,-1.097339,-9.970425,-9.917664,-9.877422
48.874936,NaN,NaN,NaN,NaN,0.090994,-3.919009,4.093515,7.807016,-0.125583,-1.093733,-9.970493,-9.917652,-9.877422
48.883555,NaN,NaN,NaN,NaN,0.091003,-3.919160,4.093529,7.810638,-0.122021,-1.090131,-9.970558,-9.917645,-9.877426
48.895033,NaN,NaN,NaN,NaN,0.091018,-3.919453,4.093555,7.817876,-0.114897,-1.082918,-9.970684,-9.917641,-9.877426
48.903638,NaN,NaN,NaN,NaN,0.091011,-3.919622,4.093566,7.821493,-0.111322,-1.079310,-9.970757,-9.917641,-9.877419
48.914792,NaN,NaN,NaN,NaN,0.091003,-3.919787,4.093576,7.825109,-0.107748,-1.075705,-9.970840,-9.917645,-9.877419
48.923427,NaN,NaN,NaN,NaN,0.090994,-3.920105,4.093620,7.828724,-0.100600,-1.068497,-9.970924,-9.917652,-9.877411
48.935651,NaN,NaN,NaN,NaN,0.090968,-3.920285,4.093653,7.835951,-0.097020,-1.064893,-9.971111,-9.917656,-9.877403
48.944348,NaN,NaN,NaN,NaN,0.090950,-3.920460,4.093686,7.839564,-0.093442,-1.061293,-9.971210,-9.917660,-9.877399
48.956871,NaN,NaN,NaN,NaN,0.090912,-3.920631,4.093719,7.846788,-0.089863,-1.057697,-9.971405,-9.917667,-9.877403
48.964890,NaN,NaN,NaN,NaN,0.090890,-3.920799,4.093790,7.850399,-0.086285,-1.050485,-9.971531,-9.917675,-9.877369
48.975040,NaN,NaN,NaN,NaN,0.090867,-3.921153,4.093825,7.854008,-0.079114,-1.046885,-9.971653,-9.917702,-9.877357
48.984093,NaN,NaN,NaN,NaN,0.090844,-3.921324,4.093859,7.857617,-0.075529,-1.043288,-9.971771,-9.917713,-9.877350
48.995242,NaN,NaN,NaN,NaN,0.090820,-3.921673,4.093891,7.861226,-0.068354,-1.039678,-9.971889,-9.917755,-9.877346
49.004930,NaN,NaN,NaN,NaN,0.090785,-3.921851,4.093923,7.868449,-0.064763,-1.036071,-9.972187,-9.917778,-9.877350
49.015386,NaN,NaN,NaN,NaN,0.090767,-3.922026,4.093986,7.872059,-0.061174,-1.028869,-9.972328,-9.917809,-9.877361
49.024280,NaN,NaN,NaN,NaN,0.090747,-3.922196,4.094025,7.875669,-0.057585,-1.025264,-9.972469,-9.917835,-9.877354
49.036288,NaN,NaN,NaN,NaN,0.090721,-3.922394,4.094064,7.879279,-0.053997,-1.021662,-9.972633,-9.917866,-9.877350
49.043388,NaN,NaN,NaN,NaN,0.090664,-3.922586,4.094138,7.886498,-0.050411,-1.014470,-9.972950,-9.917896,-9.877357
49.056076,NaN,NaN,NaN,NaN,0.090635,-3.923152,4.094164,7.890106,-0.039682,-1.010865,-9.973103,-9.917995,-9.877350
49.074761,NaN,NaN,NaN,NaN,0.090581,-3.923343,4.094212,7.897333,-0.036125,-1.003668,-9.973427,-9.918018,-9.877346
49.084246,NaN,NaN,NaN,NaN,0.090552,-3.923711,4.094258,7.900946,-0.029010,-0.996485,-9.973579,-9.918076,-9.877357
49.094967,NaN,NaN,NaN,NaN,0.090493,-3.923888,4.094272,7.908168,-0.025454,-0.992877,-9.973888,-9.918102,-9.877357
49.103955,NaN,NaN,NaN,NaN,0.090467,-3.924059,4.094285,7.911792,-0.021910,-0.989273,-9.974033,-9.918133,-9.877365
49.117041,NaN,NaN,NaN,NaN,0.090441,-3.924548,4.094312,7.915415,-0.011280,-0.982074,-9.974171,-9.918213,-9.877380
49.134961,NaN,NaN,NaN,NaN,0.090366,-3.924707,4.094330,7.926283,-0.007752,-0.974835,-9.974545,-9.918232,-9.877399
49.143274,NaN,NaN,NaN,NaN,0.090345,-3.924861,4.094338,7.929907,-0.004224,-0.971221,-9.974655,-9.918255,-9.877411
49.155087,NaN,NaN,NaN,NaN,0.090324,-3.925159,4.094346,7.933530,0.002831,-0.967611,-9.974754,-9.918297,-9.877422
49.164382,NaN,NaN,NaN,NaN,0.090302,-3.925303,4.094359,7.937153,0.006351,-0.960357,-9.974850,-9.918316,-9.877438
49.174738,NaN,NaN,NaN,NaN,0.090283,-3.925443,4.094365,7.944429,0.009871,-0.956737,-9.975006,-9.918335,-9.877453
49.183880,NaN,NaN,NaN,NaN,0.090272,-3.925579,4.094372,7.948067,0.013391,-0.953120,-9.975082,-9.918354,-9.877468
49.194878,NaN,NaN,NaN,NaN,0.090259,-3.925711,4.094381,7.951702,0.016910,-0.949488,-9.975155,-9.918385,-9.877476
49.203858,NaN,NaN,NaN,NaN,0.090255,-3.925861,4.094398,7.955343,0.020421,-0.942236,-9.975204,-9.918411,-9.877506
49.215539,NaN,NaN,NaN,NaN,0.090243,-3.926285,4.094406,7.962622,0.030952,-0.938617,-9.975281,-9.918507,-9.877525
49.234809,NaN,NaN,NaN,NaN,0.090239,-3.926440,4.094436,7.969898,0.034481,-0.931381,-9.975334,-9.918533,-9.877563
49.243546,NaN,NaN,NaN,NaN,0.090243,-3.926592,4.094465,7.977171,0.038009,-0.924161,-9.975368,-9.918560,-9.877609
49.256948,NaN,NaN,NaN,NaN,0.090243,-3.927031,4.094481,7.980806,0.048604,-0.920558,-9.975380,-9.918617,-9.877632
49.274761,NaN,NaN,NaN,NaN,0.090269,-3.927174,4.094512,7.988075,0.052144,-0.913365,-9.975391,-9.918625,-9.877712
49.283755,NaN,NaN,NaN,NaN,0.090288,-3.927313,4.094536,7.995337,0.055684,-0.906199,-9.975399,-9.918636,-9.877792
49.295073,NaN,NaN,NaN,NaN,0.090308,-3.927605,4.094545,7.998968,0.062780,-0.902628,-9.975384,-9.918648,-9.877834
49.303783,NaN,NaN,NaN,NaN,0.090326,-3.927757,4.094553,8.002598,0.066335,-0.899061,-9.975368,-9.918644,-9.877880
49.315478,NaN,NaN,NaN,NaN,0.090343,-3.927907,4.094561,8.006226,0.069890,-0.895497,-9.975353,-9.918648,-9.877926
49.323808,NaN,NaN,NaN,NaN,0.090359,-3.928052,4.094592,8.009852,0.073443,-0.888379,-9.975334,-9.918652,-9.878029
49.335853,NaN,NaN,NaN,NaN,0.090383,-3.928380,4.094607,8.017091,0.080581,-0.884826,-9.975208,-9.918640,-9.878082
49.344102,NaN,NaN,NaN,NaN,0.090394,-3.928537,4.094621,8.020707,0.084149,-0.881275,-9.975143,-9.918636,-9.878136
49.358394,NaN,NaN,NaN,NaN,0.090402,-3.928998,4.094635,8.024323,0.094853,-0.877728,-9.975079,-9.918625,-9.878193
49.366752,NaN,NaN,NaN,NaN,0.090431,-3.929150,4.094654,8.031539,0.098425,-0.870605,-9.974937,-9.918613,-9.878277
49.383691,NaN,NaN,NaN,NaN,0.090468,-3.929298,4.094670,8.038743,0.101996,-0.863494,-9.974781,-9.918606,-9.878384
49.395088,NaN,NaN,NaN,NaN,0.090484,-3.929443,4.094679,8.042343,0.105565,-0.859935,-9.974682,-9.918598,-9.878433
49.404762,NaN,NaN,NaN,NaN,0.090528,-3.929750,4.094695,8.049495,0.112729,-0.852827,-9.974445,-9.918568,-9.878540
49.416457,NaN,NaN,NaN,NaN,0.090549,-3.930042,4.094701,8.053070,0.119885,-0.849279,-9.974331,-9.918549,-9.878593
49.434894,NaN,NaN,NaN,NaN,0.090597,-3.930184,4.094681,8.060208,0.123475,-0.842175,-9.974098,-9.918533,-9.878696
49.443386,NaN,NaN,NaN,NaN,0.090651,-3.930323,4.094670,8.067336,0.127062,-0.838627,-9.973881,-9.918522,-9.878754
49.455419,NaN,NaN,NaN,NaN,0.090676,-3.930591,4.094619,8.070898,0.134233,-0.831522,-9.973785,-9.918507,-9.878876
49.464161,NaN,NaN,NaN,NaN,0.090733,-3.930744,4.094579,8.074453,0.137827,-0.827965,-9.973679,-9.918491,-9.878941
49.474720,NaN,NaN,NaN,NaN,0.090789,-3.930893,4.094539,8.078007,0.141419,-0.824411,-9.973572,-9.918476,-9.879002
49.484345,NaN,NaN,NaN,NaN,0.090843,-3.931181,4.094499,8.081560,0.148599,-0.820861,-9.973469,-9.918472,-9.879066
49.494930,NaN,NaN,NaN,NaN,0.090968,-3.931334,4.094369,8.088675,0.152192,-0.813757,-9.973236,-9.918468,-9.879204
49.503804,NaN,NaN,NaN,NaN,0.091039,-3.931482,4.094305,8.092237,0.155784,-0.810210,-9.973106,-9.918468,-9.879265
49.516661,NaN,NaN,NaN,NaN,0.091108,-3.931768,4.094241,8.095798,0.162963,-0.806665,-9.972969,-9.918472,-9.879330
49.534975,NaN,NaN,NaN,NaN,0.091355,-3.932038,4.093979,8.106482,0.170140,-0.796052,-9.972507,-9.918484,-9.879532
49.543271,NaN,NaN,NaN,NaN,0.091443,-3.932168,4.093892,8.110042,0.173726,-0.792521,-9.972351,-9.918495,-9.879604
49.554899,NaN,NaN,NaN,NaN,0.091529,-3.932295,4.093777,8.113600,0.177310,-0.788997,-9.972195,-9.918514,-9.879662
49.563642,NaN,NaN,NaN,NaN,0.091748,-3.932510,4.093663,8.120748,0.184501,-0.785475,-9.971825,-9.918552,-9.879692
49.574689,NaN,NaN,NaN,NaN,0.091856,-3.932613,4.093437,8.124320,0.188094,-0.778438,-9.971642,-9.918571,-9.879757
49.584088,NaN,NaN,NaN,NaN,0.091961,-3.932713,4.093287,8.127892,0.191685,-0.774927,-9.971462,-9.918594,-9.879784
49.594903,NaN,NaN,NaN,NaN,0.092076,-3.932799,4.093138,8.131458,0.195288,-0.771418,-9.971256,-9.918617,-9.879818
49.603671,NaN,NaN,NaN,NaN,0.092300,-3.932882,4.092844,8.138586,0.198890,-0.764407,-9.970860,-9.918640,-9.879883
49.616090,NaN,NaN,NaN,NaN,0.092410,-3.933114,4.092698,8.142148,0.209684,-0.760905,-9.970669,-9.918728,-9.879921
49.635594,NaN,NaN,NaN,NaN,0.092628,-3.933348,4.092364,8.149261,0.220541,-0.753931,-9.970291,-9.918785,-9.879978
49.654935,NaN,NaN,NaN,NaN,0.092948,-3.933420,4.091849,8.159906,0.224156,-0.743488,-9.969753,-9.918808,-9.880066
49.663719,NaN,NaN,NaN,NaN,0.093046,-3.933480,4.091664,8.163459,0.227802,-0.740014,-9.969559,-9.918819,-9.880096
49.675393,NaN,NaN,NaN,NaN,0.093142,-3.933646,4.091299,8.167010,0.238727,-0.733071,-9.969372,-9.918835,-9.880165
49.694947,NaN,NaN,NaN,NaN,0.093402,-3.933681,4.090879,8.177660,0.242395,-0.726134,-9.968815,-9.918835,-9.880260
49.703823,NaN,NaN,NaN,NaN,0.093472,-3.933714,4.090672,8.181210,0.246062,-0.722667,-9.968628,-9.918839,-9.880310
49.715797,NaN,NaN,NaN,NaN,0.093608,-3.933745,4.090467,8.188307,0.249726,-0.719203,-9.968266,-9.918842,-9.880360
49.723441,NaN,NaN,NaN,NaN,0.093659,-3.933773,4.090010,8.191855,0.253387,-0.712253,-9.968086,-9.918846,-9.880474
49.736081,NaN,NaN,NaN,NaN,0.093710,-3.933817,4.089785,8.195403,0.264429,-0.708782,-9.967911,-9.918842,-9.880531
49.756200,NaN,NaN,NaN,NaN,0.093807,-3.933829,4.089311,8.202493,0.271804,-0.701836,-9.967587,-9.918835,-9.880684
49.764947,NaN,NaN,NaN,NaN,0.093838,-3.933828,4.088819,8.206023,0.275502,-0.694892,-9.967430,-9.918827,-9.880852
49.776775,NaN,NaN,NaN,NaN,0.093895,-3.933825,4.088577,8.213080,0.279197,-0.691422,-9.967133,-9.918823,-9.880932
49.785294,NaN,NaN,NaN,NaN,0.093923,-3.933819,4.088308,8.216608,0.282890,-0.687955,-9.966988,-9.918819,-9.881027
49.795250,NaN,NaN,NaN,NaN,0.093930,-3.933810,4.088042,8.220125,0.286594,-0.684490,-9.966858,-9.918800,-9.881119
49.804439,NaN,NaN,NaN,NaN,0.093935,-3.933799,4.087780,8.223642,0.290296,-0.681027,-9.966732,-9.918785,-9.881214
49.814970,NaN,NaN,NaN,NaN,0.093944,-3.933771,4.087235,8.230673,0.297692,-0.674101,-9.966484,-9.918758,-9.881409
49.824461,NaN,NaN,NaN,NaN,0.093920,-3.933756,4.086954,8.234197,0.301403,-0.670638,-9.966362,-9.918747,-9.881512
49.835381,NaN,NaN,NaN,NaN,0.093895,-3.933738,4.086676,8.237720,0.305110,-0.667177,-9.966244,-9.918732,-9.881611
49.843630,NaN,NaN,NaN,NaN,0.093869,-3.933695,4.086400,8.241241,0.312518,-0.663717,-9.966133,-9.918713,-9.881714
49.855966,NaN,NaN,NaN,NaN,0.093782,-3.933679,4.085810,8.248279,0.316243,-0.656814,-9.965923,-9.918705,-9.881939
49.863998,NaN,NaN,NaN,NaN,0.093719,-3.933660,4.085521,8.251793,0.319965,-0.653364,-9.965824,-9.918697,-9.882057
49.875598,NaN,NaN,NaN,NaN,0.093594,-3.933639,4.085235,8.258820,0.323685,-0.649916,-9.965614,-9.918694,-9.882172
49.885021,NaN,NaN,NaN,NaN,0.093531,-3.933589,4.084952,8.262332,0.331115,-0.646469,-9.965511,-9.918686,-9.882282
49.894881,NaN,NaN,NaN,NaN,0.093441,-3.933575,4.084374,8.265840,0.334851,-0.639581,-9.965420,-9.918690,-9.882534
49.903275,NaN,NaN,NaN,NaN,0.093350,-3.933559,4.084090,8.269346,0.338584,-0.636139,-9.965328,-9.918697,-9.882656
49.915856,NaN,NaN,NaN,NaN,0.093260,-3.933519,4.083809,8.272852,0.346042,-0.632698,-9.965244,-9.918747,-9.882778
49.923604,NaN,NaN,NaN,NaN,0.093170,-3.933488,4.083279,8.276358,0.349788,-0.625826,-9.965160,-9.918774,-9.883053
49.934711,NaN,NaN,NaN,NaN,0.092980,-3.933455,4.083019,8.283339,0.353530,-0.622391,-9.965034,-9.918800,-9.883190
49.943594,NaN,NaN,NaN,NaN,0.092885,-3.933420,4.082762,8.286828,0.357270,-0.618958,-9.964977,-9.918823,-9.883324
49.954793,NaN,NaN,NaN,NaN,0.092789,-3.933382,4.082528,8.290318,0.361006,-0.615518,-9.964924,-9.918850,-9.883472
49.964310,NaN,NaN,NaN,NaN,0.092706,-3.933285,4.082067,8.293801,0.368522,-0.608641,-9.964870,-9.918888,-9.883766
49.975578,NaN,NaN,NaN,NaN,0.092538,-3.933179,4.081841,8.300768,0.376026,-0.605205,-9.964771,-9.918911,-9.883911
49.994736,NaN,NaN,NaN,NaN,0.092388,-3.933101,4.081390,8.307728,0.379803,-0.598302,-9.964691,-9.918926,-9.884258
50.003212,NaN,NaN,NaN,NaN,0.092256,-3.933021,4.080950,8.314680,0.383577,-0.591406,-9.964634,-9.918945,-9.884598
50.014903,NaN,NaN,NaN,NaN,0.092189,-3.932858,4.080715,8.318157,0.391116,-0.587947,-9.964611,-9.918983,-9.884785
50.023865,NaN,NaN,NaN,NaN,0.092139,-3.932757,4.080482,8.321632,0.394917,-0.584490,-9.964588,-9.919014,-9.884972
50.034633,NaN,NaN,NaN,NaN,0.092089,-3.932655,4.080252,8.325107,0.398714,-0.581035,-9.964569,-9.919048,-9.885155
50.044163,NaN,NaN,NaN,NaN,0.091986,-3.932447,4.080025,8.332057,0.406297,-0.577582,-9.964527,-9.919117,-9.885353
50.055155,NaN,NaN,NaN,NaN,0.091962,-3.932316,4.079567,8.335526,0.410097,-0.570649,-9.964500,-9.919159,-9.885788
50.063619,NaN,NaN,NaN,NaN,0.091938,-3.932184,4.079344,8.338997,0.413892,-0.567185,-9.964481,-9.919201,-9.885998
50.075496,NaN,NaN,NaN,NaN,0.091912,-3.932052,4.079123,8.342467,0.417684,-0.563723,-9.964462,-9.919243,-9.886208
50.084568,NaN,NaN,NaN,NaN,0.091885,-3.931762,4.078660,8.345939,0.425278,-0.556762,-9.964443,-9.919319,-9.886654
50.094884,NaN,NaN,NaN,NaN,0.091878,-3.931604,4.078434,8.352867,0.429080,-0.553285,-9.964420,-9.919357,-9.886871
50.103472,NaN,NaN,NaN,NaN,0.091873,-3.931446,4.078212,8.356333,0.432878,-0.549810,-9.964413,-9.919395,-9.887096
50.114882,NaN,NaN,NaN,NaN,0.091876,-3.931113,4.077984,8.363254,0.440479,-0.546311,-9.964394,-9.919479,-9.887337
50.123648,NaN,NaN,NaN,NaN,0.091885,-3.930938,4.077539,8.366711,0.444283,-0.539320,-9.964386,-9.919529,-9.887802
50.134973,NaN,NaN,NaN,NaN,0.091892,-3.930763,4.077322,8.370168,0.448082,-0.535828,-9.964382,-9.919575,-9.888027
50.144781,NaN,NaN,NaN,NaN,0.091899,-3.930588,4.077108,8.373626,0.451878,-0.532337,-9.964378,-9.919621,-9.888248
50.155100,NaN,NaN,NaN,NaN,0.091904,-3.930414,4.076894,8.377085,0.455670,-0.528838,-9.964375,-9.919670,-9.888477
50.165208,NaN,NaN,NaN,NaN,0.091926,-3.930058,4.076474,8.380537,0.463251,-0.521847,-9.964375,-9.919792,-9.888912
50.176299,NaN,NaN,NaN,NaN,0.091967,-3.929881,4.076270,8.387444,0.467035,-0.518353,-9.964405,-9.919849,-9.889126
50.184943,NaN,NaN,NaN,NaN,0.091986,-3.929703,4.076048,8.390900,0.470815,-0.514853,-9.964424,-9.919910,-9.889332
50.195032,NaN,NaN,NaN,NaN,0.092017,-3.929517,4.075829,8.394346,0.474595,-0.511355,-9.964443,-9.919971,-9.889538
50.203632,NaN,NaN,NaN,NaN,0.092045,-3.929145,4.075402,8.397795,0.482143,-0.504364,-9.964462,-9.920082,-9.889935
50.215834,NaN,NaN,NaN,NaN,0.092099,-3.928960,4.075163,8.404694,0.485910,-0.500861,-9.964504,-9.920135,-9.890133
50.224629,NaN,NaN,NaN,NaN,0.092142,-3.928756,4.074930,8.408160,0.489664,-0.497361,-9.964527,-9.920197,-9.890320
50.234737,NaN,NaN,NaN,NaN,0.092183,-3.928552,4.074700,8.411628,0.493413,-0.493862,-9.964550,-9.920258,-9.890503
50.244241,NaN,NaN,NaN,NaN,0.092223,-3.928350,4.074475,8.415096,0.497159,-0.490364,-9.964577,-9.920315,-9.890682
50.255320,NaN,NaN,NaN,NaN,0.092309,-3.927926,4.073995,8.422062,0.504645,-0.483328,-9.964626,-9.920433,-9.891052
50.263594,NaN,NaN,NaN,NaN,0.092354,-3.927705,4.073761,8.425558,0.508384,-0.479812,-9.964653,-9.920490,-9.891232
50.276324,NaN,NaN,NaN,NaN,0.092441,-3.927267,4.073532,8.432553,0.515851,-0.476299,-9.964706,-9.920597,-9.891411
50.294644,NaN,NaN,NaN,NaN,0.092520,-3.926798,4.072816,8.439622,0.523313,-0.465718,-9.964787,-9.920708,-9.891949
50.303595,NaN,NaN,NaN,NaN,0.092559,-3.926566,4.072588,8.443156,0.527038,-0.462195,-9.964828,-9.920765,-9.892124
50.314757,NaN,NaN,NaN,NaN,0.092596,-3.926082,4.072342,8.446691,0.534469,-0.458649,-9.964867,-9.920876,-9.892300
50.324346,NaN,NaN,NaN,NaN,0.092633,-3.925831,4.072101,8.450261,0.538176,-0.455105,-9.964901,-9.920952,-9.892475
50.335482,NaN,NaN,NaN,NaN,0.092704,-3.925335,4.071634,8.457398,0.545576,-0.448024,-9.964966,-9.921101,-9.892815
50.356896,NaN,NaN,NaN,NaN,0.092769,-3.924520,4.070926,8.464564,0.556629,-0.437335,-9.965023,-9.921310,-9.893299
50.375902,NaN,NaN,NaN,NaN,0.092858,-3.924253,4.070476,8.475350,0.560306,-0.430186,-9.965096,-9.921379,-9.893616
50.383780,NaN,NaN,NaN,NaN,0.092891,-3.923975,4.070256,8.478992,0.563967,-0.426598,-9.965111,-9.921452,-9.893772
50.394666,NaN,NaN,NaN,NaN,0.092923,-3.923701,4.070042,8.482632,0.567623,-0.423012,-9.965126,-9.921513,-9.893925
50.403527,NaN,NaN,NaN,NaN,0.092954,-3.923160,4.069832,8.486270,0.574924,-0.419430,-9.965145,-9.921635,-9.894066
50.414768,NaN,NaN,NaN,NaN,0.093014,-3.922893,4.069414,8.493544,0.578569,-0.412237,-9.965195,-9.921692,-9.894360
50.423743,NaN,NaN,NaN,NaN,0.093050,-3.922607,4.069206,8.497220,0.582194,-0.408628,-9.965210,-9.921753,-9.894505
50.435570,NaN,NaN,NaN,NaN,0.093084,-3.921766,4.068804,8.500894,0.593050,-0.401418,-9.965225,-9.921928,-9.894791
50.454917,NaN,NaN,NaN,NaN,0.093182,-3.921481,4.068367,8.511943,0.596651,-0.394178,-9.965271,-9.921986,-9.895107
50.463502,NaN,NaN,NaN,NaN,0.093211,-3.921198,4.068156,8.515648,0.600249,-0.390562,-9.965282,-9.922043,-9.895260
50.474957,NaN,NaN,NaN,NaN,0.093239,-3.920640,4.067952,8.519351,0.607435,-0.386949,-9.965275,-9.922153,-9.895412
50.484128,NaN,NaN,NaN,NaN,0.093290,-3.920355,4.067535,8.526776,0.611016,-0.379685,-9.965252,-9.922192,-9.895729
50.494859,NaN,NaN,NaN,NaN,0.093315,-3.920072,4.067335,8.530499,0.614593,-0.376058,-9.965233,-9.922230,-9.895885
50.503493,NaN,NaN,NaN,NaN,0.093339,-3.919791,4.067141,8.534219,0.618167,-0.372433,-9.965214,-9.922268,-9.896038
50.514733,NaN,NaN,NaN,NaN,0.093363,-3.919512,4.066930,8.537936,0.621737,-0.368795,-9.965195,-9.922310,-9.896194
50.523684,NaN,NaN,NaN,NaN,0.093390,-3.918949,4.066527,8.541671,0.628872,-0.361528,-9.965164,-9.922344,-9.896484
50.536443,NaN,NaN,NaN,NaN,0.093442,-3.918672,4.066333,8.549131,0.632435,-0.357899,-9.965103,-9.922359,-9.896626
50.544807,NaN,NaN,NaN,NaN,0.093467,-3.918397,4.066137,8.552857,0.635993,-0.354252,-9.965076,-9.922379,-9.896767
50.555216,NaN,NaN,NaN,NaN,0.093490,-3.918128,4.065946,8.556592,0.639559,-0.350608,-9.965042,-9.922367,-9.896908
50.564747,NaN,NaN,NaN,NaN,0.093533,-3.917862,4.065762,8.564053,0.643121,-0.346968,-9.964973,-9.922356,-9.897049
50.584367,NaN,NaN,NaN,NaN,0.093578,-3.917063,4.065195,8.571509,0.653813,-0.336040,-9.964890,-9.922318,-9.897449
50.595208,NaN,NaN,NaN,NaN,0.093601,-3.916792,4.065011,8.575238,0.657385,-0.332400,-9.964848,-9.922295,-9.897575
50.603647,NaN,NaN,NaN,NaN,0.093624,-3.916524,4.064831,8.578963,0.660954,-0.328763,-9.964809,-9.922272,-9.897701
50.615335,NaN,NaN,NaN,NaN,0.093670,-3.915978,4.064450,8.586403,0.668101,-0.321474,-9.964733,-9.922218,-9.897953
50.625244,NaN,NaN,NaN,NaN,0.093694,-3.915700,4.064269,8.590117,0.671678,-0.317834,-9.964695,-9.922192,-9.898079
50.635883,NaN,NaN,NaN,NaN,0.093717,-3.914862,4.063905,8.593829,0.682403,-0.310550,-9.964661,-9.922112,-9.898308
50.655182,NaN,NaN,NaN,NaN,0.093776,-3.914575,4.063547,8.604969,0.685982,-0.303269,-9.964588,-9.922081,-9.898518
50.663338,NaN,NaN,NaN,NaN,0.093793,-3.914291,4.063377,8.608681,0.689556,-0.299634,-9.964573,-9.922050,-9.898617
50.674958,NaN,NaN,NaN,NaN,0.093809,-3.914010,4.063213,8.612390,0.693127,-0.296002,-9.964558,-9.922020,-9.898716
50.684733,NaN,NaN,NaN,NaN,0.093842,-3.913732,4.062860,8.619821,0.696695,-0.288752,-9.964539,-9.921993,-9.898914
50.694624,NaN,NaN,NaN,NaN,0.093859,-3.913157,4.062693,8.623543,0.703856,-0.285133,-9.964535,-9.921902,-9.899010
50.704095,NaN,NaN,NaN,NaN,0.093875,-3.912874,4.062531,8.627262,0.707430,-0.281518,-9.964531,-9.921856,-9.899120
50.715306,NaN,NaN,NaN,NaN,0.093890,-3.912593,4.062355,8.630979,0.711001,-0.277908,-9.964535,-9.921818,-9.899227
50.723807,NaN,NaN,NaN,NaN,0.093915,-3.912024,4.062020,8.634714,0.718159,-0.270701,-9.964550,-9.921680,-9.899429
50.735714,NaN,NaN,NaN,NaN,0.093962,-3.911466,4.061863,8.642177,0.725302,-0.267104,-9.964581,-9.921558,-9.899525
50.754850,NaN,NaN,NaN,NaN,0.094012,-3.911180,4.061472,8.649647,0.728881,-0.259928,-9.964611,-9.921463,-9.899708
50.763358,NaN,NaN,NaN,NaN,0.094066,-3.910618,4.061107,8.657124,0.736029,-0.252769,-9.964649,-9.921288,-9.899902
50.775744,NaN,NaN,NaN,NaN,0.094092,-3.910342,4.060901,8.660857,0.739598,-0.249210,-9.964668,-9.921200,-9.899998
50.783943,NaN,NaN,NaN,NaN,0.094103,-3.910061,4.060702,8.664587,0.743179,-0.245655,-9.964676,-9.921108,-9.900089
50.794633,NaN,NaN,NaN,NaN,0.094113,-3.909783,4.060510,8.668315,0.746756,-0.242105,-9.964684,-9.921021,-9.900181
50.804424,NaN,NaN,NaN,NaN,0.094123,-3.909507,4.060324,8.672039,0.750330,-0.238559,-9.964695,-9.920933,-9.900272
50.814972,NaN,NaN,NaN,NaN,0.094119,-3.908960,4.059927,8.679492,0.757499,-0.231528,-9.964703,-9.920757,-9.900433
50.823641,NaN,NaN,NaN,NaN,0.094105,-3.908687,4.059738,8.683221,0.761094,-0.228019,-9.964706,-9.920670,-9.900532
50.835493,NaN,NaN,NaN,NaN,0.094076,-3.908417,4.059555,8.690668,0.764685,-0.224513,-9.964729,-9.920589,-9.900627
50.843725,NaN,NaN,NaN,NaN,0.094062,-3.908150,4.059132,8.694402,0.768272,-0.217568,-9.964733,-9.920509,-9.900791
50.854998,NaN,NaN,NaN,NaN,0.094047,-3.907645,4.058931,8.698133,0.775495,-0.214101,-9.964741,-9.920349,-9.900867
50.862790,NaN,NaN,NaN,NaN,0.094032,-3.907396,4.058737,8.701860,0.779100,-0.210637,-9.964748,-9.920269,-9.900948
50.875178,NaN,NaN,NaN,NaN,0.094016,-3.907150,4.058507,8.705585,0.782701,-0.207208,-9.964756,-9.920200,-9.901012
50.884040,NaN,NaN,NaN,NaN,0.093996,-3.906694,4.058068,8.709333,0.789968,-0.200359,-9.964756,-9.920029,-9.901138
50.894690,NaN,NaN,NaN,NaN,0.093955,-3.906469,4.057859,8.716822,0.793595,-0.196939,-9.964760,-9.919949,-9.901203
50.904363,NaN,NaN,NaN,NaN,0.093934,-3.906245,4.057620,8.720561,0.797218,-0.193548,-9.964760,-9.919868,-9.901257
50.914855,NaN,NaN,NaN,NaN,0.093904,-3.906041,4.057388,8.724327,0.800874,-0.190160,-9.964745,-9.919788,-9.901314
50.923891,NaN,NaN,NaN,NaN,0.093844,-3.905638,4.056945,8.731849,0.808173,-0.183388,-9.964718,-9.919655,-9.901421
50.936562,NaN,NaN,NaN,NaN,0.093814,-3.905243,4.056735,8.735605,0.815454,-0.180005,-9.964706,-9.919552,-9.901470
50.955431,NaN,NaN,NaN,NaN,0.093735,-3.905053,4.056270,8.746896,0.819124,-0.173293,-9.964619,-9.919506,-9.901573
50.964491,NaN,NaN,NaN,NaN,0.093710,-3.904866,4.055832,8.750660,0.822790,-0.166587,-9.964584,-9.919460,-9.901672
50.975336,NaN,NaN,NaN,NaN,0.093685,-3.904497,4.055586,8.754421,0.830109,-0.163258,-9.964554,-9.919380,-9.901718
50.984857,NaN,NaN,NaN,NaN,0.093674,-3.904318,4.055347,8.758191,0.833801,-0.159931,-9.964493,-9.919346,-9.901764
50.996014,NaN,NaN,NaN,NaN,0.093662,-3.904141,4.055115,8.761959,0.837488,-0.156604,-9.964436,-9.919292,-9.901810
51.004345,NaN,NaN,NaN,NaN,0.093650,-3.903793,4.054889,8.765723,0.844850,-0.153277,-9.964382,-9.919197,-9.901859
51.014962,NaN,NaN,NaN,NaN,0.093627,-3.903626,4.054380,8.773252,0.848561,-0.146669,-9.964260,-9.919159,-9.901939
51.024073,NaN,NaN,NaN,NaN,0.093616,-3.903462,4.054136,8.777016,0.852267,-0.143365,-9.964188,-9.919117,-9.901974
51.036543,NaN,NaN,NaN,NaN,0.093592,-3.903140,4.053898,8.784536,0.859667,-0.140062,-9.964054,-9.919044,-9.902012
51.054773,NaN,NaN,NaN,NaN,0.093567,-3.902796,4.053123,8.792033,0.867125,-0.130218,-9.963875,-9.918987,-9.902084
51.064356,NaN,NaN,NaN,NaN,0.093555,-3.902627,4.052879,8.795778,0.870847,-0.126936,-9.963791,-9.918961,-9.902111
51.074830,NaN,NaN,NaN,NaN,0.093544,-3.902290,4.052609,8.799520,0.878320,-0.123674,-9.963726,-9.918930,-9.902130
51.084288,NaN,NaN,NaN,NaN,0.093528,-3.902123,4.052347,8.803264,0.882070,-0.120410,-9.963634,-9.918926,-9.902149
51.095706,NaN,NaN,NaN,NaN,0.093497,-3.901958,4.051843,8.810741,0.885814,-0.113883,-9.963459,-9.918919,-9.902184
51.105247,NaN,NaN,NaN,NaN,0.093481,-3.901795,4.051576,8.814476,0.889555,-0.110648,-9.963375,-9.918919,-9.902191
51.114922,NaN,NaN,NaN,NaN,0.093459,-3.901648,4.051318,8.818226,0.893322,-0.107412,-9.963280,-9.918938,-9.902195
51.123728,NaN,NaN,NaN,NaN,0.093417,-3.901502,4.051067,8.825719,0.897086,-0.104175,-9.963108,-9.918957,-9.902176
51.134972,NaN,NaN,NaN,NaN,0.093398,-3.901215,4.050565,8.829460,0.904598,-0.097714,-9.963032,-9.918995,-9.902119
51.143937,NaN,NaN,NaN,NaN,0.093370,-3.901084,4.050315,8.833214,0.908374,-0.094490,-9.962959,-9.919018,-9.902084
51.154701,NaN,NaN,NaN,NaN,0.093342,-3.900956,4.050071,8.836965,0.912145,-0.091264,-9.962894,-9.919041,-9.902050
51.163931,NaN,NaN,NaN,NaN,0.093315,-3.900829,4.049583,8.840714,0.915910,-0.084817,-9.962830,-9.919064,-9.901974
51.174920,NaN,NaN,NaN,NaN,0.093240,-3.900593,4.049340,8.848217,0.923446,-0.081596,-9.962711,-9.919094,-9.901928
51.184004,NaN,NaN,NaN,NaN,0.093192,-3.900483,4.049105,8.851974,0.927216,-0.078373,-9.962662,-9.919109,-9.901875
51.196487,NaN,NaN,NaN,NaN,0.093146,-3.900376,4.048876,8.855726,0.930981,-0.075148,-9.962601,-9.919125,-9.901821
51.204933,NaN,NaN,NaN,NaN,0.093057,-3.900165,4.048655,8.863224,0.938497,-0.071921,-9.962494,-9.919155,-9.901768
51.215066,NaN,NaN,NaN,NaN,0.093013,-3.900089,4.048243,8.866984,0.942277,-0.065470,-9.962452,-9.919178,-9.901649
51.223510,NaN,NaN,NaN,NaN,0.092971,-3.900013,4.048047,8.870742,0.946052,-0.062242,-9.962414,-9.919197,-9.901592
51.234698,NaN,NaN,NaN,NaN,0.092930,-3.899939,4.047857,8.874496,0.949822,-0.059011,-9.962376,-9.919224,-9.901535
51.243965,NaN,NaN,NaN,NaN,0.092889,-3.899866,4.047485,8.878247,0.953587,-0.052530,-9.962341,-9.919247,-9.901436
51.254709,NaN,NaN,NaN,NaN,0.092785,-3.899756,4.047309,8.885796,0.961154,-0.049287,-9.962315,-9.919289,-9.901386
51.263719,NaN,NaN,NaN,NaN,0.092735,-3.899702,4.047140,8.889565,0.964930,-0.046041,-9.962307,-9.919308,-9.901340
51.274717,NaN,NaN,NaN,NaN,0.092685,-3.899648,4.046993,8.893332,0.968701,-0.042792,-9.962296,-9.919327,-9.901287
51.284029,NaN,NaN,NaN,NaN,0.092574,-3.899622,4.046717,8.900889,0.972477,-0.036289,-9.962330,-9.919342,-9.901188
51.295349,NaN,NaN,NaN,NaN,0.092520,-3.899574,4.046588,8.904664,0.980015,-0.033033,-9.962349,-9.919365,-9.901142
51.303846,NaN,NaN,NaN,NaN,0.092467,-3.899549,4.046468,8.908435,0.983778,-0.029768,-9.962368,-9.919376,-9.901077
51.315586,NaN,NaN,NaN,NaN,0.092413,-3.899564,4.046355,8.912225,0.987544,-0.026502,-9.962421,-9.919373,-9.901012
51.323612,NaN,NaN,NaN,NaN,0.092308,-3.899578,4.046146,8.919792,0.991306,-0.019961,-9.962532,-9.919373,-9.900890
51.335040,NaN,NaN,NaN,NaN,0.092257,-3.899607,4.046060,8.923571,0.998816,-0.016683,-9.962589,-9.919369,-9.900814
51.344639,NaN,NaN,NaN,NaN,0.092196,-3.899665,4.045980,8.927358,1.002574,-0.013402,-9.962666,-9.919346,-9.900742
51.356223,NaN,NaN,NaN,NaN,0.092138,-3.899780,4.045906,8.931141,1.010077,-0.010119,-9.962742,-9.919338,-9.900669
51.376970,NaN,NaN,NaN,NaN,0.091958,-3.899933,4.045717,8.942478,1.017572,-0.000237,-9.962982,-9.919304,-9.900398
51.384287,NaN,NaN,NaN,NaN,0.091894,-3.900028,4.045664,8.946255,1.021319,0.003066,-9.963074,-9.919277,-9.900307
51.395540,NaN,NaN,NaN,NaN,0.091830,-3.900123,4.045617,8.950027,1.025061,0.006370,-9.963161,-9.919254,-9.900223
51.405732,NaN,NaN,NaN,NaN,0.091768,-3.900216,4.045577,8.953796,1.028798,0.009690,-9.963249,-9.919231,-9.900127
51.414756,NaN,NaN,NaN,NaN,0.091621,-3.900456,4.045514,8.961345,1.036294,0.016337,-9.963459,-9.919193,-9.899952
51.423517,NaN,NaN,NaN,NaN,0.091550,-3.900575,4.045490,8.965115,1.040035,0.019664,-9.963562,-9.919174,-9.899883
51.435084,NaN,NaN,NaN,NaN,0.091399,-3.900831,4.045470,8.972647,1.047537,0.022995,-9.963799,-9.919136,-9.899803
51.444802,NaN,NaN,NaN,NaN,0.091318,-3.900967,4.045446,8.976411,1.051296,0.029665,-9.963928,-9.919113,-9.899654
51.454615,NaN,NaN,NaN,NaN,0.091240,-3.901103,4.045441,8.980171,1.055051,0.033003,-9.964058,-9.919094,-9.899582
51.464491,NaN,NaN,NaN,NaN,0.091163,-3.901237,4.045441,8.983929,1.058800,0.036344,-9.964184,-9.919075,-9.899513
51.474817,NaN,NaN,NaN,NaN,0.091088,-3.901371,4.045436,8.987683,1.062545,0.039692,-9.964310,-9.919044,-9.899437
51.484653,NaN,NaN,NaN,NaN,0.090935,-3.901658,4.045435,8.995187,1.070065,0.043043,-9.964596,-9.918980,-9.899357
51.496429,NaN,NaN,NaN,NaN,0.090861,-3.901939,4.045449,8.998934,1.077563,0.049753,-9.964737,-9.918922,-9.899204
51.514672,NaN,NaN,NaN,NaN,0.090730,-3.902093,4.045455,9.006434,1.081327,0.056517,-9.965031,-9.918888,-9.899063
51.523692,NaN,NaN,NaN,NaN,0.090615,-3.902395,4.045479,9.013939,1.088839,0.063290,-9.965340,-9.918808,-9.898930
51.535341,NaN,NaN,NaN,NaN,0.090559,-3.902544,4.045477,9.017687,1.092587,0.066720,-9.965488,-9.918762,-9.898865
51.545251,NaN,NaN,NaN,NaN,0.090518,-3.902690,4.045480,9.021451,1.096350,0.070153,-9.965645,-9.918713,-9.898800
51.554680,NaN,NaN,NaN,NaN,0.090478,-3.902834,4.045488,9.025211,1.100107,0.073586,-9.965794,-9.918663,-9.898739
51.564333,NaN,NaN,NaN,NaN,0.090439,-3.903119,4.045500,9.028969,1.107605,0.077022,-9.965939,-9.918571,-9.898678
51.575132,NaN,NaN,NaN,NaN,0.090365,-3.903241,4.045521,9.036489,1.111355,0.083978,-9.966221,-9.918514,-9.898571
51.583871,NaN,NaN,NaN,NaN,0.090331,-3.903362,4.045537,9.040251,1.115099,0.087457,-9.966358,-9.918461,-9.898521
51.596159,NaN,NaN,NaN,NaN,0.090264,-3.903482,4.045557,9.047768,1.118839,0.090939,-9.966625,-9.918407,-9.898476
51.603870,NaN,NaN,NaN,NaN,0.090235,-3.903601,4.045613,9.051522,1.122573,0.097974,-9.966743,-9.918362,-9.898396
51.614828,NaN,NaN,NaN,NaN,0.090207,-3.903808,4.045647,9.055274,1.130038,0.101493,-9.966862,-9.918247,-9.898357
51.623450,NaN,NaN,NaN,NaN,0.090179,-3.903910,4.045685,9.059023,1.133763,0.105013,-9.966976,-9.918194,-9.898323
51.634822,NaN,NaN,NaN,NaN,0.090153,-3.904011,4.045732,9.062770,1.137483,0.108575,-9.967087,-9.918144,-9.898285
51.643499,NaN,NaN,NaN,NaN,0.090127,-3.904102,4.045837,9.066512,1.141198,0.115700,-9.967182,-9.918095,-9.898212
51.655510,NaN,NaN,NaN,NaN,0.090080,-3.904282,4.045893,9.073989,1.148617,0.119263,-9.967365,-9.918003,-9.898182
51.663435,NaN,NaN,NaN,NaN,0.090057,-3.904371,4.045961,9.077724,1.152319,0.122871,-9.967453,-9.917961,-9.898163
51.674863,NaN,NaN,NaN,NaN,0.090032,-3.904437,4.046033,9.081458,1.156020,0.126480,-9.967510,-9.917919,-9.898144
51.684089,NaN,NaN,NaN,NaN,0.089985,-3.904568,4.046187,9.088919,1.163410,0.133696,-9.967621,-9.917843,-9.898113
51.696338,NaN,NaN,NaN,NaN,0.089963,-3.904632,4.046272,9.092646,1.167098,0.137321,-9.967674,-9.917809,-9.898094
51.704241,NaN,NaN,NaN,NaN,0.089943,-3.904666,4.046360,9.096371,1.170783,0.140947,-9.967705,-9.917759,-9.898075
51.714727,NaN,NaN,NaN,NaN,0.089925,-3.904700,4.046451,9.100094,1.174464,0.144572,-9.967739,-9.917713,-9.898056
51.723711,NaN,NaN,NaN,NaN,0.089892,-3.904766,4.046641,9.107534,1.181813,0.151823,-9.967800,-9.917629,-9.898056
51.735374,NaN,NaN,NaN,NaN,0.089877,-3.904800,4.046749,9.111252,1.185481,0.155456,-9.967834,-9.917595,-9.898048
51.744742,NaN,NaN,NaN,NaN,0.089864,-3.904812,4.046861,9.114962,1.189142,0.159088,-9.967838,-9.917542,-9.898041
51.756484,NaN,NaN,NaN,NaN,0.089853,-3.904835,4.047092,9.118670,1.196453,0.166355,-9.967842,-9.917442,-9.898026
51.775390,NaN,NaN,NaN,NaN,0.089831,-3.904847,4.047316,9.129770,1.203738,0.173644,-9.967827,-9.917332,-9.898010
51.783935,NaN,NaN,NaN,NaN,0.089830,-3.904847,4.047432,9.133457,1.207370,0.177288,-9.967808,-9.917271,-9.898003
51.794792,NaN,NaN,NaN,NaN,0.089830,-3.904848,4.047549,9.137142,1.210998,0.180932,-9.967777,-9.917210,-9.897991
51.805691,NaN,NaN,NaN,NaN,0.089829,-3.904849,4.047773,9.140827,1.214622,0.188270,-9.967751,-9.917152,-9.897961
51.814651,NaN,NaN,NaN,NaN,0.089840,-3.904801,4.047890,9.148170,1.221838,0.191938,-9.967659,-9.917000,-9.897949
51.823937,NaN,NaN,NaN,NaN,0.089846,-3.904778,4.048009,9.151840,1.225441,0.195606,-9.967613,-9.916931,-9.897934
51.834813,NaN,NaN,NaN,NaN,0.089851,-3.904723,4.048125,9.155510,1.232627,0.199308,-9.967567,-9.916740,-9.897923
51.843727,NaN,NaN,NaN,NaN,0.089862,-3.904691,4.048364,9.159163,1.236209,0.206711,-9.967514,-9.916634,-9.897915
51.855823,NaN,NaN,NaN,NaN,0.089884,-3.904660,4.048489,9.166470,1.239789,0.210412,-9.967415,-9.916534,-9.897915
51.864977,NaN,NaN,NaN,NaN,0.089894,-3.904629,4.048610,9.170122,1.243366,0.214119,-9.967369,-9.916435,-9.897919
51.875857,NaN,NaN,NaN,NaN,0.089913,-3.904519,4.048734,9.173752,1.254068,0.217827,-9.967319,-9.916096,-9.897926
51.895109,NaN,NaN,NaN,NaN,0.089961,-3.904483,4.049104,9.184640,1.257630,0.228948,-9.967182,-9.916000,-9.897957
51.905220,NaN,NaN,NaN,NaN,0.089984,-3.904440,4.049222,9.188249,1.261177,0.232656,-9.967144,-9.915874,-9.897972
51.914661,NaN,NaN,NaN,NaN,0.090005,-3.904398,4.049344,9.191856,1.264722,0.236363,-9.967110,-9.915752,-9.897984
51.923435,NaN,NaN,NaN,NaN,0.090042,-3.904356,4.049467,9.199073,1.268264,0.240071,-9.967037,-9.915638,-9.897999
51.935132,NaN,NaN,NaN,NaN,0.090067,-3.904248,4.049705,9.202682,1.275344,0.247465,-9.967010,-9.915386,-9.898048
51.943671,NaN,NaN,NaN,NaN,0.090091,-3.904182,4.049827,9.206290,1.278880,0.251162,-9.966980,-9.915253,-9.898075
51.956104,NaN,NaN,NaN,NaN,0.090113,-3.904054,4.049952,9.209899,1.285946,0.254858,-9.966957,-9.915035,-9.898098
51.975139,NaN,NaN,NaN,NaN,0.090186,-3.903875,4.050329,9.220711,1.293009,0.265923,-9.966904,-9.914806,-9.898266
51.983562,NaN,NaN,NaN,NaN,0.090210,-3.903788,4.050460,9.224313,1.296537,0.269611,-9.966892,-9.914696,-9.898319
51.994800,NaN,NaN,NaN,NaN,0.090233,-3.903616,4.050593,9.227915,1.303588,0.273298,-9.966881,-9.914494,-9.898373
52.005619,NaN,NaN,NaN,NaN,0.090254,-3.903504,4.050848,9.231516,1.307110,0.280640,-9.966869,-9.914394,-9.898483
52.014695,NaN,NaN,NaN,NaN,0.090326,-3.903394,4.050979,9.238705,1.310631,0.284310,-9.966888,-9.914299,-9.898540
52.023881,NaN,NaN,NaN,NaN,0.090359,-3.903286,4.051112,9.242298,1.314151,0.287980,-9.966896,-9.914207,-9.898590
52.034977,NaN,NaN,NaN,NaN,0.090390,-3.903180,4.051231,9.245892,1.317669,0.291629,-9.966908,-9.914124,-9.898640
52.043928,NaN,NaN,NaN,NaN,0.090452,-3.902908,4.051477,9.249477,1.324728,0.298928,-9.966942,-9.913937,-9.898739
52.055518,NaN,NaN,NaN,NaN,0.090571,-3.902775,4.051604,9.256646,1.328255,0.302577,-9.967010,-9.913849,-9.898785
52.064510,NaN,NaN,NaN,NaN,0.090627,-3.902645,4.051715,9.260231,1.331779,0.306213,-9.967045,-9.913765,-9.898827
52.074808,NaN,NaN,NaN,NaN,0.090725,-3.902484,4.051828,9.263806,1.335293,0.309849,-9.967075,-9.913654,-9.898861
52.083811,NaN,NaN,NaN,NaN,0.090909,-3.902171,4.051944,9.270959,1.342316,0.313485,-9.967144,-9.913448,-9.898895
52.094947,NaN,NaN,NaN,NaN,0.090997,-3.902017,4.052176,9.274534,1.345826,0.320731,-9.967182,-9.913349,-9.898960
52.104044,NaN,NaN,NaN,NaN,0.091126,-3.901828,4.052294,9.278102,1.349315,0.324343,-9.967213,-9.913239,-9.898991
52.114813,NaN,NaN,NaN,NaN,0.091252,-3.901642,4.052413,9.281670,1.352803,0.327956,-9.967247,-9.913136,-9.899025
52.123203,NaN,NaN,NaN,NaN,0.091494,-3.901458,4.052535,9.288804,1.356290,0.331569,-9.967304,-9.913033,-9.899052
52.134930,NaN,NaN,NaN,NaN,0.091657,-3.901046,4.052747,9.292367,1.363249,0.338749,-9.967339,-9.912834,-9.899090
52.144795,NaN,NaN,NaN,NaN,0.091815,-3.900818,4.052855,9.295931,1.366721,0.342340,-9.967365,-9.912731,-9.899101
52.157225,NaN,NaN,NaN,NaN,0.092120,-3.900594,4.053061,9.303058,1.370193,0.349503,-9.967411,-9.912636,-9.899090
52.164789,NaN,NaN,NaN,NaN,0.092307,-3.900373,4.053158,9.306608,1.373664,0.353076,-9.967442,-9.912540,-9.899071
52.175632,NaN,NaN,NaN,NaN,0.092490,-3.899866,4.053258,9.310160,1.380579,0.356648,-9.967472,-9.912342,-9.899052
52.184053,NaN,NaN,NaN,NaN,0.092668,-3.899618,4.053361,9.313710,1.384037,0.360221,-9.967499,-9.912251,-9.899033
52.194880,NaN,NaN,NaN,NaN,0.092843,-3.899374,4.053443,9.317262,1.387494,0.363762,-9.967529,-9.912159,-9.898987
52.204420,NaN,NaN,NaN,NaN,0.093278,-3.898809,4.053529,9.324352,1.394382,0.367304,-9.967587,-9.911976,-9.898941
52.215005,NaN,NaN,NaN,NaN,0.093489,-3.898533,4.053707,9.327898,1.397826,0.374390,-9.967617,-9.911896,-9.898853
52.224638,NaN,NaN,NaN,NaN,0.093695,-3.898260,4.053778,9.331444,1.401271,0.377893,-9.967644,-9.911816,-9.898785
52.235382,NaN,NaN,NaN,NaN,0.093926,-3.897955,4.053852,9.334999,1.404699,0.381397,-9.967667,-9.911736,-9.898720
52.243356,NaN,NaN,NaN,NaN,0.094373,-3.897359,4.054007,9.342111,1.411558,0.388409,-9.967712,-9.911587,-9.898590
52.256966,NaN,NaN,NaN,NaN,0.094590,-3.896780,4.054087,9.345667,1.418420,0.391917,-9.967735,-9.911449,-9.898525
52.274737,NaN,NaN,NaN,NaN,0.095037,-3.896468,4.054224,9.352785,1.421839,0.398881,-9.967777,-9.911381,-9.898388
52.284228,NaN,NaN,NaN,NaN,0.095267,-3.895858,4.054369,9.356348,1.428678,0.405850,-9.967796,-9.911251,-9.898254
52.294834,NaN,NaN,NaN,NaN,0.095714,-3.895560,4.054426,9.363475,1.432098,0.409293,-9.967831,-9.911194,-9.898182
52.304443,NaN,NaN,NaN,NaN,0.095969,-3.895230,4.054487,9.367045,1.435499,0.412737,-9.967842,-9.911125,-9.898109
52.315898,NaN,NaN,NaN,NaN,0.096219,-3.894270,4.054613,9.370615,1.445709,0.419632,-9.967854,-9.910919,-9.897972
52.335885,NaN,NaN,NaN,NaN,0.096977,-3.893935,4.054707,9.381330,1.449109,0.426443,-9.967892,-9.910851,-9.897812
52.343410,NaN,NaN,NaN,NaN,0.097246,-3.893604,4.054758,9.384903,1.452510,0.429853,-9.967915,-9.910786,-9.897732
52.355963,NaN,NaN,NaN,NaN,0.097510,-3.893279,4.054811,9.388477,1.455913,0.433264,-9.967937,-9.910725,-9.897655
52.363890,NaN,NaN,NaN,NaN,0.097769,-3.892623,4.054894,9.392052,1.462724,0.440017,-9.967960,-9.910606,-9.897484
52.374770,NaN,NaN,NaN,NaN,0.098340,-3.892293,4.054939,9.399237,1.466133,0.443399,-9.968037,-9.910553,-9.897404
52.384007,NaN,NaN,NaN,NaN,0.098617,-3.891968,4.054987,9.402828,1.469543,0.446783,-9.968071,-9.910500,-9.897327
52.394869,NaN,NaN,NaN,NaN,0.098890,-3.891648,4.055020,9.406421,1.472955,0.450139,-9.968121,-9.910450,-9.897236
52.404117,NaN,NaN,NaN,NaN,0.099489,-3.891325,4.055094,9.413629,1.476352,0.456860,-9.968262,-9.910404,-9.897060
52.415815,NaN,NaN,NaN,NaN,0.099780,-3.890382,4.055134,9.417232,1.486552,0.460225,-9.968327,-9.910290,-9.896976
52.434827,NaN,NaN,NaN,NaN,0.100379,-3.890069,4.055212,9.424447,1.489945,0.466900,-9.968487,-9.910240,-9.896778
52.443477,NaN,NaN,NaN,NaN,0.100986,-3.889761,4.055256,9.431669,1.493339,0.470242,-9.968655,-9.910194,-9.896690
52.454579,NaN,NaN,NaN,NaN,0.101282,-3.889158,4.055357,9.435280,1.500134,0.476899,-9.968731,-9.910114,-9.896492
52.463889,NaN,NaN,NaN,NaN,0.101607,-3.888842,4.055413,9.438903,1.503528,0.480215,-9.968845,-9.910084,-9.896381
52.474915,NaN,NaN,NaN,NaN,0.101927,-3.888531,4.055473,9.442525,1.506923,0.483534,-9.968956,-9.910053,-9.896275
52.483760,NaN,NaN,NaN,NaN,0.102240,-3.888226,4.055535,9.446146,1.510322,0.486857,-9.969067,-9.910030,-9.896168
52.494955,NaN,NaN,NaN,NaN,0.102873,-3.887601,4.055683,9.453397,1.517109,0.493446,-9.969315,-9.909992,-9.895912
52.504124,NaN,NaN,NaN,NaN,0.103191,-3.887281,4.055760,9.457026,1.520498,0.496746,-9.969452,-9.909981,-9.895782
52.515848,NaN,NaN,NaN,NaN,0.103503,-3.886660,4.055922,9.460655,1.527284,0.503358,-9.969589,-9.909966,-9.895535
52.535861,NaN,NaN,NaN,NaN,0.104430,-3.886033,4.056093,9.471539,1.534064,0.509948,-9.969986,-9.909973,-9.895275
52.544029,NaN,NaN,NaN,NaN,0.104744,-3.885715,4.056183,9.475169,1.537451,0.513250,-9.970123,-9.909985,-9.895149
52.555263,NaN,NaN,NaN,NaN,0.105052,-3.885094,4.056274,9.478798,1.544231,0.516555,-9.970253,-9.909985,-9.895031
52.565094,NaN,NaN,NaN,NaN,0.105355,-3.884765,4.056463,9.482425,1.547623,0.523136,-9.970383,-9.909988,-9.894798
52.574719,NaN,NaN,NaN,NaN,0.105993,-3.884442,4.056561,9.489665,1.551017,0.526433,-9.970638,-9.909992,-9.894688
52.583763,NaN,NaN,NaN,NaN,0.106304,-3.884124,4.056661,9.493283,1.554414,0.529733,-9.970764,-9.910004,-9.894581
52.594790,NaN,NaN,NaN,NaN,0.106608,-3.883811,4.056754,9.496900,1.557812,0.533021,-9.970882,-9.910015,-9.894466
52.603968,NaN,NaN,NaN,NaN,0.107242,-3.883167,4.056947,9.504140,1.564583,0.539610,-9.971119,-9.910069,-9.894241
52.615897,NaN,NaN,NaN,NaN,0.107551,-3.882545,4.057047,9.507757,1.571365,0.542911,-9.971230,-9.910126,-9.894135
52.634848,NaN,NaN,NaN,NaN,0.108162,-3.882227,4.057238,9.514996,1.574750,0.549493,-9.971455,-9.910172,-9.893936
52.643295,NaN,NaN,NaN,NaN,0.108763,-3.881608,4.057437,9.522233,1.581527,0.556094,-9.971676,-9.910267,-9.893753
52.655495,NaN,NaN,NaN,NaN,0.109056,-3.881307,4.057535,9.525850,1.584920,0.559389,-9.971779,-9.910313,-9.893669
52.664120,NaN,NaN,NaN,NaN,0.109352,-3.880999,4.057635,9.529480,1.588312,0.562689,-9.971882,-9.910370,-9.893593
52.674703,NaN,NaN,NaN,NaN,0.109642,-3.880696,4.057738,9.533108,1.591706,0.565994,-9.971985,-9.910423,-9.893517
52.685453,NaN,NaN,NaN,NaN,0.109926,-3.880399,4.057940,9.536735,1.595103,0.572616,-9.972084,-9.910480,-9.893379
52.695704,NaN,NaN,NaN,NaN,0.110494,-3.879808,4.058040,9.543996,1.601892,0.575933,-9.972321,-9.910610,-9.893322
52.703741,NaN,NaN,NaN,NaN,0.110778,-3.879513,4.058142,9.547631,1.605285,0.579255,-9.972431,-9.910686,-9.893265
52.716027,NaN,NaN,NaN,NaN,0.111327,-3.878943,4.058246,9.554896,1.612078,0.582581,-9.972645,-9.910835,-9.893211
52.734891,NaN,NaN,NaN,NaN,0.111885,-3.878334,4.058524,9.562166,1.618874,0.592548,-9.972855,-9.911007,-9.893093
52.743395,NaN,NaN,NaN,NaN,0.112156,-3.878040,4.058622,9.565800,1.622276,0.595879,-9.972958,-9.911095,-9.893047
52.756319,NaN,NaN,NaN,NaN,0.112421,-3.877752,4.058723,9.569431,1.625680,0.599209,-9.973038,-9.911182,-9.893013
52.764335,NaN,NaN,NaN,NaN,0.112980,-3.877149,4.058933,9.576696,1.632501,0.605881,-9.973209,-9.911388,-9.892948
52.774702,NaN,NaN,NaN,NaN,0.113252,-3.876858,4.059041,9.580327,1.635916,0.609225,-9.973289,-9.911491,-9.892918
52.787429,NaN,NaN,NaN,NaN,0.113517,-3.876572,4.059151,9.583956,1.639332,0.612572,-9.973366,-9.911594,-9.892887
52.794770,NaN,NaN,NaN,NaN,0.113777,-3.876293,4.059261,9.587584,1.642751,0.615922,-9.973442,-9.911694,-9.892860
52.803680,NaN,NaN,NaN,NaN,0.114032,-3.875682,4.059488,9.591211,1.649610,0.622637,-9.973518,-9.911922,-9.892780
52.816108,NaN,NaN,NaN,NaN,0.114526,-3.875095,4.059606,9.598461,1.656479,0.626001,-9.973652,-9.912151,-9.892746
52.834858,NaN,NaN,NaN,NaN,0.115000,-3.874781,4.059823,9.605712,1.659909,0.632727,-9.973793,-9.912270,-9.892651
52.843404,NaN,NaN,NaN,NaN,0.115230,-3.874473,4.060050,9.609339,1.663341,0.639472,-9.973866,-9.912388,-9.892567
52.854796,NaN,NaN,NaN,NaN,0.115674,-3.873876,4.060161,9.616587,1.670213,0.642857,-9.974003,-9.912643,-9.892521
52.864192,NaN,NaN,NaN,NaN,0.115892,-3.873573,4.060275,9.620202,1.673643,0.646246,-9.974083,-9.912769,-9.892471
52.874789,NaN,NaN,NaN,NaN,0.116104,-3.873276,4.060391,9.623816,1.677075,0.649640,-9.974171,-9.912895,-9.892426
52.883695,NaN,NaN,NaN,NaN,0.116311,-3.872985,4.060510,9.627429,1.680510,0.653038,-9.974251,-9.913017,-9.892380
52.894924,NaN,NaN,NaN,NaN,0.116715,-3.872415,4.060725,9.634651,1.687386,0.659867,-9.974426,-9.913284,-9.892269
52.903993,NaN,NaN,NaN,NaN,0.116911,-3.872136,4.060837,9.638260,1.690828,0.663287,-9.974522,-9.913425,-9.892220
52.915977,NaN,NaN,NaN,NaN,0.117102,-3.871863,4.060951,9.641868,1.694272,0.666710,-9.974613,-9.913563,-9.892170
52.923860,NaN,NaN,NaN,NaN,0.117475,-3.871596,4.061123,9.649070,1.697718,0.673583,-9.974796,-9.913704,-9.892082
52.935282,NaN,NaN,NaN,NaN,0.117656,-3.871087,4.061215,9.652663,1.704605,0.677025,-9.974892,-9.913979,-9.892044
52.944385,NaN,NaN,NaN,NaN,0.117832,-3.870842,4.061309,9.656256,1.708053,0.680470,-9.974979,-9.914116,-9.892002
52.955324,NaN,NaN,NaN,NaN,0.118003,-3.870602,4.061381,9.659847,1.711503,0.683922,-9.975067,-9.914253,-9.891960
52.965113,NaN,NaN,NaN,NaN,0.118330,-3.870371,4.061456,9.667009,1.714961,0.687378,-9.975296,-9.914398,-9.891918
52.976466,NaN,NaN,NaN,NaN,0.118486,-3.869713,4.061616,9.670589,1.725349,0.694299,-9.975403,-9.914825,-9.891842
52.994927,NaN,NaN,NaN,NaN,0.118792,-3.869501,4.061746,9.677742,1.728815,0.701236,-9.975639,-9.914974,-9.891762
53.004961,NaN,NaN,NaN,NaN,0.118940,-3.869093,4.061891,9.681315,1.735753,0.708186,-9.975769,-9.915272,-9.891685
53.016263,NaN,NaN,NaN,NaN,0.119225,-3.868699,4.061958,9.688459,1.742701,0.711660,-9.976009,-9.915569,-9.891655
53.034801,NaN,NaN,NaN,NaN,0.119501,-3.868506,4.062104,9.695594,1.746179,0.718617,-9.976288,-9.915699,-9.891590
53.043547,NaN,NaN,NaN,NaN,0.119632,-3.868317,4.062264,9.699161,1.749659,0.725586,-9.976421,-9.915829,-9.891544
53.055096,NaN,NaN,NaN,NaN,0.119884,-3.867954,4.062358,9.706289,1.756626,0.729070,-9.976677,-9.916092,-9.891525
53.063696,NaN,NaN,NaN,NaN,0.119997,-3.867772,4.062454,9.709854,1.760123,0.732557,-9.976818,-9.916218,-9.891514
53.075456,NaN,NaN,NaN,NaN,0.120105,-3.867421,4.062656,9.713417,1.767124,0.739537,-9.976955,-9.916466,-9.891491
53.094766,NaN,NaN,NaN,NaN,0.120397,-3.867072,4.062900,9.724077,1.774142,0.746509,-9.977341,-9.916759,-9.891441
53.103391,NaN,NaN,NaN,NaN,0.120477,-3.866896,4.063026,9.727612,1.777658,0.749998,-9.977467,-9.916897,-9.891403
53.114815,NaN,NaN,NaN,NaN,0.120555,-3.866558,4.063155,9.731148,1.784695,0.753491,-9.977600,-9.917171,-9.891365
53.124273,NaN,NaN,NaN,NaN,0.120629,-3.866379,4.063423,9.734683,1.788239,0.760448,-9.977730,-9.917301,-9.891270
53.134800,NaN,NaN,NaN,NaN,0.120738,-3.866204,4.063562,9.741711,1.791784,0.763932,-9.977989,-9.917427,-9.891224
53.143625,NaN,NaN,NaN,NaN,0.120788,-3.866035,4.063703,9.745224,1.795331,0.767419,-9.978111,-9.917553,-9.891182
53.154960,NaN,NaN,NaN,NaN,0.120836,-3.865870,4.063841,9.748738,1.798879,0.770889,-9.978230,-9.917679,-9.891117
53.163654,NaN,NaN,NaN,NaN,0.120902,-3.865517,4.064126,9.755704,1.806020,0.777838,-9.978462,-9.917889,-9.891010
53.175481,NaN,NaN,NaN,NaN,0.120932,-3.865349,4.064272,9.759188,1.809592,0.781317,-9.978577,-9.917992,-9.890961
53.185234,NaN,NaN,NaN,NaN,0.120959,-3.865185,4.064425,9.762671,1.813165,0.784771,-9.978683,-9.918095,-9.890884
53.194783,NaN,NaN,NaN,NaN,0.120972,-3.865005,4.064580,9.766132,1.816744,0.788229,-9.978786,-9.918186,-9.890812
53.203426,NaN,NaN,NaN,NaN,0.120983,-3.864831,4.064737,9.769594,1.820324,0.791689,-9.978882,-9.918278,-9.890743
53.214734,NaN,NaN,NaN,NaN,0.121000,-3.864495,4.065069,9.776520,1.827488,0.798589,-9.979061,-9.918453,-9.890587
53.223554,NaN,NaN,NaN,NaN,0.120991,-3.864313,4.065244,9.779964,1.831080,0.802028,-9.979137,-9.918533,-9.890507
53.234774,NaN,NaN,NaN,NaN,0.120981,-3.864135,4.065421,9.783410,1.834671,0.805471,-9.979206,-9.918613,-9.890430
53.243367,NaN,NaN,NaN,NaN,0.120955,-3.863793,4.065600,9.790303,1.841856,0.808917,-9.979336,-9.918781,-9.890354
53.254858,NaN,NaN,NaN,NaN,0.120935,-3.863611,4.065981,9.793735,1.845458,0.815768,-9.979382,-9.918850,-9.890175
53.263720,NaN,NaN,NaN,NaN,0.120913,-3.863433,4.066173,9.797167,1.849060,0.819198,-9.979427,-9.918919,-9.890091
53.275475,NaN,NaN,NaN,NaN,0.120889,-3.863260,4.066366,9.800599,1.852662,0.822632,-9.979465,-9.918972,-9.890011
53.285911,NaN,NaN,NaN,NaN,0.120864,-3.863092,4.066768,9.804033,1.856265,0.829471,-9.979500,-9.919025,-9.889835
53.294909,NaN,NaN,NaN,NaN,0.120803,-3.862723,4.066972,9.810879,1.863507,0.832896,-9.979538,-9.919109,-9.889751
53.303683,NaN,NaN,NaN,NaN,0.120770,-3.862545,4.067178,9.814304,1.867127,0.836323,-9.979549,-9.919155,-9.889671
53.314897,NaN,NaN,NaN,NaN,0.120737,-3.862373,4.067386,9.817730,1.870747,0.839755,-9.979561,-9.919201,-9.889599
53.324382,NaN,NaN,NaN,NaN,0.120702,-3.862029,4.067807,9.821157,1.878014,0.846599,-9.979565,-9.919273,-9.889431
53.335644,NaN,NaN,NaN,NaN,0.120593,-3.861859,4.068020,9.827985,1.881660,0.850027,-9.979561,-9.919296,-9.889355
53.345833,NaN,NaN,NaN,NaN,0.120537,-3.861693,4.068234,9.831401,1.885307,0.853458,-9.979553,-9.919323,-9.889286
53.359925,NaN,NaN,NaN,NaN,0.120480,-3.861531,4.068679,9.834817,1.888953,0.860297,-9.979534,-9.919353,-9.889149
53.365100,NaN,NaN,NaN,NaN,0.120406,-3.861195,4.068904,9.838228,1.896285,0.863722,-9.979504,-9.919399,-9.889084
53.376504,NaN,NaN,NaN,NaN,0.120255,-3.861033,4.069130,9.845056,1.899951,0.867150,-9.979435,-9.919426,-9.889027
53.383197,NaN,NaN,NaN,NaN,0.120178,-3.860876,4.069369,9.848471,1.903616,0.870563,-9.979397,-9.919453,-9.888981
53.394739,NaN,NaN,NaN,NaN,0.120085,-3.860512,4.069608,9.851888,1.910982,0.873979,-9.979347,-9.919533,-9.888943
53.404124,NaN,NaN,NaN,NaN,0.119991,-3.860337,4.069848,9.855307,1.914664,0.877398,-9.979294,-9.919575,-9.888935
53.414867,NaN,NaN,NaN,NaN,0.119802,-3.860167,4.070339,9.862146,1.918345,0.884224,-9.979187,-9.919617,-9.888935
53.424441,NaN,NaN,NaN,NaN,0.119691,-3.859967,4.070589,9.865576,1.922037,0.887631,-9.979126,-9.919670,-9.888939
53.435458,NaN,NaN,NaN,NaN,0.119579,-3.859773,4.070840,9.869006,1.925728,0.891042,-9.979065,-9.919724,-9.888943
53.443893,NaN,NaN,NaN,NaN,0.119356,-3.859583,4.071093,9.875870,1.929419,0.894456,-9.978939,-9.919777,-9.888950
53.456476,NaN,NaN,NaN,NaN,0.119242,-3.859185,4.071604,9.879312,1.936807,0.901268,-9.978867,-9.919910,-9.888981
53.463561,NaN,NaN,NaN,NaN,0.119127,-3.858978,4.071862,9.882753,1.940505,0.904679,-9.978790,-9.919983,-9.889011
53.475873,NaN,NaN,NaN,NaN,0.119013,-3.858576,4.072119,9.886197,1.947897,0.908094,-9.978710,-9.920128,-9.889042
53.494699,NaN,NaN,NaN,NaN,0.118630,-3.858109,4.072935,9.896531,1.955304,0.918366,-9.978436,-9.920284,-9.889153
53.503299,NaN,NaN,NaN,NaN,0.118497,-3.857884,4.073208,9.899978,1.959006,0.921797,-9.978340,-9.920361,-9.889191
53.515112,NaN,NaN,NaN,NaN,0.118363,-3.857410,4.073492,9.903424,1.966412,0.925245,-9.978245,-9.920517,-9.889233
53.524406,NaN,NaN,NaN,NaN,0.118220,-3.857162,4.074061,9.906864,1.970116,0.932149,-9.978134,-9.920601,-9.889332
53.534738,NaN,NaN,NaN,NaN,0.117936,-3.856919,4.074347,9.913746,1.973819,0.935605,-9.977905,-9.920685,-9.889381
53.543944,NaN,NaN,NaN,NaN,0.117794,-3.856682,4.074652,9.917190,1.977522,0.939075,-9.977795,-9.920765,-9.889439
53.555130,NaN,NaN,NaN,NaN,0.117647,-3.856421,4.074958,9.920635,1.981231,0.942549,-9.977661,-9.920841,-9.889500
53.563457,NaN,NaN,NaN,NaN,0.117356,-3.855915,4.075569,9.927531,1.988646,0.949502,-9.977406,-9.920998,-9.889622
53.576369,NaN,NaN,NaN,NaN,0.117212,-3.855671,4.075876,9.930980,1.992352,0.952982,-9.977280,-9.921078,-9.889683
53.583753,NaN,NaN,NaN,NaN,0.117068,-3.855433,4.076206,9.934430,1.996056,0.956471,-9.977154,-9.921158,-9.889744
53.594684,NaN,NaN,NaN,NaN,0.116923,-3.855174,4.076537,9.937881,1.999744,0.959963,-9.977039,-9.921227,-9.889805
53.603611,NaN,NaN,NaN,NaN,0.116778,-3.854674,4.076867,9.941332,2.007119,0.963457,-9.976925,-9.921368,-9.889866
53.614823,NaN,NaN,NaN,NaN,0.116490,-3.854432,4.077554,9.948238,2.010805,0.970450,-9.976696,-9.921436,-9.890003
53.624079,NaN,NaN,NaN,NaN,0.116335,-3.854170,4.077910,9.951682,2.014493,0.973948,-9.976582,-9.921490,-9.890076
53.635425,NaN,NaN,NaN,NaN,0.116180,-3.853662,4.078266,9.955127,2.021865,0.977449,-9.976467,-9.921623,-9.890152
53.654782,NaN,NaN,NaN,NaN,0.115706,-3.853152,4.079386,9.965458,2.029234,0.987944,-9.976116,-9.921741,-9.890392
53.663783,NaN,NaN,NaN,NaN,0.115541,-3.852894,4.079766,9.968896,2.032919,0.991444,-9.976002,-9.921787,-9.890480
53.675789,NaN,NaN,NaN,NaN,0.115213,-3.852393,4.080146,9.975778,2.040284,0.994946,-9.975769,-9.921886,-9.890564
53.695380,NaN,NaN,NaN,NaN,0.114880,-3.851855,4.081325,9.982649,2.047657,1.005432,-9.975533,-9.921982,-9.890854
53.703507,NaN,NaN,NaN,NaN,0.114714,-3.851595,4.081715,9.986087,2.051340,1.008933,-9.975418,-9.922031,-9.890949
53.715041,NaN,NaN,NaN,NaN,0.114550,-3.851340,4.082123,9.989528,2.055022,1.012430,-9.975315,-9.922077,-9.891048
53.724020,NaN,NaN,NaN,NaN,0.114245,-3.850793,4.082932,9.996396,2.062383,1.019433,-9.975098,-9.922127,-9.891247
53.736199,NaN,NaN,NaN,NaN,0.114094,-3.850528,4.083333,9.999833,2.066061,1.022939,-9.974995,-9.922153,-9.891346
53.745235,NaN,NaN,NaN,NaN,0.113944,-3.850269,4.083759,10.003272,2.069736,1.026431,-9.974888,-9.922176,-9.891445
53.755028,NaN,NaN,NaN,NaN,0.113807,-3.849983,4.084181,10.006714,2.073412,1.029926,-9.974777,-9.922173,-9.891544
53.764032,NaN,NaN,NaN,NaN,0.113534,-3.849430,4.084601,10.013602,2.080758,1.033423,-9.974541,-9.922169,-9.891636
53.774992,NaN,NaN,NaN,NaN,0.113399,-3.849162,4.085454,10.017049,2.084427,1.040403,-9.974419,-9.922165,-9.891819
53.785192,NaN,NaN,NaN,NaN,0.113284,-3.848867,4.085887,10.020495,2.088112,1.043886,-9.974293,-9.922150,-9.891907
53.794893,NaN,NaN,NaN,NaN,0.113171,-3.848577,4.086318,10.023943,2.091794,1.047372,-9.974171,-9.922134,-9.891991
53.803589,NaN,NaN,NaN,NaN,0.113058,-3.848014,4.087193,10.027392,2.099151,1.054335,-9.974049,-9.922100,-9.892159
53.814894,NaN,NaN,NaN,NaN,0.112851,-3.847730,4.087636,10.034300,2.102828,1.057813,-9.973808,-9.922070,-9.892242
53.824089,NaN,NaN,NaN,NaN,0.112755,-3.847451,4.088075,10.037758,2.106503,1.061294,-9.973694,-9.922043,-9.892311
53.835676,NaN,NaN,NaN,NaN,0.112659,-3.846913,4.088514,10.041218,2.113845,1.064780,-9.973583,-9.921989,-9.892376
53.854760,NaN,NaN,NaN,NaN,0.112397,-3.846395,4.089857,10.051613,2.121168,1.075235,-9.973251,-9.921921,-9.892578
53.863344,NaN,NaN,NaN,NaN,0.112325,-3.846144,4.090307,10.055083,2.124821,1.078723,-9.973141,-9.921883,-9.892643
53.875439,NaN,NaN,NaN,NaN,0.112253,-3.845898,4.090755,10.058556,2.128471,1.082215,-9.973030,-9.921837,-9.892712
53.883773,NaN,NaN,NaN,NaN,0.112125,-3.845657,4.091693,10.065497,2.132119,1.089192,-9.972836,-9.921799,-9.892857
53.895105,NaN,NaN,NaN,NaN,0.112070,-3.845015,4.092158,10.068967,2.143011,1.092685,-9.972744,-9.921646,-9.892929
53.914892,NaN,NaN,NaN,NaN,0.111957,-3.844811,4.093102,10.075912,2.146637,1.099681,-9.972572,-9.921600,-9.893059
53.924115,NaN,NaN,NaN,NaN,0.111915,-3.844630,4.094058,10.079391,2.150264,1.106688,-9.972492,-9.921555,-9.893169
53.935665,NaN,NaN,NaN,NaN,0.111830,-3.844282,4.094532,10.086355,2.157513,1.110197,-9.972340,-9.921440,-9.893223
53.944567,NaN,NaN,NaN,NaN,0.111788,-3.844115,4.095027,10.089839,2.161134,1.113705,-9.972267,-9.921387,-9.893288
53.954869,NaN,NaN,NaN,NaN,0.111761,-3.843968,4.095518,10.093326,2.164763,1.117216,-9.972214,-9.921341,-9.893349
53.963424,NaN,NaN,NaN,NaN,0.111734,-3.843685,4.096490,10.096814,2.172017,1.124250,-9.972164,-9.921257,-9.893475
53.975128,NaN,NaN,NaN,NaN,0.111677,-3.843551,4.097018,10.103792,2.175640,1.127779,-9.972065,-9.921219,-9.893532
53.984467,NaN,NaN,NaN,NaN,0.111670,-3.843434,4.097542,10.107294,2.179265,1.131311,-9.972015,-9.921185,-9.893585
53.994605,NaN,NaN,NaN,NaN,0.111662,-3.843322,4.098062,10.110796,2.182888,1.134847,-9.971962,-9.921154,-9.893642
54.004188,NaN,NaN,NaN,NaN,0.111647,-3.843110,4.098578,10.117801,2.190126,1.138385,-9.971874,-9.921097,-9.893692
54.015125,NaN,NaN,NaN,NaN,0.111657,-3.843027,4.099700,10.121310,2.193735,1.145454,-9.971825,-9.921085,-9.893772
54.023317,NaN,NaN,NaN,NaN,0.111666,-3.842948,4.100255,10.124820,2.197341,1.148993,-9.971779,-9.921074,-9.893810
54.035553,NaN,NaN,NaN,NaN,0.111675,-3.842802,4.100804,10.128330,2.204547,1.152535,-9.971737,-9.921059,-9.893848
54.054929,NaN,NaN,NaN,NaN,0.111723,-3.842688,4.102561,10.138882,2.211731,1.163137,-9.971600,-9.921055,-9.893974
54.063558,NaN,NaN,NaN,NaN,0.111742,-3.842636,4.103138,10.142402,2.215321,1.166678,-9.971554,-9.921051,-9.894016
54.074868,NaN,NaN,NaN,NaN,0.111760,-3.842588,4.103750,10.145922,2.218908,1.170197,-9.971504,-9.921055,-9.894054
54.083862,NaN,NaN,NaN,NaN,0.111810,-3.842542,4.104961,10.152982,2.226060,1.177247,-9.971413,-9.921055,-9.894131
54.094658,NaN,NaN,NaN,NaN,0.111834,-3.842524,4.105560,10.156512,2.229633,1.180778,-9.971367,-9.921059,-9.894173
54.104199,NaN,NaN,NaN,NaN,0.111857,-3.842509,4.106153,10.160043,2.233205,1.184312,-9.971321,-9.921062,-9.894211
54.114871,NaN,NaN,NaN,NaN,0.111879,-3.842498,4.106772,10.163573,2.236775,1.187818,-9.971275,-9.921062,-9.894260
54.124002,NaN,NaN,NaN,NaN,0.111962,-3.842513,4.107995,10.170633,2.240333,1.194841,-9.971188,-9.921055,-9.894367
54.136343,NaN,NaN,NaN,NaN,0.112003,-3.842553,4.108599,10.174163,2.247446,1.198359,-9.971146,-9.921036,-9.894421
54.146525,NaN,NaN,NaN,NaN,0.112042,-3.842576,4.109221,10.177692,2.250999,1.201836,-9.971107,-9.921032,-9.894485
54.155248,NaN,NaN,NaN,NaN,0.112096,-3.842622,4.109839,10.181233,2.254541,1.205317,-9.971077,-9.921024,-9.894550
54.164205,NaN,NaN,NaN,NaN,0.112148,-3.842723,4.111060,10.184773,2.261622,1.212293,-9.971050,-9.921017,-9.894676
54.175162,NaN,NaN,NaN,NaN,0.112249,-3.842777,4.111686,10.191853,2.265160,1.215744,-9.970993,-9.921017,-9.894753
54.185165,NaN,NaN,NaN,NaN,0.112311,-3.842853,4.112306,10.195404,2.268687,1.219200,-9.970970,-9.921017,-9.894814
54.194768,NaN,NaN,NaN,NaN,0.112431,-3.842932,4.112921,10.202506,2.272213,1.222660,-9.970940,-9.921017,-9.894878
54.204040,NaN,NaN,NaN,NaN,0.112489,-3.843012,4.113531,10.206056,2.275739,1.226125,-9.970924,-9.921021,-9.894939
54.214869,NaN,NaN,NaN,NaN,0.112563,-3.843200,4.114761,10.209649,2.282783,1.233008,-9.970909,-9.921032,-9.895073
54.224007,NaN,NaN,NaN,NaN,0.112635,-3.843308,4.115369,10.213242,2.286304,1.236456,-9.970894,-9.921043,-9.895138
54.236567,NaN,NaN,NaN,NaN,0.112706,-3.843529,4.116580,10.216833,2.293341,1.243346,-9.970879,-9.921062,-9.895267
54.254800,NaN,NaN,NaN,NaN,0.112925,-3.843788,4.117781,10.227700,2.300391,1.250234,-9.970837,-9.921093,-9.895386
54.263974,NaN,NaN,NaN,NaN,0.112998,-3.843921,4.118374,10.231335,2.303914,1.253685,-9.970821,-9.921112,-9.895447
54.274854,NaN,NaN,NaN,NaN,0.113070,-3.844205,4.118979,10.234968,2.310965,1.257117,-9.970806,-9.921150,-9.895515
54.284555,NaN,NaN,NaN,NaN,0.113218,-3.844357,4.120176,10.242278,2.314493,1.263997,-9.970772,-9.921165,-9.895649
54.295029,NaN,NaN,NaN,NaN,0.113290,-3.844510,4.120766,10.245931,2.318020,1.267443,-9.970757,-9.921181,-9.895714
54.304388,NaN,NaN,NaN,NaN,0.113360,-3.844664,4.121360,10.249580,2.321546,1.270865,-9.970741,-9.921200,-9.895782
54.315052,NaN,NaN,NaN,NaN,0.113439,-3.844828,4.121948,10.253241,2.325067,1.274291,-9.970726,-9.921215,-9.895847
54.324244,NaN,NaN,NaN,NaN,0.113591,-3.845161,4.123109,10.260553,2.332107,1.281158,-9.970703,-9.921249,-9.895977
54.336551,NaN,NaN,NaN,NaN,0.113665,-3.845329,4.123716,10.264207,2.335625,1.284574,-9.970692,-9.921268,-9.896046
54.343714,NaN,NaN,NaN,NaN,0.113742,-3.845503,4.124317,10.267865,2.339149,1.287996,-9.970665,-9.921272,-9.896118
54.355807,NaN,NaN,NaN,NaN,0.113817,-3.846028,4.124913,10.271522,2.349710,1.291423,-9.970638,-9.921276,-9.896187
54.374854,NaN,NaN,NaN,NaN,0.114035,-3.846205,4.126698,10.282478,2.353229,1.301710,-9.970581,-9.921280,-9.896416
54.384458,NaN,NaN,NaN,NaN,0.114121,-3.846391,4.127302,10.286142,2.356739,1.305133,-9.970551,-9.921268,-9.896488
54.395919,NaN,NaN,NaN,NaN,0.114206,-3.846954,4.127901,10.289803,2.367260,1.308562,-9.970524,-9.921253,-9.896561
54.414806,NaN,NaN,NaN,NaN,0.114457,-3.847132,4.129709,10.300776,2.370770,1.318844,-9.970428,-9.921246,-9.896774
54.423590,NaN,NaN,NaN,NaN,0.114544,-3.847311,4.130308,10.304433,2.374278,1.322276,-9.970387,-9.921242,-9.896858
54.434831,NaN,NaN,NaN,NaN,0.114629,-3.847670,4.130902,10.308087,2.381291,1.325713,-9.970341,-9.921234,-9.896942
54.443524,NaN,NaN,NaN,NaN,0.114712,-3.847847,4.132103,10.311741,2.384812,1.332608,-9.970299,-9.921227,-9.897106
54.454796,NaN,NaN,NaN,NaN,0.114905,-3.848024,4.132694,10.319054,2.388333,1.336062,-9.970207,-9.921219,-9.897186
54.463491,NaN,NaN,NaN,NaN,0.114998,-3.848202,4.133279,10.322706,2.391851,1.339522,-9.970161,-9.921211,-9.897266
54.474743,NaN,NaN,NaN,NaN,0.115089,-3.848381,4.133870,10.326358,2.395370,1.342992,-9.970119,-9.921219,-9.897350
54.483760,NaN,NaN,NaN,NaN,0.115309,-3.848561,4.135033,10.333642,2.398906,1.349948,-9.970020,-9.921215,-9.897488
54.495777,NaN,NaN,NaN,NaN,0.115416,-3.849100,4.135605,10.337280,2.409506,1.353433,-9.969967,-9.921207,-9.897552
54.514769,NaN,NaN,NaN,NaN,0.115640,-3.849271,4.136743,10.344554,2.413064,1.360413,-9.969868,-9.921192,-9.897690
54.523677,NaN,NaN,NaN,NaN,0.115757,-3.849613,4.137303,10.348188,2.420174,1.363909,-9.969822,-9.921177,-9.897755
54.535098,NaN,NaN,NaN,NaN,0.115984,-3.849785,4.138406,10.355452,2.423727,1.370931,-9.969730,-9.921173,-9.897896
54.544569,NaN,NaN,NaN,NaN,0.116118,-3.849948,4.138950,10.359095,2.427303,1.374455,-9.969681,-9.921158,-9.897968
54.555260,NaN,NaN,NaN,NaN,0.116249,-3.850112,4.139488,10.362735,2.430877,1.377984,-9.969639,-9.921143,-9.898037
54.564431,NaN,NaN,NaN,NaN,0.116506,-3.850275,4.140019,10.370008,2.434449,1.381516,-9.969563,-9.921127,-9.898106
54.576061,NaN,NaN,NaN,NaN,0.116654,-3.850579,4.141091,10.373663,2.441615,1.388626,-9.969521,-9.921082,-9.898251
54.584517,NaN,NaN,NaN,NaN,0.116799,-3.850719,4.141617,10.377315,2.445209,1.392187,-9.969482,-9.921047,-9.898323
54.595606,NaN,NaN,NaN,NaN,0.116942,-3.851000,4.142136,10.380964,2.452391,1.395751,-9.969444,-9.920971,-9.898396
54.614943,NaN,NaN,NaN,NaN,0.117401,-3.851234,4.143673,10.391932,2.459624,1.406542,-9.969345,-9.920879,-9.898621
54.623769,NaN,NaN,NaN,NaN,0.117556,-3.851352,4.144173,10.395590,2.463237,1.410146,-9.969318,-9.920837,-9.898693
54.635533,NaN,NaN,NaN,NaN,0.117708,-3.851469,4.144667,10.399245,2.466848,1.413753,-9.969292,-9.920799,-9.898766
54.643784,NaN,NaN,NaN,NaN,0.118015,-3.851689,4.145651,10.406564,2.474094,1.421011,-9.969242,-9.920704,-9.898914
54.654772,NaN,NaN,NaN,NaN,0.118169,-3.851790,4.146133,10.410228,2.477729,1.424644,-9.969219,-9.920647,-9.898991
54.664714,NaN,NaN,NaN,NaN,0.118320,-3.851893,4.146609,10.413890,2.481361,1.428280,-9.969196,-9.920597,-9.899071
54.675393,NaN,NaN,NaN,NaN,0.118466,-3.851996,4.147089,10.417549,2.484992,1.431928,-9.969177,-9.920544,-9.899147
54.683724,NaN,NaN,NaN,NaN,0.118775,-3.852196,4.148028,10.424876,2.492322,1.439233,-9.969143,-9.920429,-9.899300
54.695792,NaN,NaN,NaN,NaN,0.118925,-3.852297,4.148489,10.428536,2.495983,1.442889,-9.969124,-9.920372,-9.899372
54.705267,NaN,NaN,NaN,NaN,0.119072,-3.852398,4.148953,10.432196,2.499642,1.446563,-9.969109,-9.920322,-9.899441
54.715078,NaN,NaN,NaN,NaN,0.119231,-3.852480,4.149411,10.435858,2.503329,1.450240,-9.969101,-9.920261,-9.899509
54.723544,NaN,NaN,NaN,NaN,0.119540,-3.852646,4.150308,10.443175,2.510694,1.457600,-9.969097,-9.920143,-9.899673
54.735581,NaN,NaN,NaN,NaN,0.119689,-3.852730,4.150750,10.446833,2.514373,1.461287,-9.969105,-9.920090,-9.899742
54.744341,NaN,NaN,NaN,NaN,0.119851,-3.852792,4.151185,10.450484,2.518074,1.464976,-9.969120,-9.920036,-9.899811
54.754721,NaN,NaN,NaN,NaN,0.120010,-3.852854,4.151613,10.454134,2.521771,1.468667,-9.969135,-9.919983,-9.899876
54.764086,NaN,NaN,NaN,NaN,0.120319,-3.852917,4.152036,10.461430,2.525466,1.472361,-9.969166,-9.919937,-9.899940
54.775040,NaN,NaN,NaN,NaN,0.120481,-3.853039,4.152817,10.465075,2.532870,1.479769,-9.969189,-9.919895,-9.900043
54.783715,NaN,NaN,NaN,NaN,0.120639,-3.853098,4.153199,10.468719,2.536579,1.483477,-9.969215,-9.919876,-9.900097
54.796205,NaN,NaN,NaN,NaN,0.120947,-3.853219,4.153576,10.476000,2.543986,1.487186,-9.969231,-9.919853,-9.900146
54.814704,NaN,NaN,NaN,NaN,0.121243,-3.853320,4.154603,10.483307,2.551430,1.498362,-9.969257,-9.919830,-9.900284
54.823454,NaN,NaN,NaN,NaN,0.121385,-3.853371,4.154934,10.486958,2.555148,1.502091,-9.969269,-9.919823,-9.900330
54.835214,NaN,NaN,NaN,NaN,0.121525,-3.853424,4.155240,10.490607,2.558863,1.505834,-9.969284,-9.919804,-9.900364
54.843982,NaN,NaN,NaN,NaN,0.121648,-3.853505,4.155836,10.494268,2.566317,1.513325,-9.969307,-9.919758,-9.900429
54.854772,NaN,NaN,NaN,NaN,0.121885,-3.853547,4.156126,10.501586,2.570039,1.517073,-9.969360,-9.919739,-9.900463
54.863659,NaN,NaN,NaN,NaN,0.122000,-3.853590,4.156387,10.505243,2.573759,1.520831,-9.969387,-9.919720,-9.900478
54.874905,NaN,NaN,NaN,NaN,0.122088,-3.853615,4.156643,10.508909,2.577485,1.524589,-9.969418,-9.919682,-9.900490
54.884304,NaN,NaN,NaN,NaN,0.122257,-3.853668,4.157143,10.516235,2.584929,1.532109,-9.969482,-9.919609,-9.900517
54.895471,NaN,NaN,NaN,NaN,0.122338,-3.853724,4.157386,10.519896,2.592363,1.535871,-9.969509,-9.919537,-9.900532
54.914872,NaN,NaN,NaN,NaN,0.122471,-3.853740,4.157834,10.527215,2.596082,1.543399,-9.969574,-9.919498,-9.900509
54.923483,NaN,NaN,NaN,NaN,0.122524,-3.853774,4.158264,10.530873,2.603513,1.550931,-9.969612,-9.919430,-9.900490
54.935132,NaN,NaN,NaN,NaN,0.122624,-3.853792,4.158463,10.538187,2.607225,1.554699,-9.969685,-9.919399,-9.900452
54.944916,NaN,NaN,NaN,NaN,0.122659,-3.853796,4.158658,10.541843,2.610950,1.558467,-9.969723,-9.919369,-9.900414
54.956424,NaN,NaN,NaN,NaN,0.122692,-3.853811,4.158849,10.545498,2.622107,1.562236,-9.969761,-9.919224,-9.900379
54.974978,NaN,NaN,NaN,NaN,0.122781,-3.853808,4.159377,10.556458,2.625844,1.573524,-9.969849,-9.919178,-9.900200
54.984603,NaN,NaN,NaN,NaN,0.122809,-3.853806,4.159543,10.560113,2.629577,1.577285,-9.969872,-9.919136,-9.900135
54.996577,NaN,NaN,NaN,NaN,0.122861,-3.853797,4.159704,10.567418,2.640771,1.581046,-9.969925,-9.918991,-9.900070
55.014896,NaN,NaN,NaN,NaN,0.122903,-3.853789,4.160141,10.574718,2.644504,1.592295,-9.969971,-9.918930,-9.899788
55.024022,NaN,NaN,NaN,NaN,0.122922,-3.853781,4.160280,10.578367,2.648234,1.596046,-9.969997,-9.918869,-9.899700
55.034995,NaN,NaN,NaN,NaN,0.122940,-3.853752,4.160410,10.582013,2.655679,1.599794,-9.970028,-9.918747,-9.899582
55.043876,NaN,NaN,NaN,NaN,0.122958,-3.853731,4.160661,10.585649,2.659394,1.607293,-9.970062,-9.918682,-9.899349
55.056019,NaN,NaN,NaN,NaN,0.122990,-3.853711,4.160783,10.592913,2.663106,1.611044,-9.970123,-9.918621,-9.899239
55.065550,NaN,NaN,NaN,NaN,0.123005,-3.853691,4.160886,10.596543,2.666817,1.614798,-9.970158,-9.918560,-9.899105
55.074761,NaN,NaN,NaN,NaN,0.123028,-3.853671,4.160987,10.600182,2.670512,1.618552,-9.970188,-9.918503,-9.898972
55.083632,NaN,NaN,NaN,NaN,0.123070,-3.853634,4.161085,10.607454,2.677895,1.622306,-9.970249,-9.918392,-9.898857
55.094927,NaN,NaN,NaN,NaN,0.123089,-3.853617,4.161260,10.611090,2.681584,1.629806,-9.970280,-9.918339,-9.898609
55.105029,NaN,NaN,NaN,NaN,0.123121,-3.853606,4.161338,10.614715,2.685257,1.633551,-9.970306,-9.918274,-9.898483
55.114866,NaN,NaN,NaN,NaN,0.123181,-3.853596,4.161414,10.621962,2.688929,1.637297,-9.970360,-9.918213,-9.898361
55.123852,NaN,NaN,NaN,NaN,0.123209,-3.853577,4.161487,10.625584,2.696266,1.641043,-9.970383,-9.918095,-9.898239
55.134892,NaN,NaN,NaN,NaN,0.123246,-3.853566,4.161599,10.629207,2.699931,1.648523,-9.970398,-9.918018,-9.897972
55.143851,NaN,NaN,NaN,NaN,0.123282,-3.853555,4.161652,10.632828,2.703593,1.652263,-9.970413,-9.917942,-9.897827
55.156019,NaN,NaN,NaN,NaN,0.123316,-3.853526,4.161751,10.636448,2.714568,1.659744,-9.970421,-9.917740,-9.897552
55.174839,NaN,NaN,NaN,NaN,0.123418,-3.853509,4.161835,10.647319,2.718217,1.667199,-9.970436,-9.917667,-9.897247
55.183633,NaN,NaN,NaN,NaN,0.123454,-3.853492,4.161875,10.650949,2.721865,1.670927,-9.970436,-9.917595,-9.897099
55.194887,NaN,NaN,NaN,NaN,0.123489,-3.853459,4.161912,10.654579,2.729153,1.674655,-9.970432,-9.917484,-9.896954
55.204846,NaN,NaN,NaN,NaN,0.123522,-3.853430,4.161951,10.658208,2.732797,1.682074,-9.970432,-9.917427,-9.896652
55.214660,NaN,NaN,NaN,NaN,0.123626,-3.853402,4.161968,10.665481,2.736438,1.685784,-9.970421,-9.917374,-9.896511
55.223354,NaN,NaN,NaN,NaN,0.123676,-3.853374,4.161983,10.669115,2.740078,1.689494,-9.970417,-9.917320,-9.896370
55.235253,NaN,NaN,NaN,NaN,0.123723,-3.853345,4.161983,10.672748,2.743716,1.693204,-9.970409,-9.917274,-9.896221
55.243495,NaN,NaN,NaN,NaN,0.123870,-3.853277,4.161979,10.680040,2.750997,1.700624,-9.970367,-9.917164,-9.895931
55.255449,NaN,NaN,NaN,NaN,0.123940,-3.853243,4.161975,10.683684,2.754635,1.704334,-9.970348,-9.917114,-9.895794
55.264261,NaN,NaN,NaN,NaN,0.124008,-3.853210,4.161955,10.687326,2.758271,1.708049,-9.970329,-9.917068,-9.895649
55.275271,NaN,NaN,NaN,NaN,0.124225,-3.853167,4.161934,10.694644,2.761912,1.711765,-9.970268,-9.917000,-9.895508
55.283940,NaN,NaN,NaN,NaN,0.124330,-3.853082,4.161912,10.698299,2.769188,1.715481,-9.970238,-9.916870,-9.895367
55.294985,NaN,NaN,NaN,NaN,0.124432,-3.853040,4.161855,10.701954,2.772822,1.722928,-9.970207,-9.916813,-9.895115
55.303899,NaN,NaN,NaN,NaN,0.124572,-3.853010,4.161820,10.705615,2.776455,1.726659,-9.970165,-9.916721,-9.894997
55.314797,NaN,NaN,NaN,NaN,0.124710,-3.852981,4.161785,10.709274,2.780086,1.730390,-9.970127,-9.916634,-9.894886
55.324047,NaN,NaN,NaN,NaN,0.124974,-3.852952,4.161749,10.716587,2.783715,1.734120,-9.970039,-9.916553,-9.894768
55.335270,NaN,NaN,NaN,NaN,0.125143,-3.852914,4.161634,10.720241,2.790963,1.741604,-9.969990,-9.916367,-9.894573
55.344318,NaN,NaN,NaN,NaN,0.125309,-3.852905,4.161575,10.723893,2.794583,1.745345,-9.969936,-9.916264,-9.894482
55.356558,NaN,NaN,NaN,NaN,0.125627,-3.852886,4.161516,10.731193,2.801820,1.749086,-9.969841,-9.916069,-9.894394
55.375491,NaN,NaN,NaN,NaN,0.125992,-3.852866,4.161337,10.738483,2.809072,1.760307,-9.969719,-9.915821,-9.894157
55.384170,NaN,NaN,NaN,NaN,0.126169,-3.852856,4.161277,10.742126,2.812695,1.764048,-9.969662,-9.915703,-9.894073
55.394834,NaN,NaN,NaN,NaN,0.126342,-3.852816,4.161220,10.745767,2.819948,1.767795,-9.969585,-9.915470,-9.893997
55.405036,NaN,NaN,NaN,NaN,0.126532,-3.852788,4.161104,10.749408,2.823577,1.775290,-9.969498,-9.915348,-9.893848
55.414716,NaN,NaN,NaN,NaN,0.126899,-3.852760,4.161046,10.756686,2.827205,1.779037,-9.969326,-9.915234,-9.893780
55.424563,NaN,NaN,NaN,NaN,0.127077,-3.852732,4.160988,10.760323,2.830831,1.782783,-9.969242,-9.915123,-9.893711
55.435509,NaN,NaN,NaN,NaN,0.127250,-3.852704,4.160934,10.763958,2.834456,1.786543,-9.969162,-9.915028,-9.893646
55.443352,NaN,NaN,NaN,NaN,0.127444,-3.852614,4.160828,10.767599,2.841717,1.794063,-9.969070,-9.914822,-9.893570
55.456282,NaN,NaN,NaN,NaN,0.127818,-3.852570,4.160774,10.774877,2.845345,1.797823,-9.968891,-9.914726,-9.893539
55.463989,NaN,NaN,NaN,NaN,0.127998,-3.852527,4.160719,10.778513,2.848971,1.801577,-9.968803,-9.914635,-9.893486
55.474783,NaN,NaN,NaN,NaN,0.128193,-3.852475,4.160665,10.782166,2.852604,1.805331,-9.968716,-9.914524,-9.893440
55.483565,NaN,NaN,NaN,NaN,0.128571,-3.852373,4.160555,10.789464,2.859865,1.812836,-9.968548,-9.914337,-9.893353
55.494820,NaN,NaN,NaN,NaN,0.128754,-3.852323,4.160499,10.793111,2.863493,1.816588,-9.968464,-9.914257,-9.893288
55.504780,NaN,NaN,NaN,NaN,0.128960,-3.852274,4.160444,10.796764,2.867121,1.820340,-9.968380,-9.914154,-9.893234
55.514795,NaN,NaN,NaN,NaN,0.129161,-3.852225,4.160388,10.800416,2.870747,1.824092,-9.968300,-9.914059,-9.893181
55.524148,NaN,NaN,NaN,NaN,0.129550,-3.852177,4.160281,10.807715,2.874372,1.831610,-9.968147,-9.913967,-9.893066
55.534938,NaN,NaN,NaN,NaN,0.129758,-3.852098,4.160232,10.811378,2.881619,1.835375,-9.968063,-9.913761,-9.893005
55.543290,NaN,NaN,NaN,NaN,0.129963,-3.852066,4.160183,10.815040,2.885242,1.839140,-9.967979,-9.913647,-9.892944
55.556458,NaN,NaN,NaN,NaN,0.130358,-3.852035,4.160133,10.822355,2.888864,1.842903,-9.967823,-9.913540,-9.892887
55.564176,NaN,NaN,NaN,NaN,0.130579,-3.852005,4.160016,10.826036,2.892484,1.850464,-9.967735,-9.913441,-9.892715
55.574766,NaN,NaN,NaN,NaN,0.130796,-3.851986,4.159957,10.829715,2.899687,1.854244,-9.967648,-9.913193,-9.892635
55.584570,NaN,NaN,NaN,NaN,0.131008,-3.851978,4.159899,10.833391,2.903286,1.858022,-9.967567,-9.913078,-9.892559
55.594803,NaN,NaN,NaN,NaN,0.131215,-3.851970,4.159835,10.837066,2.906885,1.861801,-9.967487,-9.912968,-9.892487
55.603905,NaN,NaN,NaN,NaN,0.131659,-3.851996,4.159707,10.844443,2.910465,1.869357,-9.967316,-9.912838,-9.892357
55.615301,NaN,NaN,NaN,NaN,0.131874,-3.852074,4.159643,10.848129,2.921201,1.873134,-9.967236,-9.912468,-9.892292
55.635730,NaN,NaN,NaN,NaN,0.132308,-3.852141,4.159524,10.855515,2.924760,1.880684,-9.967068,-9.912319,-9.892193
55.643389,NaN,NaN,NaN,NaN,0.132527,-3.852207,4.159406,10.859214,2.928319,1.888232,-9.966980,-9.912174,-9.892101
55.656499,NaN,NaN,NaN,NaN,0.132950,-3.852339,4.159339,10.866604,2.935433,1.892002,-9.966812,-9.911903,-9.892052
55.663643,NaN,NaN,NaN,NaN,0.133173,-3.852451,4.159273,10.870317,2.938960,1.895772,-9.966717,-9.911736,-9.892006
55.674782,NaN,NaN,NaN,NaN,0.133391,-3.852561,4.159207,10.874026,2.942485,1.899541,-9.966621,-9.911556,-9.891964
55.683884,NaN,NaN,NaN,NaN,0.133604,-3.852670,4.159076,10.877734,2.946011,1.907078,-9.966530,-9.911385,-9.891846
55.695867,NaN,NaN,NaN,NaN,0.134016,-3.852884,4.159010,10.885141,2.953062,1.910839,-9.966351,-9.911064,-9.891792
55.704581,NaN,NaN,NaN,NaN,0.134225,-3.853034,4.158943,10.888851,2.956564,1.914600,-9.966255,-9.910877,-9.891739
55.715790,NaN,NaN,NaN,NaN,0.134429,-3.853182,4.158811,10.892559,2.960067,1.922120,-9.966160,-9.910694,-9.891640
55.724151,NaN,NaN,NaN,NaN,0.134823,-3.853474,4.158751,10.899967,2.967072,1.925866,-9.965981,-9.910355,-9.891598
55.734865,NaN,NaN,NaN,NaN,0.135030,-3.853651,4.158691,10.903675,2.970547,1.929611,-9.965893,-9.910168,-9.891556
55.744050,NaN,NaN,NaN,NaN,0.135232,-3.853827,4.158631,10.907382,2.974023,1.933357,-9.965813,-9.909988,-9.891525
55.754994,NaN,NaN,NaN,NaN,0.135429,-3.854001,4.158571,10.911086,2.977499,1.937102,-9.965733,-9.909817,-9.891499
55.765646,NaN,NaN,NaN,NaN,0.135622,-3.854387,4.158475,10.914787,2.984429,1.944564,-9.965656,-9.909485,-9.891457
55.776381,NaN,NaN,NaN,NaN,0.136023,-3.854598,4.158428,10.922201,2.987884,1.948295,-9.965519,-9.909321,-9.891438
55.784083,NaN,NaN,NaN,NaN,0.136216,-3.854807,4.158380,10.925903,2.991339,1.952025,-9.965458,-9.909164,-9.891418
55.794917,NaN,NaN,NaN,NaN,0.136406,-3.855015,4.158325,10.929604,2.994795,1.955733,-9.965397,-9.909019,-9.891399
55.805250,NaN,NaN,NaN,NaN,0.136807,-3.855509,4.158215,10.937022,3.001670,1.963150,-9.965298,-9.908745,-9.891354
55.816177,NaN,NaN,NaN,NaN,0.137001,-3.855994,4.158160,10.940728,3.008549,1.966859,-9.965256,-9.908497,-9.891331
55.835071,NaN,NaN,NaN,NaN,0.137385,-3.856272,4.158066,10.948154,3.011962,1.974259,-9.965195,-9.908375,-9.891300
55.843469,NaN,NaN,NaN,NaN,0.137575,-3.856820,4.158019,10.951875,3.018794,1.977960,-9.965172,-9.908142,-9.891289
55.856999,NaN,NaN,NaN,NaN,0.137942,-3.857395,4.157916,10.959308,3.025609,1.985359,-9.965130,-9.907928,-9.891266
55.874712,NaN,NaN,NaN,NaN,0.138268,-3.857697,4.157805,10.966794,3.029006,1.992759,-9.965111,-9.907822,-9.891247
55.884213,NaN,NaN,NaN,NaN,0.138576,-3.858291,4.157751,10.974270,3.035805,1.996459,-9.965092,-9.907631,-9.891239
55.894747,NaN,NaN,NaN,NaN,0.138703,-3.858621,4.157662,10.978024,3.039176,2.003849,-9.965107,-9.907547,-9.891205
55.903053,NaN,NaN,NaN,NaN,0.138826,-3.858948,4.157618,10.981774,3.042548,2.007544,-9.965122,-9.907467,-9.891190
55.916692,NaN,NaN,NaN,NaN,0.139061,-3.859950,4.157573,10.989266,3.052650,2.011239,-9.965157,-9.907223,-9.891174
55.934954,NaN,NaN,NaN,NaN,0.139240,-3.860305,4.157446,10.996770,3.056005,2.022296,-9.965271,-9.907150,-9.891041
55.943210,NaN,NaN,NaN,NaN,0.139325,-3.860656,4.157405,11.000516,3.059361,2.025982,-9.965332,-9.907082,-9.890995
55.954995,NaN,NaN,NaN,NaN,0.139408,-3.861004,4.157363,11.004259,3.062719,2.029669,-9.965389,-9.907017,-9.890953
55.964661,NaN,NaN,NaN,NaN,0.139487,-3.861347,4.157331,11.008000,3.066080,2.033330,-9.965450,-9.906956,-9.890900
55.974704,NaN,NaN,NaN,NaN,0.139599,-3.862081,4.157267,11.015501,3.072749,2.040654,-9.965622,-9.906799,-9.890797
55.984450,NaN,NaN,NaN,NaN,0.139651,-3.862442,4.157234,11.019247,3.076087,2.044317,-9.965710,-9.906731,-9.890759
55.995243,NaN,NaN,NaN,NaN,0.139700,-3.862798,4.157213,11.022990,3.079428,2.047957,-9.965786,-9.906662,-9.890728
56.003507,NaN,NaN,NaN,NaN,0.139741,-3.863563,4.157171,11.026734,3.086063,2.055242,-9.965885,-9.906551,-9.890663
56.015721,NaN,NaN,NaN,NaN,0.139814,-3.864309,4.157149,11.034216,3.092710,2.058885,-9.966084,-9.906456,-9.890636
56.034877,NaN,NaN,NaN,NaN,0.139880,-3.864709,4.157091,11.041685,3.096002,2.066133,-9.966312,-9.906437,-9.890579
56.043320,NaN,NaN,NaN,NaN,0.139939,-3.865103,4.157061,11.049144,3.099296,2.069758,-9.966568,-9.906418,-9.890533
56.054924,NaN,NaN,NaN,NaN,0.139966,-3.865876,4.156992,11.052869,3.105895,2.076984,-9.966694,-9.906391,-9.890438
56.063641,NaN,NaN,NaN,NaN,0.140004,-3.866299,4.156954,11.056596,3.109176,2.080585,-9.966843,-9.906387,-9.890388
56.074737,NaN,NaN,NaN,NaN,0.140039,-3.866717,4.156915,11.060320,3.112459,2.084188,-9.966991,-9.906387,-9.890343
56.084256,NaN,NaN,NaN,NaN,0.140103,-3.867536,4.156876,11.067760,3.119035,2.087791,-9.967281,-9.906391,-9.890297
56.094974,NaN,NaN,NaN,NaN,0.140156,-3.867976,4.156803,11.071484,3.122324,2.094928,-9.967445,-9.906395,-9.890213
56.103859,NaN,NaN,NaN,NaN,0.140208,-3.868410,4.156766,11.075206,3.125618,2.098498,-9.967602,-9.906395,-9.890152
56.116413,NaN,NaN,NaN,NaN,0.140303,-3.869710,4.156694,11.082642,3.135511,2.105611,-9.967922,-9.906422,-9.890049
56.135215,NaN,NaN,NaN,NaN,0.140412,-3.870154,4.156626,11.090077,3.138813,2.112698,-9.968266,-9.906433,-9.889965
56.143802,NaN,NaN,NaN,NaN,0.140463,-3.870592,4.156590,11.093791,3.142118,2.116243,-9.968430,-9.906445,-9.889923
56.155176,NaN,NaN,NaN,NaN,0.140512,-3.871484,4.156555,11.097502,3.148731,2.119751,-9.968594,-9.906467,-9.889885
56.165232,NaN,NaN,NaN,NaN,0.140604,-3.871939,4.156483,11.104958,3.152040,2.126775,-9.968945,-9.906487,-9.889820
56.175012,NaN,NaN,NaN,NaN,0.140646,-3.872386,4.156446,11.108681,3.155353,2.130290,-9.969116,-9.906506,-9.889786
56.185493,NaN,NaN,NaN,NaN,0.140687,-3.872827,4.156403,11.112401,3.158669,2.133771,-9.969284,-9.906528,-9.889755
56.194908,NaN,NaN,NaN,NaN,0.140724,-3.873307,4.156360,11.116134,3.161978,2.137255,-9.969467,-9.906559,-9.889725
56.203612,NaN,NaN,NaN,NaN,0.140759,-3.873780,4.156271,11.119864,3.165291,2.144228,-9.969643,-9.906590,-9.889668
56.216811,NaN,NaN,NaN,NaN,0.140824,-3.875154,4.156225,11.127316,3.175246,2.147717,-9.969986,-9.906708,-9.889641
56.234717,NaN,NaN,NaN,NaN,0.140859,-3.875616,4.156100,11.134777,3.178566,2.154645,-9.970322,-9.906761,-9.889553
56.243576,NaN,NaN,NaN,NaN,0.140863,-3.876517,4.156035,11.142250,3.185214,2.158113,-9.970654,-9.906876,-9.889511
56.254874,NaN,NaN,NaN,NaN,0.140863,-3.876956,4.155899,11.145982,3.188543,2.165036,-9.970814,-9.906937,-9.889420
56.264734,NaN,NaN,NaN,NaN,0.140832,-3.877397,4.155826,11.149734,3.191879,2.168491,-9.970978,-9.907005,-9.889370
56.275343,NaN,NaN,NaN,NaN,0.140800,-3.877830,4.155753,11.153484,3.195219,2.171948,-9.971134,-9.907085,-9.889320
56.285104,NaN,NaN,NaN,NaN,0.140733,-3.878674,4.155592,11.160973,3.201907,2.178848,-9.971439,-9.907246,-9.889194
56.294692,NaN,NaN,NaN,NaN,0.140683,-3.879101,4.155507,11.164731,3.205266,2.182290,-9.971581,-9.907337,-9.889130
56.303364,NaN,NaN,NaN,NaN,0.140632,-3.879520,4.155420,11.168488,3.208628,2.185735,-9.971718,-9.907429,-9.889065
56.316846,NaN,NaN,NaN,NaN,0.140531,-3.880744,4.155334,11.175989,3.218744,2.189182,-9.971981,-9.907730,-9.889004
56.334737,NaN,NaN,NaN,NaN,0.140407,-3.881141,4.155067,11.183502,3.222130,2.199508,-9.972225,-9.907837,-9.888817
56.343567,NaN,NaN,NaN,NaN,0.140345,-3.881531,4.154977,11.187255,3.225520,2.202955,-9.972343,-9.907948,-9.888748
56.356586,NaN,NaN,NaN,NaN,0.140282,-3.882672,4.154785,11.191004,3.235734,2.209853,-9.972466,-9.908302,-9.888592
56.375426,NaN,NaN,NaN,NaN,0.140039,-3.883402,4.154590,11.202262,3.242566,2.216760,-9.972824,-9.908543,-9.888443
56.394780,NaN,NaN,NaN,NaN,0.139872,-3.883766,4.154382,11.209780,3.246006,2.223639,-9.973049,-9.908676,-9.888290
56.403336,NaN,NaN,NaN,NaN,0.139701,-3.884472,4.154169,11.217311,3.252895,2.230528,-9.973248,-9.908939,-9.888126
56.416392,NaN,NaN,NaN,NaN,0.139616,-3.885148,4.154045,11.221072,3.259811,2.233961,-9.973343,-9.909214,-9.888054
56.435103,NaN,NaN,NaN,NaN,0.139445,-3.885476,4.153795,11.228669,3.263281,2.240833,-9.973507,-9.909351,-9.887913
56.443355,NaN,NaN,NaN,NaN,0.139361,-3.885796,4.153526,11.232462,3.266754,2.247718,-9.973587,-9.909492,-9.887787
56.454984,NaN,NaN,NaN,NaN,0.139178,-3.886417,4.153382,11.240080,3.273707,2.251164,-9.973728,-9.909794,-9.887730
56.463723,NaN,NaN,NaN,NaN,0.139078,-3.886717,4.153238,11.243904,3.277188,2.254613,-9.973793,-9.909946,-9.887669
56.475708,NaN,NaN,NaN,NaN,0.138979,-3.887010,4.153093,11.247725,3.280671,2.258064,-9.973846,-9.910099,-9.887615
56.484627,NaN,NaN,NaN,NaN,0.138881,-3.887577,4.152947,11.251540,3.287645,2.261517,-9.973892,-9.910397,-9.887558
56.494947,NaN,NaN,NaN,NaN,0.138687,-3.887848,4.152595,11.259207,3.291136,2.268455,-9.973976,-9.910549,-9.887482
56.503771,NaN,NaN,NaN,NaN,0.138592,-3.888113,4.152418,11.263056,3.294630,2.271926,-9.974014,-9.910702,-9.887447
56.514912,NaN,NaN,NaN,NaN,0.138497,-3.888372,4.152241,11.266900,3.298125,2.275401,-9.974049,-9.910843,-9.887413
56.525078,NaN,NaN,NaN,NaN,0.138402,-3.888873,4.151851,11.270741,3.305125,2.282371,-9.974079,-9.911137,-9.887379
56.534992,NaN,NaN,NaN,NaN,0.138193,-3.889113,4.151656,11.278485,3.308629,2.285859,-9.974125,-9.911289,-9.887367
56.544127,NaN,NaN,NaN,NaN,0.138089,-3.889347,4.151462,11.282351,3.312136,2.289349,-9.974144,-9.911442,-9.887356
56.555155,NaN,NaN,NaN,NaN,0.137986,-3.889575,4.151239,11.286214,3.315646,2.292850,-9.974163,-9.911591,-9.887352
56.564957,NaN,NaN,NaN,NaN,0.137882,-3.890027,4.150796,11.290099,3.322651,2.299858,-9.974163,-9.911922,-9.887356
56.576234,NaN,NaN,NaN,NaN,0.137676,-3.890244,4.150575,11.297855,3.326158,2.303363,-9.974159,-9.912086,-9.887360
56.584635,NaN,NaN,NaN,NaN,0.137574,-3.890455,4.150326,11.301727,3.329667,2.306870,-9.974155,-9.912254,-9.887367
56.594889,NaN,NaN,NaN,NaN,0.137467,-3.890663,4.150078,11.305619,3.333178,2.310377,-9.974136,-9.912422,-9.887375
56.603876,NaN,NaN,NaN,NaN,0.137361,-3.891061,4.149832,11.309506,3.340205,2.313887,-9.974113,-9.912754,-9.887383
56.616612,NaN,NaN,NaN,NaN,0.137151,-3.891251,4.149315,11.317268,3.343723,2.320925,-9.974068,-9.912918,-9.887409
56.624790,NaN,NaN,NaN,NaN,0.137046,-3.891444,4.149045,11.321159,3.347238,2.324454,-9.974014,-9.913082,-9.887432
56.634869,NaN,NaN,NaN,NaN,0.136941,-3.891633,4.148776,11.325047,3.350756,2.327985,-9.973961,-9.913242,-9.887451
56.643901,NaN,NaN,NaN,NaN,0.136733,-3.891991,4.148508,11.332809,3.357799,2.331517,-9.973846,-9.913551,-9.887459
56.655827,NaN,NaN,NaN,NaN,0.136625,-3.892159,4.147908,11.336676,3.361332,2.338627,-9.973763,-9.913700,-9.887501
56.663379,NaN,NaN,NaN,NaN,0.136517,-3.892322,4.147610,11.340537,3.364868,2.342184,-9.973679,-9.913849,-9.887524
56.675521,NaN,NaN,NaN,NaN,0.136304,-3.892480,4.147315,11.348249,3.368406,2.345742,-9.973507,-9.913994,-9.887547
56.685258,NaN,NaN,NaN,NaN,0.136190,-3.892632,4.146984,11.352084,3.371948,2.349315,-9.973400,-9.914135,-9.887581
56.694716,NaN,NaN,NaN,NaN,0.136078,-3.892888,4.146328,11.355915,3.379043,2.356464,-9.973297,-9.914421,-9.887661
56.703381,NaN,NaN,NaN,NaN,0.135966,-3.893010,4.146003,11.359742,3.382594,2.360039,-9.973190,-9.914562,-9.887707
56.715053,NaN,NaN,NaN,NaN,0.135855,-3.893226,4.145646,11.363566,3.389709,2.363614,-9.973110,-9.914837,-9.887756
56.724931,NaN,NaN,NaN,NaN,0.135627,-3.893323,4.144939,11.371187,3.393272,2.370766,-9.972939,-9.914970,-9.887859
56.734769,NaN,NaN,NaN,NaN,0.135514,-3.893414,4.144589,11.374994,3.396838,2.374344,-9.972855,-9.915100,-9.887909
56.744093,NaN,NaN,NaN,NaN,0.135403,-3.893501,4.144243,11.378798,3.400406,2.377922,-9.972771,-9.915234,-9.887962
56.755118,NaN,NaN,NaN,NaN,0.135293,-3.893643,4.143876,11.382599,3.407550,2.381493,-9.972687,-9.915455,-9.888020
56.776299,NaN,NaN,NaN,NaN,0.134907,-3.893800,4.142793,11.393952,3.418284,2.392210,-9.972431,-9.915783,-9.888165
56.794660,NaN,NaN,NaN,NaN,0.134643,-3.893829,4.142000,11.401504,3.421885,2.399370,-9.972260,-9.915886,-9.888283
56.804079,NaN,NaN,NaN,NaN,0.134506,-3.893878,4.141222,11.405272,3.429092,2.406533,-9.972168,-9.916084,-9.888405
56.814854,NaN,NaN,NaN,NaN,0.134237,-3.893897,4.140796,11.412800,3.432698,2.410128,-9.971996,-9.916183,-9.888474
56.824002,NaN,NaN,NaN,NaN,0.134084,-3.893907,4.140375,11.416551,3.436326,2.413724,-9.971889,-9.916286,-9.888557
56.835047,NaN,NaN,NaN,NaN,0.133932,-3.893914,4.139957,11.420300,3.439956,2.417321,-9.971786,-9.916386,-9.888638
56.843479,NaN,NaN,NaN,NaN,0.133782,-3.893917,4.139543,11.424047,3.443587,2.420918,-9.971684,-9.916485,-9.888721
56.855405,NaN,NaN,NaN,NaN,0.133486,-3.893898,4.138678,11.431522,3.450874,2.428106,-9.971462,-9.916691,-9.888912
56.863512,NaN,NaN,NaN,NaN,0.133339,-3.893876,4.138252,11.435252,3.454528,2.431700,-9.971340,-9.916794,-9.889008
56.876228,NaN,NaN,NaN,NaN,0.133194,-3.893852,4.137830,11.438979,3.458184,2.435295,-9.971222,-9.916904,-9.889103
56.883783,NaN,NaN,NaN,NaN,0.133051,-3.893771,4.136995,11.442704,3.465528,2.442488,-9.971104,-9.917130,-9.889339
56.895311,NaN,NaN,NaN,NaN,0.132772,-3.893714,4.136584,11.450148,3.469216,2.446085,-9.970825,-9.917248,-9.889458
56.903679,NaN,NaN,NaN,NaN,0.132635,-3.893655,4.136176,11.453866,3.472906,2.449683,-9.970688,-9.917362,-9.889572
56.915974,NaN,NaN,NaN,NaN,0.132500,-3.893592,4.135393,11.457582,3.476596,2.456896,-9.970554,-9.917477,-9.889839
56.923857,NaN,NaN,NaN,NaN,0.132242,-3.893428,4.135007,11.464971,3.484035,2.460503,-9.970253,-9.917706,-9.889973
56.936262,NaN,NaN,NaN,NaN,0.132116,-3.893255,4.134625,11.468661,3.491477,2.464109,-9.970108,-9.917919,-9.890102
56.955384,NaN,NaN,NaN,NaN,0.131880,-3.893150,4.133900,11.476011,3.495207,2.471341,-9.969803,-9.918037,-9.890385
56.965879,NaN,NaN,NaN,NaN,0.131662,-3.893043,4.133188,11.483328,3.498937,2.478573,-9.969490,-9.918152,-9.890659
56.976618,NaN,NaN,NaN,NaN,0.131555,-3.892823,4.132844,11.486983,3.506398,2.482189,-9.969341,-9.918381,-9.890800
56.985386,NaN,NaN,NaN,NaN,0.131472,-3.892702,4.132503,11.490610,3.510147,2.485804,-9.969162,-9.918495,-9.890942
56.995401,NaN,NaN,NaN,NaN,0.131390,-3.892580,4.132165,11.494235,3.513896,2.489419,-9.968987,-9.918613,-9.891079
57.004267,NaN,NaN,NaN,NaN,0.131309,-3.892456,4.131499,11.497860,3.517646,2.496650,-9.968819,-9.918728,-9.891415
57.015021,NaN,NaN,NaN,NaN,0.131151,-3.892204,4.131175,11.505106,3.525145,2.500282,-9.968460,-9.918949,-9.891579
57.025089,NaN,NaN,NaN,NaN,0.131084,-3.892080,4.130855,11.508697,3.528907,2.503914,-9.968269,-9.919067,-9.891739
57.035825,NaN,NaN,NaN,NaN,0.131020,-3.891955,4.130538,11.512287,3.532669,2.507546,-9.968086,-9.919186,-9.891899
57.044116,NaN,NaN,NaN,NaN,0.130957,-3.891698,4.129914,11.515876,3.540193,2.514837,-9.967903,-9.919407,-9.892216
57.055234,NaN,NaN,NaN,NaN,0.130853,-3.891576,4.129609,11.523025,3.543975,2.518496,-9.967548,-9.919510,-9.892368
57.063399,NaN,NaN,NaN,NaN,0.130813,-3.891451,4.129308,11.526583,3.547756,2.522154,-9.967377,-9.919613,-9.892513
57.074906,NaN,NaN,NaN,NaN,0.130736,-3.891325,4.129009,11.533700,3.551538,2.525811,-9.967056,-9.919716,-9.892654
57.084171,NaN,NaN,NaN,NaN,0.130724,-3.891198,4.128412,11.537236,3.555319,2.533185,-9.966908,-9.919819,-9.892933
57.094690,NaN,NaN,NaN,NaN,0.130714,-3.890963,4.128119,11.540772,3.562901,2.536869,-9.966763,-9.920040,-9.893070
57.103505,NaN,NaN,NaN,NaN,0.130705,-3.890843,4.127828,11.544309,3.566691,2.540554,-9.966621,-9.920147,-9.893208
57.114929,NaN,NaN,NaN,NaN,0.130696,-3.890722,4.127535,11.547845,3.570482,2.544258,-9.966488,-9.920254,-9.893345
57.124158,NaN,NaN,NaN,NaN,0.130719,-3.890502,4.126960,11.554890,3.578081,2.551664,-9.966236,-9.920490,-9.893608
57.135749,NaN,NaN,NaN,NaN,0.130732,-3.890274,4.126678,11.558412,3.585680,2.555366,-9.966122,-9.920719,-9.893734
57.154899,NaN,NaN,NaN,NaN,0.130779,-3.890179,4.126120,11.565434,3.589486,2.562764,-9.965900,-9.920837,-9.894016
57.163369,NaN,NaN,NaN,NaN,0.130845,-3.889983,4.125846,11.572434,3.597096,2.566462,-9.965694,-9.921074,-9.894154
57.176018,NaN,NaN,NaN,NaN,0.130879,-3.889883,4.125290,11.575935,3.600901,2.573869,-9.965595,-9.921196,-9.894444
57.184254,NaN,NaN,NaN,NaN,0.130923,-3.889818,4.125008,11.579420,3.604721,2.577579,-9.965504,-9.921326,-9.894573
57.194637,NaN,NaN,NaN,NaN,0.130967,-3.889749,4.124729,11.582907,3.608541,2.581287,-9.965416,-9.921452,-9.894703
57.203557,NaN,NaN,NaN,NaN,0.131056,-3.889679,4.124454,11.589880,3.612360,2.584994,-9.965248,-9.921574,-9.894829
57.214781,NaN,NaN,NaN,NaN,0.131092,-3.889567,4.123919,11.593355,3.620009,2.592440,-9.965168,-9.921814,-9.895107
57.224131,NaN,NaN,NaN,NaN,0.131127,-3.889526,4.123657,11.596830,3.623840,2.596161,-9.965092,-9.921936,-9.895245
57.235667,NaN,NaN,NaN,NaN,0.131163,-3.889481,4.123399,11.600306,3.627669,2.599881,-9.965019,-9.922077,-9.895382
57.244117,NaN,NaN,NaN,NaN,0.131199,-3.889414,4.122902,11.603781,3.635331,2.607365,-9.964951,-9.922348,-9.895649
57.255092,NaN,NaN,NaN,NaN,0.131270,-3.889391,4.122657,11.610717,3.639163,2.611104,-9.964802,-9.922474,-9.895782
57.263565,NaN,NaN,NaN,NaN,0.131306,-3.889364,4.122416,11.614185,3.642995,2.614843,-9.964737,-9.922596,-9.895912
57.274885,NaN,NaN,NaN,NaN,0.131342,-3.889304,4.122179,11.617654,3.650657,2.618580,-9.964672,-9.922836,-9.896038
57.284488,NaN,NaN,NaN,NaN,0.131377,-3.889303,4.121728,11.621123,3.654485,2.626090,-9.964611,-9.922951,-9.896343
57.294724,NaN,NaN,NaN,NaN,0.131464,-3.889299,4.121508,11.628057,3.658313,2.629843,-9.964508,-9.923065,-9.896496
57.303540,NaN,NaN,NaN,NaN,0.131508,-3.889292,4.121291,11.631525,3.662139,2.633595,-9.964462,-9.923176,-9.896652
57.315551,NaN,NaN,NaN,NaN,0.131551,-3.889283,4.121085,11.634994,3.665965,2.637352,-9.964420,-9.923286,-9.896828
57.323828,NaN,NaN,NaN,NaN,0.131602,-3.889321,4.120680,11.638453,3.673604,2.644861,-9.964382,-9.923492,-9.897175
57.335928,NaN,NaN,NaN,NaN,0.131704,-3.889346,4.120483,11.645377,3.681240,2.648612,-9.964314,-9.923687,-9.897343
57.357566,NaN,NaN,NaN,NaN,0.131803,-3.889454,4.119928,11.652295,3.692715,2.659903,-9.964252,-9.923954,-9.897938
57.374889,NaN,NaN,NaN,NaN,0.131944,-3.889485,4.119568,11.662666,3.696538,2.667451,-9.964169,-9.924042,-9.898346
57.385028,NaN,NaN,NaN,NaN,0.131987,-3.889531,4.119390,11.666113,3.700366,2.671237,-9.964146,-9.924114,-9.898560
57.394749,NaN,NaN,NaN,NaN,0.132030,-3.889575,4.119213,11.669559,3.704193,2.675021,-9.964123,-9.924187,-9.898766
57.405447,NaN,NaN,NaN,NaN,0.132113,-3.889654,4.119040,11.676456,3.711843,2.678803,-9.964085,-9.924335,-9.898968
57.415019,NaN,NaN,NaN,NaN,0.132138,-3.889707,4.118674,11.679894,3.715664,2.686438,-9.964081,-9.924412,-9.899387
57.424257,NaN,NaN,NaN,NaN,0.132164,-3.889758,4.118495,11.683333,3.719484,2.690252,-9.964081,-9.924480,-9.899578
57.435651,NaN,NaN,NaN,NaN,0.132190,-3.889850,4.118319,11.686773,3.727119,2.694064,-9.964081,-9.924618,-9.899765
57.454788,NaN,NaN,NaN,NaN,0.132230,-3.889942,4.117754,11.697046,3.734763,2.705585,-9.964088,-9.924732,-9.900337
57.463275,NaN,NaN,NaN,NaN,0.132237,-3.889983,4.117571,11.700463,3.738583,2.709419,-9.964096,-9.924789,-9.900520
57.475897,NaN,NaN,NaN,NaN,0.132244,-3.890060,4.117383,11.703882,3.746236,2.713265,-9.964104,-9.924915,-9.900707
57.484649,NaN,NaN,NaN,NaN,0.132217,-3.890095,4.117015,11.710655,3.750068,2.720948,-9.964134,-9.924973,-9.901112
57.494638,NaN,NaN,NaN,NaN,0.132204,-3.890127,4.116836,11.714045,3.753899,2.724785,-9.964146,-9.925030,-9.901310
57.503678,NaN,NaN,NaN,NaN,0.132191,-3.890157,4.116651,11.717435,3.757728,2.728620,-9.964157,-9.925087,-9.901512
57.515085,NaN,NaN,NaN,NaN,0.132169,-3.890207,4.116468,11.720787,3.761551,2.732451,-9.964176,-9.925140,-9.901707
57.523536,NaN,NaN,NaN,NaN,0.132123,-3.890297,4.116115,11.727498,3.769194,2.740106,-9.964218,-9.925236,-9.902084
57.536181,NaN,NaN,NaN,NaN,0.132100,-3.890338,4.115942,11.730856,3.773013,2.743928,-9.964241,-9.925278,-9.902267
57.543727,NaN,NaN,NaN,NaN,0.132078,-3.890376,4.115769,11.734217,3.776830,2.747748,-9.964264,-9.925316,-9.902451
57.554663,NaN,NaN,NaN,NaN,0.132043,-3.890419,4.115600,11.737525,3.780638,2.751564,-9.964294,-9.925354,-9.902630
57.564392,NaN,NaN,NaN,NaN,0.131973,-3.890494,4.115272,11.744147,3.788248,2.759188,-9.964359,-9.925423,-9.902981
57.574757,NaN,NaN,NaN,NaN,0.131938,-3.890527,4.115106,11.747462,3.792051,2.763000,-9.964390,-9.925457,-9.903149
57.583476,NaN,NaN,NaN,NaN,0.131900,-3.890558,4.114944,11.750732,3.795853,2.766809,-9.964436,-9.925468,-9.903313
57.595104,NaN,NaN,NaN,NaN,0.131862,-3.890586,4.114784,11.754004,3.799653,2.770614,-9.964481,-9.925476,-9.903477
57.604351,NaN,NaN,NaN,NaN,0.131824,-3.890630,4.114627,11.757280,3.807247,2.774417,-9.964527,-9.925495,-9.903648
57.614792,NaN,NaN,NaN,NaN,0.131739,-3.890661,4.114310,11.763800,3.811046,2.781999,-9.964622,-9.925472,-9.903976
57.623547,NaN,NaN,NaN,NaN,0.131694,-3.890688,4.114156,11.767045,3.814842,2.785786,-9.964668,-9.925453,-9.904133
57.635851,NaN,NaN,NaN,NaN,0.131600,-3.890711,4.114005,11.773544,3.818636,2.789569,-9.964764,-9.925434,-9.904285
57.644881,NaN,NaN,NaN,NaN,0.131551,-3.890731,4.113671,11.776753,3.822428,2.797097,-9.964821,-9.925415,-9.904564
57.654947,NaN,NaN,NaN,NaN,0.131501,-3.890771,4.113509,11.779966,3.829990,2.800857,-9.964874,-9.925335,-9.904697
57.663498,NaN,NaN,NaN,NaN,0.131451,-3.890785,4.113350,11.783182,3.833768,2.804614,-9.964928,-9.925297,-9.904823
57.674764,NaN,NaN,NaN,NaN,0.131400,-3.890796,4.113172,11.786403,3.837543,2.808354,-9.964962,-9.925262,-9.904938
57.686172,NaN,NaN,NaN,NaN,0.131323,-3.890822,4.112827,11.792794,3.845097,2.815828,-9.965027,-9.925125,-9.905163
57.695494,NaN,NaN,NaN,NaN,0.131284,-3.890832,4.112659,11.795995,3.852640,2.819561,-9.965061,-9.924995,-9.905273
57.714787,NaN,NaN,NaN,NaN,0.131223,-3.890849,4.112302,11.802383,3.856418,2.826998,-9.965141,-9.924900,-9.905476
57.723597,NaN,NaN,NaN,NaN,0.131177,-3.890872,4.111958,11.808764,3.863966,2.834427,-9.965221,-9.924725,-9.905674
57.735214,NaN,NaN,NaN,NaN,0.131153,-3.890879,4.111791,11.811959,3.867737,2.838128,-9.965260,-9.924637,-9.905758
57.744674,NaN,NaN,NaN,NaN,0.131136,-3.890902,4.111627,11.815131,3.871521,2.841827,-9.965302,-9.924511,-9.905842
57.755403,NaN,NaN,NaN,NaN,0.131118,-3.890921,4.111468,11.818308,3.875302,2.845524,-9.965347,-9.924389,-9.905922
57.764411,NaN,NaN,NaN,NaN,0.131081,-3.890950,4.111311,11.824675,3.882856,2.849218,-9.965435,-9.924149,-9.905998
57.774969,NaN,NaN,NaN,NaN,0.131067,-3.890989,4.110992,11.827856,3.886653,2.856610,-9.965492,-9.924000,-9.906097
57.783750,NaN,NaN,NaN,NaN,0.131052,-3.891023,4.110838,11.831042,3.890447,2.860302,-9.965549,-9.923855,-9.906139
57.795874,NaN,NaN,NaN,NaN,0.131037,-3.891054,4.110540,11.834232,3.894237,2.867681,-9.965603,-9.923714,-9.906219
57.804314,NaN,NaN,NaN,NaN,0.131021,-3.891104,4.110388,11.837427,3.901807,2.871377,-9.965656,-9.923443,-9.906239
57.814856,NaN,NaN,NaN,NaN,0.130987,-3.891138,4.110239,11.843821,3.905613,2.875070,-9.965778,-9.923286,-9.906254
57.823651,NaN,NaN,NaN,NaN,0.130968,-3.891167,4.110093,11.847019,3.909415,2.878762,-9.965847,-9.923134,-9.906273
57.835826,NaN,NaN,NaN,NaN,0.130929,-3.891216,4.109951,11.853431,3.917009,2.882451,-9.965977,-9.922810,-9.906288
57.844294,NaN,NaN,NaN,NaN,0.130908,-3.891241,4.109658,11.856629,3.920828,2.889854,-9.966072,-9.922630,-9.906322
57.854755,NaN,NaN,NaN,NaN,0.130886,-3.891263,4.109517,11.859832,3.924643,2.893553,-9.966160,-9.922459,-9.906338
57.864054,NaN,NaN,NaN,NaN,0.130864,-3.891281,4.109379,11.863040,3.928453,2.897249,-9.966251,-9.922295,-9.906357
57.874857,NaN,NaN,NaN,NaN,0.130841,-3.891296,4.109240,11.866253,3.932259,2.900965,-9.966335,-9.922131,-9.906361
57.884554,NaN,NaN,NaN,NaN,0.130813,-3.891316,4.109104,11.869459,3.939951,2.904678,-9.966431,-9.921780,-9.906364
57.895801,NaN,NaN,NaN,NaN,0.130754,-3.891324,4.108842,11.875888,3.947624,2.912097,-9.966618,-9.921440,-9.906372
57.914774,NaN,NaN,NaN,NaN,0.130700,-3.891306,4.108577,11.882355,3.951496,2.919528,-9.966820,-9.921268,-9.906372
57.923567,NaN,NaN,NaN,NaN,0.130674,-3.891261,4.108450,11.885605,3.959222,2.923240,-9.966930,-9.920940,-9.906372
57.935009,NaN,NaN,NaN,NaN,0.130623,-3.891235,4.108212,11.892118,3.963077,2.930675,-9.967140,-9.920784,-9.906368
57.944659,NaN,NaN,NaN,NaN,0.130618,-3.891189,4.108102,11.895387,3.966965,2.934397,-9.967266,-9.920624,-9.906361
57.954740,NaN,NaN,NaN,NaN,0.130611,-3.891142,4.107994,11.898659,3.970847,2.938118,-9.967384,-9.920471,-9.906353
57.964239,NaN,NaN,NaN,NaN,0.130603,-3.891040,4.107798,11.901937,3.978594,2.945548,-9.967506,-9.920181,-9.906345
57.975000,NaN,NaN,NaN,NaN,0.130588,-3.890968,4.107709,11.908504,3.982485,2.949258,-9.967762,-9.920040,-9.906342
57.983891,NaN,NaN,NaN,NaN,0.130580,-3.890895,4.107623,11.911797,3.986370,2.952966,-9.967899,-9.919907,-9.906338
57.995879,NaN,NaN,NaN,NaN,0.130562,-3.890632,4.107467,11.918393,3.998003,2.960355,-9.968159,-9.919537,-9.906334
58.014778,NaN,NaN,NaN,NaN,0.130522,-3.890521,4.107328,11.924994,4.001878,2.967717,-9.968437,-9.919418,-9.906330
58.023699,NaN,NaN,NaN,NaN,0.130502,-3.890408,4.107262,11.928301,4.005746,2.971395,-9.968571,-9.919308,-9.906311
58.035150,NaN,NaN,NaN,NaN,0.130481,-3.890139,4.107200,11.931614,4.013464,2.975051,-9.968700,-9.919086,-9.906292
58.044177,NaN,NaN,NaN,NaN,0.130450,-3.889984,4.107082,11.934911,4.017313,2.982357,-9.968834,-9.918972,-9.906254
58.054731,NaN,NaN,NaN,NaN,0.130389,-3.889829,4.107027,11.941521,4.021156,2.986007,-9.969093,-9.918865,-9.906235
58.063693,NaN,NaN,NaN,NaN,0.130358,-3.889673,4.106975,11.944833,4.024995,2.989656,-9.969219,-9.918762,-9.906216
58.074859,NaN,NaN,NaN,NaN,0.130327,-3.889517,4.106928,11.948150,4.028828,2.993274,-9.969337,-9.918659,-9.906197
58.084195,NaN,NaN,NaN,NaN,0.130250,-3.889152,4.106841,11.954797,4.036470,3.000507,-9.969589,-9.918442,-9.906170
58.096541,NaN,NaN,NaN,NaN,0.130212,-3.888789,4.106800,11.958128,4.044093,3.004122,-9.969707,-9.918243,-9.906155
58.115430,NaN,NaN,NaN,NaN,0.130126,-3.888586,4.106729,11.964808,4.047884,3.011285,-9.969955,-9.918137,-9.906105
58.123661,NaN,NaN,NaN,NaN,0.130078,-3.888384,4.106698,11.968158,4.051671,3.014865,-9.970081,-9.918037,-9.906078
58.135171,NaN,NaN,NaN,NaN,0.129983,-3.887979,4.106640,11.974870,4.059230,3.021984,-9.970325,-9.917850,-9.906021
58.145035,NaN,NaN,NaN,NaN,0.129922,-3.887768,4.106614,11.978242,4.062995,3.025522,-9.970459,-9.917747,-9.905983
58.155052,NaN,NaN,NaN,NaN,0.129862,-3.887556,4.106591,11.981618,4.066755,3.029061,-9.970604,-9.917645,-9.905945
58.164237,NaN,NaN,NaN,NaN,0.129803,-3.887345,4.106569,11.984998,4.070509,3.032600,-9.970745,-9.917549,-9.905907
58.175114,NaN,NaN,NaN,NaN,0.129675,-3.886919,4.106504,11.991783,4.077999,3.039611,-9.971035,-9.917343,-9.905815
58.184358,NaN,NaN,NaN,NaN,0.129608,-3.886704,4.106476,11.995188,4.081732,3.043117,-9.971180,-9.917236,-9.905769
58.196318,NaN,NaN,NaN,NaN,0.129473,-3.886489,4.106451,12.002010,4.085462,3.046623,-9.971458,-9.917145,-9.905724
58.205341,NaN,NaN,NaN,NaN,0.129395,-3.886274,4.106414,12.005429,4.089187,3.050120,-9.971607,-9.917053,-9.905678
58.214772,NaN,NaN,NaN,NaN,0.129316,-3.885876,4.106349,12.008851,4.096628,3.057115,-9.971748,-9.916832,-9.905582
58.223658,NaN,NaN,NaN,NaN,0.129239,-3.885678,4.106320,12.012278,4.100342,3.060612,-9.971889,-9.916733,-9.905537
58.234799,NaN,NaN,NaN,NaN,0.129162,-3.885481,4.106293,12.015707,4.104052,3.064106,-9.972023,-9.916634,-9.905487
58.244711,NaN,NaN,NaN,NaN,0.128999,-3.885099,4.106246,12.022553,4.111468,3.071098,-9.972290,-9.916389,-9.905392
58.255688,NaN,NaN,NaN,NaN,0.128919,-3.884908,4.106226,12.025982,4.115170,3.074595,-9.972416,-9.916267,-9.905346
58.264332,NaN,NaN,NaN,NaN,0.128839,-3.884718,4.106205,12.029413,4.118867,3.078084,-9.972538,-9.916149,-9.905300
58.275641,NaN,NaN,NaN,NaN,0.128763,-3.884529,4.106187,12.032842,4.122558,3.081573,-9.972664,-9.916031,-9.905258
58.283591,NaN,NaN,NaN,NaN,0.128611,-3.884154,4.106158,12.039708,4.129924,3.088553,-9.972904,-9.915817,-9.905174
58.295944,NaN,NaN,NaN,NaN,0.128535,-3.883767,4.106135,12.043146,4.137258,3.092011,-9.973015,-9.915615,-9.905117
58.314802,NaN,NaN,NaN,NaN,0.128364,-3.883568,4.106096,12.050030,4.140911,3.098930,-9.973248,-9.915531,-9.905010
58.323783,NaN,NaN,NaN,NaN,0.128279,-3.883173,4.106080,12.053476,4.148203,3.102392,-9.973354,-9.915375,-9.904961
58.334957,NaN,NaN,NaN,NaN,0.128109,-3.882977,4.106033,12.060377,4.151842,3.109288,-9.973545,-9.915302,-9.904850
58.344041,NaN,NaN,NaN,NaN,0.128025,-3.882763,4.106001,12.063841,4.155461,3.112724,-9.973648,-9.915226,-9.904789
58.356198,NaN,NaN,NaN,NaN,0.127941,-3.882129,4.105946,12.067307,4.166290,3.119602,-9.973747,-9.915005,-9.904678
58.374789,NaN,NaN,NaN,NaN,0.127690,-3.881887,4.105874,12.077740,4.169879,3.126450,-9.974022,-9.914928,-9.904552
58.383566,NaN,NaN,NaN,NaN,0.127605,-3.881647,4.105842,12.081231,4.173465,3.129877,-9.974110,-9.914856,-9.904495
58.394870,NaN,NaN,NaN,NaN,0.127520,-3.881171,4.105812,12.084725,4.180621,3.133306,-9.974209,-9.914734,-9.904438
58.404404,NaN,NaN,NaN,NaN,0.127338,-3.880903,4.105772,12.091722,4.184165,3.140169,-9.974392,-9.914673,-9.904327
58.414722,NaN,NaN,NaN,NaN,0.127241,-3.880637,4.105756,12.095223,4.187704,3.143605,-9.974476,-9.914619,-9.904270
58.422723,NaN,NaN,NaN,NaN,0.127144,-3.880373,4.105742,12.098727,4.191238,3.147043,-9.974556,-9.914570,-9.904217
58.434853,NaN,NaN,NaN,NaN,0.127048,-3.880111,4.105746,12.102232,4.194768,3.150472,-9.974636,-9.914524,-9.904167
58.443520,NaN,NaN,NaN,NaN,0.126939,-3.879822,4.105757,12.105732,4.198261,3.157337,-9.974705,-9.914482,-9.904091
58.455421,NaN,NaN,NaN,NaN,0.126722,-3.879253,4.105767,12.112734,4.205235,3.160774,-9.974834,-9.914417,-9.904057
58.464327,NaN,NaN,NaN,NaN,0.126615,-3.878971,4.105806,12.116239,4.208716,3.164202,-9.974892,-9.914391,-9.904015
58.474847,NaN,NaN,NaN,NaN,0.126489,-3.878677,4.105846,12.119753,4.212171,3.167633,-9.974949,-9.914364,-9.903976
58.484083,NaN,NaN,NaN,NaN,0.126240,-3.878094,4.105931,12.126788,4.219069,3.174503,-9.975052,-9.914322,-9.903904
58.495140,NaN,NaN,NaN,NaN,0.126118,-3.877807,4.105990,12.130308,4.222514,3.177952,-9.975101,-9.914303,-9.903866
58.504151,NaN,NaN,NaN,NaN,0.125985,-3.877501,4.106050,12.133829,4.225926,3.181404,-9.975147,-9.914288,-9.903828
58.514800,NaN,NaN,NaN,NaN,0.125854,-3.877197,4.106110,12.137351,4.229337,3.184858,-9.975185,-9.914276,-9.903793
58.523436,NaN,NaN,NaN,NaN,0.125595,-3.876896,4.106241,12.144399,4.232744,3.191789,-9.975258,-9.914265,-9.903725
58.535043,NaN,NaN,NaN,NaN,0.125466,-3.876280,4.106310,12.147921,4.239535,3.195265,-9.975288,-9.914257,-9.903694
58.544308,NaN,NaN,NaN,NaN,0.125339,-3.875967,4.106381,12.151444,4.242918,3.198744,-9.975315,-9.914257,-9.903664
58.557002,NaN,NaN,NaN,NaN,0.125212,-3.875346,4.106452,12.154970,4.249681,3.202226,-9.975342,-9.914276,-9.903633
58.575024,NaN,NaN,NaN,NaN,0.124838,-3.874721,4.106682,12.165575,4.256399,3.212716,-9.975430,-9.914314,-9.903530
58.584684,NaN,NaN,NaN,NaN,0.124715,-3.874412,4.106758,12.169115,4.259755,3.216217,-9.975460,-9.914337,-9.903500
58.594842,NaN,NaN,NaN,NaN,0.124592,-3.874106,4.106835,12.172655,4.263110,3.219720,-9.975487,-9.914364,-9.903469
58.604209,NaN,NaN,NaN,NaN,0.124352,-3.873514,4.106971,12.179750,4.269810,3.226778,-9.975529,-9.914421,-9.903374
58.614723,NaN,NaN,NaN,NaN,0.124234,-3.873227,4.107039,12.183305,4.273156,3.230309,-9.975548,-9.914452,-9.903328
58.624823,NaN,NaN,NaN,NaN,0.124119,-3.872941,4.107108,12.186858,4.276501,3.233843,-9.975567,-9.914486,-9.903278
58.635062,NaN,NaN,NaN,NaN,0.124004,-3.872658,4.107174,12.190412,4.279844,3.237392,-9.975582,-9.914524,-9.903214
58.643743,NaN,NaN,NaN,NaN,0.123767,-3.872151,4.107241,12.197530,4.286482,3.240943,-9.975616,-9.914600,-9.903152
58.656072,NaN,NaN,NaN,NaN,0.123651,-3.871899,4.107375,12.201088,4.289800,3.248050,-9.975628,-9.914642,-9.903038
58.665322,NaN,NaN,NaN,NaN,0.123535,-3.871650,4.107440,12.204644,4.293118,3.251621,-9.975643,-9.914688,-9.902985
58.674719,NaN,NaN,NaN,NaN,0.123409,-3.871430,4.107505,12.208213,4.296415,3.255194,-9.975651,-9.914734,-9.902935
58.683572,NaN,NaN,NaN,NaN,0.123161,-3.871212,4.107638,12.215346,4.299712,3.262344,-9.975651,-9.914783,-9.902878
58.694887,NaN,NaN,NaN,NaN,0.123040,-3.870778,4.107705,12.218912,4.306308,3.265939,-9.975647,-9.914883,-9.902855
58.704681,NaN,NaN,NaN,NaN,0.122919,-3.870593,4.107774,12.222488,4.309594,3.269536,-9.975636,-9.914917,-9.902836
58.715205,NaN,NaN,NaN,NaN,0.122800,-3.870410,4.107842,12.226064,4.312880,3.273133,-9.975620,-9.914955,-9.902817
58.724632,NaN,NaN,NaN,NaN,0.122566,-3.870047,4.107981,12.233209,4.319454,3.280343,-9.975590,-9.915031,-9.902782
58.735641,NaN,NaN,NaN,NaN,0.122459,-3.869899,4.108053,12.236796,4.322738,3.283954,-9.975574,-9.915051,-9.902771
58.743194,NaN,NaN,NaN,NaN,0.122353,-3.869752,4.108125,12.240382,4.326024,3.287566,-9.975555,-9.915070,-9.902752
58.756004,NaN,NaN,NaN,NaN,0.122248,-3.869356,4.108274,12.243967,4.335901,3.294808,-9.975536,-9.915123,-9.902718
58.774705,NaN,NaN,NaN,NaN,0.121980,-3.869253,4.108427,12.254747,4.339204,3.302066,-9.975475,-9.915131,-9.902691
58.783462,NaN,NaN,NaN,NaN,0.121898,-3.869150,4.108504,12.258344,4.342509,3.305697,-9.975452,-9.915138,-9.902679
58.795208,NaN,NaN,NaN,NaN,0.121818,-3.869048,4.108589,12.261939,4.345815,3.309336,-9.975426,-9.915146,-9.902668
58.804465,NaN,NaN,NaN,NaN,0.121703,-3.868939,4.108759,12.269163,4.352447,3.316615,-9.975376,-9.915169,-9.902660
58.814732,NaN,NaN,NaN,NaN,0.121646,-3.868884,4.108845,12.272773,4.355764,3.320255,-9.975349,-9.915180,-9.902653
58.823282,NaN,NaN,NaN,NaN,0.121589,-3.868829,4.108956,12.276381,4.359082,3.323890,-9.975323,-9.915195,-9.902664
58.834920,NaN,NaN,NaN,NaN,0.121553,-3.868828,4.109067,12.280010,4.362413,3.327525,-9.975304,-9.915218,-9.902672
58.843455,NaN,NaN,NaN,NaN,0.121480,-3.868826,4.109290,12.287263,4.365746,3.334799,-9.975266,-9.915241,-9.902691
58.856497,NaN,NaN,NaN,NaN,0.121444,-3.868822,4.109400,12.290887,4.372415,3.338438,-9.975246,-9.915337,-9.902699
58.863916,NaN,NaN,NaN,NaN,0.121409,-3.868819,4.109534,12.294510,4.375751,3.342062,-9.975224,-9.915390,-9.902721
58.874776,NaN,NaN,NaN,NaN,0.121399,-3.868858,4.109668,12.298165,4.379114,3.345687,-9.975224,-9.915440,-9.902740
58.883600,NaN,NaN,NaN,NaN,0.121378,-3.868934,4.109934,12.305470,4.385845,3.352942,-9.975216,-9.915546,-9.902782
58.894707,NaN,NaN,NaN,NaN,0.121367,-3.868971,4.110071,12.309120,4.389212,3.356557,-9.975212,-9.915600,-9.902813
58.903941,NaN,NaN,NaN,NaN,0.121380,-3.869050,4.110209,12.312793,4.392594,3.360175,-9.975235,-9.915653,-9.902843
58.915645,NaN,NaN,NaN,NaN,0.121394,-3.869203,4.110345,12.316463,4.399361,3.363793,-9.975254,-9.915775,-9.902874
58.936948,NaN,NaN,NaN,NaN,0.121450,-3.869504,4.110748,12.327487,4.409524,3.374613,-9.975315,-9.915932,-9.902977
58.957130,NaN,NaN,NaN,NaN,0.121540,-3.869725,4.111013,12.338539,4.416306,3.381821,-9.975395,-9.916027,-9.903057
58.975140,NaN,NaN,NaN,NaN,0.121658,-3.870024,4.111366,12.345927,4.423081,3.392584,-9.975471,-9.916130,-9.903221
58.985204,NaN,NaN,NaN,NaN,0.121715,-3.870171,4.111483,12.349618,4.426471,3.396174,-9.975506,-9.916180,-9.903275
58.994853,NaN,NaN,NaN,NaN,0.121771,-3.870481,4.111584,12.353307,4.433252,3.399755,-9.975517,-9.916264,-9.903332
59.004624,NaN,NaN,NaN,NaN,0.121856,-3.870645,4.111786,12.357004,4.436644,3.406923,-9.975540,-9.916294,-9.903442
59.016061,NaN,NaN,NaN,NaN,0.122020,-3.870966,4.111886,12.364391,4.443433,3.410509,-9.975582,-9.916363,-9.903492
59.034923,NaN,NaN,NaN,NaN,0.122204,-3.871144,4.112034,12.371788,4.446840,3.417683,-9.975639,-9.916351,-9.903580
59.043310,NaN,NaN,NaN,NaN,0.122406,-3.871492,4.112107,12.379190,4.453660,3.421273,-9.975697,-9.916336,-9.903625
59.054886,NaN,NaN,NaN,NaN,0.122505,-3.871663,4.112230,12.382889,4.457073,3.428456,-9.975716,-9.916332,-9.903702
59.063933,NaN,NaN,NaN,NaN,0.122645,-3.871847,4.112279,12.386595,4.460507,3.432050,-9.975758,-9.916306,-9.903732
59.074713,NaN,NaN,NaN,NaN,0.122784,-3.872028,4.112327,12.390297,4.463943,3.435646,-9.975800,-9.916279,-9.903763
59.084955,NaN,NaN,NaN,NaN,0.123051,-3.872386,4.112376,12.397696,4.470816,3.439243,-9.975872,-9.916241,-9.903793
59.094794,NaN,NaN,NaN,NaN,0.123227,-3.872567,4.112426,12.401401,4.474273,3.446428,-9.975925,-9.916218,-9.903831
59.103711,NaN,NaN,NaN,NaN,0.123399,-3.872747,4.112451,12.405103,4.477731,3.450023,-9.975979,-9.916199,-9.903851
59.115753,NaN,NaN,NaN,NaN,0.123569,-3.872924,4.112476,12.408802,4.481190,3.453618,-9.976021,-9.916180,-9.903873
59.126264,NaN,NaN,NaN,NaN,0.123736,-3.873273,4.112512,12.412498,4.488111,3.460806,-9.976059,-9.916153,-9.903904
59.134967,NaN,NaN,NaN,NaN,0.124113,-3.873455,4.112523,12.419886,4.491596,3.464398,-9.976147,-9.916134,-9.903915
59.143231,NaN,NaN,NaN,NaN,0.124323,-3.873635,4.112533,12.423576,4.495082,3.467992,-9.976192,-9.916115,-9.903927
59.155088,NaN,NaN,NaN,NaN,0.124731,-3.873989,4.112544,12.430950,4.502056,3.471588,-9.976284,-9.916046,-9.903934
59.165028,NaN,NaN,NaN,NaN,0.124967,-3.874172,4.112532,12.434636,4.505554,3.478770,-9.976334,-9.916008,-9.903915
59.174666,NaN,NaN,NaN,NaN,0.125198,-3.874352,4.112527,12.438320,4.509053,3.482363,-9.976387,-9.915977,-9.903904
59.184607,NaN,NaN,NaN,NaN,0.125426,-3.874530,4.112523,12.442001,4.512552,3.485957,-9.976433,-9.915947,-9.903893
59.194671,NaN,NaN,NaN,NaN,0.125908,-3.874705,4.112513,12.449364,4.516052,3.489555,-9.976532,-9.915924,-9.903877
59.204134,NaN,NaN,NaN,NaN,0.126163,-3.874896,4.112496,12.453044,4.519562,3.496755,-9.976589,-9.915890,-9.903847
59.215773,NaN,NaN,NaN,NaN,0.126413,-3.875453,4.112488,12.456722,4.530095,3.500357,-9.976639,-9.915787,-9.903831
59.234935,NaN,NaN,NaN,NaN,0.126927,-3.875652,4.112487,12.464081,4.533614,3.507579,-9.976742,-9.915756,-9.903805
59.243369,NaN,NaN,NaN,NaN,0.127448,-3.876043,4.112489,12.471440,4.540653,3.511191,-9.976841,-9.915699,-9.903790
59.255054,NaN,NaN,NaN,NaN,0.127703,-3.876234,4.112476,12.475116,4.544173,3.518415,-9.976891,-9.915672,-9.903748
59.263473,NaN,NaN,NaN,NaN,0.127977,-3.876425,4.112461,12.478800,4.547687,3.522027,-9.976955,-9.915646,-9.903721
59.274696,NaN,NaN,NaN,NaN,0.128246,-3.876613,4.112448,12.482481,4.551201,3.525640,-9.977020,-9.915634,-9.903694
59.284341,NaN,NaN,NaN,NaN,0.128511,-3.876798,4.112403,12.486159,4.554716,3.532865,-9.977081,-9.915623,-9.903637
59.295344,NaN,NaN,NaN,NaN,0.129047,-3.877155,4.112373,12.493522,4.561751,3.536476,-9.977219,-9.915607,-9.903610
59.303970,NaN,NaN,NaN,NaN,0.129318,-3.877327,4.112345,12.497205,4.565271,3.540088,-9.977287,-9.915604,-9.903584
59.315580,NaN,NaN,NaN,NaN,0.129846,-3.877662,4.112318,12.504564,4.572312,3.543700,-9.977417,-9.915607,-9.903557
59.335173,NaN,NaN,NaN,NaN,0.130380,-3.877987,4.112173,12.511950,4.579364,3.554587,-9.977570,-9.915615,-9.903488
59.344158,NaN,NaN,NaN,NaN,0.130641,-3.878145,4.112128,12.515640,4.582891,3.558218,-9.977642,-9.915623,-9.903461
59.357115,NaN,NaN,NaN,NaN,0.130897,-3.878604,4.112055,12.519328,4.593483,3.561858,-9.977718,-9.915649,-9.903450
59.375207,NaN,NaN,NaN,NaN,0.131644,-3.878752,4.111848,12.530438,4.597016,3.572779,-9.977928,-9.915661,-9.903404
59.384385,NaN,NaN,NaN,NaN,0.131885,-3.878897,4.111783,12.534137,4.600549,3.576420,-9.977989,-9.915676,-9.903389
59.396076,NaN,NaN,NaN,NaN,0.132121,-3.879040,4.111689,12.537832,4.604083,3.580053,-9.978050,-9.915695,-9.903393
59.404369,NaN,NaN,NaN,NaN,0.132359,-3.879325,4.111508,12.541550,4.611145,3.587321,-9.978107,-9.915756,-9.903412
59.416264,NaN,NaN,NaN,NaN,0.132821,-3.879465,4.111420,12.548976,4.614678,3.590955,-9.978195,-9.915794,-9.903419
59.424295,NaN,NaN,NaN,NaN,0.133046,-3.879602,4.111321,12.552686,4.618211,3.594583,-9.978233,-9.915829,-9.903442
59.435784,NaN,NaN,NaN,NaN,0.133254,-3.879993,4.111130,12.556417,4.628764,3.601837,-9.978260,-9.915966,-9.903481
59.456438,NaN,NaN,NaN,NaN,0.133854,-3.880119,4.110940,12.567591,4.632283,3.609083,-9.978325,-9.916016,-9.903530
59.464212,NaN,NaN,NaN,NaN,0.134036,-3.880235,4.110844,12.571334,4.635798,3.612701,-9.978340,-9.916069,-9.903576
59.474660,NaN,NaN,NaN,NaN,0.134214,-3.880349,4.110749,12.575074,4.639314,3.616321,-9.978352,-9.916126,-9.903622
59.484272,NaN,NaN,NaN,NaN,0.134561,-3.880569,4.110550,12.582542,4.646350,3.623548,-9.978363,-9.916241,-9.903732
59.494803,NaN,NaN,NaN,NaN,0.134716,-3.880678,4.110444,12.586291,4.649861,3.627156,-9.978367,-9.916294,-9.903793
59.503600,NaN,NaN,NaN,NaN,0.134869,-3.880784,4.110340,12.590035,4.653372,3.630765,-9.978371,-9.916348,-9.903854
59.516213,NaN,NaN,NaN,NaN,0.135019,-3.880989,4.110238,12.593776,4.660399,3.634374,-9.978367,-9.916458,-9.903912
59.535303,NaN,NaN,NaN,NaN,0.135425,-3.881199,4.109890,12.604995,4.667405,3.645133,-9.978374,-9.916534,-9.904137
59.544038,NaN,NaN,NaN,NaN,0.135551,-3.881300,4.109778,12.608729,4.670910,3.648721,-9.978374,-9.916573,-9.904205
59.555806,NaN,NaN,NaN,NaN,0.135674,-3.881398,4.109672,12.612459,4.674417,3.652300,-9.978374,-9.916615,-9.904278
59.563711,NaN,NaN,NaN,NaN,0.135901,-3.881580,4.109568,12.619935,4.681395,3.655880,-9.978397,-9.916656,-9.904346
59.575278,NaN,NaN,NaN,NaN,0.136010,-3.881667,4.109365,12.623666,4.684887,3.663042,-9.978409,-9.916683,-9.904476
59.584654,NaN,NaN,NaN,NaN,0.136117,-3.881751,4.109282,12.627392,4.688381,3.666611,-9.978416,-9.916714,-9.904522
59.594942,NaN,NaN,NaN,NaN,0.136327,-3.881822,4.109202,12.634823,4.691861,3.670180,-9.978413,-9.916721,-9.904568
59.603472,NaN,NaN,NaN,NaN,0.136428,-3.881958,4.109046,12.638532,4.698827,3.677321,-9.978409,-9.916740,-9.904652
59.616349,NaN,NaN,NaN,NaN,0.136526,-3.882075,4.108970,12.642238,4.705790,3.680882,-9.978401,-9.916752,-9.904682
59.634884,NaN,NaN,NaN,NaN,0.136707,-3.882124,4.108824,12.649632,4.709269,3.688005,-9.978390,-9.916763,-9.904743
59.643387,NaN,NaN,NaN,NaN,0.136880,-3.882171,4.108753,12.657013,4.712749,3.691568,-9.978371,-9.916779,-9.904778
59.655033,NaN,NaN,NaN,NaN,0.136963,-3.882257,4.108611,12.660698,4.719716,3.698665,-9.978359,-9.916813,-9.904827
59.663857,NaN,NaN,NaN,NaN,0.137066,-3.882286,4.108540,12.664370,4.723190,3.702198,-9.978348,-9.916824,-9.904835
59.675476,NaN,NaN,NaN,NaN,0.137167,-3.882313,4.108402,12.668038,4.726665,3.709267,-9.978336,-9.916840,-9.904858
59.684861,NaN,NaN,NaN,NaN,0.137360,-3.882362,4.108314,12.675366,4.733623,3.712760,-9.978306,-9.916893,-9.904858
59.694954,NaN,NaN,NaN,NaN,0.137478,-3.882381,4.108227,12.679015,4.737079,3.716256,-9.978298,-9.916924,-9.904861
59.703624,NaN,NaN,NaN,NaN,0.137594,-3.882398,4.108144,12.682661,4.740537,3.719754,-9.978291,-9.916958,-9.904881
59.714772,NaN,NaN,NaN,NaN,0.137819,-3.882425,4.108062,12.689945,4.747460,3.723252,-9.978252,-9.917027,-9.904900
59.723755,NaN,NaN,NaN,NaN,0.137942,-3.882437,4.107867,12.693583,4.750904,3.730171,-9.978241,-9.917068,-9.904888
59.735792,NaN,NaN,NaN,NaN,0.138063,-3.882447,4.107773,12.697217,4.754351,3.733634,-9.978230,-9.917107,-9.904884
59.744210,NaN,NaN,NaN,NaN,0.138181,-3.882455,4.107681,12.700850,4.757801,3.737099,-9.978214,-9.917149,-9.904877
59.757729,NaN,NaN,NaN,NaN,0.138297,-3.882452,4.107581,12.704479,4.764699,3.740541,-9.978203,-9.917210,-9.904861
59.766115,NaN,NaN,NaN,NaN,0.138552,-3.882441,4.107483,12.711730,4.768148,3.743984,-9.978184,-9.917244,-9.904854
59.776541,NaN,NaN,NaN,NaN,0.138676,-3.882429,4.107296,12.715353,4.771601,3.750877,-9.978176,-9.917278,-9.904835
59.784177,NaN,NaN,NaN,NaN,0.138797,-3.882414,4.107200,12.718973,4.775055,3.754295,-9.978168,-9.917316,-9.904816
59.794876,NaN,NaN,NaN,NaN,0.138921,-3.882404,4.107107,12.722598,4.778522,3.757715,-9.978161,-9.917351,-9.904793
59.804111,NaN,NaN,NaN,NaN,0.139042,-3.882379,4.107016,12.726220,4.785463,3.761137,-9.978153,-9.917427,-9.904774
59.814885,NaN,NaN,NaN,NaN,0.139276,-3.882364,4.106835,12.733458,4.788937,3.767954,-9.978134,-9.917465,-9.904728
59.824391,NaN,NaN,NaN,NaN,0.139392,-3.882342,4.106743,12.737078,4.792401,3.771351,-9.978127,-9.917503,-9.904709
59.834769,NaN,NaN,NaN,NaN,0.139505,-3.882318,4.106654,12.740696,4.795867,3.774750,-9.978119,-9.917542,-9.904694
59.843640,NaN,NaN,NaN,NaN,0.139616,-3.882291,4.106478,12.744313,4.799335,3.781530,-9.978111,-9.917583,-9.904659
59.855531,NaN,NaN,NaN,NaN,0.139846,-3.882218,4.106392,12.751560,4.806271,3.784911,-9.978085,-9.917679,-9.904644
59.863719,NaN,NaN,NaN,NaN,0.139966,-3.882172,4.106309,12.755190,4.809737,3.788294,-9.978065,-9.917736,-9.904629
59.875595,NaN,NaN,NaN,NaN,0.140083,-3.882075,4.106228,12.758818,4.816677,3.791679,-9.978050,-9.917862,-9.904613
59.894756,NaN,NaN,NaN,NaN,0.140451,-3.881948,4.106022,12.769727,4.823630,3.801809,-9.977947,-9.918022,-9.904613
59.903331,NaN,NaN,NaN,NaN,0.140575,-3.881882,4.105958,12.773367,4.827110,3.805190,-9.977905,-9.918102,-9.904613
59.915645,NaN,NaN,NaN,NaN,0.140815,-3.881747,4.105895,12.780640,4.834077,3.808573,-9.977818,-9.918266,-9.904610
59.924373,NaN,NaN,NaN,NaN,0.140949,-3.881662,4.105845,12.784282,4.837566,3.811955,-9.977768,-9.918354,-9.904606
59.934732,NaN,NaN,NaN,NaN,0.141080,-3.881577,4.105751,12.787923,4.841058,3.818727,-9.977718,-9.918438,-9.904598
59.944085,NaN,NaN,NaN,NaN,0.141208,-3.881490,4.105707,12.791561,4.844552,3.822117,-9.977665,-9.918526,-9.904594
59.955324,NaN,NaN,NaN,NaN,0.141334,-3.881402,4.105667,12.795198,4.848048,3.825514,-9.977608,-9.918613,-9.904594
59.964321,NaN,NaN,NaN,NaN,0.141584,-3.881284,4.105592,12.802460,4.851562,3.832315,-9.977470,-9.918694,-9.904587
59.975687,NaN,NaN,NaN,NaN,0.141705,-3.880923,4.105557,12.806088,4.862116,3.835719,-9.977402,-9.918930,-9.904587
59.994930,NaN,NaN,NaN,NaN,0.141955,-3.880767,4.105471,12.813334,4.865652,3.842547,-9.977245,-9.919003,-9.904587
60.003236,NaN,NaN,NaN,NaN,0.142082,-3.880611,4.105432,12.816950,4.869189,3.845963,-9.977161,-9.919079,-9.904602
60.014773,NaN,NaN,NaN,NaN,0.142329,-3.880297,4.105354,12.824182,4.876269,3.852812,-9.976986,-9.919228,-9.904621
60.023730,NaN,NaN,NaN,NaN,0.142465,-3.880106,4.105315,12.827776,4.879811,3.856244,-9.976887,-9.919285,-9.904629
60.034643,NaN,NaN,NaN,NaN,0.142598,-3.879916,4.105278,12.831368,4.883356,3.859677,-9.976788,-9.919342,-9.904636
60.043400,NaN,NaN,NaN,NaN,0.142729,-3.879725,4.105244,12.834961,4.886901,3.863112,-9.976688,-9.919403,-9.904644
60.055248,NaN,NaN,NaN,NaN,0.142992,-3.879306,4.105170,12.842134,4.893997,3.869999,-9.976479,-9.919510,-9.904633
60.064502,NaN,NaN,NaN,NaN,0.143123,-3.879078,4.105134,12.845714,4.897547,3.873445,-9.976368,-9.919556,-9.904625
60.076798,NaN,NaN,NaN,NaN,0.143381,-3.878625,4.105101,12.852874,4.904654,3.876893,-9.976139,-9.919655,-9.904613
60.094846,NaN,NaN,NaN,NaN,0.143617,-3.878102,4.105019,12.859985,4.911723,3.887241,-9.975891,-9.919750,-9.904587
60.103528,NaN,NaN,NaN,NaN,0.143733,-3.877842,4.104995,12.863542,4.915261,3.890695,-9.975769,-9.919796,-9.904579
60.115257,NaN,NaN,NaN,NaN,0.143846,-3.877301,4.104969,12.867098,4.922327,3.894168,-9.975647,-9.919907,-9.904564
60.123982,NaN,NaN,NaN,NaN,0.143947,-3.877020,4.104918,12.870629,4.925856,3.901119,-9.975521,-9.919968,-9.904579
60.134993,NaN,NaN,NaN,NaN,0.144142,-3.876740,4.104896,12.877696,4.929386,3.904597,-9.975273,-9.920025,-9.904587
60.144652,NaN,NaN,NaN,NaN,0.144236,-3.876461,4.104871,12.881229,4.932919,3.908083,-9.975147,-9.920086,-9.904598
60.155146,NaN,NaN,NaN,NaN,0.144398,-3.876165,4.104848,12.888230,4.936439,3.911571,-9.974876,-9.920158,-9.904610
60.164570,NaN,NaN,NaN,NaN,0.144476,-3.875579,4.104804,12.891732,4.943485,3.918554,-9.974743,-9.920311,-9.904636
60.176279,NaN,NaN,NaN,NaN,0.144553,-3.874998,4.104783,12.895235,4.950539,3.922047,-9.974613,-9.920471,-9.904648
60.195037,NaN,NaN,NaN,NaN,0.144702,-3.874686,4.104737,12.902242,4.954049,3.929027,-9.974339,-9.920555,-9.904697
60.203981,NaN,NaN,NaN,NaN,0.144775,-3.874068,4.104695,12.905746,4.961073,3.936014,-9.974197,-9.920723,-9.904747
60.214965,NaN,NaN,NaN,NaN,0.144913,-3.873761,4.104680,12.912757,4.964588,3.939505,-9.973919,-9.920807,-9.904762
60.224024,NaN,NaN,NaN,NaN,0.144979,-3.873430,4.104667,12.916262,4.968092,3.942997,-9.973770,-9.920887,-9.904778
60.235405,NaN,NaN,NaN,NaN,0.145044,-3.873101,4.104643,12.919768,4.971599,3.949986,-9.973625,-9.920971,-9.904823
60.243996,NaN,NaN,NaN,NaN,0.145106,-3.872449,4.104643,12.923275,4.978618,3.953477,-9.973484,-9.921135,-9.904842
60.255034,NaN,NaN,NaN,NaN,0.145230,-3.872102,4.104644,12.930285,4.982119,3.956971,-9.973194,-9.921215,-9.904858
60.263528,NaN,NaN,NaN,NaN,0.145292,-3.871756,4.104645,12.933788,4.985623,3.960467,-9.973053,-9.921299,-9.904877
60.276131,NaN,NaN,NaN,NaN,0.145353,-3.871072,4.104646,12.937292,4.992637,3.963964,-9.972908,-9.921455,-9.904896
60.294637,NaN,NaN,NaN,NaN,0.145517,-3.870345,4.104727,12.947808,4.999661,3.974469,-9.972473,-9.921627,-9.904926
60.303631,NaN,NaN,NaN,NaN,0.145567,-3.869986,4.104755,12.951315,5.003176,3.977974,-9.972328,-9.921707,-9.904934
60.315228,NaN,NaN,NaN,NaN,0.145615,-3.869269,4.104793,12.954823,5.010212,3.981494,-9.972206,-9.921886,-9.904922
60.324129,NaN,NaN,NaN,NaN,0.145719,-3.868911,4.104871,12.961851,5.013734,3.988536,-9.971924,-9.921978,-9.904903
60.335537,NaN,NaN,NaN,NaN,0.145769,-3.868556,4.104910,12.965366,5.017259,3.992058,-9.971786,-9.922070,-9.904896
60.345124,NaN,NaN,NaN,NaN,0.145816,-3.868203,4.104960,12.968883,5.020784,3.995594,-9.971657,-9.922161,-9.904865
60.356417,NaN,NaN,NaN,NaN,0.145865,-3.867147,4.105062,12.972403,5.031357,4.002669,-9.971497,-9.922478,-9.904804
60.374846,NaN,NaN,NaN,NaN,0.146002,-3.866801,4.105177,12.982965,5.034886,4.009769,-9.971031,-9.922581,-9.904724
60.383856,NaN,NaN,NaN,NaN,0.146046,-3.866459,4.105242,12.986488,5.038419,4.013330,-9.970856,-9.922707,-9.904675
60.394721,NaN,NaN,NaN,NaN,0.146088,-3.866120,4.105307,12.990012,5.041953,4.016893,-9.970680,-9.922829,-9.904629
60.403526,NaN,NaN,NaN,NaN,0.146129,-3.865450,4.105436,12.993537,5.049029,4.024040,-9.970512,-9.923050,-9.904518
60.414779,NaN,NaN,NaN,NaN,0.146204,-3.865117,4.105500,13.000595,5.052571,4.027624,-9.970165,-9.923172,-9.904453
60.424004,NaN,NaN,NaN,NaN,0.146239,-3.864786,4.105564,13.004128,5.056114,4.031209,-9.969990,-9.923290,-9.904392
60.435510,NaN,NaN,NaN,NaN,0.146272,-3.864458,4.105693,13.007662,5.059659,4.038380,-9.969803,-9.923409,-9.904274
60.444268,NaN,NaN,NaN,NaN,0.146305,-3.863810,4.105756,13.011196,5.066754,4.041985,-9.969624,-9.923637,-9.904194
60.454994,NaN,NaN,NaN,NaN,0.146361,-3.863493,4.105820,13.018262,5.070306,4.045591,-9.969265,-9.923767,-9.904121
60.463568,NaN,NaN,NaN,NaN,0.146384,-3.863180,4.105884,13.021793,5.073860,4.049197,-9.969082,-9.923897,-9.904049
60.475061,NaN,NaN,NaN,NaN,0.146406,-3.862560,4.105947,13.025324,5.080973,4.052804,-9.968903,-9.924129,-9.903976
60.484155,NaN,NaN,NaN,NaN,0.146427,-3.862255,4.106046,13.028855,5.084518,4.060018,-9.968731,-9.924263,-9.903835
60.494782,NaN,NaN,NaN,NaN,0.146446,-3.861953,4.106096,13.035891,5.088066,4.063625,-9.968361,-9.924393,-9.903770
60.503721,NaN,NaN,NaN,NaN,0.146456,-3.861654,4.106147,13.039410,5.091616,4.067233,-9.968185,-9.924522,-9.903706
60.514864,NaN,NaN,NaN,NaN,0.146464,-3.861358,4.106203,13.042930,5.095168,4.070827,-9.968014,-9.924648,-9.903645
60.523773,NaN,NaN,NaN,NaN,0.146453,-3.861069,4.106316,13.049925,5.098694,4.078015,-9.967648,-9.924801,-9.903526
60.536462,NaN,NaN,NaN,NaN,0.146446,-3.860218,4.106374,13.053425,5.109289,4.081611,-9.967476,-9.925251,-9.903469
60.556417,NaN,NaN,NaN,NaN,0.146412,-3.859949,4.106449,13.060414,5.112800,4.088789,-9.967129,-9.925411,-9.903362
60.564920,NaN,NaN,NaN,NaN,0.146357,-3.859418,4.106488,13.067395,5.119831,4.092380,-9.966793,-9.925728,-9.903313
60.575693,NaN,NaN,NaN,NaN,0.146329,-3.859157,4.106564,13.070888,5.123349,4.099561,-9.966629,-9.925877,-9.903210
60.583978,NaN,NaN,NaN,NaN,0.146269,-3.858914,4.106601,13.074372,5.126853,4.103151,-9.966465,-9.926052,-9.903160
60.595014,NaN,NaN,NaN,NaN,0.146208,-3.858674,4.106639,13.077858,5.130360,4.106741,-9.966301,-9.926235,-9.903111
60.606904,NaN,NaN,NaN,NaN,0.146089,-3.857985,4.106678,13.084833,5.140892,4.110332,-9.965996,-9.926773,-9.903069
60.623955,NaN,NaN,NaN,NaN,0.145895,-3.857773,4.106790,13.091792,5.144404,4.121074,-9.965710,-9.926956,-9.902912
60.636375,NaN,NaN,NaN,NaN,0.145706,-3.857562,4.106829,13.098757,5.147920,4.124657,-9.965443,-9.927135,-9.902866
60.644367,NaN,NaN,NaN,NaN,0.145595,-3.857354,4.106930,13.102246,5.151437,4.131818,-9.965317,-9.927307,-9.902748
60.655186,NaN,NaN,NaN,NaN,0.145486,-3.856982,4.106982,13.105738,5.158471,4.135400,-9.965195,-9.927719,-9.902695
60.663473,NaN,NaN,NaN,NaN,0.145378,-3.856799,4.107035,13.109230,5.161992,4.138982,-9.965080,-9.927914,-9.902645
60.674914,NaN,NaN,NaN,NaN,0.145147,-3.856453,4.107115,13.116216,5.169022,4.142576,-9.964863,-9.928299,-9.902599
60.684228,NaN,NaN,NaN,NaN,0.145023,-3.856289,4.107273,13.119709,5.172531,4.149765,-9.964760,-9.928486,-9.902512
60.694615,NaN,NaN,NaN,NaN,0.144900,-3.856126,4.107353,13.123203,5.176043,4.153359,-9.964664,-9.928669,-9.902470
60.704126,NaN,NaN,NaN,NaN,0.144779,-3.855965,4.107435,13.126698,5.179558,4.156954,-9.964569,-9.928848,-9.902431
60.715066,NaN,NaN,NaN,NaN,0.144659,-3.855806,4.107533,13.130196,5.183074,4.160556,-9.964478,-9.929012,-9.902397
60.723527,NaN,NaN,NaN,NaN,0.144386,-3.855664,4.107730,13.137177,5.186574,4.167762,-9.964310,-9.929173,-9.902317
60.736324,NaN,NaN,NaN,NaN,0.144251,-3.855386,4.107830,13.140669,5.193578,4.171365,-9.964233,-9.929482,-9.902279
60.743741,NaN,NaN,NaN,NaN,0.144118,-3.855250,4.107961,13.144162,5.197083,4.174963,-9.964157,-9.929630,-9.902248
60.754856,NaN,NaN,NaN,NaN,0.143966,-3.855125,4.108092,13.147653,5.200567,4.178562,-9.964081,-9.929783,-9.902218
60.763217,NaN,NaN,NaN,NaN,0.143670,-3.854880,4.108222,13.154636,5.207541,4.182160,-9.963936,-9.930084,-9.902191
60.775024,NaN,NaN,NaN,NaN,0.143524,-3.854760,4.108510,13.158130,5.211032,4.189358,-9.963871,-9.930229,-9.902134
60.784866,NaN,NaN,NaN,NaN,0.143373,-3.854650,4.108667,13.161622,5.214501,4.192957,-9.963795,-9.930374,-9.902107
60.794633,NaN,NaN,NaN,NaN,0.143224,-3.854541,4.108825,13.165115,5.217973,4.196557,-9.963722,-9.930519,-9.902084
60.805116,NaN,NaN,NaN,NaN,0.142933,-3.854434,4.108983,13.172106,5.221447,4.200156,-9.963585,-9.930656,-9.902065
60.815616,NaN,NaN,NaN,NaN,0.142776,-3.854243,4.109330,13.175601,5.228381,4.207365,-9.963516,-9.930920,-9.902004
60.823608,NaN,NaN,NaN,NaN,0.142621,-3.854159,4.109503,13.179098,5.231841,4.210970,-9.963451,-9.931049,-9.901978
60.836403,NaN,NaN,NaN,NaN,0.142317,-3.854076,4.109677,13.186094,5.235304,4.214574,-9.963329,-9.931171,-9.901951
60.843484,NaN,NaN,NaN,NaN,0.142143,-3.853995,4.110040,13.189597,5.238770,4.221778,-9.963280,-9.931286,-9.901859
60.854983,NaN,NaN,NaN,NaN,0.141972,-3.853879,4.110223,13.193101,5.245680,4.225379,-9.963234,-9.931515,-9.901817
60.863543,NaN,NaN,NaN,NaN,0.141804,-3.853823,4.110405,13.196605,5.249140,4.228981,-9.963188,-9.931622,-9.901775
60.874711,NaN,NaN,NaN,NaN,0.141639,-3.853737,4.110598,13.200110,5.256048,4.232580,-9.963146,-9.931824,-9.901726
60.883873,NaN,NaN,NaN,NaN,0.141284,-3.853708,4.110790,13.207131,5.259496,4.236179,-9.963047,-9.931915,-9.901680
60.895564,NaN,NaN,NaN,NaN,0.141112,-3.853651,4.111177,13.210644,5.266401,4.243377,-9.963001,-9.932087,-9.901596
60.914809,NaN,NaN,NaN,NaN,0.140754,-3.853652,4.111584,13.217677,5.269837,4.250563,-9.962898,-9.932171,-9.901558
60.923849,NaN,NaN,NaN,NaN,0.140569,-3.853655,4.111994,13.221198,5.276721,4.257749,-9.962841,-9.932327,-9.901527
60.937099,NaN,NaN,NaN,NaN,0.140210,-3.853657,4.112214,13.228241,5.280168,4.261340,-9.962738,-9.932400,-9.901508
60.943179,NaN,NaN,NaN,NaN,0.140011,-3.853701,4.112435,13.231774,5.283597,4.264931,-9.962666,-9.932461,-9.901489
60.955139,NaN,NaN,NaN,NaN,0.139624,-3.853790,4.112657,13.238840,5.290469,4.268521,-9.962536,-9.932556,-9.901470
60.964564,NaN,NaN,NaN,NaN,0.139435,-3.853834,4.112878,13.242373,5.293911,4.272113,-9.962494,-9.932602,-9.901478
60.975173,NaN,NaN,NaN,NaN,0.139248,-3.853878,4.113329,13.245907,5.297355,4.279280,-9.962452,-9.932644,-9.901489
60.985015,NaN,NaN,NaN,NaN,0.139036,-3.853960,4.113558,13.249448,5.300800,4.282856,-9.962395,-9.932686,-9.901489
60.996064,NaN,NaN,NaN,NaN,0.138826,-3.854197,4.113787,13.252990,5.311155,4.286431,-9.962345,-9.932800,-9.901497
61.015026,NaN,NaN,NaN,NaN,0.138199,-3.854311,4.114522,13.263617,5.314611,4.297132,-9.962189,-9.932838,-9.901508
61.023678,NaN,NaN,NaN,NaN,0.137983,-3.854424,4.114774,13.267161,5.318070,4.300696,-9.962135,-9.932877,-9.901527
61.034861,NaN,NaN,NaN,NaN,0.137771,-3.854535,4.115025,13.270706,5.321533,4.304260,-9.962078,-9.932911,-9.901550
61.044023,NaN,NaN,NaN,NaN,0.137343,-3.854645,4.115578,13.277808,5.324999,4.311372,-9.961960,-9.932941,-9.901569
61.055222,NaN,NaN,NaN,NaN,0.137129,-3.854915,4.115854,13.281365,5.331915,4.314929,-9.961903,-9.933014,-9.901585
61.063845,NaN,NaN,NaN,NaN,0.136918,-3.855048,4.116128,13.284923,5.335377,4.318487,-9.961845,-9.933048,-9.901600
61.074865,NaN,NaN,NaN,NaN,0.136710,-3.855336,4.116423,13.288480,5.342302,4.322032,-9.961792,-9.933098,-9.901600
61.084075,NaN,NaN,NaN,NaN,0.136291,-3.855491,4.117012,13.295613,5.345766,4.329123,-9.961716,-9.933125,-9.901600
61.095732,NaN,NaN,NaN,NaN,0.136087,-3.855643,4.117305,13.299178,5.349232,4.332671,-9.961681,-9.933144,-9.901604
61.105433,NaN,NaN,NaN,NaN,0.135887,-3.855793,4.117592,13.302743,5.352701,4.336210,-9.961655,-9.933167,-9.901588
61.114824,NaN,NaN,NaN,NaN,0.135701,-3.855943,4.117878,13.306324,5.356166,4.339750,-9.961624,-9.933182,-9.901573
61.123588,NaN,NaN,NaN,NaN,0.135340,-3.856238,4.118164,13.313484,5.363105,4.343291,-9.961567,-9.933224,-9.901562
61.136797,NaN,NaN,NaN,NaN,0.135163,-3.856382,4.118735,13.317063,5.366580,4.350369,-9.961544,-9.933250,-9.901527
61.144389,NaN,NaN,NaN,NaN,0.134993,-3.856519,4.119020,13.320657,5.370045,4.353907,-9.961517,-9.933273,-9.901501
61.154709,NaN,NaN,NaN,NaN,0.134826,-3.856654,4.119303,13.324250,5.373512,4.357446,-9.961498,-9.933296,-9.901478
61.164069,NaN,NaN,NaN,NaN,0.134501,-3.856918,4.119586,13.331432,5.380457,4.360985,-9.961468,-9.933334,-9.901459
61.174761,NaN,NaN,NaN,NaN,0.134339,-3.857042,4.120160,13.335032,5.383910,4.368085,-9.961449,-9.933350,-9.901394
61.183982,NaN,NaN,NaN,NaN,0.134180,-3.857164,4.120445,13.338629,5.387365,4.371635,-9.961430,-9.933361,-9.901367
61.197164,NaN,NaN,NaN,NaN,0.134023,-3.857403,4.120728,13.342225,5.394286,4.375186,-9.961414,-9.933353,-9.901344
61.214797,NaN,NaN,NaN,NaN,0.133565,-3.857630,4.121602,13.353023,5.401158,4.385837,-9.961369,-9.933319,-9.901287
61.223555,NaN,NaN,NaN,NaN,0.133416,-3.857742,4.121890,13.356623,5.404598,4.389387,-9.961353,-9.933300,-9.901272
61.234845,NaN,NaN,NaN,NaN,0.133128,-3.857959,4.122176,13.363818,5.411489,4.392937,-9.961334,-9.933258,-9.901257
61.243661,NaN,NaN,NaN,NaN,0.132983,-3.858063,4.122762,13.367417,5.414911,4.400041,-9.961319,-9.933243,-9.901215
61.254687,NaN,NaN,NaN,NaN,0.132841,-3.858165,4.123052,13.371016,5.418335,4.403593,-9.961308,-9.933224,-9.901196
61.263847,NaN,NaN,NaN,NaN,0.132702,-3.858264,4.123339,13.374613,5.421764,4.407145,-9.961300,-9.933201,-9.901161
61.275110,NaN,NaN,NaN,NaN,0.132566,-3.858363,4.123643,13.378208,5.425195,4.410696,-9.961273,-9.933182,-9.901104
61.283832,NaN,NaN,NaN,NaN,0.132276,-3.858533,4.124244,13.385398,5.432010,4.417798,-9.961201,-9.933125,-9.901005
61.295319,NaN,NaN,NaN,NaN,0.132136,-3.858616,4.124541,13.388991,5.435422,4.421349,-9.961170,-9.933094,-9.900963
61.303685,NaN,NaN,NaN,NaN,0.131998,-3.858697,4.124860,13.392584,5.438838,4.424908,-9.961140,-9.933067,-9.900887
61.315025,NaN,NaN,NaN,NaN,0.131856,-3.858780,4.125176,13.396173,5.442231,4.428468,-9.961098,-9.933018,-9.900818
61.323649,NaN,NaN,NaN,NaN,0.131717,-3.858942,4.125490,13.399761,5.449028,4.432027,-9.961056,-9.932922,-9.900749
61.334971,NaN,NaN,NaN,NaN,0.131446,-3.859020,4.126132,13.406936,5.452433,4.439156,-9.960968,-9.932877,-9.900589
61.344545,NaN,NaN,NaN,NaN,0.131313,-3.859106,4.126461,13.410515,5.455812,4.442724,-9.960911,-9.932808,-9.900497
61.357026,NaN,NaN,NaN,NaN,0.131182,-3.859190,4.126786,13.414092,5.459196,4.446291,-9.960857,-9.932743,-9.900414
61.364686,NaN,NaN,NaN,NaN,0.130927,-3.859272,4.127450,13.421246,5.462583,4.453438,-9.960758,-9.932674,-9.900219
61.374879,NaN,NaN,NaN,NaN,0.130805,-3.859436,4.127787,13.424832,5.469339,4.457017,-9.960697,-9.932537,-9.900116
61.385017,NaN,NaN,NaN,NaN,0.130684,-3.859516,4.128121,13.428419,5.472710,4.460597,-9.960644,-9.932453,-9.900013
61.396460,NaN,NaN,NaN,NaN,0.130450,-3.859673,4.128451,13.435588,5.479460,4.464175,-9.960548,-9.932293,-9.899918
61.414757,NaN,NaN,NaN,NaN,0.130235,-3.859831,4.129470,13.442786,5.486164,4.474959,-9.960445,-9.932056,-9.899570
61.423485,NaN,NaN,NaN,NaN,0.130131,-3.859908,4.129803,13.446383,5.489522,4.478553,-9.960396,-9.931942,-9.899467
61.437045,NaN,NaN,NaN,NaN,0.130029,-3.860059,4.130138,13.449979,5.496222,4.482154,-9.960354,-9.931679,-9.899338
61.443633,NaN,NaN,NaN,NaN,0.129943,-3.860132,4.130470,13.453573,5.499563,4.485754,-9.960297,-9.931534,-9.899216
61.455689,NaN,NaN,NaN,NaN,0.129778,-3.860274,4.131121,13.460759,5.506258,4.492952,-9.960205,-9.931255,-9.898991
61.476131,NaN,NaN,NaN,NaN,0.129645,-3.860348,4.131794,13.467918,5.509593,4.500150,-9.960117,-9.931080,-9.898743
61.483804,NaN,NaN,NaN,NaN,0.129542,-3.860422,4.132449,13.475052,5.512932,4.507345,-9.960033,-9.930908,-9.898514
61.496673,NaN,NaN,NaN,NaN,0.129492,-3.860637,4.132771,13.478617,5.522971,4.510941,-9.959995,-9.930378,-9.898411
61.514719,NaN,NaN,NaN,NaN,0.129415,-3.860701,4.133437,13.485729,5.526322,4.518188,-9.959934,-9.930168,-9.898178
61.523907,NaN,NaN,NaN,NaN,0.129388,-3.860825,4.134087,13.489277,5.533035,4.525431,-9.959911,-9.929760,-9.897968
61.535000,NaN,NaN,NaN,NaN,0.129334,-3.860887,4.134405,13.496369,5.536398,4.529085,-9.959873,-9.929562,-9.897854
61.543738,NaN,NaN,NaN,NaN,0.129329,-3.860959,4.134718,13.499907,5.539778,4.532737,-9.959843,-9.929348,-9.897743
61.555406,NaN,NaN,NaN,NaN,0.129324,-3.861030,4.135333,13.503446,5.543161,4.540035,-9.959820,-9.929123,-9.897530
61.564376,NaN,NaN,NaN,NaN,0.129317,-3.861171,4.135633,13.510521,5.549939,4.543708,-9.959774,-9.928680,-9.897419
61.574985,NaN,NaN,NaN,NaN,0.129330,-3.861252,4.135930,13.514050,5.553335,4.547379,-9.959724,-9.928440,-9.897312
61.584311,NaN,NaN,NaN,NaN,0.129343,-3.861332,4.136222,13.517579,5.556735,4.551047,-9.959682,-9.928204,-9.897205
61.596426,NaN,NaN,NaN,NaN,0.129370,-3.861491,4.136510,13.524636,5.563545,4.554714,-9.959606,-9.927750,-9.897106
61.614763,NaN,NaN,NaN,NaN,0.129427,-3.861673,4.137376,13.531650,5.570416,4.565755,-9.959492,-9.927269,-9.896793
61.623500,NaN,NaN,NaN,NaN,0.129456,-3.861763,4.137656,13.535156,5.573857,4.569430,-9.959442,-9.927032,-9.896694
61.634765,NaN,NaN,NaN,NaN,0.129484,-3.861853,4.137943,13.538663,5.577301,4.573110,-9.959412,-9.926807,-9.896580
61.643664,NaN,NaN,NaN,NaN,0.129534,-3.861945,4.138503,13.542162,5.580763,4.580461,-9.959366,-9.926556,-9.896370
61.655516,NaN,NaN,NaN,NaN,0.129634,-3.862128,4.138777,13.549159,5.587697,4.584134,-9.959290,-9.926075,-9.896271
61.664351,NaN,NaN,NaN,NaN,0.129682,-3.862218,4.139044,13.552657,5.591167,4.587812,-9.959255,-9.925842,-9.896164
61.674879,NaN,NaN,NaN,NaN,0.129752,-3.862303,4.139306,13.556145,5.594666,4.591488,-9.959202,-9.925587,-9.896061
61.683873,NaN,NaN,NaN,NaN,0.129888,-3.862470,4.139565,13.563120,5.601671,4.595162,-9.959106,-9.925095,-9.895962
61.695032,NaN,NaN,NaN,NaN,0.129955,-3.862552,4.140080,13.566607,5.605177,4.602509,-9.959064,-9.924858,-9.895752
61.704276,NaN,NaN,NaN,NaN,0.130019,-3.862637,4.140336,13.570103,5.608702,4.606181,-9.959007,-9.924603,-9.895641
61.714750,NaN,NaN,NaN,NaN,0.130082,-3.862721,4.140588,13.573598,5.612228,4.609850,-9.958954,-9.924355,-9.895535
61.723911,NaN,NaN,NaN,NaN,0.130145,-3.862889,4.140836,13.577094,5.619288,4.613517,-9.958904,-9.923870,-9.895435
61.735148,NaN,NaN,NaN,NaN,0.130261,-3.862968,4.141350,13.584102,5.622826,4.620850,-9.958813,-9.923603,-9.895206
61.744541,NaN,NaN,NaN,NaN,0.130315,-3.863046,4.141599,13.587614,5.626366,4.624513,-9.958771,-9.923340,-9.895103
61.757261,NaN,NaN,NaN,NaN,0.130420,-3.863279,4.142086,13.594636,5.636996,4.631833,-9.958698,-9.922600,-9.894909
61.775209,NaN,NaN,NaN,NaN,0.130508,-3.863352,4.142577,13.601667,5.640546,4.639128,-9.958645,-9.922340,-9.894718
61.784429,NaN,NaN,NaN,NaN,0.130545,-3.863426,4.142816,13.605187,5.644099,4.642773,-9.958622,-9.922089,-9.894630
61.795824,NaN,NaN,NaN,NaN,0.130581,-3.863572,4.143050,13.608707,5.651212,4.646415,-9.958603,-9.921612,-9.894543
61.805364,NaN,NaN,NaN,NaN,0.130616,-3.863638,4.143500,13.612226,5.654774,4.653689,-9.958588,-9.921356,-9.894348
61.815153,NaN,NaN,NaN,NaN,0.130637,-3.863703,4.143718,13.619288,5.658337,4.657322,-9.958580,-9.921108,-9.894257
61.823964,NaN,NaN,NaN,NaN,0.130648,-3.863769,4.143933,13.622819,5.661903,4.660954,-9.958584,-9.920868,-9.894169
61.834883,NaN,NaN,NaN,NaN,0.130657,-3.863835,4.144125,13.626348,5.665470,4.664574,-9.958588,-9.920635,-9.894089
61.843654,NaN,NaN,NaN,NaN,0.130658,-3.863972,4.144498,13.629880,5.672623,4.671808,-9.958599,-9.920155,-9.893940
61.856087,NaN,NaN,NaN,NaN,0.130658,-3.864040,4.144678,13.636943,5.676202,4.675422,-9.958637,-9.919930,-9.893871
61.865131,NaN,NaN,NaN,NaN,0.130658,-3.864108,4.144841,13.640472,5.679783,4.679025,-9.958656,-9.919712,-9.893803
61.874789,NaN,NaN,NaN,NaN,0.130659,-3.864163,4.145001,13.644021,5.683364,4.682626,-9.958679,-9.919476,-9.893738
61.883784,NaN,NaN,NaN,NaN,0.130659,-3.864274,4.145158,13.651114,5.690534,4.686225,-9.958725,-9.919025,-9.893677
61.894868,NaN,NaN,NaN,NaN,0.130658,-3.864328,4.145455,13.654661,5.694121,4.693416,-9.958752,-9.918812,-9.893562
61.905267,NaN,NaN,NaN,NaN,0.130663,-3.864374,4.145596,13.658216,5.697711,4.697009,-9.958790,-9.918598,-9.893509
61.914685,NaN,NaN,NaN,NaN,0.130667,-3.864421,4.145733,13.661770,5.701303,4.700599,-9.958828,-9.918392,-9.893456
61.923994,NaN,NaN,NaN,NaN,0.130670,-3.864513,4.145867,13.665323,5.708492,4.704188,-9.958870,-9.918003,-9.893417
61.935141,NaN,NaN,NaN,NaN,0.130665,-3.864561,4.146137,13.672444,5.712089,4.711334,-9.958939,-9.917797,-9.893356
61.943939,NaN,NaN,NaN,NaN,0.130658,-3.864609,4.146266,13.676012,5.715688,4.714905,-9.958981,-9.917599,-9.893326
61.956034,NaN,NaN,NaN,NaN,0.130649,-3.864657,4.146393,13.679579,5.719289,4.718475,-9.959023,-9.917404,-9.893303
61.965158,NaN,NaN,NaN,NaN,0.130610,-3.864704,4.146658,13.686712,5.722891,4.725596,-9.959137,-9.917217,-9.893250
61.974819,NaN,NaN,NaN,NaN,0.130580,-3.864792,4.146785,13.690279,5.730106,4.729155,-9.959209,-9.916866,-9.893223
61.983896,NaN,NaN,NaN,NaN,0.130549,-3.864836,4.146910,13.693845,5.733716,4.732712,-9.959282,-9.916698,-9.893185
61.996676,NaN,NaN,NaN,NaN,0.130472,-3.864925,4.147035,13.700985,5.740942,4.736261,-9.959393,-9.916367,-9.893139
62.005321,NaN,NaN,NaN,NaN,0.130426,-3.864969,4.147275,13.704559,5.744559,4.743357,-9.959457,-9.916199,-9.893047
62.014846,NaN,NaN,NaN,NaN,0.130379,-3.865013,4.147391,13.708132,5.748178,4.746904,-9.959526,-9.916039,-9.893005
62.024296,NaN,NaN,NaN,NaN,0.130332,-3.865056,4.147503,13.711704,5.751798,4.750450,-9.959595,-9.915878,-9.892967
62.034994,NaN,NaN,NaN,NaN,0.130285,-3.865098,4.147606,13.715277,5.755420,4.753994,-9.959663,-9.915733,-9.892914
62.043674,NaN,NaN,NaN,NaN,0.130156,-3.865154,4.147804,13.722416,5.759042,4.761080,-9.959850,-9.915577,-9.892811
62.056438,NaN,NaN,NaN,NaN,0.130091,-3.865316,4.147898,13.725985,5.769915,4.764621,-9.959946,-9.915138,-9.892765
62.074771,NaN,NaN,NaN,NaN,0.129957,-3.865381,4.148056,13.733109,5.773547,4.771719,-9.960152,-9.914989,-9.892635
62.084129,NaN,NaN,NaN,NaN,0.129888,-3.865444,4.148203,13.736663,5.777181,4.778815,-9.960258,-9.914848,-9.892521
62.094769,NaN,NaN,NaN,NaN,0.129750,-3.865566,4.148271,13.743772,5.784451,4.782373,-9.960472,-9.914585,-9.892441
62.104019,NaN,NaN,NaN,NaN,0.129671,-3.865635,4.148337,13.747313,5.788096,4.785932,-9.960590,-9.914448,-9.892376
62.114686,NaN,NaN,NaN,NaN,0.129593,-3.865703,4.148400,13.750855,5.791741,4.789489,-9.960709,-9.914310,-9.892315
62.123315,NaN,NaN,NaN,NaN,0.129440,-3.865833,4.148461,13.757938,5.799036,4.793046,-9.960945,-9.914055,-9.892258
62.134815,NaN,NaN,NaN,NaN,0.129356,-3.865916,4.148557,13.761469,5.802687,4.800152,-9.961075,-9.913921,-9.892101
62.144368,NaN,NaN,NaN,NaN,0.129273,-3.865997,4.148603,13.764999,5.806340,4.803704,-9.961201,-9.913795,-9.892029
62.158681,NaN,NaN,NaN,NaN,0.129190,-3.866154,4.148674,13.768529,5.813647,4.810795,-9.961330,-9.913597,-9.891880
62.175083,NaN,NaN,NaN,NaN,0.128927,-3.866335,4.148726,13.779081,5.820937,4.817873,-9.961742,-9.913387,-9.891731
62.184145,NaN,NaN,NaN,NaN,0.128838,-3.866422,4.148749,13.782593,5.824583,4.821412,-9.961884,-9.913288,-9.891663
62.194997,NaN,NaN,NaN,NaN,0.128749,-3.866599,4.148760,13.786104,5.831886,4.824938,-9.962021,-9.913082,-9.891579
62.205453,NaN,NaN,NaN,NaN,0.128558,-3.866688,4.148779,13.793104,5.835542,4.831991,-9.962315,-9.912971,-9.891415
62.215568,NaN,NaN,NaN,NaN,0.128463,-3.866776,4.148787,13.796605,5.839199,4.835517,-9.962456,-9.912868,-9.891342
62.224495,NaN,NaN,NaN,NaN,0.128369,-3.866861,4.148786,13.800107,5.842855,4.839035,-9.962593,-9.912766,-9.891258
62.235216,NaN,NaN,NaN,NaN,0.128272,-3.866951,4.148783,13.803597,5.846523,4.842553,-9.962730,-9.912655,-9.891178
62.243819,NaN,NaN,NaN,NaN,0.128080,-3.867126,4.148774,13.810578,5.853859,4.849590,-9.962994,-9.912445,-9.891026
62.256617,NaN,NaN,NaN,NaN,0.127986,-3.867210,4.148767,13.814070,5.857527,4.853099,-9.963123,-9.912346,-9.890926
62.264419,NaN,NaN,NaN,NaN,0.127885,-3.867286,4.148758,13.817551,5.861202,4.856609,-9.963257,-9.912231,-9.890831
62.274734,NaN,NaN,NaN,NaN,0.127786,-3.867360,4.148748,13.821033,5.864876,4.860119,-9.963387,-9.912113,-9.890739
62.284496,NaN,NaN,NaN,NaN,0.127687,-3.867432,4.148723,13.824515,5.868550,4.867140,-9.963516,-9.911999,-9.890518
62.294973,NaN,NaN,NaN,NaN,0.127492,-3.867572,4.148719,13.831484,5.875898,4.870636,-9.963787,-9.911781,-9.890400
62.304359,NaN,NaN,NaN,NaN,0.127381,-3.867651,4.148714,13.834952,5.879561,4.874132,-9.963928,-9.911671,-9.890285
62.316053,NaN,NaN,NaN,NaN,0.127272,-3.867803,4.148700,13.838422,5.886886,4.881127,-9.964062,-9.911465,-9.890068
62.334899,NaN,NaN,NaN,NaN,0.126949,-3.867949,4.148690,13.848803,5.894200,4.888092,-9.964466,-9.911266,-9.889835
62.343248,NaN,NaN,NaN,NaN,0.126844,-3.868020,4.148682,13.852244,5.897853,4.891575,-9.964596,-9.911167,-9.889721
62.356849,NaN,NaN,NaN,NaN,0.126741,-3.868222,4.148654,13.855689,5.908789,4.898539,-9.964714,-9.910892,-9.889473
62.374655,NaN,NaN,NaN,NaN,0.126447,-3.868287,4.148613,13.865973,5.912422,4.905502,-9.965061,-9.910812,-9.889217
62.385524,NaN,NaN,NaN,NaN,0.126353,-3.868349,4.148591,13.869396,5.916054,4.908985,-9.965172,-9.910732,-9.889095
62.394916,NaN,NaN,NaN,NaN,0.126261,-3.868468,4.148567,13.872820,5.923309,4.912453,-9.965286,-9.910618,-9.888954
62.404268,NaN,NaN,NaN,NaN,0.126096,-3.868525,4.148515,13.879642,5.926930,4.919394,-9.965496,-9.910572,-9.888676
62.415899,NaN,NaN,NaN,NaN,0.126015,-3.868634,4.148488,13.883056,5.934175,4.922867,-9.965591,-9.910492,-9.888542
62.434747,NaN,NaN,NaN,NaN,0.125868,-3.868694,4.148393,13.889872,5.937797,4.929788,-9.965790,-9.910473,-9.888229
62.443562,NaN,NaN,NaN,NaN,0.125802,-3.868807,4.148345,13.893275,5.945041,4.933251,-9.965889,-9.910439,-9.888081
62.454703,NaN,NaN,NaN,NaN,0.125673,-3.868861,4.148227,13.900087,5.948663,4.940180,-9.966084,-9.910419,-9.887764
62.463847,NaN,NaN,NaN,NaN,0.125638,-3.868919,4.148158,13.903480,5.952285,4.943646,-9.966190,-9.910431,-9.887604
62.474708,NaN,NaN,NaN,NaN,0.125604,-3.868976,4.148088,13.906875,5.955907,4.947114,-9.966309,-9.910442,-9.887451
62.483782,NaN,NaN,NaN,NaN,0.125570,-3.869031,4.148018,13.910273,5.959529,4.950583,-9.966423,-9.910458,-9.887299
62.494736,NaN,NaN,NaN,NaN,0.125535,-3.869134,4.147878,13.917056,5.966760,4.957527,-9.966660,-9.910526,-9.886967
62.503850,NaN,NaN,NaN,NaN,0.125532,-3.869181,4.147808,13.920443,5.970370,4.961000,-9.966778,-9.910583,-9.886810
62.515701,NaN,NaN,NaN,NaN,0.125529,-3.869227,4.147685,13.923831,5.973979,4.967955,-9.966892,-9.910629,-9.886475
62.523967,NaN,NaN,NaN,NaN,0.125526,-3.869322,4.147633,13.927222,5.981188,4.971436,-9.967003,-9.910744,-9.886295
62.535483,NaN,NaN,NaN,NaN,0.125563,-3.869371,4.147580,13.933977,5.984787,4.974917,-9.967270,-9.910812,-9.886124
62.543706,NaN,NaN,NaN,NaN,0.125582,-3.869419,4.147527,13.937359,5.988388,4.978401,-9.967400,-9.910881,-9.885960
62.555133,NaN,NaN,NaN,NaN,0.125620,-3.869510,4.147472,13.944130,5.995588,4.981885,-9.967651,-9.911018,-9.885799
62.564964,NaN,NaN,NaN,NaN,0.125666,-3.869560,4.147396,13.947508,5.999170,4.988851,-9.967800,-9.911098,-9.885445
62.574782,NaN,NaN,NaN,NaN,0.125711,-3.869609,4.147356,13.950889,6.002751,4.992336,-9.967945,-9.911179,-9.885277
62.584396,NaN,NaN,NaN,NaN,0.125756,-3.869655,4.147316,13.954271,6.006334,4.995821,-9.968086,-9.911259,-9.885105
62.594902,NaN,NaN,NaN,NaN,0.125800,-3.869700,4.147283,13.957656,6.009916,4.999279,-9.968212,-9.911343,-9.884922
62.604085,NaN,NaN,NaN,NaN,0.125936,-3.869779,4.147214,13.964416,6.017049,5.006201,-9.968498,-9.911541,-9.884575
62.615937,NaN,NaN,NaN,NaN,0.126003,-3.869851,4.147179,13.967798,6.024184,5.009665,-9.968639,-9.911736,-9.884411
62.635010,NaN,NaN,NaN,NaN,0.126161,-3.869886,4.147087,13.974562,6.027736,5.016542,-9.968933,-9.911869,-9.884071
62.643278,NaN,NaN,NaN,NaN,0.126251,-3.869951,4.146992,13.977943,6.034841,5.023427,-9.969082,-9.912128,-9.883724
62.655630,NaN,NaN,NaN,NaN,0.126429,-3.869982,4.146934,13.984712,6.038393,5.026838,-9.969345,-9.912258,-9.883549
62.663979,NaN,NaN,NaN,NaN,0.126554,-3.870022,4.146875,13.988086,6.041929,5.030251,-9.969494,-9.912403,-9.883381
62.674718,NaN,NaN,NaN,NaN,0.126679,-3.870061,4.146816,13.991461,6.045466,5.033667,-9.969639,-9.912548,-9.883221
62.683998,NaN,NaN,NaN,NaN,0.126802,-3.870135,4.146755,13.994839,6.052543,5.037086,-9.969780,-9.912838,-9.883068
62.695922,NaN,NaN,NaN,NaN,0.127080,-3.870230,4.146606,14.001599,6.059615,5.043863,-9.970066,-9.913181,-9.882755
62.716160,NaN,NaN,NaN,NaN,0.127387,-3.870275,4.146360,14.008368,6.063151,5.054035,-9.970352,-9.913353,-9.882347
62.724370,NaN,NaN,NaN,NaN,0.127538,-3.870319,4.146264,14.011756,6.066689,5.057421,-9.970490,-9.913521,-9.882221
62.735072,NaN,NaN,NaN,NaN,0.127861,-3.870445,4.146169,14.018547,6.073784,5.060809,-9.970772,-9.913891,-9.882099
62.743187,NaN,NaN,NaN,NaN,0.128020,-3.870506,4.146075,14.021946,6.077332,5.064200,-9.970909,-9.914074,-9.881985
62.755510,NaN,NaN,NaN,NaN,0.128177,-3.870638,4.145972,14.025347,6.084445,5.067572,-9.971039,-9.914440,-9.881886
62.763841,NaN,NaN,NaN,NaN,0.128326,-3.870709,4.145766,14.028762,6.088010,5.074325,-9.971191,-9.914631,-9.881691
62.774655,NaN,NaN,NaN,NaN,0.128620,-3.870778,4.145663,14.035597,6.091575,5.077707,-9.971493,-9.914818,-9.881603
62.784522,NaN,NaN,NaN,NaN,0.128765,-3.870845,4.145578,14.039017,6.095140,5.081078,-9.971638,-9.915005,-9.881531
62.795902,NaN,NaN,NaN,NaN,0.128876,-3.870930,4.145493,14.042452,6.098730,5.084452,-9.971802,-9.915215,-9.881458
62.803474,NaN,NaN,NaN,NaN,0.129098,-3.871014,4.145321,14.049327,6.102320,5.091210,-9.972115,-9.915424,-9.881332
62.816294,NaN,NaN,NaN,NaN,0.129208,-3.871253,4.145234,14.052768,6.113088,5.094594,-9.972267,-9.916031,-9.881279
62.834784,NaN,NaN,NaN,NaN,0.129462,-3.871335,4.145098,14.063130,6.116709,5.101346,-9.972710,-9.916256,-9.881195
62.843468,NaN,NaN,NaN,NaN,0.129535,-3.871494,4.144959,14.066593,6.123950,5.108112,-9.972851,-9.916698,-9.881130
62.854742,NaN,NaN,NaN,NaN,0.129608,-3.871570,4.144903,14.070057,6.127569,5.111489,-9.972988,-9.916916,-9.881100
62.863702,NaN,NaN,NaN,NaN,0.129635,-3.871650,4.144846,14.073543,6.131209,5.114870,-9.973118,-9.917149,-9.881073
62.875510,NaN,NaN,NaN,NaN,0.129663,-3.871729,4.144789,14.077029,6.134849,5.118253,-9.973244,-9.917377,-9.881050
62.884094,NaN,NaN,NaN,NaN,0.129721,-3.871881,4.144675,14.084008,6.142125,5.125031,-9.973469,-9.917824,-9.881004
62.894766,NaN,NaN,NaN,NaN,0.129709,-3.871954,4.144619,14.087521,6.145782,5.128424,-9.973568,-9.918053,-9.880981
62.903792,NaN,NaN,NaN,NaN,0.129698,-3.872025,4.144561,14.091034,6.149440,5.131821,-9.973667,-9.918282,-9.880962
62.916666,NaN,NaN,NaN,NaN,0.129688,-3.872164,4.144503,14.094548,6.156751,5.135221,-9.973759,-9.918724,-9.880947
62.935079,NaN,NaN,NaN,NaN,0.129614,-3.872283,4.144343,14.105139,6.164074,5.145434,-9.974014,-9.919201,-9.880920
62.944303,NaN,NaN,NaN,NaN,0.129584,-3.872341,4.144287,14.108678,6.167734,5.148844,-9.974091,-9.919434,-9.880909
62.957475,NaN,NaN,NaN,NaN,0.129553,-3.872482,4.144226,14.112218,6.178731,5.152260,-9.974167,-9.920135,-9.880898
62.976625,NaN,NaN,NaN,NaN,0.129408,-3.872523,4.144037,14.122890,6.182398,5.162524,-9.974361,-9.920368,-9.880886
62.985377,NaN,NaN,NaN,NaN,0.129361,-3.872562,4.143959,14.126449,6.186064,5.165967,-9.974419,-9.920593,-9.880878
62.994858,NaN,NaN,NaN,NaN,0.129296,-3.872582,4.143880,14.130038,6.189748,5.169413,-9.974464,-9.920830,-9.880875
63.004732,NaN,NaN,NaN,NaN,0.129168,-3.872618,4.143801,14.137216,6.197111,5.172862,-9.974545,-9.921291,-9.880863
63.014920,NaN,NaN,NaN,NaN,0.129105,-3.872635,4.143627,14.140804,6.200791,5.179778,-9.974583,-9.921520,-9.880836
63.023977,NaN,NaN,NaN,NaN,0.129015,-3.872619,4.143532,14.144434,6.204465,5.183245,-9.974602,-9.921753,-9.880821
63.035230,NaN,NaN,NaN,NaN,0.128926,-3.872603,4.143436,14.148064,6.208138,5.186715,-9.974621,-9.921982,-9.880814
63.043705,NaN,NaN,NaN,NaN,0.128838,-3.872570,4.143341,14.151693,6.215480,5.190187,-9.974636,-9.922428,-9.880806
63.054975,NaN,NaN,NaN,NaN,0.128652,-3.872515,4.143135,14.158983,6.219167,5.197155,-9.974640,-9.922649,-9.880791
63.064093,NaN,NaN,NaN,NaN,0.128554,-3.872459,4.143031,14.162643,6.222853,5.200643,-9.974628,-9.922867,-9.880806
63.075437,NaN,NaN,NaN,NaN,0.128457,-3.872404,4.142824,14.166304,6.226537,5.207626,-9.974636,-9.923080,-9.880848
63.085111,NaN,NaN,NaN,NaN,0.128267,-3.872295,4.142721,14.173620,6.233901,5.211123,-9.974640,-9.923496,-9.880859
63.094977,NaN,NaN,NaN,NaN,0.128154,-3.872205,4.142618,14.177307,6.237597,5.214622,-9.974625,-9.923698,-9.880875
63.103380,NaN,NaN,NaN,NaN,0.128041,-3.872116,4.142515,14.180993,6.241292,5.218123,-9.974609,-9.923901,-9.880890
63.116555,NaN,NaN,NaN,NaN,0.127930,-3.871816,4.142412,14.184678,6.252379,5.221627,-9.974590,-9.924431,-9.880913
63.134824,NaN,NaN,NaN,NaN,0.127544,-3.871693,4.142101,14.195797,6.256083,5.232182,-9.974541,-9.924595,-9.880962
63.143699,NaN,NaN,NaN,NaN,0.127408,-3.871571,4.141996,14.199512,6.259784,5.235705,-9.974522,-9.924755,-9.880985
63.155668,NaN,NaN,NaN,NaN,0.127273,-3.871450,4.141903,14.203225,6.263483,5.239225,-9.974503,-9.924911,-9.881004
63.163957,NaN,NaN,NaN,NaN,0.126941,-3.871299,4.141717,14.210711,6.267209,5.246273,-9.974430,-9.925060,-9.881050
63.175508,NaN,NaN,NaN,NaN,0.126779,-3.870854,4.141623,14.214451,6.278375,5.249799,-9.974392,-9.925472,-9.881077
63.194751,NaN,NaN,NaN,NaN,0.126420,-3.870676,4.141496,14.221951,6.282123,5.256814,-9.974285,-9.925613,-9.881149
63.203370,NaN,NaN,NaN,NaN,0.126223,-3.870325,4.141363,14.225712,6.289609,5.263837,-9.974220,-9.925888,-9.881233
63.214744,NaN,NaN,NaN,NaN,0.125839,-3.870152,4.141326,14.233226,6.293348,5.267335,-9.974091,-9.926022,-9.881279
63.223812,NaN,NaN,NaN,NaN,0.125615,-3.869967,4.141287,14.237013,6.297101,5.270836,-9.974007,-9.926159,-9.881325
63.234889,NaN,NaN,NaN,NaN,0.125394,-3.869782,4.141248,14.240797,6.300850,5.274339,-9.973923,-9.926300,-9.881378
63.243444,NaN,NaN,NaN,NaN,0.124962,-3.869600,4.141208,14.248358,6.304598,5.277844,-9.973774,-9.926437,-9.881435
63.254905,NaN,NaN,NaN,NaN,0.124714,-3.869225,4.141184,14.252158,6.312124,5.284842,-9.973682,-9.926716,-9.881561
63.263825,NaN,NaN,NaN,NaN,0.124469,-3.869032,4.141170,14.255957,6.315902,5.288345,-9.973591,-9.926857,-9.881626
63.275448,NaN,NaN,NaN,NaN,0.124228,-3.868840,4.141153,14.259752,6.319677,5.291850,-9.973503,-9.926994,-9.881695
63.285197,NaN,NaN,NaN,NaN,0.123990,-3.868651,4.141169,14.263544,6.323449,5.298841,-9.973415,-9.927128,-9.881859
63.294980,NaN,NaN,NaN,NaN,0.123446,-3.868256,4.141174,14.271188,6.331059,5.302340,-9.973198,-9.927376,-9.881947
63.303568,NaN,NaN,NaN,NaN,0.123180,-3.868060,4.141177,14.275005,6.334858,5.305841,-9.973091,-9.927494,-9.882042
63.314861,NaN,NaN,NaN,NaN,0.122918,-3.867867,4.141201,14.278819,6.338655,5.309334,-9.972988,-9.927612,-9.882149
63.323947,NaN,NaN,NaN,NaN,0.122325,-3.867665,4.141242,14.286489,6.342475,5.316325,-9.972755,-9.927746,-9.882370
63.334946,NaN,NaN,NaN,NaN,0.122035,-3.867266,4.141259,14.290318,6.350104,5.319824,-9.972641,-9.928001,-9.882484
63.344345,NaN,NaN,NaN,NaN,0.121748,-3.867070,4.141274,14.294145,6.353913,5.323325,-9.972530,-9.928127,-9.882599
63.357626,NaN,NaN,NaN,NaN,0.121466,-3.866481,4.141304,14.297967,6.365382,5.326835,-9.972420,-9.928570,-9.882729
63.376006,NaN,NaN,NaN,NaN,0.120520,-3.866287,4.141384,14.309477,6.369207,5.337378,-9.972034,-9.928715,-9.883202
63.384590,NaN,NaN,NaN,NaN,0.120214,-3.866095,4.141402,14.313307,6.373030,5.340906,-9.971901,-9.928860,-9.883373
63.394896,NaN,NaN,NaN,NaN,0.119879,-3.865885,4.141419,14.317153,6.376867,5.344436,-9.971775,-9.929008,-9.883545
63.404937,NaN,NaN,NaN,NaN,0.119221,-3.865473,4.141446,14.324836,6.384528,5.351500,-9.971523,-9.929302,-9.883888
63.415015,NaN,NaN,NaN,NaN,0.118900,-3.865270,4.141450,14.328671,6.388353,5.355035,-9.971405,-9.929451,-9.884071
63.425226,NaN,NaN,NaN,NaN,0.118561,-3.865058,4.141452,14.332527,6.392184,5.358572,-9.971294,-9.929592,-9.884239
63.434769,NaN,NaN,NaN,NaN,0.118227,-3.864850,4.141453,14.336380,6.396011,5.362110,-9.971169,-9.929729,-9.884407
63.443967,NaN,NaN,NaN,NaN,0.117574,-3.864644,4.141452,14.344072,6.399835,5.365650,-9.970924,-9.929867,-9.884575
63.455197,NaN,NaN,NaN,NaN,0.117239,-3.864232,4.141431,14.347945,6.407484,5.372769,-9.970814,-9.930130,-9.884930
63.462849,NaN,NaN,NaN,NaN,0.116909,-3.864028,4.141419,14.351813,6.411308,5.376330,-9.970707,-9.930260,-9.885105
63.476612,NaN,NaN,NaN,NaN,0.116584,-3.863825,4.141405,14.355678,6.415129,5.379893,-9.970600,-9.930382,-9.885284
63.483963,NaN,NaN,NaN,NaN,0.116264,-3.863625,4.141373,14.359538,6.418946,5.387049,-9.970497,-9.930504,-9.885639
63.494661,NaN,NaN,NaN,NaN,0.115589,-3.863227,4.141356,14.367323,6.426599,5.390628,-9.970303,-9.930752,-9.885818
63.503478,NaN,NaN,NaN,NaN,0.115259,-3.863032,4.141338,14.371210,6.430420,5.394207,-9.970207,-9.930874,-9.885998
63.514802,NaN,NaN,NaN,NaN,0.114935,-3.862635,4.141339,14.375092,6.438069,5.397785,-9.970112,-9.931118,-9.886177
63.523950,NaN,NaN,NaN,NaN,0.114273,-3.862433,4.141336,14.382888,6.441896,5.404943,-9.969933,-9.931240,-9.886532
63.535922,NaN,NaN,NaN,NaN,0.113951,-3.862235,4.141333,14.386779,6.445721,5.408524,-9.969845,-9.931358,-9.886707
63.544471,NaN,NaN,NaN,NaN,0.113634,-3.862038,4.141347,14.390666,6.449540,5.412091,-9.969757,-9.931477,-9.886879
63.555134,NaN,NaN,NaN,NaN,0.113303,-3.861830,4.141358,14.394560,6.453390,5.415658,-9.969685,-9.931599,-9.887047
63.563811,NaN,NaN,NaN,NaN,0.112660,-3.861422,4.141378,14.402333,6.461077,5.422799,-9.969540,-9.931831,-9.887383
63.576478,NaN,NaN,NaN,NaN,0.112347,-3.861223,4.141396,14.406214,6.464913,5.426351,-9.969467,-9.931946,-9.887547
63.585296,NaN,NaN,NaN,NaN,0.112023,-3.861032,4.141412,14.410085,6.468770,5.429904,-9.969406,-9.932056,-9.887707
63.594980,NaN,NaN,NaN,NaN,0.111705,-3.860844,4.141427,14.413951,6.472622,5.433460,-9.969349,-9.932171,-9.887867
63.603588,NaN,NaN,NaN,NaN,0.111392,-3.860658,4.141452,14.417813,6.476470,5.440575,-9.969292,-9.932281,-9.888195
63.614767,NaN,NaN,NaN,NaN,0.110786,-3.860296,4.141470,14.425526,6.484152,5.444130,-9.969166,-9.932491,-9.888351
63.624223,NaN,NaN,NaN,NaN,0.110462,-3.860140,4.141486,14.429366,6.488011,5.447687,-9.969097,-9.932602,-9.888504
63.635860,NaN,NaN,NaN,NaN,0.110144,-3.859986,4.141500,14.433204,6.491866,5.451246,-9.969028,-9.932709,-9.888657
63.644724,NaN,NaN,NaN,NaN,0.109525,-3.859684,4.141514,14.440867,6.499562,5.454806,-9.968899,-9.932911,-9.888809
63.654903,NaN,NaN,NaN,NaN,0.109193,-3.859562,4.141534,14.444675,6.503423,5.461932,-9.968830,-9.933022,-9.889076
63.664005,NaN,NaN,NaN,NaN,0.108867,-3.859441,4.141542,14.448480,6.507277,5.465497,-9.968769,-9.933125,-9.889217
63.674656,NaN,NaN,NaN,NaN,0.108236,-3.859204,4.141550,14.456079,6.514975,5.469063,-9.968639,-9.933323,-9.889359
63.684297,NaN,NaN,NaN,NaN,0.107908,-3.859117,4.141574,14.459861,6.518834,5.476243,-9.968582,-9.933430,-9.889595
63.694799,NaN,NaN,NaN,NaN,0.107587,-3.859032,4.141584,14.463640,6.522688,5.479833,-9.968525,-9.933529,-9.889713
63.703618,NaN,NaN,NaN,NaN,0.107272,-3.858948,4.141593,14.467417,6.526537,5.483425,-9.968468,-9.933624,-9.889832
63.714956,NaN,NaN,NaN,NaN,0.106964,-3.858817,4.141609,14.471190,6.534242,5.487040,-9.968414,-9.933830,-9.889935
63.723757,NaN,NaN,NaN,NaN,0.106641,-3.858768,4.141637,14.474941,6.538097,5.494273,-9.968372,-9.933933,-9.890121
63.735689,NaN,NaN,NaN,NaN,0.106015,-3.858721,4.141650,14.482436,6.541948,5.497891,-9.968300,-9.934029,-9.890217
63.744657,NaN,NaN,NaN,NaN,0.105711,-3.858674,4.141683,14.486178,6.545794,5.501529,-9.968262,-9.934124,-9.890312
63.755055,NaN,NaN,NaN,NaN,0.105402,-3.858637,4.141716,14.489902,6.549660,5.505167,-9.968235,-9.934208,-9.890411
63.764365,NaN,NaN,NaN,NaN,0.104803,-3.858566,4.141746,14.497339,6.557373,5.508806,-9.968182,-9.934353,-9.890511
63.775960,NaN,NaN,NaN,NaN,0.104513,-3.858532,4.141832,14.501054,6.561223,5.516095,-9.968159,-9.934410,-9.890709
63.784313,NaN,NaN,NaN,NaN,0.104215,-3.858517,4.141887,14.504750,6.565101,5.519745,-9.968143,-9.934471,-9.890820
63.794727,NaN,NaN,NaN,NaN,0.103924,-3.858503,4.141940,14.508445,6.568973,5.523395,-9.968140,-9.934528,-9.890930
63.803758,NaN,NaN,NaN,NaN,0.103360,-3.858490,4.141992,14.515827,6.572840,5.527046,-9.968136,-9.934586,-9.891041
63.814994,NaN,NaN,NaN,NaN,0.103072,-3.858472,4.142151,14.519488,6.580588,5.534355,-9.968136,-9.934692,-9.891270
63.824151,NaN,NaN,NaN,NaN,0.102790,-3.858468,4.142227,14.523148,6.584469,5.538009,-9.968136,-9.934742,-9.891384
63.836380,NaN,NaN,NaN,NaN,0.102514,-3.858463,4.142302,14.526804,6.592216,5.541664,-9.968140,-9.934834,-9.891499
63.854934,NaN,NaN,NaN,NaN,0.101689,-3.858491,4.142595,14.537717,6.599994,5.552687,-9.968117,-9.934917,-9.891914
63.863563,NaN,NaN,NaN,NaN,0.101421,-3.858506,4.142689,14.541343,6.603875,5.556362,-9.968105,-9.934956,-9.892052
63.875010,NaN,NaN,NaN,NaN,0.101159,-3.858537,4.142781,14.544967,6.611621,5.560037,-9.968098,-9.935024,-9.892189
63.886493,NaN,NaN,NaN,NaN,0.100902,-3.858557,4.143016,14.548590,6.615479,5.567412,-9.968086,-9.935078,-9.892487
63.894677,NaN,NaN,NaN,NaN,0.100365,-3.858577,4.143131,14.555756,6.619331,5.571098,-9.968094,-9.935127,-9.892635
63.904117,NaN,NaN,NaN,NaN,0.100105,-3.858598,4.143243,14.559338,6.623179,5.574785,-9.968098,-9.935177,-9.892799
63.914899,NaN,NaN,NaN,NaN,0.099851,-3.858619,4.143379,14.562919,6.627023,5.578474,-9.968082,-9.935223,-9.892967
63.923624,NaN,NaN,NaN,NaN,0.099333,-3.858665,4.143645,14.570006,6.634680,5.585850,-9.968060,-9.935318,-9.893303
63.935662,NaN,NaN,NaN,NaN,0.099084,-3.858713,4.143775,14.573549,6.642319,5.589537,-9.968052,-9.935406,-9.893471
63.954812,NaN,NaN,NaN,NaN,0.098575,-3.858737,4.144084,14.580616,6.646132,5.596916,-9.968040,-9.935452,-9.893803
63.963464,NaN,NaN,NaN,NaN,0.098063,-3.858789,4.144235,14.587664,6.653744,5.600605,-9.968040,-9.935539,-9.893959
63.977528,NaN,NaN,NaN,NaN,0.097815,-3.858832,4.144556,14.591187,6.661341,5.607970,-9.968040,-9.935619,-9.894283
63.994589,NaN,NaN,NaN,NaN,0.097304,-3.858849,4.144894,14.598195,6.665135,5.615323,-9.968048,-9.935658,-9.894615
64.003969,NaN,NaN,NaN,NaN,0.097056,-3.858868,4.145059,14.601700,6.668925,5.618999,-9.968052,-9.935696,-9.894779
64.015439,NaN,NaN,NaN,NaN,0.096568,-3.858889,4.145410,14.608695,6.676491,5.626334,-9.968040,-9.935749,-9.895126
64.023496,NaN,NaN,NaN,NaN,0.096326,-3.858892,4.145581,14.612186,6.680268,5.630002,-9.968029,-9.935772,-9.895294
64.036018,NaN,NaN,NaN,NaN,0.095858,-3.858903,4.145751,14.619169,6.687809,5.633670,-9.968021,-9.935814,-9.895458
64.055066,NaN,NaN,NaN,NaN,0.095368,-3.858919,4.146270,14.626105,6.695336,5.644655,-9.967972,-9.935844,-9.895954
64.063441,NaN,NaN,NaN,NaN,0.095132,-3.858929,4.146438,14.629573,6.699093,5.648317,-9.967945,-9.935860,-9.896118
64.074802,NaN,NaN,NaN,NaN,0.094901,-3.858948,4.146618,14.633041,6.706597,5.651979,-9.967922,-9.935890,-9.896294
64.084437,NaN,NaN,NaN,NaN,0.094397,-3.858956,4.146796,14.639928,6.710343,5.655642,-9.967850,-9.935902,-9.896473
64.094735,NaN,NaN,NaN,NaN,0.094153,-3.858966,4.147144,14.643372,6.714087,5.662967,-9.967823,-9.935909,-9.896824
64.103870,NaN,NaN,NaN,NaN,0.093914,-3.858978,4.147329,14.646817,6.717825,5.666634,-9.967796,-9.935917,-9.897007
64.114855,NaN,NaN,NaN,NaN,0.093640,-3.858995,4.147511,14.650249,6.721564,5.670301,-9.967754,-9.935917,-9.897186
64.123622,NaN,NaN,NaN,NaN,0.093109,-3.859013,4.147869,14.657119,6.725300,5.677637,-9.967674,-9.935913,-9.897541
64.137432,NaN,NaN,NaN,NaN,0.092851,-3.859074,4.148045,14.660555,6.736484,5.681304,-9.967636,-9.935898,-9.897717
64.155472,NaN,NaN,NaN,NaN,0.092312,-3.859097,4.148422,14.667411,6.740223,5.688658,-9.967548,-9.935890,-9.898045
64.164251,NaN,NaN,NaN,NaN,0.092031,-3.859145,4.148788,14.670833,6.747689,5.696011,-9.967499,-9.935871,-9.898365
64.174964,NaN,NaN,NaN,NaN,0.091486,-3.859170,4.148979,14.677677,6.751417,5.699702,-9.967407,-9.935856,-9.898533
64.184823,NaN,NaN,NaN,NaN,0.091190,-3.859201,4.149168,14.681087,6.755160,5.703393,-9.967354,-9.935837,-9.898705
64.196067,NaN,NaN,NaN,NaN,0.090899,-3.859300,4.149536,14.684498,6.766367,5.710773,-9.967304,-9.935783,-9.899021
64.215055,NaN,NaN,NaN,NaN,0.090027,-3.859347,4.149899,14.694719,6.770109,5.718164,-9.967136,-9.935749,-9.899315
64.223589,NaN,NaN,NaN,NaN,0.089724,-3.859395,4.150076,14.698119,6.773848,5.721860,-9.967079,-9.935719,-9.899460
64.236856,NaN,NaN,NaN,NaN,0.089137,-3.859495,4.150251,14.704921,6.781311,5.725555,-9.966972,-9.935654,-9.899601
64.254776,NaN,NaN,NaN,NaN,0.088504,-3.859605,4.150813,14.711724,6.788763,5.736634,-9.966885,-9.935566,-9.899986
64.263869,NaN,NaN,NaN,NaN,0.088196,-3.859662,4.150994,14.715127,6.792484,5.740325,-9.966843,-9.935520,-9.900101
64.275295,NaN,NaN,NaN,NaN,0.087895,-3.859720,4.151182,14.718529,6.796201,5.744010,-9.966797,-9.935474,-9.900204
64.283520,NaN,NaN,NaN,NaN,0.087252,-3.859840,4.151546,14.725337,6.803633,5.751379,-9.966717,-9.935364,-9.900414
64.295687,NaN,NaN,NaN,NaN,0.086941,-3.859902,4.151724,14.728741,6.807343,5.755062,-9.966682,-9.935310,-9.900520
64.305769,NaN,NaN,NaN,NaN,0.086636,-3.859965,4.151903,14.732144,6.811049,5.758756,-9.966648,-9.935257,-9.900627
64.314824,NaN,NaN,NaN,NaN,0.086319,-3.860023,4.152079,14.735566,6.814745,5.762448,-9.966618,-9.935184,-9.900734
64.323400,NaN,NaN,NaN,NaN,0.086009,-3.860083,4.152252,14.738987,6.818436,5.766140,-9.966587,-9.935116,-9.900841
64.335015,NaN,NaN,NaN,NaN,0.085406,-3.860209,4.152597,14.745829,6.825807,5.773539,-9.966553,-9.934978,-9.901070
64.343823,NaN,NaN,NaN,NaN,0.085101,-3.860250,4.152768,14.749279,6.829493,5.777246,-9.966545,-9.934891,-9.901192
64.355817,NaN,NaN,NaN,NaN,0.084802,-3.860337,4.153102,14.752729,6.836853,5.784658,-9.966534,-9.934723,-9.901428
64.374911,NaN,NaN,NaN,NaN,0.083913,-3.860417,4.153414,14.763106,6.844193,5.792101,-9.966511,-9.934525,-9.901699
64.383786,NaN,NaN,NaN,NaN,0.083611,-3.860452,4.153565,14.766582,6.847855,5.795823,-9.966503,-9.934414,-9.901833
64.395872,NaN,NaN,NaN,NaN,0.083314,-3.860573,4.153859,14.770059,6.858815,5.803262,-9.966507,-9.934090,-9.902100
64.414741,NaN,NaN,NaN,NaN,0.082425,-3.860593,4.154156,14.780519,6.862467,5.810711,-9.966530,-9.933960,-9.902367
64.423597,NaN,NaN,NaN,NaN,0.082117,-3.860615,4.154300,14.784025,6.866115,5.814435,-9.966541,-9.933830,-9.902500
64.435389,NaN,NaN,NaN,NaN,0.081814,-3.860665,4.154441,14.787530,6.873402,5.818158,-9.966553,-9.933582,-9.902630
64.443491,NaN,NaN,NaN,NaN,0.081518,-3.860676,4.154716,14.791035,6.877048,5.825613,-9.966564,-9.933437,-9.902863
64.454903,NaN,NaN,NaN,NaN,0.080892,-3.860690,4.154848,14.798091,6.880691,5.829339,-9.966576,-9.933292,-9.902981
64.463606,NaN,NaN,NaN,NaN,0.080588,-3.860706,4.154977,14.801618,6.884331,5.833064,-9.966579,-9.933155,-9.903095
64.475761,NaN,NaN,NaN,NaN,0.080290,-3.860736,4.155236,14.805145,6.895223,5.840521,-9.966587,-9.932701,-9.903328
64.495997,NaN,NaN,NaN,NaN,0.079350,-3.860756,4.155483,14.815801,6.902465,5.847976,-9.966595,-9.932415,-9.903553
64.514935,NaN,NaN,NaN,NaN,0.078743,-3.860760,4.155708,14.822915,6.906085,5.855442,-9.966576,-9.932251,-9.903801
64.523467,NaN,NaN,NaN,NaN,0.078148,-3.860776,4.155815,14.830042,6.913317,5.859174,-9.966534,-9.931938,-9.903919
64.535121,NaN,NaN,NaN,NaN,0.077859,-3.860789,4.156025,14.833603,6.916927,5.866640,-9.966518,-9.931786,-9.904171
64.544547,NaN,NaN,NaN,NaN,0.077570,-3.860791,4.156128,14.837193,6.920555,5.870373,-9.966488,-9.931625,-9.904301
64.555072,NaN,NaN,NaN,NaN,0.077286,-3.860796,4.156228,14.840782,6.924180,5.874105,-9.966457,-9.931458,-9.904430
64.564612,NaN,NaN,NaN,NaN,0.076735,-3.860805,4.156325,14.847954,6.927801,5.877838,-9.966423,-9.931293,-9.904572
64.575038,NaN,NaN,NaN,NaN,0.076466,-3.860806,4.156560,14.851566,6.935036,5.885316,-9.966404,-9.930973,-9.904861
64.584977,NaN,NaN,NaN,NaN,0.076203,-3.860800,4.156672,14.855176,6.938650,5.889054,-9.966385,-9.930817,-9.904999
64.595727,NaN,NaN,NaN,NaN,0.075945,-3.860784,4.156781,14.858784,6.949474,5.892791,-9.966370,-9.930378,-9.905136
64.615007,NaN,NaN,NaN,NaN,0.075227,-3.860775,4.157154,14.869658,6.953077,5.903989,-9.966282,-9.930244,-9.905567
64.623551,NaN,NaN,NaN,NaN,0.075002,-3.860769,4.157270,14.873290,6.956678,5.907721,-9.966251,-9.930119,-9.905720
64.635375,NaN,NaN,NaN,NaN,0.074578,-3.860766,4.157406,14.880566,6.960276,5.911454,-9.966202,-9.929989,-9.905884
64.643716,NaN,NaN,NaN,NaN,0.074380,-3.860713,4.157538,14.884210,6.967453,5.915186,-9.966171,-9.929760,-9.906048
64.654896,NaN,NaN,NaN,NaN,0.074187,-3.860693,4.157791,14.887851,6.971038,5.922649,-9.966141,-9.929653,-9.906361
64.664067,NaN,NaN,NaN,NaN,0.073998,-3.860676,4.157912,14.891490,6.974621,5.926378,-9.966114,-9.929546,-9.906513
64.674867,NaN,NaN,NaN,NaN,0.073813,-3.860663,4.158050,14.895128,6.978201,5.930095,-9.966084,-9.929428,-9.906670
64.684435,NaN,NaN,NaN,NaN,0.073486,-3.860595,4.158314,14.902430,6.985330,5.937527,-9.966026,-9.929234,-9.906986
64.695936,NaN,NaN,NaN,NaN,0.073327,-3.860567,4.158440,14.906077,6.988891,5.941242,-9.966007,-9.929142,-9.907139
64.704344,NaN,NaN,NaN,NaN,0.073172,-3.860543,4.158580,14.909724,6.992451,5.944955,-9.965988,-9.929050,-9.907291
64.714711,NaN,NaN,NaN,NaN,0.073037,-3.860494,4.158715,14.913385,6.995989,5.948668,-9.965961,-9.928982,-9.907436
64.723501,NaN,NaN,NaN,NaN,0.072905,-3.860407,4.158972,14.917045,7.003059,5.956091,-9.965939,-9.928833,-9.907722
64.735180,NaN,NaN,NaN,NaN,0.072651,-3.860370,4.159122,14.924359,7.006593,5.959803,-9.965889,-9.928753,-9.907848
64.745167,NaN,NaN,NaN,NaN,0.072537,-3.860309,4.159266,14.928036,7.010118,5.963513,-9.965855,-9.928692,-9.907978
64.754753,NaN,NaN,NaN,NaN,0.072427,-3.860253,4.159407,14.931711,7.013642,5.967223,-9.965824,-9.928635,-9.908104
64.764183,NaN,NaN,NaN,NaN,0.072319,-3.860153,4.159543,14.935385,7.020684,5.970932,-9.965794,-9.928520,-9.908230
64.774864,NaN,NaN,NaN,NaN,0.072126,-3.860083,4.159870,14.942743,7.024201,5.978397,-9.965744,-9.928478,-9.908443
64.784044,NaN,NaN,NaN,NaN,0.072041,-3.860015,4.160025,14.946427,7.027717,5.982128,-9.965721,-9.928436,-9.908550
64.796157,NaN,NaN,NaN,NaN,0.071959,-3.859894,4.160176,14.950109,7.034742,5.985857,-9.965702,-9.928375,-9.908649
64.814834,NaN,NaN,NaN,NaN,0.071756,-3.859741,4.160689,14.961200,7.041779,5.997100,-9.965630,-9.928329,-9.908913
64.823852,NaN,NaN,NaN,NaN,0.071697,-3.859670,4.160849,14.964902,7.045294,6.000845,-9.965607,-9.928307,-9.908997
64.835267,NaN,NaN,NaN,NaN,0.071640,-3.859524,4.161041,14.968602,7.052334,6.004596,-9.965584,-9.928276,-9.909061
64.843625,NaN,NaN,NaN,NaN,0.071548,-3.859448,4.161407,14.976050,7.055859,6.012090,-9.965542,-9.928261,-9.909187
64.855883,NaN,NaN,NaN,NaN,0.071505,-3.859309,4.161582,14.979772,7.062901,6.015834,-9.965523,-9.928230,-9.909248
64.874771,NaN,NaN,NaN,NaN,0.071423,-3.859242,4.161999,14.987229,7.066433,6.023322,-9.965508,-9.928230,-9.909290
64.884207,NaN,NaN,NaN,NaN,0.071384,-3.859179,4.162390,14.990967,7.069963,6.030803,-9.965511,-9.928230,-9.909328
64.896482,NaN,NaN,NaN,NaN,0.071309,-3.859065,4.162606,14.998435,7.077015,6.034547,-9.965519,-9.928234,-9.909336
64.903769,NaN,NaN,NaN,NaN,0.071276,-3.859015,4.162816,15.002187,7.080543,6.038289,-9.965534,-9.928261,-9.909340
64.915101,NaN,NaN,NaN,NaN,0.071244,-3.858970,4.163020,15.005936,7.084067,6.042030,-9.965549,-9.928288,-9.909348
64.923590,NaN,NaN,NaN,NaN,0.071215,-3.858928,4.163411,15.009682,7.087589,6.049507,-9.965569,-9.928318,-9.909348
64.935159,NaN,NaN,NaN,NaN,0.071161,-3.858859,4.163622,15.017167,7.094629,6.053264,-9.965611,-9.928371,-9.909325
64.944668,NaN,NaN,NaN,NaN,0.071139,-3.858847,4.163826,15.020928,7.098148,6.057019,-9.965652,-9.928417,-9.909302
64.956359,NaN,NaN,NaN,NaN,0.071119,-3.858839,4.164218,15.024687,7.101665,6.064523,-9.965691,-9.928463,-9.909256
64.965418,NaN,NaN,NaN,NaN,0.071083,-3.858834,4.164433,15.032195,7.108692,6.068290,-9.965767,-9.928558,-9.909203
64.975900,NaN,NaN,NaN,NaN,0.071056,-3.858852,4.164642,15.035954,7.112198,6.072054,-9.965820,-9.928623,-9.909153
64.985833,NaN,NaN,NaN,NaN,0.071030,-3.858874,4.164845,15.039709,7.115703,6.075817,-9.965874,-9.928684,-9.909111
64.995906,NaN,NaN,NaN,NaN,0.071007,-3.858926,4.165042,15.043462,7.122706,6.079578,-9.965923,-9.928810,-9.909073
65.004620,NaN,NaN,NaN,NaN,0.070986,-3.858963,4.165514,15.047211,7.126211,6.087119,-9.965973,-9.928890,-9.908947
65.015105,NaN,NaN,NaN,NaN,0.070894,-3.859004,4.165741,15.054729,7.129713,6.090886,-9.966110,-9.928970,-9.908886
65.023624,NaN,NaN,NaN,NaN,0.070851,-3.859048,4.165962,15.058482,7.133214,6.094650,-9.966175,-9.929047,-9.908829
65.035137,NaN,NaN,NaN,NaN,0.070810,-3.859171,4.166210,15.062234,7.140219,6.098426,-9.966244,-9.929226,-9.908752
65.043517,NaN,NaN,NaN,NaN,0.070728,-3.859248,4.166685,15.069773,7.143722,6.105972,-9.966385,-9.929321,-9.908611
65.056045,NaN,NaN,NaN,NaN,0.070690,-3.859410,4.166913,15.073538,7.150724,6.109742,-9.966450,-9.929504,-9.908539
65.074830,NaN,NaN,NaN,NaN,0.070622,-3.859515,4.167419,15.081079,7.154229,6.117314,-9.966583,-9.929615,-9.908371
65.083742,NaN,NaN,NaN,NaN,0.070566,-3.859733,4.167662,15.088626,7.161236,6.121096,-9.966724,-9.929829,-9.908287
65.094930,NaN,NaN,NaN,NaN,0.070540,-3.859845,4.168152,15.092396,7.164738,6.128664,-9.966789,-9.929939,-9.908131
65.104763,NaN,NaN,NaN,NaN,0.070520,-3.859996,4.168399,15.096173,7.168246,6.132450,-9.966869,-9.930054,-9.908058
65.114768,NaN,NaN,NaN,NaN,0.070501,-3.860149,4.168640,15.099948,7.171755,6.136234,-9.966957,-9.930168,-9.907990
65.124036,NaN,NaN,NaN,NaN,0.070468,-3.860458,4.168875,15.107487,7.178766,6.140015,-9.967129,-9.930382,-9.907921
65.134994,NaN,NaN,NaN,NaN,0.070457,-3.860654,4.169349,15.111266,7.182275,6.147588,-9.967220,-9.930492,-9.907814
65.143810,NaN,NaN,NaN,NaN,0.070447,-3.860851,4.169577,15.115042,7.185781,6.151370,-9.967316,-9.930603,-9.907764
65.156134,NaN,NaN,NaN,NaN,0.070439,-3.861048,4.169799,15.118813,7.189287,6.155150,-9.967403,-9.930710,-9.907715
65.165365,NaN,NaN,NaN,NaN,0.070432,-3.861246,4.170246,15.122581,7.192792,6.162751,-9.967491,-9.930813,-9.907619
65.175088,NaN,NaN,NaN,NaN,0.070457,-3.861738,4.170460,15.130130,7.199819,6.166547,-9.967709,-9.931007,-9.907578
65.183683,NaN,NaN,NaN,NaN,0.070471,-3.861985,4.170670,15.133900,7.203330,6.170341,-9.967815,-9.931099,-9.907532
65.195037,NaN,NaN,NaN,NaN,0.070486,-3.862477,4.170873,15.137665,7.210350,6.174130,-9.967918,-9.931278,-9.907490
65.204116,NaN,NaN,NaN,NaN,0.070538,-3.862779,4.171286,15.145192,7.213861,6.181728,-9.968121,-9.931358,-9.907436
65.214813,NaN,NaN,NaN,NaN,0.070574,-3.863080,4.171484,15.148954,7.217370,6.185523,-9.968224,-9.931438,-9.907413
65.224822,NaN,NaN,NaN,NaN,0.070611,-3.863381,4.171677,15.152713,7.220879,6.189316,-9.968323,-9.931515,-9.907387
65.234858,NaN,NaN,NaN,NaN,0.070648,-3.863681,4.171857,15.156467,7.224386,6.193129,-9.968410,-9.931591,-9.907368
65.243564,NaN,NaN,NaN,NaN,0.070751,-3.864366,4.172199,15.163974,7.231386,6.200745,-9.968586,-9.931744,-9.907330
65.255483,NaN,NaN,NaN,NaN,0.070802,-3.865049,4.172363,15.167722,7.238381,6.204547,-9.968670,-9.931889,-9.907310
65.274770,NaN,NaN,NaN,NaN,0.070922,-3.865445,4.172658,15.175215,7.241889,6.212175,-9.968842,-9.931942,-9.907288
65.283877,NaN,NaN,NaN,NaN,0.071057,-3.866233,4.172935,15.182702,7.248902,6.219789,-9.969021,-9.932049,-9.907276
65.294869,NaN,NaN,NaN,NaN,0.071125,-3.866625,4.173056,15.186440,7.252408,6.223592,-9.969109,-9.932098,-9.907261
65.303916,NaN,NaN,NaN,NaN,0.071201,-3.867065,4.173174,15.190184,7.255936,6.227392,-9.969200,-9.932129,-9.907246
65.314717,NaN,NaN,NaN,NaN,0.071276,-3.867504,4.173287,15.193922,7.259461,6.231190,-9.969292,-9.932163,-9.907234
65.323427,NaN,NaN,NaN,NaN,0.071426,-3.867939,4.173492,15.201391,7.262986,6.238773,-9.969460,-9.932194,-9.907215
65.334864,NaN,NaN,NaN,NaN,0.071524,-3.868833,4.173585,15.205115,7.270062,6.242560,-9.969540,-9.932201,-9.907207
65.344471,NaN,NaN,NaN,NaN,0.071622,-3.869290,4.173673,15.208838,7.273613,6.246345,-9.969620,-9.932194,-9.907200
65.357094,NaN,NaN,NaN,NaN,0.071817,-3.870671,4.173758,15.216272,7.284292,6.250125,-9.969780,-9.932156,-9.907196
65.375040,NaN,NaN,NaN,NaN,0.072054,-3.871142,4.173950,15.223699,7.287872,6.261448,-9.969925,-9.932137,-9.907211
65.383821,NaN,NaN,NaN,NaN,0.072172,-3.871609,4.174007,15.227407,7.291451,6.265216,-9.969994,-9.932114,-9.907219
65.394856,NaN,NaN,NaN,NaN,0.072290,-3.872552,4.174047,15.231112,7.298635,6.268983,-9.970062,-9.932060,-9.907238
65.405719,NaN,NaN,NaN,NaN,0.072433,-3.873026,4.174083,15.234813,7.302238,6.272748,-9.970123,-9.932030,-9.907246
65.414737,NaN,NaN,NaN,NaN,0.072717,-3.873497,4.174146,15.242207,7.305840,6.280267,-9.970257,-9.931999,-9.907265
65.424281,NaN,NaN,NaN,NaN,0.072858,-3.873965,4.174159,15.245899,7.309442,6.284031,-9.970322,-9.931969,-9.907288
65.435183,NaN,NaN,NaN,NaN,0.073009,-3.874465,4.174168,15.249593,7.313066,6.287792,-9.970387,-9.931927,-9.907307
65.443446,NaN,NaN,NaN,NaN,0.073308,-3.875453,4.174178,15.256973,7.320312,6.295306,-9.970512,-9.931862,-9.907349
65.456508,NaN,NaN,NaN,NaN,0.073455,-3.875942,4.174178,15.260660,7.323932,6.299059,-9.970573,-9.931839,-9.907372
65.464026,NaN,NaN,NaN,NaN,0.073601,-3.876427,4.174173,15.264344,7.327551,6.302817,-9.970631,-9.931816,-9.907398
65.474730,NaN,NaN,NaN,NaN,0.073749,-3.876942,4.174165,15.268032,7.331191,6.306573,-9.970688,-9.931782,-9.907425
65.484448,NaN,NaN,NaN,NaN,0.073896,-3.877958,4.174141,15.271719,7.338466,6.314075,-9.970741,-9.931709,-9.907478
65.494900,NaN,NaN,NaN,NaN,0.074188,-3.878461,4.174118,15.279084,7.342101,6.317825,-9.970840,-9.931675,-9.907513
65.504089,NaN,NaN,NaN,NaN,0.074340,-3.878986,4.174093,15.282768,7.345746,6.321572,-9.970886,-9.931637,-9.907547
65.515451,NaN,NaN,NaN,NaN,0.074490,-3.880534,4.174033,15.286449,7.356673,6.329057,-9.970932,-9.931507,-9.907593
65.536400,NaN,NaN,NaN,NaN,0.074945,-3.881053,4.173948,15.297476,7.360314,6.336518,-9.971100,-9.931469,-9.907616
65.543268,NaN,NaN,NaN,NaN,0.075102,-3.881566,4.173901,15.301143,7.363954,6.340245,-9.971161,-9.931427,-9.907631
65.556180,NaN,NaN,NaN,NaN,0.075258,-3.882577,4.173851,15.304808,7.371227,6.343969,-9.971218,-9.931347,-9.907642
65.574676,NaN,NaN,NaN,NaN,0.075722,-3.883603,4.173635,15.315777,7.378478,6.355116,-9.971367,-9.931252,-9.907715
65.584886,NaN,NaN,NaN,NaN,0.075876,-3.884108,4.173558,15.319428,7.382102,6.358826,-9.971409,-9.931202,-9.907764
65.594842,NaN,NaN,NaN,NaN,0.076028,-3.884609,4.173476,15.323078,7.385725,6.362542,-9.971466,-9.931156,-9.907818
65.604848,NaN,NaN,NaN,NaN,0.076339,-3.885618,4.173307,15.330371,7.392973,6.369967,-9.971561,-9.931084,-9.907928
65.615734,NaN,NaN,NaN,NaN,0.076493,-3.886606,4.173218,15.334015,7.400217,6.373674,-9.971607,-9.931019,-9.907986
65.634889,NaN,NaN,NaN,NaN,0.076828,-3.887117,4.173004,15.341283,7.403832,6.381083,-9.971695,-9.931004,-9.908089
65.643506,NaN,NaN,NaN,NaN,0.077008,-3.888122,4.172894,15.344908,7.411061,6.384783,-9.971741,-9.930981,-9.908115
65.654840,NaN,NaN,NaN,NaN,0.077364,-3.888616,4.172643,15.352153,7.414675,6.392180,-9.971836,-9.930965,-9.908173
65.663911,NaN,NaN,NaN,NaN,0.077570,-3.889132,4.172502,15.355755,7.418273,6.395879,-9.971897,-9.930962,-9.908195
65.674753,NaN,NaN,NaN,NaN,0.077774,-3.889643,4.172360,15.359357,7.421871,6.399573,-9.971954,-9.930958,-9.908222
65.683801,NaN,NaN,NaN,NaN,0.077975,-3.890646,4.172216,15.362957,7.429064,6.403267,-9.972008,-9.930950,-9.908249
65.695062,NaN,NaN,NaN,NaN,0.078400,-3.891158,4.171861,15.370131,7.432647,6.410666,-9.972130,-9.930950,-9.908298
65.704158,NaN,NaN,NaN,NaN,0.078622,-3.891664,4.171681,15.373703,7.436228,6.414361,-9.972195,-9.930946,-9.908310
65.716245,NaN,NaN,NaN,NaN,0.078841,-3.893146,4.171319,15.377276,7.446968,6.421744,-9.972252,-9.930946,-9.908333
65.735228,NaN,NaN,NaN,NaN,0.079501,-3.893654,4.170866,15.387982,7.450527,6.429133,-9.972416,-9.930950,-9.908363
65.744295,NaN,NaN,NaN,NaN,0.079728,-3.894154,4.170638,15.391544,7.454084,6.432824,-9.972477,-9.930950,-9.908379
65.757042,NaN,NaN,NaN,NaN,0.080173,-3.895136,4.170410,15.398667,7.461201,6.436513,-9.972591,-9.930946,-9.908394
65.764946,NaN,NaN,NaN,NaN,0.080388,-3.895634,4.169858,15.402207,7.464741,6.443887,-9.972656,-9.930954,-9.908459
65.776985,NaN,NaN,NaN,NaN,0.080600,-3.896125,4.169582,15.405748,7.468282,6.447571,-9.972717,-9.930958,-9.908489
65.784298,NaN,NaN,NaN,NaN,0.080809,-3.896610,4.169305,15.409289,7.471823,6.451252,-9.972778,-9.930965,-9.908520
65.795078,NaN,NaN,NaN,NaN,0.081016,-3.897088,4.168990,15.412831,7.475364,6.454938,-9.972836,-9.930973,-9.908566
65.805872,NaN,NaN,NaN,NaN,0.081419,-3.897572,4.168361,15.419876,7.478883,6.462303,-9.972939,-9.930992,-9.908653
65.815978,NaN,NaN,NaN,NaN,0.081617,-3.898984,4.168047,15.423400,7.489439,6.465982,-9.972984,-9.931038,-9.908699
65.834940,NaN,NaN,NaN,NaN,0.082000,-3.899453,4.167347,15.430435,7.492938,6.473331,-9.973091,-9.931061,-9.908867
65.843342,NaN,NaN,NaN,NaN,0.082369,-3.900371,4.166999,15.437462,7.499937,6.477002,-9.973198,-9.931114,-9.908951
65.855011,NaN,NaN,NaN,NaN,0.082549,-3.900820,4.166268,15.440975,7.503437,6.484347,-9.973251,-9.931137,-9.909138
65.864449,NaN,NaN,NaN,NaN,0.082726,-3.901269,4.165886,15.444471,7.506917,6.488022,-9.973297,-9.931175,-9.909245
65.874660,NaN,NaN,NaN,NaN,0.082901,-3.901711,4.165506,15.447968,7.510398,6.491694,-9.973343,-9.931183,-9.909348
65.885376,NaN,NaN,NaN,NaN,0.083073,-3.902577,4.164714,15.451467,7.517362,6.499037,-9.973385,-9.931202,-9.909573
65.894971,NaN,NaN,NaN,NaN,0.083397,-3.902995,4.164303,15.458439,7.520830,6.502707,-9.973438,-9.931217,-9.909698
65.904044,NaN,NaN,NaN,NaN,0.083551,-3.903407,4.163894,15.461913,7.524300,6.506375,-9.973454,-9.931229,-9.909821
65.916522,NaN,NaN,NaN,NaN,0.083703,-3.903813,4.163044,15.465388,7.527770,6.513708,-9.973469,-9.931244,-9.910072
65.924940,NaN,NaN,NaN,NaN,0.083853,-3.904587,4.162603,15.468863,7.534708,6.517372,-9.973484,-9.931271,-9.910202
65.934936,NaN,NaN,NaN,NaN,0.084154,-3.905319,4.162165,15.475780,7.541642,6.521035,-9.973503,-9.931301,-9.910332
65.955966,NaN,NaN,NaN,NaN,0.084445,-3.905677,4.161268,15.482697,7.545112,6.528349,-9.973515,-9.931316,-9.910587
65.965068,NaN,NaN,NaN,NaN,0.084726,-3.906346,4.160351,15.489557,7.552074,6.535650,-9.973530,-9.931343,-9.910847
65.974644,NaN,NaN,NaN,NaN,0.084863,-3.906672,4.159895,15.492988,7.555557,6.539299,-9.973534,-9.931358,-9.910969
65.983139,NaN,NaN,NaN,NaN,0.084998,-3.906994,4.159442,15.496419,7.559041,6.542946,-9.973537,-9.931374,-9.911091
65.995643,NaN,NaN,NaN,NaN,0.085129,-3.907309,4.158973,15.499850,7.562525,6.546586,-9.973541,-9.931389,-9.911209
66.003588,NaN,NaN,NaN,NaN,0.085406,-3.907894,4.158044,15.506663,7.569525,6.553864,-9.973537,-9.931431,-9.911423
66.016314,NaN,NaN,NaN,NaN,0.085541,-3.908179,4.157582,15.510072,7.573025,6.557500,-9.973541,-9.931450,-9.911526
66.024226,NaN,NaN,NaN,NaN,0.085673,-3.908458,4.157108,15.513480,7.576526,6.561125,-9.973541,-9.931469,-9.911633
66.034809,NaN,NaN,NaN,NaN,0.085818,-3.908718,4.156636,15.516871,7.580046,6.564749,-9.973534,-9.931492,-9.911736
66.043314,NaN,NaN,NaN,NaN,0.086100,-3.909224,4.155701,15.523659,7.587088,6.571995,-9.973511,-9.931541,-9.911938
66.055477,NaN,NaN,NaN,NaN,0.086237,-3.909470,4.155236,15.527055,7.590610,6.575621,-9.973499,-9.931568,-9.912052
66.063826,NaN,NaN,NaN,NaN,0.086377,-3.909711,4.154773,15.530436,7.594142,6.579245,-9.973484,-9.931587,-9.912159
66.074658,NaN,NaN,NaN,NaN,0.086653,-3.909948,4.154314,15.537203,7.597673,6.582869,-9.973438,-9.931610,-9.912262
66.085414,NaN,NaN,NaN,NaN,0.086787,-3.910408,4.153412,15.540590,7.604738,6.590115,-9.973412,-9.931648,-9.912472
66.094828,NaN,NaN,NaN,NaN,0.086921,-3.910624,4.152971,15.543964,7.608294,6.593737,-9.973389,-9.931652,-9.912575
66.103649,NaN,NaN,NaN,NaN,0.087052,-3.910837,4.152533,15.547339,7.611851,6.597359,-9.973362,-9.931656,-9.912678
66.116518,NaN,NaN,NaN,NaN,0.087309,-3.911046,4.152096,15.554097,7.615407,6.600979,-9.973312,-9.931660,-9.912773
66.124119,NaN,NaN,NaN,NaN,0.087430,-3.911251,4.151663,15.557466,7.618963,6.604589,-9.973278,-9.931667,-9.912876
66.135041,NaN,NaN,NaN,NaN,0.087548,-3.911635,4.150804,15.560837,7.626124,6.611809,-9.973244,-9.931644,-9.913067
66.144286,NaN,NaN,NaN,NaN,0.087665,-3.911821,4.150379,15.564211,7.629705,6.615417,-9.973209,-9.931633,-9.913162
66.155116,NaN,NaN,NaN,NaN,0.087780,-3.912003,4.149948,15.567587,7.633286,6.619012,-9.973175,-9.931622,-9.913277
66.165287,NaN,NaN,NaN,NaN,0.087995,-3.912321,4.149096,15.574327,7.640483,6.626201,-9.973106,-9.931557,-9.913494
66.176369,NaN,NaN,NaN,NaN,0.088100,-3.912625,4.148674,15.577702,7.647680,6.629794,-9.973072,-9.931492,-9.913601
66.194846,NaN,NaN,NaN,NaN,0.088291,-3.912740,4.147821,15.584443,7.651293,6.636968,-9.972996,-9.931458,-9.913811
66.203466,NaN,NaN,NaN,NaN,0.088378,-3.912961,4.146982,15.587811,7.658517,6.644138,-9.972958,-9.931393,-9.914009
66.217146,NaN,NaN,NaN,NaN,0.088547,-3.913147,4.146569,15.594555,7.665751,6.647730,-9.972878,-9.931316,-9.914127
66.234695,NaN,NaN,NaN,NaN,0.088676,-3.913225,4.145755,15.601259,7.669374,6.654912,-9.972801,-9.931290,-9.914352
66.243742,NaN,NaN,NaN,NaN,0.088739,-3.913299,4.144953,15.604616,7.672994,6.662092,-9.972759,-9.931259,-9.914562
66.255171,NaN,NaN,NaN,NaN,0.088860,-3.913441,4.144564,15.611339,7.680235,6.665679,-9.972675,-9.931206,-9.914680
66.264163,NaN,NaN,NaN,NaN,0.088895,-3.913494,4.144178,15.614693,7.683863,6.669265,-9.972622,-9.931164,-9.914795
66.275438,NaN,NaN,NaN,NaN,0.088929,-3.913640,4.143415,15.618049,7.694746,6.676436,-9.972569,-9.931030,-9.915016
66.295039,NaN,NaN,NaN,NaN,0.089007,-3.913670,4.142663,15.628117,7.698366,6.683582,-9.972397,-9.930973,-9.915272
66.303086,NaN,NaN,NaN,NaN,0.089018,-3.913697,4.142293,15.631465,7.701987,6.687156,-9.972332,-9.930920,-9.915390
66.314963,NaN,NaN,NaN,NaN,0.089040,-3.913722,4.141925,15.638170,7.705607,6.690728,-9.972183,-9.930862,-9.915508
66.324476,NaN,NaN,NaN,NaN,0.089032,-3.913746,4.141230,15.641503,7.709229,6.697824,-9.972107,-9.930813,-9.915771
66.334713,NaN,NaN,NaN,NaN,0.089023,-3.913788,4.140886,15.644838,7.716461,6.701372,-9.972031,-9.930695,-9.915901
66.343773,NaN,NaN,NaN,NaN,0.089015,-3.913806,4.140546,15.648175,7.720078,6.704921,-9.971954,-9.930637,-9.916023
66.356488,NaN,NaN,NaN,NaN,0.089005,-3.913843,4.139895,15.651514,7.727318,6.711958,-9.971882,-9.930565,-9.916336
66.363885,NaN,NaN,NaN,NaN,0.088922,-3.913861,4.139574,15.658166,7.730941,6.715479,-9.971741,-9.930527,-9.916485
66.375552,NaN,NaN,NaN,NaN,0.088881,-3.913891,4.139255,15.661494,7.738188,6.719000,-9.971676,-9.930458,-9.916630
66.394692,NaN,NaN,NaN,NaN,0.088760,-3.913919,4.138652,15.668145,7.741803,6.726001,-9.971535,-9.930420,-9.916981
66.403510,NaN,NaN,NaN,NaN,0.088601,-3.913969,4.138354,15.674792,7.749034,6.729503,-9.971382,-9.930355,-9.917149
66.414722,NaN,NaN,NaN,NaN,0.088523,-3.913990,4.137788,15.678119,7.752648,6.736492,-9.971306,-9.930325,-9.917503
66.423690,NaN,NaN,NaN,NaN,0.088412,-3.914027,4.137518,15.681432,7.756265,6.739980,-9.971226,-9.930298,-9.917671
66.434708,NaN,NaN,NaN,NaN,0.088303,-3.914061,4.137251,15.684746,7.759880,6.743467,-9.971134,-9.930271,-9.917839
66.443287,NaN,NaN,NaN,NaN,0.088088,-3.914093,4.136986,15.691382,7.763495,6.746958,-9.970955,-9.930248,-9.917999
66.455282,NaN,NaN,NaN,NaN,0.087957,-3.914180,4.136521,15.694703,7.770720,6.753907,-9.970856,-9.930195,-9.918381
66.463756,NaN,NaN,NaN,NaN,0.087827,-3.914235,4.136291,15.698026,7.774331,6.757385,-9.970764,-9.930168,-9.918564
66.475525,NaN,NaN,NaN,NaN,0.087699,-3.914340,4.135857,15.701351,7.781549,6.764318,-9.970673,-9.930099,-9.918976
66.496241,NaN,NaN,NaN,NaN,0.087272,-3.914540,4.135448,15.711355,7.792401,6.771234,-9.970371,-9.930027,-9.919422
66.514928,NaN,NaN,NaN,NaN,0.086837,-3.914661,4.135045,15.721386,7.799632,6.778156,-9.970074,-9.929985,-9.919846
66.525125,NaN,NaN,NaN,NaN,0.086673,-3.914730,4.134688,15.724737,7.803252,6.785016,-9.969967,-9.929974,-9.920300
66.534945,NaN,NaN,NaN,NaN,0.086512,-3.914797,4.134511,15.728091,7.806872,6.788448,-9.969864,-9.929962,-9.920513
66.544385,NaN,NaN,NaN,NaN,0.086353,-3.914861,4.134336,15.731447,7.810492,6.791883,-9.969765,-9.929955,-9.920723
66.556302,NaN,NaN,NaN,NaN,0.086196,-3.914923,4.134167,15.734806,7.814111,6.795288,-9.969685,-9.929943,-9.920956
66.565847,NaN,NaN,NaN,NaN,0.086032,-3.914982,4.133830,15.738168,7.817733,6.802104,-9.969597,-9.929935,-9.921402
66.576143,NaN,NaN,NaN,NaN,0.085710,-3.915146,4.133662,15.744900,7.828592,6.805515,-9.969425,-9.929909,-9.921619
66.594812,NaN,NaN,NaN,NaN,0.085401,-3.915190,4.133327,15.751648,7.832215,6.812276,-9.969257,-9.929886,-9.922066
66.604580,NaN,NaN,NaN,NaN,0.085252,-3.915273,4.133162,15.755028,7.839459,6.815660,-9.969170,-9.929848,-9.922264
66.614963,NaN,NaN,NaN,NaN,0.084962,-3.915312,4.132825,15.761795,7.843079,6.822400,-9.969006,-9.929829,-9.922649
66.624635,NaN,NaN,NaN,NaN,0.084810,-3.915364,4.132654,15.765187,7.846701,6.825755,-9.968922,-9.929810,-9.922840
66.634781,NaN,NaN,NaN,NaN,0.084660,-3.915413,4.132485,15.768583,7.850320,6.829113,-9.968838,-9.929794,-9.923023
66.644356,NaN,NaN,NaN,NaN,0.084512,-3.915508,4.132316,15.771982,7.857554,6.832474,-9.968761,-9.929756,-9.923199
66.656542,NaN,NaN,NaN,NaN,0.084216,-3.915571,4.131980,15.778803,7.861193,6.839143,-9.968613,-9.929729,-9.923550
66.664196,NaN,NaN,NaN,NaN,0.084068,-3.915632,4.131813,15.782224,7.864827,6.842483,-9.968548,-9.929699,-9.923721
66.676157,NaN,NaN,NaN,NaN,0.083922,-3.915692,4.131646,15.785647,7.868461,6.845824,-9.968475,-9.929672,-9.923889
66.684340,NaN,NaN,NaN,NaN,0.083779,-3.915749,4.131315,15.789074,7.872091,6.852458,-9.968403,-9.929649,-9.924229
66.695102,NaN,NaN,NaN,NaN,0.083500,-3.915901,4.131150,15.795941,7.879383,6.855780,-9.968277,-9.929573,-9.924389
66.703543,NaN,NaN,NaN,NaN,0.083365,-3.915973,4.130986,15.799379,7.883024,6.859105,-9.968220,-9.929539,-9.924545
66.715220,NaN,NaN,NaN,NaN,0.083231,-3.916043,4.130828,15.802820,7.886662,6.862412,-9.968163,-9.929520,-9.924709
66.724670,NaN,NaN,NaN,NaN,0.083099,-3.916197,4.130512,15.806270,7.893949,6.869037,-9.968121,-9.929447,-9.925056
66.734730,NaN,NaN,NaN,NaN,0.082841,-3.916270,4.130355,15.813176,7.897587,6.872354,-9.968056,-9.929413,-9.925220
66.744077,NaN,NaN,NaN,NaN,0.082716,-3.916342,4.130204,15.816633,7.901222,6.875653,-9.968025,-9.929382,-9.925381
66.755434,NaN,NaN,NaN,NaN,0.082590,-3.916417,4.130054,15.820103,7.904867,6.878956,-9.968002,-9.929333,-9.925541
66.763474,NaN,NaN,NaN,NaN,0.082345,-3.916490,4.129753,15.827049,7.908508,6.885573,-9.967960,-9.929283,-9.925838
66.776280,NaN,NaN,NaN,NaN,0.082226,-3.916695,4.129603,15.830525,7.919412,6.888886,-9.967941,-9.929188,-9.925983
66.794677,NaN,NaN,NaN,NaN,0.081994,-3.916772,4.129298,15.837488,7.923054,6.895486,-9.967934,-9.929142,-9.926243
66.804049,NaN,NaN,NaN,NaN,0.081771,-3.916916,4.128995,15.844460,7.930328,6.902101,-9.967949,-9.929050,-9.926483
66.814689,NaN,NaN,NaN,NaN,0.081662,-3.916984,4.128830,15.847951,7.933961,6.905414,-9.967957,-9.929008,-9.926601
66.823835,NaN,NaN,NaN,NaN,0.081566,-3.917061,4.128664,15.851455,7.937591,6.908730,-9.967960,-9.928951,-9.926708
66.835593,NaN,NaN,NaN,NaN,0.081471,-3.917277,4.128500,15.854961,7.948459,6.912048,-9.967964,-9.928757,-9.926815
66.856327,NaN,NaN,NaN,NaN,0.081215,-3.917357,4.127983,15.865508,7.952075,6.922010,-9.967945,-9.928692,-9.927139
66.863659,NaN,NaN,NaN,NaN,0.081145,-3.917434,4.127807,15.869038,7.955688,6.925335,-9.967934,-9.928627,-9.927238
66.875380,NaN,NaN,NaN,NaN,0.081077,-3.917508,4.127632,15.872569,7.959297,6.928663,-9.967922,-9.928562,-9.927334
66.884351,NaN,NaN,NaN,NaN,0.081009,-3.917580,4.127464,15.876102,7.962906,6.931988,-9.967911,-9.928497,-9.927433
66.894871,NaN,NaN,NaN,NaN,0.080937,-3.917731,4.127130,15.883197,7.970078,6.938647,-9.967896,-9.928387,-9.927612
66.903649,NaN,NaN,NaN,NaN,0.080902,-3.917802,4.126963,15.886747,7.973660,6.941982,-9.967888,-9.928329,-9.927704
66.914881,NaN,NaN,NaN,NaN,0.080869,-3.917959,4.126797,15.890300,7.980806,6.945325,-9.967888,-9.928223,-9.927780
66.923789,NaN,NaN,NaN,NaN,0.080873,-3.918044,4.126467,15.897379,7.984370,6.952020,-9.967915,-9.928169,-9.927925
66.936293,NaN,NaN,NaN,NaN,0.080875,-3.918206,4.126303,15.900922,7.991492,6.955372,-9.967926,-9.928070,-9.927990
66.955459,NaN,NaN,NaN,NaN,0.080905,-3.918301,4.125967,15.907984,7.995028,6.962091,-9.967972,-9.928032,-9.928089
66.965164,NaN,NaN,NaN,NaN,0.080959,-3.918483,4.125799,15.915027,8.002095,6.965456,-9.968029,-9.927959,-9.928135
66.974996,NaN,NaN,NaN,NaN,0.080986,-3.918570,4.125462,15.918551,8.005627,6.972194,-9.968063,-9.927921,-9.928196
66.985240,NaN,NaN,NaN,NaN,0.081027,-3.918676,4.125291,15.922071,8.009128,6.975567,-9.968094,-9.927879,-9.928211
66.996062,NaN,NaN,NaN,NaN,0.081068,-3.918977,4.124951,15.925591,8.019624,6.982325,-9.968124,-9.927769,-9.928238
67.015189,NaN,NaN,NaN,NaN,0.081203,-3.919094,4.124588,15.936170,8.023108,6.989072,-9.968208,-9.927746,-9.928196
67.024849,NaN,NaN,NaN,NaN,0.081257,-3.919209,4.124408,15.939699,8.026593,6.992452,-9.968231,-9.927719,-9.928150
67.036083,NaN,NaN,NaN,NaN,0.081311,-3.919431,4.124048,15.943231,8.033558,6.999224,-9.968235,-9.927673,-9.928062
67.055263,NaN,NaN,NaN,NaN,0.081467,-3.919680,4.123635,15.953839,8.040503,7.005972,-9.968254,-9.927635,-9.927910
67.063546,NaN,NaN,NaN,NaN,0.081519,-3.919818,4.123430,15.957379,8.043966,7.009352,-9.968262,-9.927620,-9.927837
67.074935,NaN,NaN,NaN,NaN,0.081571,-3.919953,4.123227,15.960922,8.047430,7.012737,-9.968273,-9.927635,-9.927761
67.084532,NaN,NaN,NaN,NaN,0.081622,-3.920084,4.122760,15.964465,8.050893,7.019457,-9.968281,-9.927647,-9.927532
67.094605,NaN,NaN,NaN,NaN,0.081704,-3.920425,4.122529,15.971575,8.057753,7.022824,-9.968269,-9.927654,-9.927422
67.103544,NaN,NaN,NaN,NaN,0.081744,-3.920591,4.122299,15.975133,8.061182,7.026196,-9.968266,-9.927662,-9.927307
67.114871,NaN,NaN,NaN,NaN,0.081782,-3.920754,4.122024,15.978692,8.064611,7.029542,-9.968262,-9.927666,-9.927174
67.124285,NaN,NaN,NaN,NaN,0.081789,-3.920942,4.121480,15.982265,8.068012,7.036248,-9.968250,-9.927677,-9.926907
67.135668,NaN,NaN,NaN,NaN,0.081802,-3.921486,4.121212,15.989414,8.078215,7.039609,-9.968227,-9.927723,-9.926773
67.155003,NaN,NaN,NaN,NaN,0.081784,-3.921684,4.120605,15.996574,8.081591,7.046285,-9.968185,-9.927746,-9.926479
67.163339,NaN,NaN,NaN,NaN,0.081738,-3.922067,4.120306,16.003744,8.088346,7.049630,-9.968124,-9.927792,-9.926334
67.175579,NaN,NaN,NaN,NaN,0.081714,-3.922254,4.119684,16.007330,8.091724,7.056304,-9.968098,-9.927811,-9.926052
67.183946,NaN,NaN,NaN,NaN,0.081663,-3.922462,4.119362,16.010916,8.095074,7.059633,-9.968052,-9.927830,-9.925911
67.194575,NaN,NaN,NaN,NaN,0.081613,-3.922667,4.119043,16.014505,8.098424,7.062968,-9.968006,-9.927864,-9.925774
67.204337,NaN,NaN,NaN,NaN,0.081510,-3.922868,4.118404,16.021685,8.101775,7.069625,-9.967930,-9.927895,-9.925510
67.214729,NaN,NaN,NaN,NaN,0.081439,-3.923280,4.118086,16.025278,8.108445,7.072947,-9.967884,-9.927956,-9.925381
67.223776,NaN,NaN,NaN,NaN,0.081369,-3.923493,4.117769,16.028872,8.111764,7.076275,-9.967842,-9.927986,-9.925251
67.235529,NaN,NaN,NaN,NaN,0.081231,-3.924123,4.117457,16.036060,8.121710,7.079608,-9.967758,-9.928062,-9.925125
67.255518,NaN,NaN,NaN,NaN,0.081069,-3.924337,4.116500,16.043255,8.125015,7.089569,-9.967686,-9.928085,-9.924759
67.263430,NaN,NaN,NaN,NaN,0.080989,-3.924546,4.116186,16.046852,8.128323,7.092901,-9.967655,-9.928104,-9.924660
67.274957,NaN,NaN,NaN,NaN,0.080909,-3.924976,4.115870,16.050451,8.134934,7.096220,-9.967609,-9.928158,-9.924561
67.283942,NaN,NaN,NaN,NaN,0.080737,-3.925196,4.115247,16.057640,8.138237,7.102877,-9.967548,-9.928188,-9.924366
67.294665,NaN,NaN,NaN,NaN,0.080652,-3.925412,4.114938,16.061235,8.141542,7.106215,-9.967518,-9.928219,-9.924271
67.305060,NaN,NaN,NaN,NaN,0.080568,-3.925623,4.114633,16.064835,8.144850,7.109557,-9.967487,-9.928249,-9.924179
67.314859,NaN,NaN,NaN,NaN,0.080484,-3.925832,4.114317,16.068432,8.148159,7.112897,-9.967461,-9.928299,-9.924080
67.323659,NaN,NaN,NaN,NaN,0.080301,-3.926273,4.113694,16.075623,8.154750,7.119594,-9.967434,-9.928402,-9.923859
67.336495,NaN,NaN,NaN,NaN,0.080210,-3.926487,4.113386,16.079220,8.158049,7.122951,-9.967422,-9.928455,-9.923752
67.345059,NaN,NaN,NaN,NaN,0.080119,-3.926699,4.113060,16.082819,8.161349,7.126314,-9.967407,-9.928505,-9.923641
67.357089,NaN,NaN,NaN,NaN,0.080017,-3.927349,4.112419,16.086418,8.171249,7.133058,-9.967415,-9.928608,-9.923424
67.375064,NaN,NaN,NaN,NaN,0.079715,-3.927558,4.111763,16.097227,8.174553,7.139826,-9.967438,-9.928631,-9.923206
67.385149,NaN,NaN,NaN,NaN,0.079606,-3.927773,4.111426,16.100832,8.177855,7.143219,-9.967453,-9.928646,-9.923080
67.394856,NaN,NaN,NaN,NaN,0.079498,-3.927983,4.111092,16.104437,8.181161,7.146617,-9.967464,-9.928665,-9.922955
67.404577,NaN,NaN,NaN,NaN,0.079283,-3.928189,4.110762,16.111649,8.184468,7.150020,-9.967491,-9.928680,-9.922829
67.415026,NaN,NaN,NaN,NaN,0.079160,-3.928592,4.110034,16.115248,8.191091,7.156854,-9.967506,-9.928711,-9.922588
67.424185,NaN,NaN,NaN,NaN,0.079038,-3.928790,4.109677,16.118849,8.194407,7.160277,-9.967518,-9.928722,-9.922466
67.436478,NaN,NaN,NaN,NaN,0.078795,-3.928984,4.109323,16.126055,8.197724,7.163706,-9.967548,-9.928749,-9.922352
67.443971,NaN,NaN,NaN,NaN,0.078662,-3.929173,4.108544,16.129662,8.201045,7.170586,-9.967556,-9.928776,-9.922085
67.454855,NaN,NaN,NaN,NaN,0.078530,-3.929542,4.108161,16.133270,8.207693,7.174031,-9.967564,-9.928852,-9.921955
67.464035,NaN,NaN,NaN,NaN,0.078399,-3.929721,4.107783,16.136879,8.211021,7.177482,-9.967571,-9.928886,-9.921829
67.474940,NaN,NaN,NaN,NaN,0.078269,-3.929896,4.107369,16.140488,8.214352,7.180942,-9.967583,-9.928925,-9.921700
67.483916,NaN,NaN,NaN,NaN,0.077971,-3.930236,4.106555,16.147705,8.221051,7.187875,-9.967606,-9.929043,-9.921448
67.494644,NaN,NaN,NaN,NaN,0.077824,-3.930562,4.106154,16.151314,8.227759,7.191347,-9.967617,-9.929165,-9.921329
67.515348,NaN,NaN,NaN,NaN,0.077510,-3.930710,4.105273,16.158520,8.231112,7.198315,-9.967632,-9.929245,-9.921108
67.523430,NaN,NaN,NaN,NaN,0.077344,-3.930996,4.104413,16.162119,8.237823,7.205298,-9.967640,-9.929401,-9.920898
67.536268,NaN,NaN,NaN,NaN,0.077016,-3.931134,4.103947,16.169317,8.241181,7.208808,-9.967651,-9.929478,-9.920776
67.543863,NaN,NaN,NaN,NaN,0.076835,-3.931248,4.103485,16.172903,8.244530,7.212321,-9.967667,-9.929569,-9.920662
67.554830,NaN,NaN,NaN,NaN,0.076656,-3.931359,4.103030,16.176491,8.247879,7.215838,-9.967678,-9.929661,-9.920547
67.564015,NaN,NaN,NaN,NaN,0.076303,-3.931467,4.102136,16.183668,8.251231,7.222883,-9.967701,-9.929752,-9.920357
67.574810,NaN,NaN,NaN,NaN,0.076130,-3.931673,4.101659,16.187258,8.257942,7.226397,-9.967705,-9.929928,-9.920258
67.583826,NaN,NaN,NaN,NaN,0.075950,-3.931746,4.101189,16.190836,8.261280,7.229913,-9.967716,-9.930038,-9.920162
67.596884,NaN,NaN,NaN,NaN,0.075771,-3.931884,4.100725,16.194416,8.267962,7.233433,-9.967728,-9.930252,-9.920067
67.614743,NaN,NaN,NaN,NaN,0.075244,-3.931981,4.099315,16.205151,8.274639,7.244001,-9.967766,-9.930454,-9.919785
67.623609,NaN,NaN,NaN,NaN,0.075070,-3.932010,4.098848,16.208725,8.277974,7.247529,-9.967785,-9.930557,-9.919693
67.634928,NaN,NaN,NaN,NaN,0.074898,-3.932061,4.098387,16.212301,8.284652,7.251060,-9.967796,-9.930763,-9.919605
67.643480,NaN,NaN,NaN,NaN,0.074542,-3.932055,4.097437,16.219454,8.287984,7.258117,-9.967815,-9.930862,-9.919399
67.655082,NaN,NaN,NaN,NaN,0.074358,-3.932047,4.096971,16.223028,8.291319,7.261650,-9.967823,-9.930965,-9.919300
67.663462,NaN,NaN,NaN,NaN,0.074176,-3.932037,4.096510,16.226604,8.294657,7.265187,-9.967834,-9.931061,-9.919201
67.674985,NaN,NaN,NaN,NaN,0.073997,-3.932025,4.096020,16.230183,8.297997,7.268724,-9.967842,-9.931175,-9.919090
67.684013,NaN,NaN,NaN,NaN,0.073623,-3.931965,4.095055,16.237337,8.304675,7.275807,-9.967842,-9.931412,-9.918884
67.695379,NaN,NaN,NaN,NaN,0.073439,-3.931932,4.094582,16.240915,8.308019,7.279352,-9.967842,-9.931530,-9.918781
67.704258,NaN,NaN,NaN,NaN,0.073258,-3.931898,4.094070,16.244497,8.311365,7.282895,-9.967842,-9.931641,-9.918678
67.714876,NaN,NaN,NaN,NaN,0.073054,-3.931860,4.093565,16.248068,8.314713,7.286440,-9.967831,-9.931767,-9.918579
67.723987,NaN,NaN,NaN,NaN,0.072853,-3.931780,4.092575,16.251640,8.321417,7.293535,-9.967819,-9.932003,-9.918385
67.735239,NaN,NaN,NaN,NaN,0.072460,-3.931738,4.092057,16.258789,8.324774,7.297097,-9.967804,-9.932117,-9.918293
67.744380,NaN,NaN,NaN,NaN,0.072234,-3.931691,4.091547,16.262346,8.328121,7.300661,-9.967781,-9.932232,-9.918198
67.756101,NaN,NaN,NaN,NaN,0.072013,-3.931643,4.091043,16.265905,8.331470,7.304226,-9.967747,-9.932343,-9.918102
67.764222,NaN,NaN,NaN,NaN,0.071794,-3.931541,4.090546,16.269464,8.338180,7.307794,-9.967716,-9.932556,-9.918011
67.775193,NaN,NaN,NaN,NaN,0.071340,-3.931484,4.089498,16.276567,8.341541,7.314931,-9.967648,-9.932648,-9.917847
67.784077,NaN,NaN,NaN,NaN,0.071105,-3.931425,4.088985,16.280111,8.344906,7.318502,-9.967609,-9.932739,-9.917767
67.795669,NaN,NaN,NaN,NaN,0.070873,-3.931365,4.088480,16.283657,8.348273,7.322075,-9.967571,-9.932827,-9.917690
67.806793,NaN,NaN,NaN,NaN,0.070645,-3.931304,4.087449,16.287203,8.351644,7.329226,-9.967537,-9.932911,-9.917534
67.814706,NaN,NaN,NaN,NaN,0.070166,-3.931152,4.086944,16.294241,8.358423,7.332805,-9.967445,-9.933060,-9.917461
67.823583,NaN,NaN,NaN,NaN,0.069931,-3.931074,4.086446,16.297764,8.361817,7.336384,-9.967403,-9.933128,-9.917389
67.837064,NaN,NaN,NaN,NaN,0.069471,-3.930914,4.085956,16.304811,8.368614,7.339964,-9.967327,-9.933266,-9.917320
67.844381,NaN,NaN,NaN,NaN,0.069241,-3.930825,4.084969,16.308331,8.372043,7.347123,-9.967266,-9.933319,-9.917179
67.855031,NaN,NaN,NaN,NaN,0.069014,-3.930736,4.084487,16.311852,8.375472,7.350703,-9.967213,-9.933376,-9.917110
67.864851,NaN,NaN,NaN,NaN,0.068792,-3.930647,4.084013,16.315372,8.378905,7.354286,-9.967155,-9.933426,-9.917038
67.874939,NaN,NaN,NaN,NaN,0.068572,-3.930556,4.083539,16.318895,8.382340,7.357858,-9.967113,-9.933475,-9.916962
67.883899,NaN,NaN,NaN,NaN,0.068112,-3.930469,4.082613,16.325937,8.385800,7.365006,-9.966995,-9.933514,-9.916813
67.895868,NaN,NaN,NaN,NaN,0.067886,-3.930201,4.082161,16.329462,8.396194,7.368582,-9.966942,-9.933617,-9.916744
67.914747,NaN,NaN,NaN,NaN,0.067444,-3.930104,4.081260,16.336510,8.399685,7.375726,-9.966827,-9.933640,-9.916580
67.923502,NaN,NaN,NaN,NaN,0.067226,-3.929908,4.080390,16.340034,8.406672,7.382874,-9.966766,-9.933678,-9.916454
67.935262,NaN,NaN,NaN,NaN,0.066802,-3.929809,4.079966,16.347090,8.410169,7.386446,-9.966644,-9.933697,-9.916374
67.944797,NaN,NaN,NaN,NaN,0.066575,-3.929710,4.079549,16.350599,8.413682,7.390019,-9.966591,-9.933716,-9.916298
67.954704,NaN,NaN,NaN,NaN,0.066352,-3.929610,4.079139,16.354111,8.417196,7.393594,-9.966537,-9.933731,-9.916222
67.964537,NaN,NaN,NaN,NaN,0.066131,-3.929509,4.078736,16.357624,8.420713,7.397169,-9.966488,-9.933746,-9.916149
67.975165,NaN,NaN,NaN,NaN,0.065681,-3.929303,4.077975,16.364643,8.427766,7.404296,-9.966408,-9.933773,-9.915974
67.984481,NaN,NaN,NaN,NaN,0.065453,-3.929198,4.077605,16.368151,8.431300,7.407861,-9.966373,-9.933788,-9.915897
67.996452,NaN,NaN,NaN,NaN,0.065005,-3.929092,4.077242,16.375166,8.434836,7.411427,-9.966301,-9.933800,-9.915825
68.005228,NaN,NaN,NaN,NaN,0.064784,-3.928877,4.076890,16.378664,8.441920,7.414968,-9.966267,-9.933819,-9.915730
68.014712,NaN,NaN,NaN,NaN,0.064566,-3.928767,4.076204,16.382162,8.445468,7.422056,-9.966232,-9.933823,-9.915550
68.023632,NaN,NaN,NaN,NaN,0.064352,-3.928656,4.075871,16.385662,8.449016,7.425601,-9.966202,-9.933826,-9.915462
68.035123,NaN,NaN,NaN,NaN,0.064140,-3.928546,4.075550,16.389162,8.452565,7.429117,-9.966171,-9.933823,-9.915356
68.043801,NaN,NaN,NaN,NaN,0.063917,-3.928293,4.074927,16.392653,8.459676,7.436154,-9.966148,-9.933819,-9.915115
68.054776,NaN,NaN,NaN,NaN,0.063479,-3.928168,4.074625,16.399637,8.463233,7.439675,-9.966076,-9.933815,-9.915001
68.063419,NaN,NaN,NaN,NaN,0.063264,-3.928043,4.074341,16.403131,8.466791,7.443183,-9.966045,-9.933811,-9.914875
68.074684,NaN,NaN,NaN,NaN,0.063047,-3.927913,4.074064,16.406612,8.470367,7.446692,-9.966015,-9.933807,-9.914753
68.084281,NaN,NaN,NaN,NaN,0.062621,-3.927656,4.073792,16.413576,8.477524,7.450203,-9.965958,-9.933788,-9.914635
68.095634,NaN,NaN,NaN,NaN,0.062413,-3.927401,4.073268,16.417061,8.484681,7.457228,-9.965935,-9.933762,-9.914410
68.114743,NaN,NaN,NaN,NaN,0.061989,-3.927271,4.072798,16.424013,8.488275,7.464222,-9.965870,-9.933754,-9.914173
68.124128,NaN,NaN,NaN,NaN,0.061560,-3.927015,4.072572,16.430948,8.495461,7.467721,-9.965790,-9.933735,-9.914062
68.135048,NaN,NaN,NaN,NaN,0.061351,-3.926888,4.072166,16.434418,8.499054,7.474710,-9.965755,-9.933723,-9.913849
68.144264,NaN,NaN,NaN,NaN,0.061132,-3.926759,4.071986,16.437870,8.502666,7.478201,-9.965702,-9.933708,-9.913746
68.156283,NaN,NaN,NaN,NaN,0.060915,-3.926631,4.071811,16.441326,8.506277,7.481692,-9.965649,-9.933689,-9.913651
68.164644,NaN,NaN,NaN,NaN,0.060702,-3.926377,4.071501,16.444784,8.513499,7.488664,-9.965599,-9.933651,-9.913448
68.175049,NaN,NaN,NaN,NaN,0.060269,-3.926261,4.071365,16.451683,8.517112,7.492144,-9.965500,-9.933624,-9.913349
68.184463,NaN,NaN,NaN,NaN,0.060048,-3.926145,4.071233,16.455124,8.520724,7.495624,-9.965446,-9.933594,-9.913254
68.196853,NaN,NaN,NaN,NaN,0.059616,-3.925917,4.071105,16.462011,8.527948,7.499105,-9.965343,-9.933537,-9.913162
68.214640,NaN,NaN,NaN,NaN,0.059155,-3.925684,4.070802,16.468895,8.535192,7.509467,-9.965187,-9.933491,-9.912868
68.223709,NaN,NaN,NaN,NaN,0.058930,-3.925569,4.070709,16.472340,8.538813,7.512924,-9.965115,-9.933464,-9.912788
68.234842,NaN,NaN,NaN,NaN,0.058479,-3.925346,4.070641,16.479225,8.546061,7.516368,-9.964954,-9.933422,-9.912704
68.243754,NaN,NaN,NaN,NaN,0.058253,-3.925239,4.070513,16.482668,8.549687,7.523262,-9.964867,-9.933407,-9.912548
68.255771,NaN,NaN,NaN,NaN,0.058031,-3.925029,4.070454,16.486111,8.556940,7.526712,-9.964783,-9.933369,-9.912472
68.274953,NaN,NaN,NaN,NaN,0.057584,-3.924917,4.070395,16.493010,8.560561,7.533579,-9.964611,-9.933350,-9.912292
68.283639,NaN,NaN,NaN,NaN,0.057136,-3.924697,4.070370,16.499922,8.567801,7.537016,-9.964436,-9.933315,-9.912209
68.294877,NaN,NaN,NaN,NaN,0.056917,-3.924589,4.070356,16.503380,8.571419,7.543883,-9.964352,-9.933296,-9.912037
68.304801,NaN,NaN,NaN,NaN,0.056688,-3.924468,4.070367,16.506847,8.575037,7.547315,-9.964256,-9.933273,-9.911949
68.314764,NaN,NaN,NaN,NaN,0.056461,-3.924349,4.070379,16.510315,8.578654,7.550749,-9.964161,-9.933250,-9.911869
68.323802,NaN,NaN,NaN,NaN,0.056018,-3.924117,4.070394,16.517258,8.585888,7.554184,-9.963982,-9.933178,-9.911789
68.334824,NaN,NaN,NaN,NaN,0.055794,-3.923981,4.070476,16.520723,8.589492,7.561047,-9.963871,-9.933140,-9.911606
68.343689,NaN,NaN,NaN,NaN,0.055573,-3.923847,4.070520,16.524193,8.593094,7.564480,-9.963764,-9.933102,-9.911533
68.356016,NaN,NaN,NaN,NaN,0.055356,-3.923460,4.070566,16.527662,8.603897,7.567916,-9.963673,-9.932983,-9.911465
68.374889,NaN,NaN,NaN,NaN,0.054732,-3.923324,4.070740,16.538069,8.607483,7.578208,-9.963394,-9.932953,-9.911251
68.383629,NaN,NaN,NaN,NaN,0.054534,-3.923190,4.070806,16.541531,8.611069,7.581638,-9.963299,-9.932919,-9.911182
68.396111,NaN,NaN,NaN,NaN,0.054148,-3.923059,4.070873,16.548460,8.614653,7.585072,-9.963120,-9.932888,-9.911114
68.404989,NaN,NaN,NaN,NaN,0.053972,-3.922787,4.071053,16.551928,8.621801,7.591916,-9.963017,-9.932842,-9.910954
68.414788,NaN,NaN,NaN,NaN,0.053798,-3.922647,4.071146,16.555395,8.625366,7.595342,-9.962921,-9.932823,-9.910877
68.423601,NaN,NaN,NaN,NaN,0.053627,-3.922510,4.071240,16.558865,8.628930,7.598769,-9.962830,-9.932804,-9.910805
68.435113,NaN,NaN,NaN,NaN,0.053459,-3.922375,4.071350,16.562336,8.632494,7.602176,-9.962738,-9.932785,-9.910736
68.443625,NaN,NaN,NaN,NaN,0.053299,-3.922222,4.071574,16.565811,8.636036,7.608996,-9.962639,-9.932774,-9.910610
68.455483,NaN,NaN,NaN,NaN,0.052989,-3.921781,4.071686,16.572765,8.646662,7.612410,-9.962456,-9.932808,-9.910549
68.474775,NaN,NaN,NaN,NaN,0.052687,-3.921641,4.071904,16.579725,8.650188,7.619212,-9.962303,-9.932808,-9.910431
68.484107,NaN,NaN,NaN,NaN,0.052393,-3.921370,4.072015,16.586689,8.657243,7.622616,-9.962189,-9.932808,-9.910378
68.494822,NaN,NaN,NaN,NaN,0.052251,-3.921238,4.072232,16.590174,8.660769,7.629415,-9.962135,-9.932804,-9.910263
68.503175,NaN,NaN,NaN,NaN,0.052100,-3.921116,4.072339,16.593668,8.664272,7.632808,-9.962086,-9.932804,-9.910206
68.514738,NaN,NaN,NaN,NaN,0.051952,-3.920879,4.072447,16.597166,8.671277,7.636204,-9.962040,-9.932796,-9.910152
68.523385,NaN,NaN,NaN,NaN,0.051665,-3.920764,4.072555,16.604166,8.674779,7.639603,-9.961964,-9.932793,-9.910103
68.535084,NaN,NaN,NaN,NaN,0.051514,-3.920642,4.072771,16.607670,8.678261,7.646375,-9.961922,-9.932793,-9.909996
68.544364,NaN,NaN,NaN,NaN,0.051367,-3.920523,4.072881,16.611176,8.681744,7.649764,-9.961884,-9.932789,-9.909950
68.556621,NaN,NaN,NaN,NaN,0.051080,-3.920406,4.072992,16.618191,8.685225,7.653155,-9.961815,-9.932785,-9.909901
68.565108,NaN,NaN,NaN,NaN,0.050946,-3.920173,4.073115,16.621691,8.692167,7.656539,-9.961781,-9.932758,-9.909855
68.575135,NaN,NaN,NaN,NaN,0.050815,-3.920058,4.073363,16.625195,8.695628,7.663315,-9.961750,-9.932732,-9.909763
68.583723,NaN,NaN,NaN,NaN,0.050687,-3.919945,4.073488,16.628698,8.699089,7.666707,-9.961720,-9.932709,-9.909702
68.594823,NaN,NaN,NaN,NaN,0.050561,-3.919727,4.073623,16.632204,8.705987,7.670093,-9.961693,-9.932648,-9.909641
68.604844,NaN,NaN,NaN,NaN,0.050439,-3.919622,4.073893,16.635691,8.709424,7.676872,-9.961670,-9.932617,-9.909519
68.614752,NaN,NaN,NaN,NaN,0.050205,-3.919520,4.074028,16.642670,8.712862,7.680266,-9.961632,-9.932583,-9.909466
68.624260,NaN,NaN,NaN,NaN,0.050091,-3.919421,4.074164,16.646162,8.716300,7.683664,-9.961617,-9.932545,-9.909412
68.635217,NaN,NaN,NaN,NaN,0.049979,-3.919323,4.074299,16.649656,8.719738,7.687047,-9.961605,-9.932507,-9.909355
68.643643,NaN,NaN,NaN,NaN,0.049776,-3.919225,4.074570,16.656580,8.723174,7.693822,-9.961571,-9.932461,-9.909252
68.656704,NaN,NaN,NaN,NaN,0.049678,-3.918948,4.074705,16.660046,8.733482,7.697214,-9.961555,-9.932308,-9.909206
68.674694,NaN,NaN,NaN,NaN,0.049492,-3.918860,4.074968,16.666937,8.736932,7.703977,-9.961529,-9.932247,-9.909122
68.683548,NaN,NaN,NaN,NaN,0.049320,-3.918692,4.075231,16.673792,8.743832,7.710752,-9.961506,-9.932133,-9.909050
68.694985,NaN,NaN,NaN,NaN,0.049238,-3.918612,4.075362,16.677223,8.747281,7.714127,-9.961498,-9.932079,-9.909039
68.703604,NaN,NaN,NaN,NaN,0.049160,-3.918527,4.075493,16.680622,8.750734,7.717505,-9.961479,-9.932018,-9.909008
68.714809,NaN,NaN,NaN,NaN,0.049084,-3.918444,4.075624,16.684025,8.754188,7.720886,-9.961483,-9.931957,-9.908978
68.724178,NaN,NaN,NaN,NaN,0.048938,-3.918364,4.075870,16.690838,8.757641,7.727626,-9.961498,-9.931896,-9.908932
68.735185,NaN,NaN,NaN,NaN,0.048865,-3.918201,4.075983,16.694210,8.764550,7.730984,-9.961502,-9.931759,-9.908920
68.743448,NaN,NaN,NaN,NaN,0.048793,-3.918119,4.076096,16.697586,8.768005,7.734345,-9.961506,-9.931686,-9.908909
68.756775,NaN,NaN,NaN,NaN,0.048723,-3.917963,4.076290,16.700966,8.774915,7.741055,-9.961514,-9.931549,-9.908905
68.774643,NaN,NaN,NaN,NaN,0.048526,-3.917833,4.076453,16.711069,8.781820,7.747752,-9.961563,-9.931393,-9.908916
68.783884,NaN,NaN,NaN,NaN,0.048464,-3.917773,4.076534,16.714434,8.785274,7.751107,-9.961586,-9.931316,-9.908924
68.794821,NaN,NaN,NaN,NaN,0.048405,-3.917668,4.076601,16.717802,8.792180,7.754451,-9.961609,-9.931156,-9.908955
68.804142,NaN,NaN,NaN,NaN,0.048348,-3.917623,4.076733,16.721140,8.795632,7.761152,-9.961639,-9.931072,-9.909016
68.815861,NaN,NaN,NaN,NaN,0.048241,-3.917541,4.076799,16.727829,8.802537,7.764508,-9.961700,-9.930912,-9.909046
68.834853,NaN,NaN,NaN,NaN,0.048152,-3.917501,4.076923,16.734495,8.805994,7.771244,-9.961765,-9.930820,-9.909115
68.843621,NaN,NaN,NaN,NaN,0.048080,-3.917428,4.077045,16.741140,8.812907,7.777994,-9.961838,-9.930641,-9.909184
68.856971,NaN,NaN,NaN,NaN,0.048046,-3.917336,4.077100,16.744469,8.819824,7.781394,-9.961876,-9.930450,-9.909248
68.875776,NaN,NaN,NaN,NaN,0.047973,-3.917280,4.077208,16.751066,8.823285,7.788203,-9.961956,-9.930367,-9.909374
68.883764,NaN,NaN,NaN,NaN,0.047938,-3.917177,4.077261,16.754372,8.830208,7.791613,-9.961994,-9.930199,-9.909439
68.894751,NaN,NaN,NaN,NaN,0.047873,-3.917129,4.077353,16.760998,8.833670,7.798460,-9.962055,-9.930115,-9.909592
68.903502,NaN,NaN,NaN,NaN,0.047859,-3.917062,4.077393,16.764288,8.837100,7.801896,-9.962086,-9.930027,-9.909676
68.915874,NaN,NaN,NaN,NaN,0.047847,-3.916877,4.077471,16.767582,8.847395,7.808778,-9.962116,-9.929798,-9.909840
68.935135,NaN,NaN,NaN,NaN,0.047831,-3.916793,4.077520,16.777470,8.850785,7.815701,-9.962212,-9.929733,-9.910011
68.944305,NaN,NaN,NaN,NaN,0.047838,-3.916713,4.077544,16.780760,8.854176,7.819165,-9.962242,-9.929668,-9.910103
68.955164,NaN,NaN,NaN,NaN,0.047845,-3.916563,4.077568,16.784054,8.860959,7.822632,-9.962273,-9.929539,-9.910191
68.965231,NaN,NaN,NaN,NaN,0.047852,-3.916481,4.077567,16.787354,8.864317,7.826112,-9.962303,-9.929462,-9.910294
68.975567,NaN,NaN,NaN,NaN,0.047900,-3.916402,4.077565,16.793926,8.867677,7.833079,-9.962376,-9.929386,-9.910492
68.984290,NaN,NaN,NaN,NaN,0.047925,-3.916327,4.077564,16.797222,8.871038,7.836568,-9.962414,-9.929314,-9.910591
68.995295,NaN,NaN,NaN,NaN,0.047951,-3.916254,4.077533,16.800522,8.874401,7.840079,-9.962452,-9.929260,-9.910686
69.004188,NaN,NaN,NaN,NaN,0.048032,-3.916116,4.077471,16.807102,8.881085,7.847110,-9.962555,-9.929138,-9.910866
69.016201,NaN,NaN,NaN,NaN,0.048072,-3.915991,4.077441,16.810402,8.887774,7.850628,-9.962608,-9.929020,-9.910950
69.034824,NaN,NaN,NaN,NaN,0.048167,-3.915914,4.077343,16.816996,8.891127,7.857694,-9.962742,-9.928959,-9.911133
69.043381,NaN,NaN,NaN,NaN,0.048276,-3.915772,4.077295,16.823591,8.897833,7.861229,-9.962887,-9.928829,-9.911217
69.055131,NaN,NaN,NaN,NaN,0.048330,-3.915705,4.077183,16.826895,8.901188,7.868323,-9.962963,-9.928761,-9.911385
69.065108,NaN,NaN,NaN,NaN,0.048409,-3.915623,4.077121,16.830181,8.904559,7.871881,-9.963055,-9.928707,-9.911469
69.074668,NaN,NaN,NaN,NaN,0.048487,-3.915545,4.077059,16.833469,8.907930,7.875442,-9.963127,-9.928658,-9.911545
69.084078,NaN,NaN,NaN,NaN,0.048565,-3.915471,4.076915,16.836763,8.911303,7.882564,-9.963196,-9.928604,-9.911697
69.094745,NaN,NaN,NaN,NaN,0.048750,-3.915318,4.076834,16.843340,8.918069,7.886127,-9.963364,-9.928509,-9.911770
69.103962,NaN,NaN,NaN,NaN,0.048858,-3.915240,4.076755,16.846622,8.921463,7.889690,-9.963459,-9.928467,-9.911839
69.116344,NaN,NaN,NaN,NaN,0.048965,-3.915013,4.076574,16.849911,8.931676,7.896833,-9.963554,-9.928356,-9.911964
69.134856,NaN,NaN,NaN,NaN,0.049341,-3.914937,4.076375,16.859728,8.935100,7.903992,-9.963894,-9.928326,-9.912079
69.143211,NaN,NaN,NaN,NaN,0.049474,-3.914864,4.076277,16.862997,8.938524,7.907574,-9.964016,-9.928299,-9.912132
69.155991,NaN,NaN,NaN,NaN,0.049734,-3.914727,4.076180,16.869543,8.945374,7.911157,-9.964252,-9.928246,-9.912186
69.164887,NaN,NaN,NaN,NaN,0.049888,-3.914657,4.075962,16.872791,8.948817,7.918371,-9.964378,-9.928226,-9.912289
69.174667,NaN,NaN,NaN,NaN,0.050040,-3.914591,4.075856,16.876043,8.952260,7.921980,-9.964500,-9.928207,-9.912338
69.184572,NaN,NaN,NaN,NaN,0.050190,-3.914527,4.075751,16.879301,8.955703,7.925591,-9.964619,-9.928188,-9.912384
69.195353,NaN,NaN,NaN,NaN,0.050338,-3.914467,4.075632,16.882563,8.959146,7.929232,-9.964745,-9.928169,-9.912430
69.203521,NaN,NaN,NaN,NaN,0.050696,-3.914362,4.075399,16.889048,8.966063,7.936518,-9.965027,-9.928181,-9.912518
69.215829,NaN,NaN,NaN,NaN,0.050872,-3.914271,4.075285,16.892296,8.972980,7.940161,-9.965160,-9.928192,-9.912560
69.234941,NaN,NaN,NaN,NaN,0.051245,-3.914234,4.075003,16.898783,8.976459,7.947482,-9.965435,-9.928211,-9.912655
69.243277,NaN,NaN,NaN,NaN,0.051635,-3.914171,4.074730,16.905270,8.983416,7.954804,-9.965721,-9.928242,-9.912762
69.255092,NaN,NaN,NaN,NaN,0.051825,-3.914143,4.074577,16.908518,8.986895,7.958484,-9.965870,-9.928257,-9.912804
69.263594,NaN,NaN,NaN,NaN,0.052037,-3.914145,4.074427,16.911762,8.990405,7.962163,-9.966015,-9.928291,-9.912849
69.274756,NaN,NaN,NaN,NaN,0.052246,-3.914149,4.074278,16.915012,8.993916,7.965843,-9.966156,-9.928326,-9.912891
69.285062,NaN,NaN,NaN,NaN,0.052656,-3.914156,4.073977,16.921524,8.997426,7.973221,-9.966431,-9.928356,-9.912960
69.295119,NaN,NaN,NaN,NaN,0.052871,-3.914188,4.073824,16.924774,9.004484,7.976919,-9.966564,-9.928417,-9.912987
69.303820,NaN,NaN,NaN,NaN,0.053084,-3.914213,4.073673,16.928028,9.008031,7.980617,-9.966694,-9.928459,-9.913006
69.316062,NaN,NaN,NaN,NaN,0.053500,-3.914318,4.073524,16.934549,9.018714,7.984315,-9.966965,-9.928608,-9.913025
69.335033,NaN,NaN,NaN,NaN,0.053952,-3.914370,4.073102,16.941065,9.022303,7.995483,-9.967247,-9.928677,-9.913048
69.343461,NaN,NaN,NaN,NaN,0.054173,-3.914424,4.072966,16.944328,9.025890,7.999206,-9.967384,-9.928741,-9.913055
69.357278,NaN,NaN,NaN,NaN,0.054391,-3.914554,4.072850,16.947596,9.033110,8.002944,-9.967518,-9.928902,-9.913044
69.364528,NaN,NaN,NaN,NaN,0.054617,-3.914630,4.072623,16.950861,9.036740,8.010419,-9.967659,-9.928989,-9.912979
69.375210,NaN,NaN,NaN,NaN,0.055057,-3.914707,4.072513,16.957403,9.040369,8.014155,-9.967930,-9.929073,-9.912949
69.384361,NaN,NaN,NaN,NaN,0.055273,-3.914787,4.072416,16.960682,9.043995,8.017901,-9.968056,-9.929157,-9.912899
69.394852,NaN,NaN,NaN,NaN,0.055513,-3.914871,4.072321,16.963949,9.047658,8.021646,-9.968189,-9.929253,-9.912849
69.406274,NaN,NaN,NaN,NaN,0.055749,-3.915042,4.072227,16.967222,9.054976,8.025391,-9.968315,-9.929420,-9.912800
69.416076,NaN,NaN,NaN,NaN,0.056210,-3.915218,4.072047,16.973783,9.062285,8.032876,-9.968563,-9.929565,-9.912708
69.434959,NaN,NaN,NaN,NaN,0.056696,-3.915304,4.071876,16.980364,9.065964,8.040342,-9.968788,-9.929646,-9.912548
69.443614,NaN,NaN,NaN,NaN,0.057205,-3.915479,4.071713,16.986963,9.073315,8.047807,-9.968990,-9.929802,-9.912395
69.454963,NaN,NaN,NaN,NaN,0.057455,-3.915569,4.071634,16.990269,9.076985,8.051534,-9.969090,-9.929874,-9.912300
69.463758,NaN,NaN,NaN,NaN,0.057736,-3.915657,4.071557,16.993580,9.080684,8.055259,-9.969200,-9.929966,-9.912209
69.475256,NaN,NaN,NaN,NaN,0.058013,-3.915747,4.071411,16.996895,9.084379,8.062710,-9.969311,-9.930046,-9.912029
69.484620,NaN,NaN,NaN,NaN,0.058555,-3.915932,4.071330,17.003538,9.091761,8.066435,-9.969524,-9.930199,-9.911919
69.495359,NaN,NaN,NaN,NaN,0.058853,-3.916024,4.071251,17.006863,9.095469,8.070160,-9.969635,-9.930283,-9.911808
69.503636,NaN,NaN,NaN,NaN,0.059146,-3.916116,4.071175,17.010191,9.099175,8.073883,-9.969742,-9.930363,-9.911701
69.516304,NaN,NaN,NaN,NaN,0.059434,-3.916393,4.071014,17.013523,9.110302,8.081326,-9.969849,-9.930588,-9.911476
69.534789,NaN,NaN,NaN,NaN,0.060333,-3.916480,4.070849,17.023533,9.114022,8.088763,-9.970146,-9.930660,-9.911243
69.543811,NaN,NaN,NaN,NaN,0.060634,-3.916569,4.070770,17.026876,9.117740,8.092481,-9.970242,-9.930729,-9.911137
69.555277,NaN,NaN,NaN,NaN,0.060932,-3.916660,4.070681,17.030222,9.121454,8.096195,-9.970318,-9.930794,-9.911003
69.564166,NaN,NaN,NaN,NaN,0.061590,-3.916793,4.070511,17.036917,9.128920,8.103623,-9.970493,-9.930923,-9.910748
69.575559,NaN,NaN,NaN,NaN,0.061911,-3.916863,4.070431,17.040270,9.132648,8.107337,-9.970577,-9.930988,-9.910625
69.585897,NaN,NaN,NaN,NaN,0.062228,-3.916934,4.070347,17.043625,9.136371,8.111047,-9.970657,-9.931049,-9.910484
69.594697,NaN,NaN,NaN,NaN,0.062578,-3.916983,4.070266,17.046982,9.140120,8.114757,-9.970749,-9.931133,-9.910351
69.603456,NaN,NaN,NaN,NaN,0.063263,-3.917035,4.070113,17.053703,9.143865,8.122172,-9.970917,-9.931213,-9.910088
69.614775,NaN,NaN,NaN,NaN,0.063598,-3.917143,4.070031,17.057070,9.151343,8.125878,-9.970997,-9.931374,-9.909935
69.623979,NaN,NaN,NaN,NaN,0.063961,-3.917175,4.069952,17.060419,9.155104,8.129583,-9.971081,-9.931461,-9.909790
69.634890,-0.265943,15.305444,-1.195382,1.262125,0.064318,-3.917210,4.069876,17.063772,9.158860,8.133287,-9.971161,-9.931545,-9.909649
69.643825,-0.265943,15.305444,-1.195382,1.262125,0.065016,-3.917247,4.069802,17.070490,9.162613,8.136991,-9.971310,-9.931625,-9.909512
69.656082,-0.265943,15.305444,-1.195382,1.262125,0.065365,-3.917305,4.069675,17.073839,9.170138,8.144389,-9.971386,-9.931828,-9.909229
69.663657,-0.265943,15.305444,-1.195382,1.262125,0.065709,-3.917326,4.069615,17.077192,9.173910,8.148087,-9.971458,-9.931931,-9.909084
69.675773,-0.265943,15.305444,-1.195382,1.262125,0.066048,-3.917401,4.069558,17.080547,9.185202,8.151784,-9.971531,-9.932228,-9.908947
69.694690,-0.265943,15.305444,-1.195382,1.262125,0.067031,-3.917415,4.069420,17.090626,9.188990,8.162868,-9.971725,-9.932327,-9.908543
69.703644,-0.265943,15.305444,-1.195382,1.262125,0.067344,-3.917432,4.069382,17.093983,9.192774,8.166559,-9.971786,-9.932430,-9.908413
69.714866,-0.265943,15.305444,-1.195382,1.262125,0.067653,-3.917470,4.069346,17.097342,9.200329,8.170250,-9.971844,-9.932606,-9.908287
69.724132,-0.265943,15.305444,-1.195382,1.262125,0.068252,-3.917460,4.069299,17.104052,9.204128,8.177638,-9.971966,-9.932701,-9.908043
69.734885,-0.265943,15.305444,-1.195382,1.262125,0.068542,-3.917453,4.069279,17.107401,9.207925,8.181331,-9.972027,-9.932796,-9.907925
69.743834,-0.265943,15.305444,-1.195382,1.262125,0.068828,-3.917448,4.069261,17.110756,9.211716,8.185021,-9.972088,-9.932892,-9.907814
69.756049,-0.265943,15.305444,-1.195382,1.262125,0.069109,-3.917444,4.069250,17.114115,9.215502,8.188714,-9.972145,-9.932983,-9.907711
69.764801,-0.265943,15.305444,-1.195382,1.262125,0.069393,-3.917379,4.069234,17.117445,9.223126,8.196096,-9.972225,-9.933182,-9.907516
69.776631,-0.265943,15.305444,-1.195382,1.262125,0.069948,-3.917323,4.069229,17.124117,9.230731,8.199786,-9.972382,-9.933380,-9.907425
69.794942,-0.265943,15.305444,-1.195382,1.262125,0.070508,-3.917263,4.069233,17.130785,9.234543,8.207170,-9.972546,-9.933491,-9.907280
69.805059,-0.265943,15.305444,-1.195382,1.262125,0.071074,-3.917152,4.069239,17.137451,9.242151,8.210859,-9.972717,-9.933708,-9.907211
69.815006,-0.265943,15.305444,-1.195382,1.262125,0.071350,-3.917100,4.069256,17.140791,9.245949,8.218225,-9.972797,-9.933811,-9.907093
69.824429,-0.265943,15.305444,-1.195382,1.262125,0.071647,-3.917028,4.069268,17.144114,9.249761,8.221902,-9.972885,-9.933929,-9.907040
69.834866,-0.265943,15.305444,-1.195382,1.262125,0.071939,-3.916959,4.069282,17.147442,9.253568,8.225577,-9.972973,-9.934055,-9.906994
69.843926,-0.265943,15.305444,-1.195382,1.262125,0.072510,-3.916892,4.069319,17.154112,9.257369,8.232917,-9.973129,-9.934174,-9.906857
69.855430,-0.265943,15.305444,-1.195382,1.262125,0.072800,-3.916735,4.069341,17.157429,9.264963,8.236581,-9.973221,-9.934410,-9.906792
69.863520,-0.265943,15.305444,-1.195382,1.262125,0.073085,-3.916645,4.069365,17.160751,9.268757,8.240246,-9.973309,-9.934525,-9.906734
69.875550,-0.265943,15.305444,-1.195382,1.262125,0.073642,-3.916559,4.069391,17.167406,9.272545,8.243910,-9.973473,-9.934635,-9.906681
69.885235,-0.265943,15.305444,-1.195382,1.262125,0.073913,-3.916475,4.069424,17.170719,9.276328,8.247565,-9.973564,-9.934742,-9.906628
69.894773,-0.265943,15.305444,-1.195382,1.262125,0.074180,-3.916258,4.069496,17.174034,9.283875,8.254875,-9.973652,-9.934952,-9.906532
69.903329,-0.265943,15.305444,-1.195382,1.262125,0.074443,-3.916153,4.069535,17.177355,9.287640,8.258529,-9.973736,-9.935055,-9.906483
69.915043,-0.265943,15.305444,-1.195382,1.262125,0.074942,-3.915938,4.069581,17.183992,9.295159,8.262185,-9.973923,-9.935268,-9.906441
69.924948,-0.265943,15.305444,-1.195382,1.262125,0.075178,-3.915827,4.069676,17.187309,9.298914,8.269497,-9.974018,-9.935375,-9.906361
69.934673,-0.265943,15.305444,-1.195382,1.262125,0.075411,-3.915718,4.069726,17.190630,9.302664,8.273152,-9.974113,-9.935482,-9.906322
69.944171,-0.265943,15.305444,-1.195382,1.262125,0.075640,-3.915612,4.069778,17.193953,9.306408,8.276808,-9.974209,-9.935585,-9.906292
69.956029,-0.265943,15.305444,-1.195382,1.262125,0.075865,-3.915508,4.069834,17.197279,9.310147,8.280470,-9.974297,-9.935707,-9.906261
69.963847,-0.265943,15.305444,-1.195382,1.262125,0.076084,-3.915273,4.069950,17.200598,9.317633,8.287791,-9.974396,-9.935966,-9.906219
69.975898,-0.265943,15.305444,-1.195382,1.262125,0.076511,-3.915160,4.070009,17.207245,9.321368,8.291452,-9.974606,-9.936089,-9.906200
69.984220,-0.265943,15.305444,-1.195382,1.262125,0.076718,-3.915049,4.070074,17.210571,9.325099,8.295097,-9.974701,-9.936207,-9.906185
69.994638,-0.265943,15.305444,-1.195382,1.262125,0.076913,-3.914922,4.070138,17.213898,9.328821,8.298742,-9.974808,-9.936321,-9.906170
70.003145,-0.265943,15.305444,-1.195382,1.262125,0.077104,-3.914676,4.070271,17.217228,9.336250,8.306033,-9.974907,-9.936543,-9.906147
70.015181,-0.265943,15.305444,-1.195382,1.262125,0.077475,-3.914556,4.070343,17.223894,9.339958,8.309669,-9.975098,-9.936646,-9.906136
70.023721,-0.265943,15.305444,-1.195382,1.262125,0.077641,-3.914422,4.070416,17.227222,9.343637,8.313304,-9.975189,-9.936741,-9.906139
70.034781,-0.239096,15.329566,-1.193880,1.261400,0.077804,-3.914290,4.070491,17.230555,9.347310,8.316939,-9.975273,-9.936836,-9.906147
70.043374,-0.239096,15.329566,-1.193880,1.261400,0.078120,-3.914032,4.070567,17.237226,9.354645,8.320575,-9.975430,-9.937016,-9.906155
70.054863,-0.239096,15.329566,-1.193880,1.261400,0.078278,-3.913891,4.070722,17.240564,9.358294,8.327806,-9.975513,-9.937096,-9.906155
70.063647,-0.239096,15.329566,-1.193880,1.261400,0.078433,-3.913753,4.070801,17.243906,9.361940,8.331422,-9.975590,-9.937172,-9.906155
70.075538,-0.239096,15.329566,-1.193880,1.261400,0.078733,-3.913617,4.070880,17.250597,9.365582,8.335038,-9.975735,-9.937252,-9.906162
70.084685,-0.239096,15.329566,-1.193880,1.261400,0.078875,-3.913341,4.070962,17.253950,9.372842,8.338643,-9.975815,-9.937401,-9.906151
70.094830,-0.239096,15.329566,-1.193880,1.261400,0.079012,-3.913200,4.071128,17.257305,9.376462,8.345853,-9.975891,-9.937466,-9.906139
70.103611,-0.239096,15.329566,-1.193880,1.261400,0.079147,-3.913061,4.071213,17.260664,9.380077,8.349458,-9.975964,-9.937531,-9.906139
70.114920,-0.239096,15.329566,-1.193880,1.261400,0.079277,-3.912925,4.071315,17.264025,9.383690,8.353059,-9.976032,-9.937595,-9.906132
70.123889,-0.239096,15.329566,-1.193880,1.261400,0.079492,-3.912643,4.071520,17.270765,9.390897,8.360263,-9.976170,-9.937668,-9.906128
70.135554,-0.239096,15.329566,-1.193880,1.261400,0.079595,-3.912370,4.071623,17.274139,9.398090,8.363865,-9.976234,-9.937721,-9.906128
70.155580,-0.239096,15.329566,-1.193880,1.261400,0.079769,-3.912232,4.071864,17.280897,9.401673,8.371078,-9.976360,-9.937740,-9.906101
70.164533,-0.239096,15.329566,-1.193880,1.261400,0.079840,-3.912096,4.072104,17.284279,9.405252,8.378290,-9.976421,-9.937756,-9.906086
70.176551,-0.239096,15.329566,-1.193880,1.261400,0.079976,-3.911707,4.072257,17.291052,9.415964,8.381917,-9.976536,-9.937794,-9.906075
70.194932,-0.239096,15.329566,-1.193880,1.261400,0.080091,-3.911586,4.072561,17.297831,9.419522,8.389170,-9.976635,-9.937798,-9.906055
70.205509,-0.239096,15.329566,-1.193880,1.261400,0.080143,-3.911348,4.072861,17.301224,9.426630,8.396422,-9.976677,-9.937805,-9.906055
70.215116,-0.239096,15.329566,-1.193880,1.261400,0.080241,-3.911233,4.073034,17.308018,9.430180,8.400064,-9.976738,-9.937809,-9.906044
70.224439,-0.239096,15.329566,-1.193880,1.261400,0.080273,-3.911128,4.073205,17.311411,9.433702,8.403704,-9.976761,-9.937805,-9.906036
70.235605,-0.239096,15.329566,-1.193880,1.261400,0.080302,-3.910826,4.073376,17.314808,9.444259,8.407344,-9.976776,-9.937794,-9.906029
70.254916,-0.239096,15.329566,-1.193880,1.261400,0.080347,-3.910735,4.073924,17.325014,9.447752,8.418318,-9.976822,-9.937786,-9.905975
70.263332,-0.239096,15.329566,-1.193880,1.261400,0.080338,-3.910645,4.074112,17.328419,9.451244,8.421984,-9.976830,-9.937775,-9.905956
70.275053,-0.239096,15.329566,-1.193880,1.261400,0.080329,-3.910472,4.074298,17.331825,9.458220,8.425650,-9.976841,-9.937756,-9.905937
70.283869,-0.239096,15.329566,-1.193880,1.261400,0.080317,-3.910396,4.074646,17.335238,9.461675,8.433005,-9.976849,-9.937744,-9.905876
70.294665,-0.239096,15.329566,-1.193880,1.261400,0.080242,-3.910322,4.074818,17.342070,9.465127,8.436683,-9.976818,-9.937729,-9.905849
70.303663,-0.239096,15.329566,-1.193880,1.261400,0.080202,-3.910249,4.074991,17.345491,9.468578,8.440359,-9.976799,-9.937717,-9.905827
70.314777,-0.239096,15.329566,-1.193880,1.261400,0.080095,-3.910178,4.075158,17.352348,9.472029,8.444044,-9.976734,-9.937702,-9.905792
70.323989,-0.239096,15.329566,-1.193880,1.261400,0.080029,-3.910047,4.075491,17.355785,9.478881,8.451412,-9.976673,-9.937672,-9.905773
70.336360,-0.239096,15.329566,-1.193880,1.261400,0.079963,-3.909984,4.075656,17.359224,9.482305,8.455095,-9.976608,-9.937656,-9.905769
70.344487,-0.239096,15.329566,-1.193880,1.261400,0.079895,-3.909922,4.075805,17.362665,9.485726,8.458795,-9.976543,-9.937641,-9.905750
70.356164,-0.239096,15.329566,-1.193880,1.261400,0.079802,-3.909822,4.076099,17.366116,9.492521,8.466189,-9.976460,-9.937584,-9.905716
70.375044,-0.239096,15.329566,-1.193880,1.261400,0.079520,-3.909727,4.076393,17.376480,9.499310,8.473597,-9.976208,-9.937542,-9.905682
70.385292,-0.239096,15.329566,-1.193880,1.261400,0.079398,-3.909688,4.076540,17.379948,9.502694,8.477305,-9.976105,-9.937515,-9.905643
70.394589,-0.239096,15.329566,-1.193880,1.261400,0.079154,-3.909650,4.076685,17.386890,9.506076,8.481013,-9.975895,-9.937492,-9.905605
70.403670,-0.239096,15.329566,-1.193880,1.261400,0.079032,-3.909613,4.076830,17.390366,9.509458,8.484721,-9.975792,-9.937469,-9.905575
70.414895,-0.239096,15.329566,-1.193880,1.261400,0.078889,-3.909567,4.077113,17.393845,9.516195,8.492126,-9.975674,-9.937412,-9.905487
70.424397,-0.239096,15.329566,-1.193880,1.261400,0.078746,-3.909556,4.077255,17.397326,9.519552,8.495826,-9.975563,-9.937382,-9.905445
70.435945,-0.218917,15.311111,-1.195336,1.254410,0.078603,-3.909546,4.077395,17.400808,9.522909,8.499526,-9.975449,-9.937351,-9.905411
70.444478,-0.218917,15.311111,-1.195336,1.254410,0.078460,-3.909533,4.077659,17.404293,9.529607,8.506912,-9.975338,-9.937283,-9.905338
70.455389,-0.218917,15.311111,-1.195336,1.254410,0.078160,-3.909530,4.077790,17.411282,9.532949,8.510604,-9.975105,-9.937241,-9.905312
70.463542,-0.218917,15.311111,-1.195336,1.254410,0.078011,-3.909527,4.077920,17.414778,9.536291,8.514296,-9.974991,-9.937202,-9.905285
70.474914,-0.218917,15.311111,-1.195336,1.254410,0.077713,-3.909525,4.078050,17.421780,9.539633,8.517987,-9.974766,-9.937164,-9.905262
70.484988,-0.218917,15.311111,-1.195336,1.254410,0.077567,-3.909523,4.078299,17.425291,9.546304,8.525353,-9.974644,-9.937088,-9.905216
70.494870,-0.218917,15.311111,-1.195336,1.254410,0.077421,-3.909523,4.078424,17.428804,9.549633,8.529035,-9.974522,-9.937054,-9.905197
70.504489,-0.218917,15.311111,-1.195336,1.254410,0.077275,-3.909524,4.078547,17.432320,9.552962,8.532716,-9.974400,-9.937016,-9.905159
70.514914,-0.218917,15.311111,-1.195336,1.254410,0.077129,-3.909525,4.078659,17.435837,9.556291,8.536384,-9.974293,-9.936981,-9.905125
70.523547,-0.218917,15.311111,-1.195336,1.254410,0.076992,-3.909526,4.078881,17.439356,9.562945,8.543718,-9.974178,-9.936916,-9.905060
70.535744,-0.218917,15.311111,-1.195336,1.254410,0.076718,-3.909531,4.078991,17.446398,9.569597,8.547384,-9.973949,-9.936855,-9.905033
70.555456,-0.218917,15.311111,-1.195336,1.254410,0.076468,-3.909543,4.079175,17.453444,9.572909,8.554689,-9.973717,-9.936817,-9.904991
70.564131,-0.218917,15.311111,-1.195336,1.254410,0.076238,-3.909568,4.079266,17.460493,9.579534,8.558342,-9.973488,-9.936737,-9.904980
70.574928,-0.218917,15.311111,-1.195336,1.254410,0.076123,-3.909582,4.079444,17.464020,9.582846,8.565634,-9.973377,-9.936699,-9.904972
70.584478,-0.218917,15.311111,-1.195336,1.254410,0.076032,-3.909592,4.079530,17.467546,9.586144,8.569274,-9.973267,-9.936668,-9.904972
70.595094,-0.218917,15.311111,-1.195336,1.254410,0.075940,-3.909602,4.079617,17.471077,9.589444,8.572914,-9.973156,-9.936634,-9.904972
70.606458,-0.218917,15.311111,-1.195336,1.254410,0.075755,-3.909613,4.079770,17.478140,9.592744,8.580178,-9.972939,-9.936604,-9.904980
70.614899,-0.218917,15.311111,-1.195336,1.254410,0.075682,-3.909633,4.079836,17.481659,9.599338,8.583803,-9.972820,-9.936531,-9.904980
70.624645,-0.218917,15.311111,-1.195336,1.254410,0.075608,-3.909642,4.079903,17.485180,9.602632,8.587428,-9.972710,-9.936497,-9.904995
70.637231,-0.218917,15.311111,-1.195336,1.254410,0.075455,-3.909652,4.079969,17.492229,9.605926,8.591052,-9.972519,-9.936462,-9.905010
70.644356,-0.218917,15.311111,-1.195336,1.254410,0.075394,-3.909676,4.080059,17.495741,9.612503,8.598268,-9.972416,-9.936409,-9.905052
70.654873,-0.218917,15.311111,-1.195336,1.254410,0.075332,-3.909690,4.080105,17.499256,9.615788,8.601875,-9.972317,-9.936386,-9.905075
70.663443,-0.218917,15.311111,-1.195336,1.254410,0.075270,-3.909703,4.080151,17.502773,9.619073,8.605483,-9.972218,-9.936367,-9.905098
70.675185,-0.218917,15.311111,-1.195336,1.254410,0.075207,-3.909717,4.080166,17.506292,9.622358,8.609075,-9.972122,-9.936356,-9.905113
70.684717,-0.218917,15.311111,-1.195336,1.254410,0.075164,-3.909715,4.080199,17.509804,9.628899,8.616257,-9.972008,-9.936352,-9.905148
70.694584,-0.218917,15.311111,-1.195336,1.254410,0.075076,-3.909714,4.080216,17.516832,9.632171,8.619847,-9.971786,-9.936348,-9.905167
70.704186,-0.218917,15.311111,-1.195336,1.254410,0.075030,-3.909714,4.080207,17.520350,9.635444,8.623426,-9.971680,-9.936348,-9.905163
70.714981,-0.218917,15.311111,-1.195336,1.254410,0.075002,-3.909704,4.080199,17.523855,9.638705,8.627006,-9.971558,-9.936348,-9.905167
70.723910,-0.218917,15.311111,-1.195336,1.254410,0.074942,-3.909686,4.080185,17.530872,9.645233,8.634164,-9.971325,-9.936329,-9.905174
70.736667,-0.218917,15.311111,-1.195336,1.254410,0.074912,-3.909670,4.080179,17.534384,9.651766,8.637743,-9.971207,-9.936298,-9.905178
70.755144,-0.218917,15.311111,-1.195336,1.254410,0.074857,-3.909645,4.080158,17.541393,9.655032,8.644911,-9.970970,-9.936283,-9.905102
70.764087,-0.218917,15.311111,-1.195336,1.254410,0.074833,-3.909600,4.080140,17.544889,9.661569,8.652078,-9.970844,-9.936249,-9.905037
70.774885,-0.218917,15.311111,-1.195336,1.254410,0.074780,-3.909580,4.080126,17.551889,9.664839,8.655665,-9.970600,-9.936234,-9.904980
70.783973,-0.218917,15.311111,-1.195336,1.254410,0.074770,-3.909531,4.080114,17.555367,9.668112,8.659252,-9.970470,-9.936222,-9.904926
70.795159,-0.218917,15.311111,-1.195336,1.254410,0.074760,-3.909436,4.080091,17.558846,9.674663,8.666427,-9.970341,-9.936214,-9.904831
70.814753,-0.218917,15.311111,-1.195336,1.254410,0.074740,-3.909320,4.080057,17.569279,9.681212,8.673562,-9.969944,-9.936207,-9.904694
70.823549,-0.218917,15.311111,-1.195336,1.254410,0.074741,-3.909250,4.080042,17.572752,9.684486,8.677130,-9.969807,-9.936203,-9.904629
70.836025,-0.218917,15.311111,-1.195336,1.254410,0.074740,-3.909032,4.080019,17.579702,9.694313,8.684242,-9.969547,-9.936176,-9.904488
70.855063,-0.218917,15.311111,-1.195336,1.254410,0.074731,-3.908948,4.080005,17.586658,9.697589,8.691333,-9.969280,-9.936157,-9.904339
70.863558,-0.218917,15.311111,-1.195336,1.254410,0.074725,-3.908867,4.079999,17.590137,9.700866,8.694878,-9.969154,-9.936142,-9.904274
70.875105,-0.218917,15.311111,-1.195336,1.254410,0.074718,-3.908688,4.080003,17.593618,9.707413,8.698396,-9.969040,-9.936100,-9.904202
70.883976,-0.218917,15.311111,-1.195336,1.254410,0.074703,-3.908590,4.080006,17.600578,9.710684,8.701915,-9.968811,-9.936077,-9.904133
70.895857,-0.218917,15.311111,-1.195336,1.254410,0.074695,-3.908401,4.080014,17.604061,9.717229,8.708954,-9.968704,-9.936035,-9.904003
70.915108,-0.218917,15.311111,-1.195336,1.254410,0.074680,-3.908295,4.080016,17.611027,9.720494,8.715911,-9.968491,-9.936005,-9.903870
70.923389,-0.218917,15.311111,-1.195336,1.254410,0.074666,-3.908089,4.080020,17.617994,9.727029,8.722872,-9.968285,-9.935944,-9.903755
70.936464,-0.218917,15.311111,-1.195336,1.254410,0.074659,-3.907989,4.080010,17.621481,9.730298,8.726321,-9.968185,-9.935917,-9.903694
70.944657,-0.218917,15.311111,-1.195336,1.254410,0.074642,-3.907885,4.080000,17.624958,9.733555,8.729773,-9.968090,-9.935883,-9.903641
70.955037,-0.218917,15.311111,-1.195336,1.254410,0.074625,-3.907784,4.079991,17.628439,9.736813,8.733225,-9.967995,-9.935852,-9.903587
70.964431,-0.218917,15.311111,-1.195336,1.254410,0.074591,-3.907586,4.079983,17.635401,9.743333,8.736679,-9.967819,-9.935791,-9.903542
70.975287,-0.218917,15.311111,-1.195336,1.254410,0.074570,-3.907480,4.079931,17.638884,9.746580,8.743515,-9.967731,-9.935764,-9.903416
70.985160,-0.218917,15.311111,-1.195336,1.254410,0.074547,-3.907378,4.079906,17.642368,9.749829,8.746937,-9.967648,-9.935738,-9.903378
70.995891,-0.218917,15.311111,-1.195336,1.254410,0.074525,-3.907278,4.079859,17.645855,9.753080,8.753784,-9.967567,-9.935715,-9.903305
71.004954,-0.218917,15.311111,-1.195336,1.254410,0.074478,-3.907180,4.079814,17.652830,9.756332,8.757175,-9.967411,-9.935688,-9.903259
71.014969,-0.218917,15.311111,-1.195336,1.254410,0.074435,-3.906994,4.079771,17.656322,9.762821,8.760569,-9.967339,-9.935635,-9.903214
71.023429,-0.218917,15.311111,-1.195336,1.254410,0.074393,-3.906906,4.079729,17.659815,9.766059,8.763965,-9.967266,-9.935612,-9.903175
71.035097,-0.218917,15.311111,-1.195336,1.254410,0.074350,-3.906736,4.079688,17.663309,9.772538,8.767362,-9.967197,-9.935570,-9.903137
71.044280,-0.218917,15.311111,-1.195336,1.254410,0.074308,-3.906647,4.079583,17.666803,9.775764,8.774090,-9.967133,-9.935555,-9.903091
71.054850,-0.218917,15.311111,-1.195336,1.254410,0.074198,-3.906560,4.079533,17.673813,9.778991,8.777457,-9.966995,-9.935543,-9.903076
71.064047,-0.218917,15.311111,-1.195336,1.254410,0.074144,-3.906474,4.079485,17.677319,9.782220,8.780827,-9.966927,-9.935528,-9.903061
71.074763,-0.218917,15.311111,-1.195336,1.254410,0.074090,-3.906392,4.079448,17.680826,9.785452,8.784167,-9.966862,-9.935509,-9.903038
71.084682,-0.218917,15.311111,-1.195336,1.254410,0.073973,-3.906220,4.079412,17.687870,9.791904,8.787511,-9.966747,-9.935467,-9.903019
71.095950,-0.218917,15.311111,-1.195336,1.254410,0.073915,-3.906058,4.079344,17.691393,9.798366,8.794206,-9.966694,-9.935413,-9.902992
71.114906,-0.218917,15.311111,-1.195336,1.254410,0.073799,-3.905993,4.079288,17.698462,9.801597,8.800858,-9.966583,-9.935387,-9.902966
71.123489,-0.218917,15.311111,-1.195336,1.254410,0.073683,-3.905868,4.079261,17.705549,9.808063,8.804188,-9.966473,-9.935333,-9.902962
71.136028,-0.218917,15.311111,-1.195336,1.254410,0.073626,-3.905808,4.079209,17.709095,9.811299,8.810832,-9.966423,-9.935307,-9.902954
71.144205,-0.218917,15.311111,-1.195336,1.254410,0.073570,-3.905764,4.079185,17.712648,9.814537,8.814146,-9.966362,-9.935276,-9.902958
71.154708,-0.218917,15.311111,-1.195336,1.254410,0.073513,-3.905722,4.079162,17.716204,9.817777,8.817463,-9.966305,-9.935223,-9.902962
71.164522,-0.218917,15.311111,-1.195336,1.254410,0.073401,-3.905642,4.079139,17.723316,9.824263,8.820783,-9.966206,-9.935123,-9.902954
71.174726,-0.218917,15.311111,-1.195336,1.254410,0.073366,-3.905617,4.079108,17.726887,9.827499,8.827412,-9.966145,-9.935062,-9.902962
71.183952,-0.218917,15.311111,-1.195336,1.254410,0.073331,-3.905594,4.079094,17.730457,9.830738,8.830729,-9.966091,-9.935001,-9.902969
71.197063,-0.218917,15.311111,-1.195336,1.254410,0.073260,-3.905542,4.079080,17.737602,9.840467,8.834050,-9.965988,-9.934811,-9.902977
71.214777,-0.218917,15.311111,-1.195336,1.254410,0.073215,-3.905534,4.079053,17.744738,9.843716,8.843986,-9.965870,-9.934742,-9.903027
71.223611,-0.218917,15.311111,-1.195336,1.254410,0.073192,-3.905527,4.079046,17.748308,9.846966,8.847302,-9.965813,-9.934677,-9.903038
71.235001,-0.177512,15.329997,-1.141381,1.201316,0.073170,-3.905517,4.079032,17.751879,9.853477,8.850617,-9.965748,-9.934540,-9.903053
71.243726,-0.177512,15.329997,-1.141381,1.201316,0.073161,-3.905514,4.079005,17.758986,9.856737,8.857254,-9.965611,-9.934467,-9.903088
71.254814,-0.177512,15.329997,-1.141381,1.201316,0.073157,-3.905513,4.078992,17.762541,9.860000,8.860575,-9.965542,-9.934395,-9.903111
71.264725,-0.177512,15.329997,-1.141381,1.201316,0.073152,-3.905514,4.078980,17.766096,9.863265,8.863898,-9.965481,-9.934322,-9.903133
71.274907,-0.177512,15.329997,-1.141381,1.201316,0.073147,-3.905516,4.078963,17.769651,9.866531,8.867236,-9.965420,-9.934238,-9.903168
71.284511,-0.177512,15.329997,-1.141381,1.201316,0.073143,-3.905525,4.078931,17.776745,9.869813,8.873918,-9.965240,-9.934151,-9.903248
71.296477,-0.177512,15.329997,-1.141381,1.201316,0.073142,-3.905548,4.078916,17.780291,9.876381,8.877261,-9.965153,-9.933979,-9.903290
71.304187,-0.177512,15.329997,-1.141381,1.201316,0.073141,-3.905562,4.078901,17.783836,9.879667,8.880619,-9.965061,-9.933895,-9.903343
71.314954,-0.177512,15.329997,-1.141381,1.201316,0.073120,-3.905576,4.078886,17.787369,9.882975,8.883979,-9.964954,-9.933796,-9.903397
71.323429,-0.177512,15.329997,-1.141381,1.201316,0.073101,-3.905610,4.078860,17.790901,9.889594,8.890704,-9.964848,-9.933613,-9.903507
71.335004,-0.177512,15.329997,-1.141381,1.201316,0.073062,-3.905629,4.078846,17.797964,9.892906,8.894070,-9.964649,-9.933533,-9.903564
71.343960,-0.177512,15.329997,-1.141381,1.201316,0.073030,-3.905638,4.078833,17.801479,9.896250,8.897437,-9.964546,-9.933426,-9.903637
71.356446,-0.177512,15.329997,-1.141381,1.201316,0.072999,-3.905649,4.078821,17.804993,9.899595,8.900806,-9.964420,-9.933323,-9.903706
71.364597,-0.177512,15.329997,-1.141381,1.201316,0.072968,-3.905661,4.078816,17.808506,9.902943,8.907551,-9.964298,-9.933216,-9.903854
71.376297,-0.177512,15.329997,-1.141381,1.201316,0.072897,-3.905679,4.078824,17.815525,9.909678,8.910927,-9.964066,-9.932995,-9.903931
71.384745,-0.177512,15.329997,-1.141381,1.201316,0.072856,-3.905684,4.078832,17.819031,9.913068,8.914304,-9.963955,-9.932880,-9.904007
71.396366,-0.177512,15.329997,-1.141381,1.201316,0.072777,-3.905699,4.078841,17.826040,9.919847,8.917683,-9.963745,-9.932652,-9.904079
71.414808,-0.177512,15.329997,-1.141381,1.201316,0.072675,-3.905704,4.078918,17.833054,9.926676,8.927864,-9.963573,-9.932411,-9.904343
71.423917,-0.177512,15.329997,-1.141381,1.201316,0.072625,-3.905708,4.078945,17.836559,9.930091,8.931260,-9.963490,-9.932297,-9.904430
71.434776,-0.177512,15.329997,-1.141381,1.201316,0.072576,-3.905705,4.078978,17.840065,9.936933,8.934675,-9.963413,-9.932053,-9.904507
71.443948,-0.177512,15.329997,-1.141381,1.201316,0.072466,-3.905696,4.079012,17.847067,9.940359,8.938091,-9.963303,-9.931911,-9.904587
71.455671,-0.177512,15.329997,-1.141381,1.201316,0.072413,-3.905690,4.079082,17.850569,9.943787,8.944926,-9.963253,-9.931774,-9.904743
71.464587,-0.177512,15.329997,-1.141381,1.201316,0.072360,-3.905685,4.079116,17.854071,9.947214,8.948359,-9.963207,-9.931641,-9.904816
71.474826,-0.177512,15.329997,-1.141381,1.201316,0.072247,-3.905659,4.079150,17.861095,9.950647,8.951792,-9.963158,-9.931503,-9.904884
71.484151,-0.177512,15.329997,-1.141381,1.201316,0.072192,-3.905635,4.079223,17.864611,9.954081,8.958661,-9.963135,-9.931366,-9.905022
71.495988,-0.177512,15.329997,-1.141381,1.201316,0.072137,-3.905569,4.079259,17.868124,9.964378,8.962119,-9.963116,-9.930958,-9.905075
71.514712,-0.177512,15.329997,-1.141381,1.201316,0.072028,-3.905547,4.079332,17.875164,9.967808,8.969035,-9.963123,-9.930820,-9.905178
71.523781,-0.177512,15.329997,-1.141381,1.201316,0.071975,-3.905507,4.079409,17.878685,9.974669,8.975953,-9.963131,-9.930553,-9.905247
71.536490,-0.177512,15.329997,-1.141381,1.201316,0.071873,-3.905462,4.079449,17.885725,9.981541,8.979444,-9.963161,-9.930286,-9.905258
71.556157,-0.177512,15.329997,-1.141381,1.201316,0.071741,-3.905412,4.079532,17.892790,9.988422,8.986426,-9.963242,-9.930019,-9.905281
71.574785,-0.177512,15.329997,-1.141381,1.201316,0.071537,-3.905358,4.079645,17.903389,9.995318,8.996973,-9.963383,-9.929749,-9.905270
71.583714,-0.177512,15.329997,-1.141381,1.201316,0.071462,-3.905328,4.079681,17.906921,9.998773,9.000500,-9.963440,-9.929615,-9.905258
71.594939,-0.177512,15.329997,-1.141381,1.201316,0.071316,-3.905272,4.079718,17.913988,10.005682,9.004027,-9.963554,-9.929356,-9.905251
71.605452,-0.177512,15.329997,-1.141381,1.201316,0.071227,-3.905221,4.079752,17.917528,10.009153,9.011141,-9.963623,-9.929211,-9.905174
71.614926,-0.177512,15.329997,-1.141381,1.201316,0.071139,-3.905172,4.079771,17.921070,10.012626,9.014696,-9.963692,-9.929066,-9.905136
71.623626,-0.177512,15.329997,-1.141381,1.201316,0.071052,-3.905124,4.079790,17.924612,10.016097,9.018252,-9.963760,-9.928925,-9.905106
71.634924,-0.163124,15.341209,-1.122203,1.184219,0.070967,-3.905008,4.079798,17.928154,10.023060,9.021830,-9.963833,-9.928616,-9.905041
71.643644,-0.163124,15.341209,-1.122203,1.184219,0.070756,-3.904939,4.079817,17.935230,10.026549,9.028982,-9.963989,-9.928455,-9.904915
71.655956,-0.163124,15.341209,-1.122203,1.184219,0.070654,-3.904806,4.079828,17.938770,10.033528,9.032557,-9.964073,-9.928143,-9.904854
71.674783,-0.163124,15.341209,-1.122203,1.184219,0.070440,-3.904727,4.079807,17.945833,10.037024,9.039718,-9.964245,-9.927959,-9.904682
71.684187,-0.163124,15.341209,-1.122203,1.184219,0.070219,-3.904574,4.079799,17.952883,10.044017,9.043297,-9.964417,-9.927608,-9.904602
71.694965,-0.163124,15.341209,-1.122203,1.184219,0.070111,-3.904501,4.079772,17.956409,10.047511,9.050451,-9.964504,-9.927444,-9.904415
71.704443,-0.163124,15.341209,-1.122203,1.184219,0.069993,-3.904437,4.079753,17.959923,10.051023,9.054027,-9.964592,-9.927246,-9.904320
71.714764,-0.163124,15.341209,-1.122203,1.184219,0.069878,-3.904375,4.079735,17.963440,10.054532,9.057602,-9.964672,-9.927055,-9.904224
71.723713,-0.163124,15.341209,-1.122203,1.184219,0.069652,-3.904256,4.079720,17.970474,10.061550,9.061176,-9.964836,-9.926685,-9.904133
71.735608,-0.163124,15.341209,-1.122203,1.184219,0.069538,-3.904195,4.079645,17.973989,10.065065,9.068305,-9.964912,-9.926476,-9.903889
71.743899,-0.163124,15.341209,-1.122203,1.184219,0.069425,-3.904135,4.079611,17.977505,10.068581,9.071868,-9.964989,-9.926277,-9.903774
71.756810,-0.163124,15.341209,-1.122203,1.184219,0.069315,-3.904022,4.079579,17.981022,10.075606,9.075432,-9.965065,-9.925880,-9.903660
71.775594,-0.163124,15.341209,-1.122203,1.184219,0.068970,-3.903895,4.079404,17.991564,10.082644,9.086097,-9.965229,-9.925426,-9.903282
71.785059,-0.163124,15.341209,-1.122203,1.184219,0.068854,-3.903834,4.079350,17.995079,10.086161,9.089651,-9.965271,-9.925205,-9.903164
71.794887,-0.163124,15.341209,-1.122203,1.184219,0.068628,-3.903775,4.079298,18.002110,10.089678,9.093205,-9.965355,-9.924995,-9.903049
71.805188,-0.163124,15.341209,-1.122203,1.184219,0.068511,-3.903646,4.079158,18.005627,10.096712,9.100328,-9.965389,-9.924557,-9.902798
71.814750,-0.163124,15.341209,-1.122203,1.184219,0.068396,-3.903576,4.079091,18.009146,10.100229,9.103889,-9.965424,-9.924328,-9.902676
71.824289,-0.163124,15.341209,-1.122203,1.184219,0.068282,-3.903508,4.079027,18.012665,10.103745,9.107450,-9.965454,-9.924110,-9.902554
71.835124,-0.163124,15.341209,-1.122203,1.184219,0.068171,-3.903442,4.078952,18.016186,10.107261,9.111020,-9.965481,-9.923897,-9.902428
71.844263,-0.163124,15.341209,-1.122203,1.184219,0.068060,-3.903368,4.078880,18.019699,10.110781,9.114590,-9.965492,-9.923653,-9.902306
71.855942,-0.163124,15.341209,-1.122203,1.184219,0.067845,-3.903159,4.078743,18.026730,10.121328,9.121727,-9.965515,-9.922970,-9.902069
71.874749,-0.163124,15.341209,-1.122203,1.184219,0.067639,-3.903085,4.078580,18.033768,10.124832,9.128859,-9.965519,-9.922714,-9.901814
71.884015,-0.163124,15.341209,-1.122203,1.184219,0.067440,-3.903013,4.078503,18.040817,10.128334,9.132423,-9.965515,-9.922466,-9.901707
71.894858,-0.163124,15.341209,-1.122203,1.184219,0.067343,-3.902874,4.078341,18.044344,10.135331,9.139540,-9.965523,-9.921993,-9.901478
71.906492,-0.163124,15.341209,-1.122203,1.184219,0.067248,-3.902813,4.078257,18.047888,10.138819,9.143092,-9.965511,-9.921738,-9.901360
71.914775,-0.163124,15.341209,-1.122203,1.184219,0.067155,-3.902754,4.078175,18.051432,10.142304,9.146644,-9.965500,-9.921486,-9.901245
71.923872,-0.163124,15.341209,-1.122203,1.184219,0.067063,-3.902696,4.078096,18.054977,10.145787,9.150195,-9.965488,-9.921246,-9.901134
71.935257,-0.163124,15.341209,-1.122203,1.184219,0.066868,-3.902590,4.077888,18.062107,10.152743,9.157269,-9.965469,-9.920738,-9.900894
71.943456,-0.163124,15.341209,-1.122203,1.184219,0.066763,-3.902543,4.077789,18.065691,10.156217,9.160806,-9.965462,-9.920475,-9.900780
71.956484,-0.163124,15.341209,-1.122203,1.184219,0.066661,-3.902497,4.077692,18.069277,10.159687,9.164342,-9.965443,-9.920223,-9.900669
71.964729,-0.163124,15.341209,-1.122203,1.184219,0.066561,-3.902454,4.077433,18.072861,10.163157,9.171404,-9.965427,-9.919979,-9.900440
71.974769,-0.163124,15.341209,-1.122203,1.184219,0.066326,-3.902374,4.077308,18.080101,10.170094,9.174934,-9.965374,-9.919437,-9.900330
71.985093,-0.163124,15.341209,-1.122203,1.184219,0.066211,-3.902337,4.077187,18.083721,10.173557,9.178464,-9.965347,-9.919182,-9.900223
71.994886,-0.163124,15.341209,-1.122203,1.184219,0.066099,-3.902302,4.077034,18.087341,10.177020,9.181990,-9.965324,-9.918926,-9.900101
72.005253,-0.163124,15.341209,-1.122203,1.184219,0.065855,-3.902224,4.076740,18.094646,10.183961,9.189041,-9.965275,-9.918385,-9.899891
72.014741,-0.163124,15.341209,-1.122203,1.184219,0.065736,-3.902189,4.076598,18.098299,10.187428,9.192565,-9.965256,-9.918125,-9.899796
72.023966,-0.163124,15.341209,-1.122203,1.184219,0.065618,-3.902155,4.076423,18.101950,10.190894,9.196075,-9.965237,-9.917873,-9.899693
72.036288,-0.163124,15.341209,-1.122203,1.184219,0.065502,-3.902120,4.076087,18.105650,10.194353,9.203095,-9.965214,-9.917599,-9.899502
72.043585,-0.163124,15.341209,-1.122203,1.184219,0.065275,-3.902056,4.075925,18.113047,10.201266,9.206604,-9.965176,-9.917080,-9.899414
72.056182,-0.163124,15.341209,-1.122203,1.184219,0.065164,-3.902027,4.075768,18.116741,10.204720,9.210114,-9.965157,-9.916828,-9.899326
72.063708,-0.163124,15.341209,-1.122203,1.184219,0.065057,-3.901999,4.075593,18.120436,10.208173,9.213621,-9.965137,-9.916588,-9.899239
72.074706,-0.163124,15.341209,-1.122203,1.184219,0.064945,-3.901972,4.075424,18.124165,10.211613,9.217128,-9.965122,-9.916328,-9.899158
72.083825,-0.163124,15.341209,-1.122203,1.184219,0.064727,-3.901925,4.075096,18.131617,10.218488,9.224140,-9.965096,-9.915836,-9.898998
72.095191,-0.163124,15.341209,-1.122203,1.184219,0.064621,-3.901903,4.074922,18.135340,10.221924,9.227649,-9.965084,-9.915604,-9.898899
72.103889,-0.163124,15.341209,-1.122203,1.184219,0.064520,-3.901896,4.074753,18.139086,10.225343,9.231157,-9.965073,-9.915356,-9.898804
72.115323,-0.163124,15.341209,-1.122203,1.184219,0.064421,-3.901883,4.074587,18.142832,10.235596,9.234666,-9.965061,-9.914677,-9.898708
72.135245,-0.163124,15.341209,-1.122203,1.184219,0.064143,-3.901870,4.074105,18.154076,10.238986,9.245183,-9.965034,-9.914452,-9.898373
72.144568,-0.163124,15.341209,-1.122203,1.184219,0.064060,-3.901858,4.073951,18.157831,10.242375,9.248687,-9.965031,-9.914238,-9.898262
72.156944,-0.163124,15.341209,-1.122203,1.184219,0.063978,-3.901838,4.073800,18.161585,10.249156,9.252190,-9.965031,-9.913826,-9.898151
72.175174,-0.163124,15.341209,-1.122203,1.184219,0.063752,-3.901827,4.073354,18.172850,10.255895,9.262670,-9.965019,-9.913418,-9.897781
72.184462,-0.163124,15.341209,-1.122203,1.184219,0.063681,-3.901824,4.073213,18.176603,10.259265,9.266162,-9.965015,-9.913223,-9.897659
72.195095,-0.163124,15.341209,-1.122203,1.184219,0.063611,-3.901832,4.073056,18.180357,10.265989,9.269644,-9.965008,-9.912846,-9.897514
72.205785,-0.163124,15.341209,-1.122203,1.184219,0.063568,-3.901842,4.072903,18.184111,10.269343,9.273126,-9.965000,-9.912663,-9.897373
72.216175,-0.163124,15.341209,-1.122203,1.184219,0.063483,-3.901867,4.072610,18.191610,10.276053,9.280088,-9.964981,-9.912315,-9.897102
72.234973,-0.163124,15.341209,-1.122203,1.184219,0.063418,-3.901895,4.072290,18.199120,10.279389,9.287048,-9.964962,-9.912151,-9.896790
72.243347,-0.163124,15.341209,-1.122203,1.184219,0.063370,-3.901954,4.071987,18.206635,10.286063,9.294007,-9.964939,-9.911850,-9.896503
72.255060,-0.163124,15.341209,-1.122203,1.184219,0.063348,-3.901986,4.071835,18.210388,10.289402,9.297488,-9.964928,-9.911709,-9.896351
72.264007,-0.163124,15.341209,-1.122203,1.184219,0.063333,-3.902041,4.071687,18.214146,10.292727,9.300970,-9.964916,-9.911568,-9.896206
72.274670,-0.163124,15.341209,-1.122203,1.184219,0.063319,-3.902097,4.071545,18.217901,10.296055,9.304450,-9.964901,-9.911430,-9.896065
72.284602,-0.163124,15.341209,-1.122203,1.184219,0.063293,-3.902208,4.071406,18.225407,10.302712,9.307930,-9.964878,-9.911175,-9.895927
72.294958,-0.163124,15.341209,-1.122203,1.184219,0.063270,-3.902290,4.071129,18.229162,10.306026,9.314942,-9.964867,-9.911053,-9.895618
72.304002,-0.163124,15.341209,-1.122203,1.184219,0.063248,-3.902371,4.070997,18.232914,10.309340,9.318447,-9.964855,-9.910934,-9.895458
72.316295,-0.163124,15.341209,-1.122203,1.184219,0.063225,-3.902535,4.070746,18.236666,10.315974,9.325453,-9.964859,-9.910717,-9.895149
72.334992,-0.163124,15.341209,-1.122203,1.184219,0.063159,-3.902732,4.070496,18.247908,10.322613,9.332499,-9.964867,-9.910519,-9.894810
72.343229,-0.163124,15.341209,-1.122203,1.184219,0.063137,-3.902846,4.070377,18.251650,10.325934,9.336019,-9.964870,-9.910427,-9.894646
72.357214,-0.163124,15.341209,-1.122203,1.184219,0.063094,-3.903075,4.070263,18.259132,10.332582,9.339537,-9.964874,-9.910240,-9.894489
72.364900,-0.163124,15.341209,-1.122203,1.184219,0.063076,-3.903221,4.070044,18.262846,10.335906,9.346594,-9.964886,-9.910145,-9.894146
72.374660,-0.163124,15.341209,-1.122203,1.184219,0.063057,-3.903366,4.069941,18.266558,10.339232,9.350120,-9.964901,-9.910053,-9.893982
72.385593,-0.163124,15.341209,-1.122203,1.184219,0.063039,-3.903511,4.069842,18.270267,10.342560,9.353643,-9.964912,-9.909966,-9.893822
72.395017,-0.163124,15.341209,-1.122203,1.184219,0.063021,-3.903655,4.069755,18.273977,10.345889,9.357176,-9.964928,-9.909885,-9.893658
72.403556,-0.163124,15.341209,-1.122203,1.184219,0.062950,-3.904000,4.069593,18.281336,10.352585,9.364231,-9.964973,-9.909721,-9.893345
72.415821,-0.163124,15.341209,-1.122203,1.184219,0.062914,-3.904342,4.069519,18.285013,10.359286,9.367756,-9.965000,-9.909569,-9.893196
72.434895,-0.163124,15.341209,-1.122203,1.184219,0.062849,-3.904518,4.069397,18.292341,10.362659,9.374828,-9.965054,-9.909489,-9.892891
72.443279,-0.163124,15.341209,-1.122203,1.184219,0.062819,-3.904868,4.069342,18.295990,10.369411,9.378362,-9.965088,-9.909344,-9.892746
72.454699,-0.163124,15.341209,-1.122203,1.184219,0.062761,-3.905043,4.069232,18.303288,10.372787,9.385430,-9.965153,-9.909275,-9.892448
72.463901,-0.163124,15.341209,-1.122203,1.184219,0.062736,-3.905236,4.069179,18.306919,10.376179,9.388966,-9.965183,-9.909206,-9.892296
72.474725,-0.163124,15.341209,-1.122203,1.184219,0.062711,-3.905428,4.069129,18.310549,10.379570,9.392498,-9.965218,-9.909126,-9.892151
72.484946,-0.163124,15.341209,-1.122203,1.184219,0.062664,-3.905620,4.069082,18.317808,10.382963,9.396028,-9.965294,-9.909054,-9.891994
72.494889,-0.163124,15.341209,-1.122203,1.184219,0.062638,-3.906018,4.068977,18.321421,10.389781,9.403112,-9.965340,-9.908897,-9.891655
72.503846,-0.163124,15.341209,-1.122203,1.184219,0.062612,-3.906224,4.068931,18.325031,10.393206,9.406652,-9.965385,-9.908810,-9.891495
72.516413,-0.163124,15.341209,-1.122203,1.184219,0.062562,-3.906429,4.068887,18.332254,10.396631,9.410190,-9.965477,-9.908730,-9.891338
72.524628,-0.163124,15.341209,-1.122203,1.184219,0.062520,-3.906632,4.068773,18.335854,10.400059,9.417320,-9.965523,-9.908653,-9.890965
72.534801,-0.163124,15.341209,-1.122203,1.184219,0.062480,-3.907057,4.068721,18.339451,10.406966,9.420881,-9.965565,-9.908455,-9.890789
72.544200,-0.163124,15.341209,-1.122203,1.184219,0.062439,-3.907268,4.068672,18.343048,10.410421,9.424440,-9.965607,-9.908363,-9.890621
72.555003,-0.163124,15.341209,-1.122203,1.184219,0.062342,-3.907477,4.068604,18.350231,10.413877,9.428038,-9.965664,-9.908276,-9.890430
72.564381,-0.163124,15.341209,-1.122203,1.184219,0.062286,-3.907696,4.068479,18.353815,10.417364,9.435224,-9.965691,-9.908180,-9.890068
72.574729,-0.163124,15.341209,-1.122203,1.184219,0.062232,-3.908131,4.068422,18.357401,10.424340,9.438813,-9.965721,-9.908005,-9.889893
72.584264,-0.163124,15.341209,-1.122203,1.184219,0.062178,-3.908346,4.068368,18.360985,10.427829,9.442399,-9.965748,-9.907925,-9.889725
72.595237,-0.163124,15.341209,-1.122203,1.184219,0.062125,-3.908561,4.068298,18.364569,10.431319,9.446018,-9.965775,-9.907856,-9.889542
72.605235,-0.163124,15.341209,-1.122203,1.184219,0.062056,-3.909027,4.068168,18.368122,10.438383,9.453244,-9.965801,-9.907722,-9.889187
72.616285,-0.163124,15.341209,-1.122203,1.184219,0.061921,-3.909259,4.068109,18.375227,10.441915,9.456853,-9.965820,-9.907658,-9.889019
72.625349,-0.163124,15.341209,-1.122203,1.184219,0.061856,-3.909489,4.068039,18.378782,10.445448,9.460484,-9.965832,-9.907600,-9.888836
72.634892,-0.163124,15.341209,-1.122203,1.184219,0.061792,-3.909714,4.067972,18.382313,10.448999,9.464111,-9.965843,-9.907539,-9.888657
72.643348,-0.163124,15.341209,-1.122203,1.184219,0.061667,-3.909938,4.067847,18.389380,10.452553,9.471356,-9.965862,-9.907486,-9.888317
72.655356,-0.163124,15.341209,-1.122203,1.184219,0.061607,-3.910382,4.067759,18.392914,10.459661,9.475006,-9.965874,-9.907379,-9.888142
72.664762,-0.163124,15.341209,-1.122203,1.184219,0.061552,-3.910605,4.067675,18.396441,10.463237,9.478651,-9.965885,-9.907318,-9.887947
72.674685,-0.163124,15.341209,-1.122203,1.184219,0.061499,-3.910828,4.067594,18.399967,10.466813,9.482292,-9.965885,-9.907261,-9.887756
72.685602,-0.163124,15.341209,-1.122203,1.184219,0.061447,-3.911048,4.067421,18.403496,10.470389,9.489587,-9.965885,-9.907211,-9.887383
72.694889,-0.163124,15.341209,-1.122203,1.184219,0.061350,-3.911477,4.067329,18.410545,10.477560,9.493239,-9.965897,-9.907101,-9.887199
72.704418,-0.163124,15.341209,-1.122203,1.184219,0.061306,-3.911685,4.067241,18.414070,10.481153,9.496889,-9.965904,-9.907040,-9.887020
72.715848,-0.163124,15.341209,-1.122203,1.184219,0.061220,-3.912097,4.067156,18.421118,10.488342,9.500534,-9.965927,-9.906918,-9.886848
72.734862,-0.163124,15.341209,-1.122203,1.184219,0.061152,-3.912483,4.066890,18.428150,10.495545,9.511507,-9.965992,-9.906796,-9.886341
72.743606,-0.163124,15.341209,-1.122203,1.184219,0.061119,-3.912675,4.066809,18.431667,10.499147,9.515158,-9.966026,-9.906738,-9.886185
72.754999,-0.163124,15.341209,-1.122203,1.184219,0.061087,-3.912865,4.066721,18.435186,10.502750,9.518828,-9.966057,-9.906689,-9.886032
72.764179,-0.163124,15.341209,-1.122203,1.184219,0.061062,-3.913219,4.066556,18.438696,10.509950,9.526156,-9.966103,-9.906567,-9.885746
72.775140,-0.163124,15.341209,-1.122203,1.184219,0.061015,-3.913569,4.066478,18.445717,10.517153,9.529815,-9.966190,-9.906452,-9.885612
72.795418,-0.163124,15.341209,-1.122203,1.184219,0.060958,-3.913723,4.066333,18.452736,10.520741,9.537147,-9.966290,-9.906384,-9.885323
72.803571,-0.163124,15.341209,-1.122203,1.184219,0.060892,-3.914027,4.066200,18.459751,10.527920,9.544463,-9.966400,-9.906258,-9.885059
72.815874,-0.163124,15.341209,-1.122203,1.184219,0.060860,-3.914177,4.066144,18.463261,10.531510,9.548124,-9.966450,-9.906200,-9.884930
72.823941,-0.163124,15.341209,-1.122203,1.184219,0.060816,-3.914305,4.066091,18.466766,10.535101,9.551781,-9.966499,-9.906143,-9.884804
72.834903,-0.163124,15.341209,-1.122203,1.184219,0.060773,-3.914432,4.066041,18.470272,10.538693,9.555434,-9.966549,-9.906078,-9.884682
72.843550,-0.163124,15.341209,-1.122203,1.184219,0.060690,-3.914683,4.065949,18.477289,10.545879,9.562731,-9.966656,-9.905968,-9.884464
72.855314,-0.163124,15.341209,-1.122203,1.184219,0.060651,-3.914808,4.065916,18.480799,10.549473,9.566388,-9.966709,-9.905918,-9.884361
72.863437,-0.163124,15.341209,-1.122203,1.184219,0.060605,-3.914915,4.065884,18.484301,10.553060,9.570042,-9.966774,-9.905869,-9.884266
72.875397,-0.163124,15.341209,-1.122203,1.184219,0.060559,-3.915022,4.065830,18.487803,10.556648,9.577338,-9.966835,-9.905827,-9.884083
72.884177,-0.163124,15.341209,-1.122203,1.184219,0.060472,-3.915233,4.065823,18.494812,10.563826,9.580992,-9.966957,-9.905746,-9.883999
72.894961,-0.163124,15.341209,-1.122203,1.184219,0.060417,-3.915313,4.065818,18.498318,10.567401,9.584641,-9.967014,-9.905704,-9.883919
72.903753,-0.163124,15.341209,-1.122203,1.184219,0.060363,-3.915393,4.065815,18.501823,10.570977,9.588288,-9.967072,-9.905670,-9.883839
72.914929,-0.163124,15.341209,-1.122203,1.184219,0.060259,-3.915550,4.065814,18.508839,10.578133,9.591931,-9.967190,-9.905605,-9.883759
72.923757,-0.163124,15.341209,-1.122203,1.184219,0.060200,-3.915608,4.065855,18.512350,10.581687,9.599235,-9.967251,-9.905567,-9.883633
72.934888,-0.163124,15.341209,-1.122203,1.184219,0.060143,-3.915666,4.065877,18.515865,10.585242,9.602881,-9.967312,-9.905537,-9.883572
72.943614,-0.163124,15.341209,-1.122203,1.184219,0.060087,-3.915723,4.065902,18.519381,10.588799,9.606524,-9.967373,-9.905506,-9.883514
72.954953,-0.163124,15.341209,-1.122203,1.184219,0.060032,-3.915780,4.065955,18.522896,10.592358,9.610163,-9.967434,-9.905472,-9.883469
72.965296,-0.163124,15.341209,-1.122203,1.184219,0.059901,-3.915811,4.066008,18.529985,10.595893,9.613798,-9.967556,-9.905445,-9.883453
72.976377,-0.163124,15.341209,-1.122203,1.184219,0.059838,-3.915906,4.066118,18.533529,10.606509,9.621058,-9.967621,-9.905388,-9.883427
72.994809,-0.163124,15.341209,-1.122203,1.184219,0.059710,-3.915915,4.066281,18.540648,10.610036,9.628320,-9.967735,-9.905388,-9.883415
73.005342,-0.163124,15.341209,-1.122203,1.184219,0.059646,-3.915923,4.066445,18.544220,10.613564,9.635569,-9.967785,-9.905388,-9.883415
73.014995,-0.163124,15.341209,-1.122203,1.184219,0.059522,-3.915942,4.066557,18.551365,10.620625,9.639195,-9.967888,-9.905403,-9.883415
73.024924,-0.163124,15.341209,-1.122203,1.184219,0.059466,-3.915916,4.066669,18.554958,10.624140,9.642817,-9.967934,-9.905426,-9.883411
73.034939,-0.163124,15.341209,-1.122203,1.184219,0.059410,-3.915891,4.066781,18.558552,10.627657,9.646438,-9.967983,-9.905453,-9.883408
73.043729,-0.163124,15.341209,-1.122203,1.184219,0.059356,-3.915867,4.066894,18.562145,10.631176,9.650053,-9.968029,-9.905479,-9.883404
73.055444,-0.163124,15.341209,-1.122203,1.184219,0.059249,-3.915800,4.067192,18.569345,10.638214,9.657299,-9.968117,-9.905548,-9.883408
73.063616,-0.163124,15.341209,-1.122203,1.184219,0.059196,-3.915758,4.067341,18.572950,10.641733,9.660917,-9.968155,-9.905590,-9.883411
73.075637,-0.163124,15.341209,-1.122203,1.184219,0.059145,-3.915716,4.067489,18.576555,10.645254,9.664533,-9.968193,-9.905617,-9.883419
73.084611,-0.163124,15.341209,-1.122203,1.184219,0.059041,-3.915617,4.067840,18.583771,10.652290,9.671779,-9.968277,-9.905682,-9.883453
73.094676,-0.163124,15.341209,-1.122203,1.184219,0.058988,-3.915559,4.068014,18.587383,10.655807,9.675397,-9.968319,-9.905724,-9.883472
73.103651,-0.163124,15.341209,-1.122203,1.184219,0.058936,-3.915502,4.068187,18.590996,10.659325,9.679012,-9.968361,-9.905766,-9.883492
73.115065,-0.163124,15.341209,-1.122203,1.184219,0.058835,-3.915392,4.068360,18.598221,10.666365,9.682624,-9.968441,-9.905857,-9.883514
73.124290,-0.163124,15.341209,-1.122203,1.184219,0.058799,-3.915316,4.068790,18.601845,10.669868,9.689839,-9.968475,-9.905922,-9.883560
73.134830,-0.163124,15.341209,-1.122203,1.184219,0.058764,-3.915242,4.069004,18.605471,10.673371,9.693442,-9.968510,-9.905991,-9.883587
73.143917,-0.163124,15.341209,-1.122203,1.184219,0.058729,-3.915169,4.069215,18.609095,10.676878,9.697042,-9.968544,-9.906055,-9.883606
73.155162,-0.163124,15.341209,-1.122203,1.184219,0.058694,-3.915097,4.069451,18.612719,10.680386,9.700632,-9.968571,-9.906124,-9.883625
73.163280,-0.163124,15.341209,-1.122203,1.184219,0.058656,-3.915021,4.069918,18.619997,10.683885,9.707801,-9.968616,-9.906197,-9.883663
73.175636,-0.163124,15.341209,-1.122203,1.184219,0.058637,-3.914873,4.070149,18.623636,10.690888,9.711382,-9.968636,-9.906349,-9.883682
73.185127,-0.163124,15.341209,-1.122203,1.184219,0.058618,-3.914801,4.070394,18.627275,10.694392,9.714946,-9.968655,-9.906425,-9.883709
73.194826,-0.163124,15.341209,-1.122203,1.184219,0.058620,-3.914722,4.070637,18.630911,10.697886,9.718508,-9.968666,-9.906517,-9.883732
73.203731,-0.163124,15.341209,-1.122203,1.184219,0.058622,-3.914568,4.071119,18.634544,10.704881,9.725623,-9.968674,-9.906704,-9.883785
73.214751,-0.163124,15.341209,-1.122203,1.184219,0.058627,-3.914494,4.071346,18.641815,10.708379,9.729160,-9.968681,-9.906799,-9.883816
73.223968,-0.163124,15.341209,-1.122203,1.184219,0.058643,-3.914418,4.071572,18.645432,10.711871,9.732697,-9.968662,-9.906895,-9.883846
73.234869,-0.098113,15.371813,-1.100336,1.165594,0.058659,-3.914344,4.071796,18.649050,10.715364,9.736230,-9.968643,-9.906994,-9.883881
73.243552,-0.098113,15.371813,-1.100336,1.165594,0.058689,-3.914273,4.072018,18.656288,10.718860,9.739761,-9.968609,-9.907093,-9.883915
73.255618,-0.098113,15.371813,-1.100336,1.165594,0.058717,-3.914132,4.072439,18.659891,10.725840,9.746793,-9.968571,-9.907314,-9.883980
73.263858,-0.098113,15.371813,-1.100336,1.165594,0.058744,-3.914062,4.072649,18.663496,10.729325,9.750305,-9.968533,-9.907429,-9.884033
73.275502,-0.098113,15.371813,-1.100336,1.165594,0.058771,-3.913995,4.072856,18.667101,10.732813,9.753816,-9.968498,-9.907539,-9.884090
73.284299,-0.098113,15.371813,-1.100336,1.165594,0.058797,-3.913930,4.073241,18.670706,10.736301,9.760789,-9.968464,-9.907650,-9.884186
73.294807,-0.098113,15.371813,-1.100336,1.165594,0.058815,-3.913805,4.073432,18.677870,10.743260,9.764272,-9.968357,-9.907867,-9.884235
73.303888,-0.098113,15.371813,-1.100336,1.165594,0.058823,-3.913744,4.073621,18.681454,10.746743,9.767755,-9.968307,-9.907978,-9.884285
73.314870,-0.098113,15.371813,-1.100336,1.165594,0.058831,-3.913686,4.073792,18.685038,10.750228,9.771222,-9.968258,-9.908104,-9.884323
73.324155,-0.098113,15.371813,-1.100336,1.165594,0.058831,-3.913570,4.073963,18.688591,10.757184,9.774688,-9.968193,-9.908344,-9.884373
73.334856,-0.098113,15.371813,-1.100336,1.165594,0.058830,-3.913515,4.074301,18.695704,10.760664,9.781614,-9.968044,-9.908466,-9.884468
73.344377,-0.098113,15.371813,-1.100336,1.165594,0.058828,-3.913462,4.074452,18.699261,10.764146,9.785060,-9.967976,-9.908585,-9.884491
73.358235,-0.098113,15.371813,-1.100336,1.165594,0.058817,-3.913419,4.074749,18.702774,10.767615,9.791948,-9.967896,-9.908707,-9.884544
73.364459,-0.098113,15.371813,-1.100336,1.165594,0.058793,-3.913338,4.074897,18.709810,10.774560,9.795390,-9.967739,-9.908936,-9.884575
73.376322,-0.098113,15.371813,-1.100336,1.165594,0.058780,-3.913300,4.075045,18.713331,10.778035,9.798830,-9.967663,-9.909042,-9.884602
73.385196,-0.098113,15.371813,-1.100336,1.165594,0.058768,-3.913264,4.075178,18.716852,10.781512,9.802255,-9.967590,-9.909149,-9.884613
73.395211,-0.098113,15.371813,-1.100336,1.165594,0.058747,-3.913245,4.075312,18.720333,10.784985,9.805677,-9.967522,-9.909252,-9.884628
73.404862,-0.098113,15.371813,-1.100336,1.165594,0.058706,-3.913211,4.075577,18.727303,10.791935,9.812520,-9.967388,-9.909454,-9.884659
73.415297,-0.098113,15.371813,-1.100336,1.165594,0.058685,-3.913196,4.075700,18.730789,10.795413,9.815929,-9.967323,-9.909557,-9.884655
73.424175,-0.098113,15.371813,-1.100336,1.165594,0.058665,-3.913208,4.075823,18.734245,10.798893,9.819337,-9.967243,-9.909653,-9.884655
73.435549,-0.098113,15.371813,-1.100336,1.165594,0.058644,-3.913220,4.075945,18.737701,10.802375,9.822744,-9.967167,-9.909744,-9.884655
73.443851,-0.098113,15.371813,-1.100336,1.165594,0.058622,-3.913248,4.076067,18.741161,10.809341,9.826150,-9.967091,-9.909931,-9.884674
73.455362,-0.098113,15.371813,-1.100336,1.165594,0.058566,-3.913292,4.076316,18.748064,10.812825,9.832932,-9.966927,-9.910004,-9.884693
73.463564,-0.098113,15.371813,-1.100336,1.165594,0.058530,-3.913336,4.076440,18.751507,10.816311,9.836320,-9.966846,-9.910080,-9.884705
73.476427,-0.098113,15.371813,-1.100336,1.165594,0.058495,-3.913381,4.076563,18.754951,10.819798,9.839709,-9.966766,-9.910152,-9.884716
73.483933,-0.098113,15.371813,-1.100336,1.165594,0.058417,-3.913427,4.076797,18.761833,10.823287,9.846468,-9.966610,-9.910225,-9.884689
73.494658,-0.098113,15.371813,-1.100336,1.165594,0.058375,-3.913577,4.076914,18.765268,10.830223,9.849847,-9.966530,-9.910362,-9.884678
73.503771,-0.098113,15.371813,-1.100336,1.165594,0.058333,-3.913652,4.077029,18.768707,10.833694,9.853225,-9.966454,-9.910431,-9.884663
73.514919,-0.098113,15.371813,-1.100336,1.165594,0.058291,-3.913824,4.077130,18.772150,10.840618,9.856606,-9.966385,-9.910576,-9.884624
73.523912,-0.098113,15.371813,-1.100336,1.165594,0.058202,-3.913920,4.077330,18.779005,10.844071,9.863368,-9.966251,-9.910648,-9.884556
73.535828,-0.098113,15.371813,-1.100336,1.165594,0.058158,-3.914111,4.077429,18.782438,10.850985,9.866748,-9.966190,-9.910793,-9.884525
73.554876,-0.098113,15.371813,-1.100336,1.165594,0.058017,-3.914343,4.077602,18.792713,10.857862,9.873509,-9.966019,-9.910965,-9.884434
73.563261,-0.098113,15.371813,-1.100336,1.165594,0.057968,-3.914459,4.077688,18.796139,10.861304,9.876889,-9.965973,-9.911053,-9.884380
73.575272,-0.098113,15.371813,-1.100336,1.165594,0.057920,-3.914574,4.077843,18.799566,10.864748,9.883640,-9.965931,-9.911137,-9.884254
73.584006,-0.098113,15.371813,-1.100336,1.165594,0.057875,-3.914711,4.077912,18.802994,10.868176,9.887012,-9.965889,-9.911224,-9.884182
73.594707,-0.098113,15.371813,-1.100336,1.165594,0.057831,-3.914848,4.077980,18.806425,10.871606,9.890382,-9.965847,-9.911312,-9.884117
73.603894,-0.098113,15.371813,-1.100336,1.165594,0.057785,-3.915120,4.078049,18.809858,10.878472,9.893752,-9.965809,-9.911480,-9.884052
73.614810,-0.098113,15.371813,-1.100336,1.165594,0.057682,-3.915260,4.078164,18.816729,10.881901,9.900454,-9.965725,-9.911560,-9.883881
73.623847,-0.098113,15.371813,-1.100336,1.165594,0.057625,-3.915401,4.078222,18.820166,10.885331,9.903804,-9.965683,-9.911644,-9.883804
73.635584,-0.098113,15.371813,-1.100336,1.165594,0.057568,-3.915540,4.078336,18.823606,10.888763,9.910505,-9.965626,-9.911724,-9.883663
73.644115,-0.098113,15.371813,-1.100336,1.165594,0.057453,-3.915818,4.078380,18.830494,10.895636,9.913833,-9.965523,-9.911884,-9.883568
73.655204,-0.098113,15.371813,-1.100336,1.165594,0.057393,-3.915955,4.078424,18.833929,10.899072,9.917161,-9.965462,-9.911964,-9.883476
73.663631,-0.098113,15.371813,-1.100336,1.165594,0.057334,-3.916091,4.078467,18.837366,10.902510,9.920490,-9.965408,-9.912048,-9.883392
73.674855,-0.098113,15.371813,-1.100336,1.165594,0.057215,-3.916362,4.078511,18.844250,10.909393,9.923819,-9.965302,-9.912201,-9.883308
73.684189,-0.098113,15.371813,-1.100336,1.165594,0.057173,-3.916502,4.078580,18.847689,10.912831,9.930483,-9.965233,-9.912273,-9.883129
73.694731,-0.098113,15.371813,-1.100336,1.165594,0.057131,-3.916642,4.078615,18.851131,10.916272,9.933816,-9.965168,-9.912342,-9.883049
73.703403,-0.098113,15.371813,-1.100336,1.165594,0.057088,-3.916781,4.078651,18.854578,10.919716,9.937149,-9.965107,-9.912415,-9.882969
73.715090,-0.098113,15.371813,-1.100336,1.165594,0.057045,-3.916919,4.078666,18.858027,10.923161,9.940492,-9.965046,-9.912483,-9.882889
73.723834,-0.098113,15.371813,-1.100336,1.165594,0.056959,-3.917204,4.078699,18.864923,10.930049,9.947177,-9.964916,-9.912621,-9.882740
73.735748,-0.098113,15.371813,-1.100336,1.165594,0.056915,-3.917346,4.078717,18.868376,10.933496,9.950521,-9.964855,-9.912689,-9.882675
73.744842,-0.098113,15.371813,-1.100336,1.165594,0.056871,-3.917486,4.078714,18.871832,10.936948,9.953880,-9.964798,-9.912758,-9.882610
73.755138,-0.098113,15.371813,-1.100336,1.165594,0.056829,-3.917621,4.078712,18.875288,10.940390,9.957240,-9.964760,-9.912811,-9.882549
73.764583,-0.098113,15.371813,-1.100336,1.165594,0.056744,-3.917754,4.078710,18.882212,10.943833,9.963963,-9.964684,-9.912861,-9.882442
73.774915,-0.098113,15.371813,-1.100336,1.165594,0.056702,-3.918018,4.078699,18.885677,10.950730,9.967333,-9.964653,-9.912968,-9.882374
73.786051,-0.098113,15.371813,-1.100336,1.165594,0.056665,-3.918141,4.078688,18.889130,10.954171,9.970704,-9.964615,-9.913013,-9.882309
73.794673,-0.098113,15.371813,-1.100336,1.165594,0.056628,-3.918262,4.078679,18.892582,10.957616,9.974076,-9.964581,-9.913071,-9.882248
73.804956,-0.098113,15.371813,-1.100336,1.165594,0.056591,-3.918384,4.078665,18.896040,10.961062,9.980825,-9.964550,-9.913128,-9.882149
73.815174,-0.098113,15.371813,-1.100336,1.165594,0.056526,-3.918628,4.078658,18.902954,10.967954,9.984202,-9.964474,-9.913231,-9.882092
73.823404,-0.098113,15.371813,-1.100336,1.165594,0.056500,-3.918752,4.078652,18.906410,10.971398,9.987580,-9.964432,-9.913277,-9.882034
73.835583,-0.098113,15.371813,-1.100336,1.165594,0.056445,-3.918996,4.078647,18.913332,10.978297,9.990958,-9.964355,-9.913368,-9.881985
73.854808,-0.098113,15.371813,-1.100336,1.165594,0.056416,-3.919206,4.078654,18.920219,10.985180,10.001143,-9.964264,-9.913460,-9.881763
73.863295,-0.098113,15.371813,-1.100336,1.165594,0.056400,-3.919309,4.078656,18.923668,10.988626,10.004537,-9.964222,-9.913506,-9.881706
73.875501,-0.098113,15.371813,-1.100336,1.165594,0.056385,-3.919413,4.078671,18.927120,10.992074,10.007953,-9.964172,-9.913551,-9.881626
73.884660,-0.098113,15.371813,-1.100336,1.165594,0.056380,-3.919500,4.078700,18.934000,10.995503,10.014783,-9.964039,-9.913589,-9.881477
73.894600,-0.098113,15.371813,-1.100336,1.165594,0.056377,-3.919675,4.078714,18.937445,11.002371,10.018198,-9.963978,-9.913666,-9.881409
73.904625,-0.098113,15.371813,-1.100336,1.165594,0.056373,-3.919761,4.078728,18.940893,11.005810,10.021612,-9.963921,-9.913708,-9.881344
73.915263,-0.098113,15.371813,-1.100336,1.165594,0.056369,-3.919847,4.078746,18.944345,11.009253,10.025040,-9.963863,-9.913761,-9.881252
73.923294,-0.098113,15.371813,-1.100336,1.165594,0.056369,-3.919988,4.078781,18.947786,11.016103,10.031894,-9.963791,-9.913837,-9.881115
73.936447,-0.098113,15.371813,-1.100336,1.165594,0.056366,-3.920128,4.078798,18.954676,11.022967,10.035319,-9.963608,-9.913914,-9.881050
73.954774,-0.098113,15.371813,-1.100336,1.165594,0.056368,-3.920171,4.078862,18.961563,11.026385,10.042192,-9.963421,-9.913940,-9.880875
73.963388,-0.098113,15.371813,-1.100336,1.165594,0.056373,-3.920255,4.078925,18.968447,11.033231,10.049066,-9.963234,-9.913979,-9.880718
73.975134,-0.098113,15.371813,-1.100336,1.165594,0.056375,-3.920297,4.078968,18.971893,11.036658,10.052505,-9.963146,-9.913994,-9.880619
73.985517,-0.098113,15.371813,-1.100336,1.165594,0.056377,-3.920313,4.079010,18.975317,11.040061,10.055943,-9.963039,-9.913990,-9.880524
73.994599,-0.098113,15.371813,-1.100336,1.165594,0.056380,-3.920331,4.079052,18.978745,11.043468,10.059381,-9.962944,-9.913990,-9.880432
74.004865,-0.098113,15.371813,-1.100336,1.165594,0.056384,-3.920350,4.079150,18.985611,11.046876,10.066269,-9.962765,-9.913990,-9.880241
74.014815,-0.098113,15.371813,-1.100336,1.165594,0.056398,-3.920374,4.079206,18.989023,11.053685,10.069717,-9.962669,-9.913986,-9.880142
74.023593,-0.098113,15.371813,-1.100336,1.165594,0.056411,-3.920380,4.079262,18.992439,11.057085,10.073166,-9.962578,-9.913982,-9.880047
74.035791,-0.098113,15.371813,-1.100336,1.165594,0.056438,-3.920392,4.079318,18.999283,11.063895,10.076614,-9.962406,-9.913963,-9.879955
74.055678,-0.098113,15.371813,-1.100336,1.165594,0.056474,-3.920387,4.079506,19.006119,11.070671,10.086951,-9.962215,-9.913952,-9.879692
74.063445,-0.098113,15.371813,-1.100336,1.165594,0.056491,-3.920385,4.079568,19.009542,11.074065,10.090397,-9.962128,-9.913948,-9.879616
74.074820,-0.098113,15.371813,-1.100336,1.165594,0.056509,-3.920384,4.079637,19.012970,11.077462,10.093839,-9.962044,-9.913948,-9.879547
74.084074,-0.098113,15.371813,-1.100336,1.165594,0.056544,-3.920325,4.079773,19.016396,11.084217,10.100723,-9.961941,-9.913948,-9.879421
74.095414,-0.098113,15.371813,-1.100336,1.165594,0.056614,-3.920298,4.079840,19.023254,11.087601,10.104166,-9.961754,-9.913944,-9.879364
74.104991,-0.098113,15.371813,-1.100336,1.165594,0.056649,-3.920272,4.079906,19.026690,11.090987,10.107611,-9.961662,-9.913944,-9.879307
74.114760,-0.098113,15.371813,-1.100336,1.165594,0.056707,-3.920227,4.079970,19.030130,11.094360,10.111055,-9.961555,-9.913956,-9.879253
74.123739,-0.098113,15.371813,-1.100336,1.165594,0.056766,-3.920183,4.080034,19.033577,11.097738,10.114501,-9.961452,-9.913971,-9.879204
74.136191,-0.098113,15.371813,-1.100336,1.165594,0.056879,-3.920052,4.080165,19.040476,11.107876,10.121392,-9.961258,-9.914021,-9.879128
74.155371,-0.098113,15.371813,-1.100336,1.165594,0.057022,-3.920004,4.080298,19.047390,11.111251,10.128284,-9.961063,-9.914043,-9.879074
74.164482,-0.098113,15.371813,-1.100336,1.165594,0.057092,-3.919957,4.080428,19.050852,11.114629,10.135175,-9.960972,-9.914070,-9.879063
74.174999,-0.098113,15.371813,-1.100336,1.165594,0.057230,-3.919869,4.080503,19.057783,11.121396,10.138624,-9.960758,-9.914124,-9.879070
74.184456,-0.098113,15.371813,-1.100336,1.165594,0.057305,-3.919812,4.080577,19.061253,11.124774,10.142074,-9.960655,-9.914154,-9.879078
74.196422,-0.098113,15.371813,-1.100336,1.165594,0.057379,-3.919654,4.080650,19.064724,11.134933,10.145524,-9.960560,-9.914234,-9.879089
74.214851,-0.098113,15.371813,-1.100336,1.165594,0.057594,-3.919577,4.080873,19.075153,11.138299,10.155869,-9.960300,-9.914253,-9.879166
74.223582,-0.098113,15.371813,-1.100336,1.165594,0.057664,-3.919501,4.080948,19.078630,11.141671,10.159318,-9.960224,-9.914272,-9.879204
74.234972,-0.098113,15.371813,-1.100336,1.165594,0.057734,-3.919428,4.081021,19.082113,11.145046,10.162766,-9.960155,-9.914288,-9.879246
74.243908,-0.098113,15.371813,-1.100336,1.165594,0.057871,-3.919282,4.081167,19.089077,11.151788,10.169680,-9.960030,-9.914310,-9.879360
74.255067,-0.098113,15.371813,-1.100336,1.165594,0.057939,-3.919209,4.081238,19.092562,11.155153,10.173136,-9.959976,-9.914318,-9.879421
74.264164,-0.098113,15.371813,-1.100336,1.165594,0.058007,-3.919139,4.081309,19.096046,11.158524,10.176593,-9.959927,-9.914322,-9.879482
74.274801,-0.098113,15.371813,-1.100336,1.165594,0.058074,-3.919071,4.081385,19.099535,11.161899,10.180035,-9.959881,-9.914330,-9.879543
74.284445,-0.098113,15.371813,-1.100336,1.165594,0.058209,-3.918941,4.081535,19.106514,11.168593,10.186919,-9.959816,-9.914322,-9.879642
74.295698,-0.098113,15.371813,-1.100336,1.165594,0.058275,-3.918818,4.081609,19.110008,11.175307,10.190361,-9.959797,-9.914322,-9.879692
74.314787,-0.098113,15.371813,-1.100336,1.165594,0.058401,-3.918741,4.081775,19.116995,11.178628,10.197226,-9.959759,-9.914314,-9.879765
74.323565,-0.098113,15.371813,-1.100336,1.165594,0.058461,-3.918593,4.081939,19.120487,11.185284,10.204091,-9.959743,-9.914295,-9.879841
74.335926,-0.098113,15.371813,-1.100336,1.165594,0.058577,-3.918522,4.082026,19.127480,11.188620,10.207523,-9.959717,-9.914288,-9.879871
74.343751,-0.098113,15.371813,-1.100336,1.165594,0.058639,-3.918429,4.082113,19.130974,11.191916,10.210956,-9.959705,-9.914268,-9.879902
74.355495,-0.098113,15.371813,-1.100336,1.165594,0.058700,-3.918251,4.082199,19.134470,11.198525,10.214388,-9.959698,-9.914234,-9.879932
74.374763,-0.098113,15.371813,-1.100336,1.165594,0.058873,-3.918076,4.082457,19.144966,11.205117,10.224678,-9.959690,-9.914200,-9.880005
74.383869,-0.098113,15.371813,-1.100336,1.165594,0.058925,-3.917988,4.082542,19.148462,11.208403,10.228106,-9.959690,-9.914181,-9.880028
74.396397,-0.098113,15.371813,-1.100336,1.165594,0.058976,-3.917822,4.082626,19.151962,11.214989,10.231536,-9.959694,-9.914150,-9.880051
74.414776,-0.098113,15.371813,-1.100336,1.165594,0.059109,-3.917644,4.082889,19.162458,11.221532,10.241850,-9.959717,-9.914120,-9.880051
74.423531,-0.098113,15.371813,-1.100336,1.165594,0.059149,-3.917559,4.082975,19.165960,11.224813,10.245287,-9.959728,-9.914108,-9.880058
74.434979,-0.098113,15.371813,-1.100336,1.165594,0.059226,-3.917477,4.083060,19.172968,11.228099,10.248725,-9.959763,-9.914097,-9.880062
74.443362,-0.098113,15.371813,-1.100336,1.165594,0.059258,-3.917320,4.083215,19.176456,11.234643,10.255621,-9.959778,-9.914093,-9.880051
74.455287,-0.098113,15.371813,-1.100336,1.165594,0.059289,-3.917246,4.083292,19.179947,11.237902,10.259068,-9.959797,-9.914097,-9.880047
74.463613,-0.098113,15.371813,-1.100336,1.165594,0.059320,-3.917174,4.083369,19.183439,11.241166,10.262513,-9.959816,-9.914101,-9.880043
74.474753,-0.098113,15.371813,-1.100336,1.165594,0.059349,-3.917105,4.083452,19.186935,11.244437,10.265970,-9.959850,-9.914108,-9.880020
74.484080,-0.098113,15.371813,-1.100336,1.165594,0.059408,-3.916960,4.083618,19.193907,11.250938,10.272881,-9.959923,-9.914108,-9.879982
74.495959,-0.098113,15.371813,-1.100336,1.165594,0.059436,-3.916892,4.083700,19.197397,11.254198,10.276335,-9.959961,-9.914112,-9.879967
74.504172,-0.098113,15.371813,-1.100336,1.165594,0.059464,-3.916827,4.083785,19.200890,11.257463,10.279794,-9.959999,-9.914116,-9.879940
74.515526,-0.098113,15.371813,-1.100336,1.165594,0.059487,-3.916767,4.083870,19.204370,11.260697,10.283253,-9.960037,-9.914124,-9.879917
74.523549,-0.098113,15.371813,-1.100336,1.165594,0.059530,-3.916653,4.084037,19.211340,11.267183,10.290167,-9.960110,-9.914135,-9.879864
74.535285,-0.098113,15.371813,-1.100336,1.165594,0.059551,-3.916601,4.084133,19.214828,11.270434,10.293619,-9.960140,-9.914146,-9.879833
74.544890,-0.098113,15.371813,-1.100336,1.165594,0.059573,-3.916576,4.084228,19.218306,11.273673,10.297071,-9.960171,-9.914158,-9.879799
74.557156,-0.098113,15.371813,-1.100336,1.165594,0.059594,-3.916553,4.084321,19.221786,11.276917,10.300522,-9.960201,-9.914165,-9.879772
74.564748,-0.098113,15.371813,-1.100336,1.165594,0.059633,-3.916533,4.084414,19.228756,11.280169,10.303971,-9.960266,-9.914181,-9.879749
74.575178,-0.098113,15.371813,-1.100336,1.165594,0.059650,-3.916511,4.084657,19.232231,11.286660,10.310859,-9.960297,-9.914211,-9.879673
74.584698,-0.098113,15.371813,-1.100336,1.165594,0.059666,-3.916509,4.084777,19.235708,11.289902,10.314301,-9.960331,-9.914219,-9.879639
74.595805,-0.098113,15.371813,-1.100336,1.165594,0.059696,-3.916511,4.084894,19.242670,11.296402,10.317742,-9.960407,-9.914242,-9.879608
74.614856,-0.098113,15.371813,-1.100336,1.165594,0.059734,-3.916578,4.085290,19.249611,11.302885,10.328077,-9.960499,-9.914234,-9.879463
74.623784,-0.098113,15.371813,-1.100336,1.165594,0.059752,-3.916614,4.085418,19.253084,11.306136,10.331521,-9.960548,-9.914230,-9.879421
74.636853,-0.098113,15.371813,-1.100336,1.165594,0.059769,-3.916708,4.085568,19.256559,11.312640,10.334961,-9.960594,-9.914188,-9.879364
74.646058,-0.098113,15.371813,-1.100336,1.165594,0.059790,-3.916767,4.085863,19.260029,11.315894,10.341839,-9.960659,-9.914158,-9.879257
74.654870,-0.098113,15.371813,-1.100336,1.165594,0.059830,-3.916826,4.086007,19.266972,11.319154,10.345276,-9.960754,-9.914127,-9.879208
74.664242,-0.098113,15.371813,-1.100336,1.165594,0.059849,-3.916887,4.086182,19.270447,11.322419,10.348728,-9.960804,-9.914097,-9.879154
74.675077,-0.098113,15.371813,-1.100336,1.165594,0.059867,-3.916974,4.086355,19.273911,11.325684,10.352179,-9.960865,-9.914040,-9.879101
74.684160,-0.098113,15.371813,-1.100336,1.165594,0.059901,-3.917150,4.086695,19.280842,11.332232,10.359076,-9.960995,-9.913918,-9.879005
74.695803,-0.098113,15.371813,-1.100336,1.165594,0.059916,-3.917329,4.086862,19.284311,11.338802,10.362522,-9.961060,-9.913799,-9.878963
74.714752,-0.098113,15.371813,-1.100336,1.165594,0.059957,-3.917440,4.087248,19.294699,11.342096,10.369424,-9.961266,-9.913719,-9.878883
74.723539,-0.098113,15.371813,-1.100336,1.165594,0.059970,-3.917663,4.087624,19.298159,11.348700,10.376320,-9.961334,-9.913563,-9.878815
74.735072,-0.098113,15.371813,-1.100336,1.165594,0.059982,-3.917776,4.087844,19.301624,11.352010,10.379772,-9.961407,-9.913490,-9.878769
74.743474,-0.098113,15.371813,-1.100336,1.165594,0.060013,-3.917911,4.088061,19.305079,11.355309,10.383224,-9.961483,-9.913395,-9.878727
74.755590,-0.098113,15.371813,-1.100336,1.165594,0.060042,-3.918183,4.088485,19.308535,11.361925,10.390121,-9.961563,-9.913204,-9.878651
74.774928,-0.098113,15.371813,-1.100336,1.165594,0.060138,-3.918470,4.088915,19.318907,11.368564,10.397001,-9.961807,-9.913013,-9.878571
74.783605,-0.098113,15.371813,-1.100336,1.165594,0.060179,-3.918622,4.089126,19.322363,11.371891,10.400440,-9.961887,-9.912914,-9.878532
74.796410,-0.098113,15.371813,-1.100336,1.165594,0.060219,-3.919074,4.089546,19.325819,11.381900,10.407309,-9.961967,-9.912651,-9.878460
74.814694,-0.098113,15.371813,-1.100336,1.165594,0.060381,-3.919223,4.089963,19.336140,11.385243,10.414167,-9.962215,-9.912571,-9.878384
74.823585,-0.098113,15.371813,-1.100336,1.165594,0.060440,-3.919372,4.090166,19.339575,11.388592,10.417596,-9.962299,-9.912491,-9.878353
74.834847,-0.098113,15.371813,-1.100336,1.165594,0.060498,-3.919676,4.090385,19.343012,11.395293,10.421021,-9.962379,-9.912342,-9.878319
74.843614,-0.098113,15.371813,-1.100336,1.165594,0.060656,-3.919830,4.090600,19.349846,11.398645,10.424445,-9.962551,-9.912266,-9.878292
74.855856,-0.098113,15.371813,-1.100336,1.165594,0.060733,-3.919984,4.091022,19.353266,11.402004,10.431291,-9.962639,-9.912193,-9.878242
74.864969,-0.098113,15.371813,-1.100336,1.165594,0.060808,-3.920137,4.091260,19.356689,11.405367,10.434711,-9.962723,-9.912128,-9.878216
74.874819,-0.098113,15.371813,-1.100336,1.165594,0.060915,-3.920284,4.091494,19.360094,11.408726,10.438128,-9.962803,-9.912045,-9.878189
74.884348,-0.098113,15.371813,-1.100336,1.165594,0.061121,-3.920431,4.091950,19.366913,11.412089,10.444962,-9.962975,-9.911964,-9.878124
74.895947,-0.098113,15.371813,-1.100336,1.165594,0.061220,-3.920724,4.092206,19.370325,11.418831,10.448371,-9.963070,-9.911819,-9.878098
74.904374,-0.098113,15.371813,-1.100336,1.165594,0.061342,-3.920866,4.092457,19.373728,11.422207,10.451780,-9.963169,-9.911716,-9.878071
74.915057,-0.098113,15.371813,-1.100336,1.165594,0.061461,-3.921007,4.092704,19.377131,11.425588,10.455188,-9.963268,-9.911621,-9.878052
74.923597,-0.098113,15.371813,-1.100336,1.165594,0.061578,-3.921148,4.093210,19.380537,11.428972,10.461987,-9.963367,-9.911530,-9.878014
74.934806,-0.098113,15.371813,-1.100336,1.165594,0.061820,-3.921434,4.093470,19.387365,11.435759,10.465381,-9.963570,-9.911289,-9.877995
74.943694,-0.098113,15.371813,-1.100336,1.165594,0.061945,-3.921578,4.093725,19.390783,11.439160,10.468772,-9.963676,-9.911163,-9.877979
74.956358,-0.098113,15.371813,-1.100336,1.165594,0.062068,-3.921723,4.093976,19.394207,11.442566,10.472163,-9.963791,-9.911041,-9.877964
74.965300,-0.098113,15.371813,-1.100336,1.165594,0.062187,-3.921866,4.094492,19.397631,11.445976,10.478930,-9.963905,-9.910919,-9.877953
74.975110,-0.098113,15.371813,-1.100336,1.165594,0.062442,-3.922158,4.094758,19.404499,11.452797,10.482306,-9.964146,-9.910660,-9.877956
74.984855,-0.098113,15.371813,-1.100336,1.165594,0.062578,-3.922305,4.095020,19.407942,11.456206,10.485682,-9.964275,-9.910519,-9.877960
74.994849,-0.098113,15.371813,-1.100336,1.165594,0.062711,-3.922598,4.095277,19.411385,11.463040,10.489056,-9.964405,-9.910282,-9.877972
75.004245,-0.098113,15.371813,-1.100336,1.165594,0.062995,-3.922753,4.095814,19.418278,11.466462,10.495771,-9.964657,-9.910137,-9.878036
75.014750,-0.098113,15.371813,-1.100336,1.165594,0.063145,-3.922907,4.096077,19.421724,11.469888,10.499128,-9.964783,-9.910000,-9.878075
75.023546,-0.098113,15.371813,-1.100336,1.165594,0.063292,-3.923060,4.096336,19.425175,11.473318,10.502485,-9.964905,-9.909863,-9.878113
75.034798,-0.098113,15.371813,-1.100336,1.165594,0.063436,-3.923212,4.096614,19.428627,11.476753,10.505817,-9.965027,-9.909737,-9.878155
75.043521,-0.098113,15.371813,-1.100336,1.165594,0.063770,-3.923536,4.097158,19.435551,11.483603,10.512483,-9.965267,-9.909443,-9.878239
75.054849,-0.098113,15.371813,-1.100336,1.165594,0.063932,-3.923696,4.097423,19.439014,11.487034,10.515815,-9.965385,-9.909306,-9.878284
75.064751,-0.098113,15.371813,-1.100336,1.165594,0.064092,-3.923855,4.097696,19.442480,11.490470,10.519118,-9.965504,-9.909172,-9.878315
75.074705,-0.098113,15.371813,-1.100336,1.165594,0.064272,-3.924024,4.097965,19.445957,11.493887,10.522423,-9.965580,-9.909012,-9.878349
75.083556,-0.098113,15.371813,-1.100336,1.165594,0.064622,-3.924358,4.098229,19.452917,11.500734,10.525728,-9.965729,-9.908714,-9.878380
75.096426,-0.098113,15.371813,-1.100336,1.165594,0.064792,-3.924523,4.098762,19.456398,11.504165,10.532306,-9.965805,-9.908573,-9.878456
75.104143,-0.098113,15.371813,-1.100336,1.165594,0.064972,-3.924702,4.099030,19.459892,11.507580,10.535579,-9.965874,-9.908413,-9.878502
75.114819,-0.098113,15.371813,-1.100336,1.165594,0.065148,-3.924879,4.099293,19.463387,11.511000,10.538853,-9.965942,-9.908268,-9.878544
75.124047,-0.098113,15.371813,-1.100336,1.165594,0.065491,-3.925055,4.099551,19.470381,11.514424,10.542127,-9.966091,-9.908134,-9.878582
75.135867,-0.098113,15.371813,-1.100336,1.165594,0.065683,-3.925420,4.100094,19.473900,11.521289,10.548612,-9.966148,-9.907871,-9.878670
75.143347,-0.098113,15.371813,-1.100336,1.165594,0.065871,-3.925609,4.100358,19.477419,11.524729,10.551856,-9.966209,-9.907749,-9.878716
75.155885,-0.098113,15.371813,-1.100336,1.165594,0.066237,-3.925982,4.100619,19.484463,11.531623,10.555100,-9.966324,-9.907516,-9.878761
75.174863,-0.098113,15.371813,-1.100336,1.165594,0.066636,-3.926355,4.101407,19.491549,11.538533,10.564747,-9.966400,-9.907307,-9.878948
75.183516,-0.098113,15.371813,-1.100336,1.165594,0.066830,-3.926539,4.101661,19.495092,11.541994,10.567964,-9.966434,-9.907207,-9.879009
75.194902,-0.098113,15.371813,-1.100336,1.165594,0.067021,-3.926901,4.101918,19.498636,11.548917,10.571152,-9.966465,-9.907043,-9.879089
75.204974,-0.098113,15.371813,-1.100336,1.165594,0.067443,-3.927080,4.102170,19.505774,11.552379,10.574342,-9.966492,-9.906971,-9.879166
75.214812,-0.098113,15.371813,-1.100336,1.165594,0.067649,-3.927256,4.102662,19.509340,11.555844,10.580726,-9.966503,-9.906906,-9.879322
75.225536,-0.098113,15.371813,-1.100336,1.165594,0.067851,-3.927430,4.102901,19.512909,11.559314,10.583920,-9.966518,-9.906845,-9.879398
75.234939,-0.098113,15.371813,-1.100336,1.165594,0.068050,-3.927602,4.103115,19.516479,11.562788,10.587096,-9.966534,-9.906780,-9.879490
75.243474,-0.098113,15.371813,-1.100336,1.165594,0.068274,-3.927956,4.103529,19.520077,11.569741,10.593453,-9.966518,-9.906681,-9.879688
75.255971,-0.098113,15.371813,-1.100336,1.165594,0.068710,-3.928129,4.103730,19.527273,11.573223,10.596635,-9.966530,-9.906639,-9.879787
75.263668,-0.098113,15.371813,-1.100336,1.165594,0.068922,-3.928300,4.103905,19.530872,11.576708,10.599799,-9.966537,-9.906601,-9.879902
75.274677,-0.098113,15.371813,-1.100336,1.165594,0.069405,-3.928466,4.104077,19.538111,11.580190,10.602965,-9.966507,-9.906593,-9.880020
75.283665,-0.098113,15.371813,-1.100336,1.165594,0.069640,-3.928792,4.104410,19.541731,11.587163,10.609302,-9.966492,-9.906574,-9.880249
75.294777,-0.098113,15.371813,-1.100336,1.165594,0.069871,-3.928951,4.104558,19.545349,11.590655,10.612464,-9.966480,-9.906567,-9.880390
75.304078,-0.098113,15.371813,-1.100336,1.165594,0.070132,-3.929121,4.104704,19.548975,11.594130,10.615628,-9.966438,-9.906590,-9.880524
75.314683,-0.098113,15.371813,-1.100336,1.165594,0.070388,-3.929289,4.104846,19.552601,11.597608,10.618793,-9.966400,-9.906620,-9.880653
75.323851,-0.098113,15.371813,-1.100336,1.165594,0.070888,-3.929453,4.104985,19.559849,11.601089,10.621961,-9.966328,-9.906651,-9.880779
75.335168,-0.098113,15.371813,-1.100336,1.165594,0.071173,-3.929787,4.105188,19.563480,11.608046,10.628280,-9.966270,-9.906746,-9.881088
75.344190,-0.098113,15.371813,-1.100336,1.165594,0.071453,-3.929955,4.105284,19.567110,11.611521,10.631442,-9.966217,-9.906815,-9.881237
75.356343,-0.098113,15.371813,-1.100336,1.165594,0.071999,-3.930284,4.105378,19.574369,11.618483,10.634605,-9.966114,-9.906937,-9.881386
75.375045,-0.098113,15.371813,-1.100336,1.165594,0.072602,-3.930603,4.105546,19.581648,11.625419,10.644097,-9.965973,-9.907101,-9.881893
75.384209,-0.098113,15.371813,-1.100336,1.165594,0.072897,-3.930758,4.105596,19.585287,11.628893,10.647264,-9.965908,-9.907188,-9.882057
75.394921,-0.098113,15.371813,-1.100336,1.165594,0.073186,-3.930910,4.105617,19.588924,11.632370,10.650441,-9.965843,-9.907272,-9.882233
75.405492,-0.098113,15.371813,-1.100336,1.165594,0.073838,-3.931229,4.105654,19.596203,11.639261,10.656797,-9.965652,-9.907478,-9.882580
75.415782,-0.098113,15.371813,-1.100336,1.165594,0.074156,-3.931534,4.105669,19.599840,11.646169,10.659979,-9.965561,-9.907688,-9.882751
75.436462,-0.098113,15.371813,-1.100336,1.165594,0.074814,-3.931694,4.105647,19.607119,11.649593,10.666372,-9.965343,-9.907810,-9.883087
75.443425,-0.098113,15.371813,-1.100336,1.165594,0.075488,-3.932005,4.105618,19.614399,11.656455,10.672772,-9.965092,-9.908062,-9.883408
75.456206,-0.098113,15.371813,-1.100336,1.165594,0.075817,-3.932302,4.105586,19.618038,11.663298,10.675993,-9.964973,-9.908329,-9.883572
75.474972,-0.098113,15.371813,-1.100336,1.165594,0.076489,-3.932446,4.105517,19.625334,11.666709,10.682438,-9.964684,-9.908478,-9.883888
75.484758,-0.098113,15.371813,-1.100336,1.165594,0.076817,-3.932723,4.105440,19.628979,11.673545,10.688889,-9.964546,-9.908772,-9.884197
75.494749,-0.098113,15.371813,-1.100336,1.165594,0.077457,-3.932857,4.105377,19.636265,11.676970,10.692139,-9.964275,-9.908920,-9.884354
75.504302,-0.098113,15.371813,-1.100336,1.165594,0.077776,-3.932994,4.105313,19.639910,11.680377,10.695391,-9.964130,-9.909077,-9.884502
75.516068,-0.098113,15.371813,-1.100336,1.165594,0.078090,-3.933385,4.105180,19.643551,11.690625,10.701897,-9.963993,-9.909550,-9.884800
75.534941,-0.098113,15.371813,-1.100336,1.165594,0.079009,-3.933500,4.105022,19.654474,11.694033,10.708437,-9.963589,-9.909725,-9.885105
75.543183,-0.098113,15.371813,-1.100336,1.165594,0.079309,-3.933612,4.104941,19.658115,11.697444,10.711708,-9.963455,-9.909897,-9.885250
75.555143,-0.098113,15.371813,-1.100336,1.165594,0.079605,-3.933720,4.104859,19.661757,11.700860,10.714979,-9.963322,-9.910065,-9.885387
75.563903,-0.098113,15.371813,-1.100336,1.165594,0.079895,-3.933827,4.104705,19.665394,11.704280,10.721598,-9.963192,-9.910233,-9.885689
75.574662,-0.098113,15.371813,-1.100336,1.165594,0.080487,-3.934017,4.104625,19.672663,11.711082,10.724907,-9.962921,-9.910568,-9.885834
75.584465,-0.098113,15.371813,-1.100336,1.165594,0.080775,-3.934107,4.104544,19.676294,11.714491,10.728216,-9.962791,-9.910732,-9.885979
75.594910,-0.098113,15.371813,-1.100336,1.165594,0.081059,-3.934267,4.104486,19.679924,11.721310,10.731569,-9.962669,-9.911057,-9.886124
75.604308,-0.098113,15.371813,-1.100336,1.165594,0.081625,-3.934336,4.104362,19.687181,11.724721,10.738276,-9.962395,-9.911217,-9.886402
75.615621,-0.098113,15.371813,-1.100336,1.165594,0.081901,-3.934468,4.104298,19.690807,11.731556,10.741630,-9.962261,-9.911530,-9.886539
75.635176,-0.098113,15.371813,-1.100336,1.165594,0.082448,-3.934530,4.104192,19.698050,11.734963,10.748440,-9.961998,-9.911694,-9.886810
75.643324,-0.098113,15.371813,-1.100336,1.165594,0.082985,-3.934646,4.104078,19.705282,11.741793,10.755247,-9.961754,-9.912010,-9.887070
75.654968,-0.098113,15.371813,-1.100336,1.165594,0.083247,-3.934701,4.104032,19.708895,11.745214,10.758700,-9.961639,-9.912163,-9.887199
75.663861,-0.098113,15.371813,-1.100336,1.165594,0.083520,-3.934752,4.103983,19.712511,11.748617,10.762153,-9.961521,-9.912323,-9.887325
75.675044,-0.098113,15.371813,-1.100336,1.165594,0.083788,-3.934800,4.103933,19.716124,11.752025,10.765604,-9.961407,-9.912479,-9.887451
75.683639,-0.098113,15.371813,-1.100336,1.165594,0.084051,-3.934889,4.103880,19.719736,11.758853,10.769053,-9.961296,-9.912788,-9.887573
75.694983,-0.098113,15.371813,-1.100336,1.165594,0.084571,-3.934937,4.103810,19.726959,11.762241,10.776039,-9.961079,-9.912937,-9.887798
75.704238,-0.098113,15.371813,-1.100336,1.165594,0.084827,-3.934983,4.103771,19.730570,11.765635,10.779530,-9.960972,-9.913086,-9.887909
75.715608,-0.098113,15.371813,-1.100336,1.165594,0.085079,-3.935067,4.103730,19.734180,11.772435,10.783018,-9.960865,-9.913368,-9.888020
75.734990,-0.098113,15.371813,-1.100336,1.165594,0.085813,-3.935120,4.103642,19.744993,11.779207,10.793578,-9.960564,-9.913654,-9.888344
75.743882,-0.098113,15.371813,-1.100336,1.165594,0.086050,-3.935143,4.103608,19.748592,11.782601,10.797094,-9.960472,-9.913795,-9.888447
75.756384,-0.098113,15.371813,-1.100336,1.165594,0.086283,-3.935180,4.103572,19.752192,11.789403,10.800609,-9.960384,-9.914066,-9.888550
75.764706,-0.098113,15.371813,-1.100336,1.165594,0.086510,-3.935188,4.103495,19.755789,11.792770,10.807713,-9.960300,-9.914204,-9.888721
75.775494,-0.098113,15.371813,-1.100336,1.165594,0.086917,-3.935193,4.103453,19.762970,11.796143,10.811261,-9.960133,-9.914333,-9.888805
75.784599,-0.098113,15.371813,-1.100336,1.165594,0.087114,-3.935196,4.103409,19.766562,11.799520,10.814808,-9.960060,-9.914463,-9.888893
75.794700,-0.098113,15.371813,-1.100336,1.165594,0.087306,-3.935197,4.103344,19.770149,11.802902,10.818388,-9.959995,-9.914589,-9.888958
75.804725,-0.098113,15.371813,-1.100336,1.165594,0.087482,-3.935179,4.103209,19.773724,11.806247,10.825539,-9.959930,-9.914722,-9.889088
75.815996,-0.098113,15.371813,-1.100336,1.165594,0.087822,-3.935138,4.103139,19.780872,11.812953,10.829110,-9.959812,-9.914982,-9.889153
75.824434,-0.098113,15.371813,-1.100336,1.165594,0.087985,-3.935115,4.103048,19.784447,11.816314,10.832734,-9.959763,-9.915108,-9.889214
75.834940,-0.098113,15.371813,-1.100336,1.165594,0.088138,-3.935076,4.102955,19.788012,11.819643,10.836354,-9.959705,-9.915226,-9.889267
75.843239,-0.098113,15.371813,-1.100336,1.165594,0.088430,-3.934996,4.102764,19.795143,11.826319,10.843586,-9.959610,-9.915451,-9.889381
75.854967,-0.098113,15.371813,-1.100336,1.165594,0.088570,-3.934953,4.102665,19.798710,11.829666,10.847244,-9.959568,-9.915558,-9.889435
75.865295,-0.098113,15.371813,-1.100336,1.165594,0.088699,-3.934910,4.102565,19.802286,11.832987,10.850901,-9.959526,-9.915672,-9.889484
75.874666,-0.098113,15.371813,-1.100336,1.165594,0.088825,-3.934866,4.102462,19.805862,11.836314,10.854552,-9.959484,-9.915783,-9.889538
75.884786,-0.098113,15.371813,-1.100336,1.165594,0.089067,-3.934820,4.102238,19.813017,11.839647,10.861879,-9.959415,-9.915890,-9.889641
75.895656,-0.098113,15.371813,-1.100336,1.165594,0.089185,-3.934730,4.102118,19.816584,11.846313,10.865554,-9.959385,-9.916103,-9.889687
75.903748,-0.098113,15.371813,-1.100336,1.165594,0.089300,-3.934685,4.101996,19.820150,11.849645,10.869225,-9.959358,-9.916210,-9.889744
75.916832,-0.098113,15.371813,-1.100336,1.165594,0.089518,-3.934593,4.101872,19.827284,11.856328,10.872892,-9.959324,-9.916420,-9.889797
75.934848,-0.098113,15.371813,-1.100336,1.165594,0.089764,-3.934497,4.101395,19.834387,11.862994,10.883958,-9.959293,-9.916634,-9.889938
75.943130,-0.098113,15.371813,-1.100336,1.165594,0.089882,-3.934446,4.101234,19.837938,11.866337,10.887639,-9.959282,-9.916737,-9.889988
75.955655,-0.098113,15.371813,-1.100336,1.165594,0.089996,-3.934341,4.101035,19.841492,11.873029,10.891335,-9.959278,-9.916920,-9.890026
75.964537,-0.098113,15.371813,-1.100336,1.165594,0.090130,-3.934287,4.100637,19.845032,11.876377,10.898715,-9.959278,-9.917019,-9.890099
75.974679,-0.098113,15.371813,-1.100336,1.165594,0.090388,-3.934232,4.100437,19.852116,11.879732,10.902399,-9.959274,-9.917114,-9.890137
75.984135,-0.098113,15.371813,-1.100336,1.165594,0.090511,-3.934177,4.100214,19.855658,11.883093,10.906115,-9.959278,-9.917210,-9.890175
75.994967,-0.098113,15.371813,-1.100336,1.165594,0.090654,-3.934126,4.099991,19.859198,11.886466,10.909827,-9.959282,-9.917324,-9.890213
76.003594,-0.098113,15.371813,-1.100336,1.165594,0.090794,-3.934018,4.099544,19.862740,11.893229,10.917238,-9.959290,-9.917557,-9.890293
76.016175,-0.098113,15.371813,-1.100336,1.165594,0.091062,-3.933904,4.099320,19.869822,11.900014,10.920938,-9.959312,-9.917789,-9.890331
76.034827,-0.098113,15.371813,-1.100336,1.165594,0.091338,-3.933839,4.098840,19.876896,11.903402,10.928386,-9.959351,-9.917915,-9.890381
76.043561,-0.098113,15.371813,-1.100336,1.165594,0.091483,-3.933772,4.098360,19.880428,11.906796,10.935817,-9.959373,-9.918037,-9.890430
76.055086,-0.098113,15.371813,-1.100336,1.165594,0.091760,-3.933636,4.098104,19.887495,11.913601,10.939557,-9.959423,-9.918270,-9.890438
76.062748,-0.098113,15.371813,-1.100336,1.165594,0.091911,-3.933564,4.097849,19.891020,11.916991,10.943293,-9.959450,-9.918381,-9.890450
76.075384,-0.098113,15.371813,-1.100336,1.165594,0.092058,-3.933490,4.097595,19.894545,11.920386,10.947022,-9.959480,-9.918476,-9.890461
76.083950,-0.098113,15.371813,-1.100336,1.165594,0.092202,-3.933339,4.097341,19.898071,11.927194,10.950748,-9.959511,-9.918667,-9.890465
76.094815,-0.098113,15.371813,-1.100336,1.165594,0.092497,-3.933254,4.096834,19.905121,11.930581,10.958212,-9.959538,-9.918755,-9.890461
76.104364,-0.098113,15.371813,-1.100336,1.165594,0.092649,-3.933167,4.096581,19.908644,11.933973,10.961937,-9.959553,-9.918842,-9.890461
76.116870,-0.098113,15.371813,-1.100336,1.165594,0.092944,-3.932993,4.096328,19.915691,11.940775,10.965656,-9.959583,-9.919010,-9.890465
76.135238,-0.098113,15.371813,-1.100336,1.165594,0.093257,-3.932830,4.095541,19.922735,11.947544,10.976819,-9.959614,-9.919163,-9.890450
76.144299,-0.098113,15.371813,-1.100336,1.165594,0.093408,-3.932748,4.095280,19.926260,11.950937,10.980531,-9.959629,-9.919239,-9.890446
76.155209,-0.098113,15.371813,-1.100336,1.165594,0.093556,-3.932663,4.095030,19.929785,11.954337,10.984241,-9.959637,-9.919312,-9.890430
76.164562,-0.098113,15.371813,-1.100336,1.165594,0.093871,-3.932514,4.094531,19.936815,11.961126,10.991646,-9.959663,-9.919430,-9.890411
76.176158,-0.098113,15.371813,-1.100336,1.165594,0.094023,-3.932359,4.094283,19.940332,11.967941,10.995341,-9.959682,-9.919544,-9.890404
76.195031,-0.098113,15.371813,-1.100336,1.165594,0.094331,-3.932299,4.093825,19.947350,11.971353,11.002720,-9.959728,-9.919598,-9.890377
76.203994,-0.098113,15.371813,-1.100336,1.165594,0.094640,-3.932236,4.093368,19.954353,11.974770,11.010080,-9.959785,-9.919647,-9.890411
76.214991,-0.098113,15.371813,-1.100336,1.165594,0.094790,-3.932108,4.093163,19.957855,11.981621,11.013775,-9.959816,-9.919746,-9.890419
76.224050,-0.098113,15.371813,-1.100336,1.165594,0.094952,-3.932075,4.092957,19.961340,11.985056,11.017465,-9.959846,-9.919785,-9.890427
76.234820,-0.098113,15.371813,-1.100336,1.165594,0.095110,-3.932040,4.092752,19.964825,11.988496,11.021151,-9.959881,-9.919827,-9.890438
76.243810,-0.098113,15.371813,-1.100336,1.165594,0.095418,-3.931965,4.092546,19.971800,11.995393,11.024832,-9.959953,-9.919895,-9.890450
76.255120,-0.098113,15.371813,-1.100336,1.165594,0.095585,-3.931959,4.092179,19.975281,11.998850,11.032197,-9.959995,-9.919910,-9.890488
76.263981,-0.098113,15.371813,-1.100336,1.165594,0.095748,-3.931951,4.091996,19.978762,12.002312,11.035872,-9.960037,-9.919926,-9.890503
76.275672,-0.098113,15.371813,-1.100336,1.165594,0.095908,-3.931915,4.091812,19.982244,12.012728,11.039541,-9.960072,-9.919971,-9.890518
76.294736,-0.098113,15.371813,-1.100336,1.165594,0.096388,-3.931941,4.091277,19.992704,12.016199,11.050557,-9.960175,-9.919971,-9.890591
76.303345,-0.098113,15.371813,-1.100336,1.165594,0.096554,-3.931963,4.091101,19.996193,12.019675,11.054224,-9.960205,-9.919971,-9.890621
76.316223,-0.098113,15.371813,-1.100336,1.165594,0.096717,-3.931999,4.090925,19.999683,12.026641,11.057885,-9.960236,-9.919987,-9.890652
76.324546,-0.098113,15.371813,-1.100336,1.165594,0.096876,-3.932048,4.090605,20.003176,12.030111,11.065228,-9.960270,-9.919991,-9.890755
76.334693,-0.098113,15.371813,-1.100336,1.165594,0.097185,-3.932093,4.090446,20.010180,12.033586,11.068891,-9.960308,-9.919991,-9.890808
76.343552,-0.098113,15.371813,-1.100336,1.165594,0.097334,-3.932136,4.090286,20.013683,12.037066,11.072549,-9.960327,-9.919994,-9.890862
76.358024,-0.098113,15.371813,-1.100336,1.165594,0.097481,-3.932176,4.090155,20.017189,12.040550,11.076206,-9.960354,-9.919998,-9.890919
76.363809,-0.098113,15.371813,-1.100336,1.165594,0.097765,-3.932317,4.089889,20.024197,12.047489,11.083505,-9.960392,-9.919991,-9.891033
76.375650,-0.098113,15.371813,-1.100336,1.165594,0.097902,-3.932445,4.089755,20.027702,12.054448,11.087146,-9.960411,-9.919964,-9.891094
76.394709,-0.098113,15.371813,-1.100336,1.165594,0.098158,-3.932532,4.089537,20.034716,12.057905,11.094421,-9.960457,-9.919960,-9.891243
76.403774,-0.098113,15.371813,-1.100336,1.165594,0.098394,-3.932697,4.089427,20.041735,12.064834,11.098052,-9.960514,-9.919949,-9.891315
76.414902,-0.098113,15.371813,-1.100336,1.165594,0.098508,-3.932775,4.089246,20.045246,12.068305,11.105298,-9.960541,-9.919941,-9.891479
76.423767,-0.098113,15.371813,-1.100336,1.165594,0.098593,-3.932877,4.089175,20.048763,12.071753,11.108914,-9.960564,-9.919941,-9.891567
76.434748,-0.098113,15.371813,-1.100336,1.165594,0.098676,-3.932975,4.089103,20.052282,12.075205,11.112526,-9.960590,-9.919941,-9.891651
76.443468,-0.098113,15.371813,-1.100336,1.165594,0.098835,-3.933069,4.089029,20.059324,12.078663,11.116134,-9.960648,-9.919937,-9.891750
76.454934,-0.098113,15.371813,-1.100336,1.165594,0.098886,-3.933278,4.088942,20.062859,12.085573,11.123322,-9.960678,-9.919956,-9.891972
76.463680,-0.098113,15.371813,-1.100336,1.165594,0.098935,-3.933394,4.088895,20.066395,12.089026,11.126909,-9.960705,-9.919971,-9.892078
76.475391,-0.098113,15.371813,-1.100336,1.165594,0.098983,-3.933507,4.088847,20.069931,12.092484,11.130493,-9.960735,-9.919991,-9.892185
76.484474,-0.098113,15.371813,-1.100336,1.165594,0.099029,-3.933616,4.088788,20.073469,12.095947,11.137643,-9.960766,-9.920006,-9.892403
76.494782,-0.098113,15.371813,-1.100336,1.165594,0.099056,-3.933844,4.088757,20.080580,12.102858,11.141212,-9.960815,-9.920094,-9.892509
76.503843,-0.098113,15.371813,-1.100336,1.165594,0.099069,-3.933952,4.088723,20.084135,12.106321,11.144775,-9.960838,-9.920139,-9.892624
76.516125,-0.098113,15.371813,-1.100336,1.165594,0.099079,-3.934286,4.088700,20.087694,12.116698,11.151912,-9.960876,-9.920338,-9.892830
76.534857,-0.098113,15.371813,-1.100336,1.165594,0.098988,-3.934395,4.088671,20.098370,12.120160,11.159031,-9.960953,-9.920414,-9.893028
76.544213,-0.098113,15.371813,-1.100336,1.165594,0.098956,-3.934501,4.088654,20.101931,12.123628,11.162586,-9.960983,-9.920490,-9.893124
76.555446,-0.098113,15.371813,-1.100336,1.165594,0.098924,-3.934603,4.088656,20.105492,12.127100,11.166141,-9.961010,-9.920559,-9.893215
76.564566,-0.098113,15.371813,-1.100336,1.165594,0.098797,-3.934869,4.088656,20.112608,12.134044,11.173238,-9.961037,-9.920757,-9.893406
76.577085,-0.098113,15.371813,-1.100336,1.165594,0.098733,-3.935120,4.088654,20.116169,12.141007,11.176782,-9.961048,-9.920944,-9.893501
76.594800,-0.098113,15.371813,-1.100336,1.165594,0.098577,-3.935259,4.088718,20.123278,12.144502,11.183851,-9.961044,-9.921055,-9.893665
76.604559,-0.098113,15.371813,-1.100336,1.165594,0.098485,-3.935525,4.088774,20.126827,12.151503,11.190906,-9.961033,-9.921261,-9.893829
76.614887,-0.098113,15.371813,-1.100336,1.165594,0.098302,-3.935653,4.088827,20.133930,12.155010,11.194446,-9.961014,-9.921360,-9.893906
76.624006,-0.098113,15.371813,-1.100336,1.165594,0.098204,-3.935786,4.088878,20.137480,12.158513,11.197982,-9.960983,-9.921467,-9.893982
76.634952,-0.098113,15.371813,-1.100336,1.165594,0.098106,-3.935915,4.088927,20.141029,12.162021,11.201514,-9.960953,-9.921574,-9.894058
76.643899,-0.098113,15.371813,-1.100336,1.165594,0.098008,-3.936041,4.088974,20.144581,12.165533,11.205043,-9.960922,-9.921677,-9.894131
76.655219,-0.098113,15.371813,-1.100336,1.165594,0.097806,-3.936273,4.089110,20.151682,12.172565,11.212122,-9.960850,-9.921898,-9.894253
76.663467,-0.098113,15.371813,-1.100336,1.165594,0.097700,-3.936380,4.089175,20.155233,12.176086,11.215655,-9.960812,-9.922012,-9.894314
76.676026,-0.098113,15.371813,-1.100336,1.165594,0.097489,-3.936484,4.089237,20.162340,12.179611,11.219185,-9.960739,-9.922104,-9.894375
76.683965,-0.098113,15.371813,-1.100336,1.165594,0.097381,-3.936585,4.089426,20.165899,12.183141,11.226271,-9.960709,-9.922195,-9.894501
76.694718,-0.098113,15.371813,-1.100336,1.165594,0.097274,-3.936728,4.089517,20.169458,12.190240,11.229808,-9.960682,-9.922421,-9.894562
76.703740,-0.098113,15.371813,-1.100336,1.165594,0.097168,-3.936796,4.089604,20.173019,12.193795,11.233341,-9.960655,-9.922527,-9.894627
76.714737,-0.098113,15.371813,-1.100336,1.165594,0.097062,-3.936860,4.089717,20.176580,12.197354,11.236892,-9.960632,-9.922634,-9.894680
76.723875,-0.098113,15.371813,-1.100336,1.165594,0.096957,-3.936923,4.089936,20.180134,12.204522,11.243981,-9.960617,-9.922878,-9.894787
76.736024,-0.098113,15.371813,-1.100336,1.165594,0.096749,-3.936977,4.090041,20.187241,12.211703,11.247521,-9.960594,-9.923111,-9.894840
76.756946,-0.098113,15.371813,-1.100336,1.165594,0.096548,-3.936987,4.090279,20.194347,12.215318,11.254618,-9.960587,-9.923233,-9.894936
76.763528,-0.098113,15.371813,-1.100336,1.165594,0.096356,-3.937000,4.090505,20.201452,12.222554,11.261700,-9.960590,-9.923466,-9.895031
76.776507,-0.098113,15.371813,-1.100336,1.165594,0.096260,-3.936988,4.090642,20.205008,12.229823,11.265249,-9.960598,-9.923698,-9.895081
76.794698,-0.098113,15.371813,-1.100336,1.165594,0.096072,-3.936972,4.090908,20.212093,12.233470,11.272337,-9.960632,-9.923809,-9.895176
76.803941,-0.098113,15.371813,-1.100336,1.165594,0.095885,-3.936954,4.091036,20.219187,12.237120,11.275875,-9.960686,-9.923916,-9.895226
76.814864,-0.098113,15.371813,-1.100336,1.165594,0.095792,-3.936911,4.091307,20.222734,12.244428,11.282967,-9.960716,-9.924126,-9.895332
76.824055,-0.098113,15.371813,-1.100336,1.165594,0.095703,-3.936862,4.091449,20.226269,12.248096,11.286519,-9.960766,-9.924236,-9.895386
76.835630,-0.098113,15.371813,-1.100336,1.165594,0.095614,-3.936707,4.091723,20.229803,12.259111,11.293611,-9.960812,-9.924549,-9.895493
76.855052,-0.098113,15.371813,-1.100336,1.165594,0.095341,-3.936641,4.092035,20.240393,12.262801,11.300750,-9.960987,-9.924641,-9.895611
76.864003,-0.098113,15.371813,-1.100336,1.165594,0.095245,-3.936574,4.092186,20.243912,12.266493,11.304312,-9.961063,-9.924725,-9.895653
76.874691,-0.098113,15.371813,-1.100336,1.165594,0.095149,-3.936434,4.092334,20.247431,12.273883,11.307869,-9.961151,-9.924892,-9.895691
76.883730,-0.098113,15.371813,-1.100336,1.165594,0.094953,-3.936347,4.092675,20.254452,12.277603,11.315023,-9.961357,-9.924961,-9.895771
76.894803,-0.098113,15.371813,-1.100336,1.165594,0.094851,-3.936259,4.092840,20.257956,12.281324,11.318591,-9.961468,-9.925034,-9.895809
76.903638,-0.098113,15.371813,-1.100336,1.165594,0.094751,-3.936169,4.093002,20.261461,12.285048,11.322154,-9.961578,-9.925098,-9.895851
76.914893,-0.098113,15.371813,-1.100336,1.165594,0.094652,-3.936079,4.093201,20.264967,12.288772,11.325711,-9.961689,-9.925167,-9.895885
76.924073,-0.098113,15.371813,-1.100336,1.165594,0.094555,-3.935975,4.093586,20.268454,12.292511,11.332809,-9.961830,-9.925209,-9.895943
76.936750,-0.098113,15.371813,-1.100336,1.165594,0.094362,-3.935657,4.093772,20.275433,12.303737,11.336351,-9.962112,-9.925331,-9.895973
76.955312,-0.098113,15.371813,-1.100336,1.165594,0.094157,-3.935544,4.094214,20.282425,12.307502,11.343427,-9.962425,-9.925343,-9.896023
76.965515,-0.098113,15.371813,-1.100336,1.165594,0.093941,-3.935430,4.094638,20.289429,12.311267,11.350482,-9.962765,-9.925358,-9.896080
76.976633,-0.098113,15.371813,-1.100336,1.165594,0.093835,-3.935199,4.094879,20.292933,12.318801,11.354006,-9.962929,-9.925362,-9.896099
76.985689,-0.098113,15.371813,-1.100336,1.165594,0.093702,-3.935083,4.095116,20.296436,12.322589,11.357525,-9.963123,-9.925343,-9.896099
76.994872,-0.098113,15.371813,-1.100336,1.165594,0.093571,-3.934967,4.095347,20.299940,12.326377,11.361040,-9.963322,-9.925323,-9.896103
77.004237,-0.098113,15.371813,-1.100336,1.165594,0.093312,-3.934849,4.095574,20.306955,12.330167,11.364551,-9.963707,-9.925304,-9.896111
77.015255,-0.098113,15.371813,-1.100336,1.165594,0.093154,-3.934606,4.096063,20.310459,12.337766,11.371570,-9.963924,-9.925243,-9.896126
77.024228,-0.098113,15.371813,-1.100336,1.165594,0.092998,-3.934479,4.096300,20.313965,12.341575,11.375072,-9.964142,-9.925205,-9.896133
77.035674,-0.098113,15.371813,-1.100336,1.165594,0.092844,-3.934353,4.096532,20.317471,12.345385,11.378572,-9.964352,-9.925163,-9.896145
77.043947,-0.098113,15.371813,-1.100336,1.165594,0.092691,-3.934226,4.096789,20.320978,12.349195,11.382070,-9.964561,-9.925121,-9.896168
77.055230,-0.098113,15.371813,-1.100336,1.165594,0.092349,-3.933979,4.097288,20.327986,12.356872,11.389053,-9.964977,-9.925003,-9.896221
77.063535,-0.098113,15.371813,-1.100336,1.165594,0.092180,-3.933854,4.097530,20.331491,12.360710,11.392540,-9.965183,-9.924946,-9.896252
77.076298,-0.098113,15.371813,-1.100336,1.165594,0.092013,-3.933473,4.097766,20.334999,12.372251,11.396024,-9.965382,-9.924774,-9.896278
77.094632,-0.098113,15.371813,-1.100336,1.165594,0.091468,-3.933342,4.098476,20.345530,12.376114,11.406480,-9.965958,-9.924713,-9.896324
77.104688,-0.098113,15.371813,-1.100336,1.165594,0.091281,-3.933211,4.098703,20.349043,12.379975,11.409958,-9.966141,-9.924656,-9.896355
77.115130,-0.098113,15.371813,-1.100336,1.165594,0.091098,-3.933080,4.098927,20.352558,12.383838,11.413449,-9.966335,-9.924599,-9.896370
77.123711,-0.098113,15.371813,-1.100336,1.165594,0.090684,-3.932772,4.099362,20.359608,12.391612,11.420420,-9.966721,-9.924446,-9.896400
77.135869,-0.098113,15.371813,-1.100336,1.165594,0.090481,-3.932618,4.099574,20.363132,12.395498,11.423901,-9.966908,-9.924374,-9.896416
77.146832,-0.098113,15.371813,-1.100336,1.165594,0.090279,-3.932465,4.099771,20.366659,12.399383,11.427394,-9.967087,-9.924305,-9.896408
77.155111,-0.098113,15.371813,-1.100336,1.165594,0.090048,-3.932286,4.099964,20.370201,12.403283,11.430883,-9.967266,-9.924202,-9.896397
77.163268,-0.098113,15.371813,-1.100336,1.165594,0.089821,-3.931929,4.100153,20.373743,12.411078,11.434368,-9.967438,-9.924000,-9.896393
77.174886,-0.098113,15.371813,-1.100336,1.165594,0.089373,-3.931752,4.100515,20.380831,12.414975,11.441344,-9.967781,-9.923904,-9.896355
77.184508,-0.098113,15.371813,-1.100336,1.165594,0.089124,-3.931557,4.100689,20.384382,12.418886,11.444836,-9.967953,-9.923775,-9.896320
77.194644,-0.098113,15.371813,-1.100336,1.165594,0.088878,-3.931363,4.100860,20.387936,12.422795,11.448323,-9.968117,-9.923653,-9.896286
77.204280,-0.098113,15.371813,-1.100336,1.165594,0.088395,-3.931170,4.101194,20.395041,12.426703,11.455302,-9.968433,-9.923531,-9.896202
77.214779,-0.098113,15.371813,-1.100336,1.165594,0.088135,-3.930776,4.101357,20.398605,12.434511,11.458793,-9.968586,-9.923248,-9.896149
77.223605,-0.098113,15.371813,-1.100336,1.165594,0.087877,-3.930574,4.101516,20.402170,12.438411,11.462280,-9.968735,-9.923088,-9.896069
77.235730,-0.098113,15.371813,-1.100336,1.165594,0.087370,-3.930174,4.101671,20.409302,12.446207,11.465765,-9.969051,-9.922787,-9.895988
77.255054,-0.098113,15.371813,-1.100336,1.165594,0.086835,-3.929755,4.102106,20.416466,12.453993,11.476221,-9.969345,-9.922443,-9.895714
77.263396,-0.098113,15.371813,-1.100336,1.165594,0.086573,-3.929547,4.102244,20.420050,12.457883,11.479700,-9.969490,-9.922276,-9.895630
77.275023,-0.098113,15.371813,-1.100336,1.165594,0.086314,-3.929119,4.102379,20.423635,12.465659,11.483175,-9.969627,-9.921955,-9.895542
77.284117,-0.098113,15.371813,-1.100336,1.165594,0.085783,-3.928900,4.102510,20.430830,12.469543,11.486648,-9.969883,-9.921787,-9.895432
77.294765,-0.098113,15.371813,-1.100336,1.165594,0.085523,-3.928682,4.102763,20.434429,12.473427,11.493585,-9.970001,-9.921627,-9.895229
77.303823,-0.098113,15.371813,-1.100336,1.165594,0.085267,-3.928466,4.102872,20.438028,12.477308,11.497065,-9.970116,-9.921471,-9.895130
77.314883,-0.098113,15.371813,-1.100336,1.165594,0.085022,-3.928245,4.102978,20.441624,12.481174,11.500542,-9.970230,-9.921295,-9.895031
77.323952,-0.098113,15.371813,-1.100336,1.165594,0.084542,-3.928025,4.103181,20.448814,12.485037,11.507486,-9.970444,-9.921124,-9.894848
77.336510,-0.098113,15.371813,-1.100336,1.165594,0.084306,-3.927591,4.103278,20.452410,12.492759,11.510955,-9.970551,-9.920753,-9.894760
77.344466,-0.098113,15.371813,-1.100336,1.165594,0.084073,-3.927376,4.103344,20.456007,12.496617,11.514429,-9.970650,-9.920578,-9.894680
77.356694,-0.098113,15.371813,-1.100336,1.165594,0.083864,-3.927144,4.103468,20.459597,12.500475,11.521367,-9.970768,-9.920387,-9.894527
77.364096,-0.098113,15.371813,-1.100336,1.165594,0.083659,-3.926686,4.103526,20.463186,12.508184,11.524833,-9.970886,-9.920025,-9.894459
77.375166,-0.098113,15.371813,-1.100336,1.165594,0.083255,-3.926460,4.103564,20.470367,12.512036,11.528304,-9.971107,-9.919853,-9.894386
77.384827,-0.098113,15.371813,-1.100336,1.165594,0.083080,-3.926219,4.103599,20.473940,12.515888,11.531773,-9.971218,-9.919674,-9.894318
77.395752,-0.098113,15.371813,-1.100336,1.165594,0.082908,-3.925980,4.103631,20.477512,12.519739,11.535238,-9.971329,-9.919498,-9.894253
77.404685,-0.098113,15.371813,-1.100336,1.165594,0.082569,-3.925508,4.103660,20.484657,12.527433,11.538702,-9.971535,-9.919163,-9.894192
77.416204,-0.098113,15.371813,-1.100336,1.165594,0.082432,-3.925261,4.103676,20.488216,12.531294,11.545639,-9.971642,-9.918983,-9.894054
77.423504,-0.098113,15.371813,-1.100336,1.165594,0.082296,-3.925018,4.103680,20.491776,12.535152,11.549104,-9.971748,-9.918808,-9.893990
77.435740,-0.098113,15.371813,-1.100336,1.165594,0.082161,-3.924776,4.103682,20.495337,12.539008,11.552567,-9.971848,-9.918644,-9.893929
77.443722,-0.098113,15.371813,-1.100336,1.165594,0.081945,-3.924286,4.103641,20.502445,12.546729,11.559500,-9.972046,-9.918297,-9.893795
77.454770,-0.098113,15.371813,-1.100336,1.165594,0.081862,-3.924036,4.103618,20.505995,12.550593,11.562963,-9.972141,-9.918118,-9.893734
77.464196,-0.098113,15.371813,-1.100336,1.165594,0.081780,-3.923789,4.103593,20.509546,12.554457,11.566424,-9.972237,-9.917946,-9.893684
77.474744,-0.098113,15.371813,-1.100336,1.165594,0.081699,-3.923274,4.103547,20.513098,12.562194,11.569901,-9.972324,-9.917595,-9.893631
77.484280,-0.098113,15.371813,-1.100336,1.165594,0.081607,-3.923008,4.103500,20.520218,12.566069,11.573374,-9.972511,-9.917416,-9.893585
77.495827,-0.098113,15.371813,-1.100336,1.165594,0.081560,-3.922484,4.103402,20.523779,12.573810,11.580314,-9.972603,-9.917080,-9.893494
77.515086,-0.098113,15.371813,-1.100336,1.165594,0.081502,-3.922208,4.103265,20.530916,12.577691,11.587264,-9.972786,-9.916885,-9.893406
77.523369,-0.098113,15.371813,-1.100336,1.165594,0.081489,-3.921666,4.103194,20.534491,12.585445,11.590735,-9.972878,-9.916519,-9.893356
77.534857,-0.098113,15.371813,-1.100336,1.165594,0.081462,-3.921399,4.103043,20.541641,12.589318,11.597672,-9.973022,-9.916348,-9.893257
77.543851,-0.098113,15.371813,-1.100336,1.165594,0.081472,-3.921112,4.102962,20.545229,12.593182,11.601138,-9.973122,-9.916172,-9.893208
77.554942,-0.098113,15.371813,-1.100336,1.165594,0.081480,-3.920828,4.102880,20.548817,12.597042,11.604602,-9.973217,-9.916004,-9.893162
77.564989,-0.098113,15.371813,-1.100336,1.165594,0.081494,-3.920268,4.102797,20.555996,12.604756,11.608064,-9.973392,-9.915691,-9.893120
77.574792,-0.098113,15.371813,-1.100336,1.165594,0.081521,-3.919973,4.102635,20.559595,12.608599,11.614996,-9.973507,-9.915539,-9.893013
77.583948,-0.098113,15.371813,-1.100336,1.165594,0.081547,-3.919681,4.102552,20.563194,12.612439,11.618459,-9.973614,-9.915394,-9.892956
77.596709,-0.098113,15.371813,-1.100336,1.165594,0.081572,-3.919109,4.102468,20.566795,12.620115,11.621920,-9.973717,-9.915127,-9.892899
77.614922,-0.098113,15.371813,-1.100336,1.165594,0.081662,-3.918543,4.102218,20.577604,12.627779,11.632300,-9.974033,-9.914856,-9.892712
77.623578,-0.098113,15.371813,-1.100336,1.165594,0.081705,-3.918261,4.102134,20.581211,12.631606,11.635758,-9.974152,-9.914722,-9.892651
77.635163,-0.098113,15.371813,-1.100336,1.165594,0.081747,-3.917708,4.102048,20.584820,12.639254,11.639214,-9.974262,-9.914474,-9.892593
77.643778,-0.098113,15.371813,-1.100336,1.165594,0.081860,-3.917422,4.101891,20.592033,12.643066,11.646120,-9.974499,-9.914345,-9.892494
77.654780,-0.098113,15.371813,-1.100336,1.165594,0.081931,-3.917141,4.101811,20.595638,12.646877,11.649570,-9.974621,-9.914223,-9.892452
77.663499,-0.098113,15.371813,-1.100336,1.165594,0.082001,-3.916863,4.101730,20.599243,12.650686,11.653018,-9.974739,-9.914104,-9.892410
77.674840,-0.098113,15.371813,-1.100336,1.165594,0.082069,-3.916588,4.101638,20.602850,12.654494,11.656469,-9.974854,-9.913994,-9.892353
77.684356,-0.098113,15.371813,-1.100336,1.165594,0.082251,-3.916035,4.101450,20.610060,12.662088,11.663367,-9.975113,-9.913773,-9.892250
77.695400,-0.098113,15.371813,-1.100336,1.165594,0.082339,-3.915498,4.101356,20.613667,12.669676,11.666814,-9.975235,-9.913570,-9.892204
77.714870,-0.098113,15.371813,-1.100336,1.165594,0.082526,-3.915234,4.101120,20.620880,12.673461,11.673696,-9.975479,-9.913479,-9.892105
77.723897,-0.098113,15.371813,-1.100336,1.165594,0.082720,-3.914719,4.101001,20.628098,12.681026,11.677135,-9.975727,-9.913307,-9.892059
77.734888,-0.098113,15.371813,-1.100336,1.165594,0.082814,-3.914467,4.100736,20.631706,12.684806,11.683991,-9.975842,-9.913231,-9.891949
77.744421,-0.098113,15.371813,-1.100336,1.165594,0.082924,-3.914212,4.100589,20.635324,12.688579,11.687411,-9.975975,-9.913143,-9.891884
77.755055,-0.098113,15.371813,-1.100336,1.165594,0.083032,-3.913961,4.100443,20.638943,12.692350,11.690829,-9.976101,-9.913055,-9.891823
77.764469,-0.098113,15.371813,-1.100336,1.165594,0.083240,-3.913714,4.100297,20.646183,12.696120,11.694246,-9.976334,-9.912971,-9.891769
77.775076,-0.098113,15.371813,-1.100336,1.165594,0.083343,-3.913218,4.099950,20.649801,12.703651,11.701038,-9.976456,-9.912804,-9.891590
77.786422,-0.098113,15.371813,-1.100336,1.165594,0.083443,-3.912971,4.099779,20.653419,12.707412,11.704433,-9.976574,-9.912724,-9.891510
77.795582,-0.098113,15.371813,-1.100336,1.165594,0.083637,-3.912488,4.099609,20.660660,12.714929,11.707829,-9.976795,-9.912579,-9.891430
77.814799,-0.098113,15.371813,-1.100336,1.165594,0.083827,-3.911977,4.099049,20.667883,12.722425,11.717939,-9.977036,-9.912422,-9.891106
77.823681,-0.098113,15.371813,-1.100336,1.165594,0.083918,-3.911728,4.098865,20.671495,12.726171,11.721310,-9.977150,-9.912350,-9.890991
77.835153,-0.098113,15.371813,-1.100336,1.165594,0.084006,-3.911484,4.098666,20.675110,12.729917,11.724649,-9.977249,-9.912285,-9.890839
77.843833,-0.098113,15.371813,-1.100336,1.165594,0.084189,-3.910944,4.098273,20.682312,12.737395,11.731331,-9.977474,-9.912132,-9.890545
77.854955,-0.098113,15.371813,-1.100336,1.165594,0.084277,-3.910681,4.098078,20.685915,12.741134,11.734672,-9.977577,-9.912064,-9.890404
77.864292,-0.098113,15.371813,-1.100336,1.165594,0.084364,-3.910423,4.097886,20.689518,12.744870,11.738014,-9.977676,-9.911999,-9.890266
77.875728,-0.098113,15.371813,-1.100336,1.165594,0.084447,-3.910169,4.097671,20.693123,12.748607,11.741331,-9.977776,-9.911945,-9.890083
77.884240,-0.098113,15.371813,-1.100336,1.165594,0.084615,-3.909627,4.097249,20.700321,12.756046,11.747968,-9.978001,-9.911823,-9.889736
77.896057,-0.098113,15.371813,-1.100336,1.165594,0.084696,-3.909105,4.097041,20.703922,12.763482,11.751287,-9.978107,-9.911716,-9.889568
77.914728,-0.098113,15.371813,-1.100336,1.165594,0.084862,-3.908842,4.096585,20.711115,12.767193,11.757891,-9.978340,-9.911671,-9.889168
77.923421,-0.098113,15.371813,-1.100336,1.165594,0.085029,-3.908331,4.096137,20.718296,12.774611,11.764498,-9.978588,-9.911583,-9.888794
77.935213,-0.098113,15.371813,-1.100336,1.165594,0.085109,-3.908082,4.095882,20.721888,12.778320,11.767791,-9.978703,-9.911545,-9.888573
77.944116,-0.098113,15.371813,-1.100336,1.165594,0.085196,-3.907815,4.095630,20.725456,12.782004,11.771083,-9.978836,-9.911503,-9.888363
77.954779,-0.098113,15.371813,-1.100336,1.165594,0.085280,-3.907553,4.095381,20.729023,12.785688,11.774377,-9.978973,-9.911465,-9.888161
77.964761,-0.098113,15.371813,-1.100336,1.165594,0.085361,-3.907042,4.095135,20.732592,12.793054,11.777670,-9.979103,-9.911404,-9.887962
77.975516,-0.098113,15.371813,-1.100336,1.165594,0.085531,-3.906782,4.094579,20.739719,12.796706,11.784232,-9.979370,-9.911369,-9.887535
77.983812,-0.098113,15.371813,-1.100336,1.165594,0.085619,-3.906526,4.094305,20.743279,12.800358,11.787513,-9.979507,-9.911335,-9.887329
77.996509,-0.098113,15.371813,-1.100336,1.165594,0.085704,-3.906026,4.094036,20.746838,12.807662,11.790794,-9.979641,-9.911301,-9.887131
78.014829,-0.098113,15.371813,-1.100336,1.165594,0.085956,-3.905523,4.093167,20.757498,12.814911,11.800623,-9.980003,-9.911251,-9.886532
78.023573,-0.098113,15.371813,-1.100336,1.165594,0.086036,-3.905278,4.092884,20.761049,12.818536,11.803900,-9.980114,-9.911236,-9.886345
78.035170,-0.098113,15.371813,-1.100336,1.165594,0.086114,-3.905037,4.092577,20.764601,12.822161,11.807178,-9.980217,-9.911221,-9.886147
78.043579,-0.098113,15.371813,-1.100336,1.165594,0.086266,-3.904581,4.091971,20.771692,12.829369,11.813734,-9.980434,-9.911194,-9.885769
78.055735,-0.098113,15.371813,-1.100336,1.165594,0.086337,-3.904141,4.091674,20.775238,12.836578,11.817013,-9.980537,-9.911179,-9.885593
78.074743,-0.098113,15.371813,-1.100336,1.165594,0.086485,-3.903954,4.091079,20.782339,12.840149,11.823579,-9.980743,-9.911167,-9.885212
78.084862,-0.098113,15.371813,-1.100336,1.165594,0.086562,-3.903589,4.090501,20.785892,12.847291,11.830148,-9.980850,-9.911160,-9.884857
78.096025,-0.098113,15.371813,-1.100336,1.165594,0.086706,-3.903411,4.090214,20.793001,12.850863,11.833447,-9.981041,-9.911160,-9.884678
78.103800,-0.098113,15.371813,-1.100336,1.165594,0.086798,-3.903269,4.089931,20.796555,12.854406,11.836748,-9.981144,-9.911156,-9.884506
78.114778,-0.098113,15.371813,-1.100336,1.165594,0.086887,-3.903129,4.089652,20.800108,12.857951,11.840050,-9.981239,-9.911175,-9.884338
78.123880,-0.098113,15.371813,-1.100336,1.165594,0.087053,-3.902860,4.089103,20.807213,12.865046,11.846657,-9.981426,-9.911213,-9.883999
78.135378,-0.098113,15.371813,-1.100336,1.165594,0.087132,-3.902729,4.088824,20.810766,12.868594,11.849967,-9.981514,-9.911240,-9.883823
78.144345,-0.098113,15.371813,-1.100336,1.165594,0.087221,-3.902632,4.088549,20.814342,12.872104,11.853279,-9.981606,-9.911255,-9.883656
78.156804,-0.098113,15.371813,-1.100336,1.165594,0.087307,-3.902536,4.088011,20.817919,12.875615,11.859907,-9.981693,-9.911274,-9.883339
78.165269,-0.098113,15.371813,-1.100336,1.165594,0.087390,-3.902350,4.087722,20.821497,12.882645,11.863229,-9.981773,-9.911304,-9.883175
78.175203,-0.098113,15.371813,-1.100336,1.165594,0.087564,-3.902210,4.087438,20.828667,12.889607,11.866551,-9.981934,-9.911285,-9.883022
78.194686,-0.098113,15.371813,-1.100336,1.165594,0.087828,-3.902077,4.086880,20.839443,12.896578,11.873202,-9.982132,-9.911285,-9.882744
78.206564,-0.098113,15.371813,-1.100336,1.165594,0.087940,-3.902047,4.086304,20.843042,12.900038,11.879840,-9.982197,-9.911278,-9.882477
78.214783,-0.098113,15.371813,-1.100336,1.165594,0.088048,-3.902017,4.086023,20.846642,12.903500,11.883162,-9.982258,-9.911270,-9.882355
78.223779,-0.098113,15.371813,-1.100336,1.165594,0.088152,-3.901989,4.085746,20.850241,12.906964,11.886486,-9.982315,-9.911266,-9.882236
78.235538,-0.098113,15.371813,-1.100336,1.165594,0.088253,-3.901963,4.085459,20.853840,12.910431,11.889811,-9.982368,-9.911270,-9.882130
78.243690,-0.098113,15.371813,-1.100336,1.165594,0.088379,-3.901973,4.084899,20.857443,12.913867,11.896466,-9.982422,-9.911266,-9.881920
78.255827,-0.098113,15.371813,-1.100336,1.165594,0.088619,-3.901996,4.084624,20.864649,12.920748,11.899797,-9.982513,-9.911263,-9.881824
78.264700,-0.098113,15.371813,-1.100336,1.165594,0.088733,-3.902008,4.084344,20.868250,12.924192,11.903131,-9.982555,-9.911266,-9.881744
78.274854,-0.098113,15.371813,-1.100336,1.165594,0.088876,-3.902050,4.084069,20.871868,12.927617,11.906467,-9.982597,-9.911243,-9.881668
78.283582,-0.098113,15.371813,-1.100336,1.165594,0.089149,-3.902093,4.083798,20.879101,12.931045,11.909806,-9.982666,-9.911224,-9.881599
78.296421,-0.098113,15.371813,-1.100336,1.165594,0.089279,-3.902248,4.083264,20.882717,12.941319,11.916491,-9.982697,-9.911205,-9.881470
78.314818,-0.098113,15.371813,-1.100336,1.165594,0.089588,-3.902317,4.082740,20.889984,12.944734,11.923184,-9.982746,-9.911190,-9.881374
78.323551,-0.098113,15.371813,-1.100336,1.165594,0.089736,-3.902455,4.082484,20.893616,12.951571,11.926535,-9.982761,-9.911175,-9.881332
78.335205,-0.098113,15.371813,-1.100336,1.165594,0.090039,-3.902539,4.081968,20.900883,12.954970,11.933238,-9.982780,-9.911140,-9.881256
78.343704,-0.098113,15.371813,-1.100336,1.165594,0.090194,-3.902622,4.081716,20.904516,12.958374,11.936592,-9.982788,-9.911110,-9.881226
78.355740,-0.098113,15.371813,-1.100336,1.165594,0.090344,-3.902787,4.081468,20.908150,12.965190,11.939949,-9.982788,-9.911034,-9.881195
78.374812,-0.098113,15.371813,-1.100336,1.165594,0.090810,-3.902956,4.080738,20.919067,12.972006,11.950039,-9.982731,-9.910908,-9.881123
78.383470,-0.098113,15.371813,-1.100336,1.165594,0.090964,-3.903041,4.080503,20.922709,12.975419,11.953406,-9.982700,-9.910854,-9.881104
78.395057,-0.098113,15.371813,-1.100336,1.165594,0.091259,-3.903124,4.080271,20.929989,12.978834,11.956777,-9.982628,-9.910805,-9.881088
78.405368,-0.098113,15.371813,-1.100336,1.165594,0.091418,-3.903298,4.079833,20.933628,12.985664,11.963515,-9.982578,-9.910694,-9.881039
78.414735,-0.098113,15.371813,-1.100336,1.165594,0.091574,-3.903388,4.079620,20.937267,12.989079,11.966888,-9.982529,-9.910633,-9.881020
78.424356,-0.098113,15.371813,-1.100336,1.165594,0.091725,-3.903477,4.079410,20.940905,12.992497,11.970265,-9.982475,-9.910576,-9.881008
78.435497,-0.098113,15.371813,-1.100336,1.165594,0.091873,-3.903566,4.079209,20.944542,12.995917,11.973632,-9.982433,-9.910530,-9.880989
78.443780,-0.098113,15.371813,-1.100336,1.165594,0.092213,-3.903767,4.078816,20.951845,13.002752,11.980373,-9.982330,-9.910416,-9.880951
78.456149,-0.098113,15.371813,-1.100336,1.165594,0.092377,-3.903964,4.078626,20.955496,13.009599,11.983748,-9.982277,-9.910324,-9.880936
78.475203,-0.098113,15.371813,-1.100336,1.165594,0.092708,-3.904068,4.078264,20.962805,13.013029,11.990490,-9.982159,-9.910255,-9.880886
78.484176,-0.098113,15.371813,-1.100336,1.165594,0.093039,-3.904274,4.078088,20.970121,13.019897,11.993865,-9.982040,-9.910133,-9.880878
78.494719,-0.098113,15.371813,-1.100336,1.165594,0.093199,-3.904375,4.077766,20.973778,13.023335,12.000610,-9.981983,-9.910080,-9.880844
78.504283,-0.098113,15.371813,-1.100336,1.165594,0.093372,-3.904492,4.077620,20.977455,13.026780,12.003981,-9.981922,-9.910015,-9.880821
78.514718,-0.098113,15.371813,-1.100336,1.165594,0.093707,-3.904607,4.077477,20.984804,13.030227,12.007354,-9.981792,-9.909954,-9.880798
78.523430,-0.098113,15.371813,-1.100336,1.165594,0.093869,-3.904833,4.077336,20.988476,13.037128,12.010731,-9.981728,-9.909832,-9.880779
78.535108,-0.098113,15.371813,-1.100336,1.165594,0.094043,-3.904968,4.077120,20.992163,13.040591,12.017487,-9.981663,-9.909752,-9.880692
78.544742,-0.098113,15.371813,-1.100336,1.165594,0.094212,-3.905102,4.077014,20.995850,13.044056,12.020869,-9.981594,-9.909676,-9.880638
78.556979,-0.098113,15.371813,-1.100336,1.165594,0.094378,-3.905363,4.076911,20.999533,13.050993,12.024255,-9.981537,-9.909542,-9.880592
78.575494,-0.098113,15.371813,-1.100336,1.165594,0.094891,-3.905687,4.076678,21.010620,13.057988,12.034412,-9.981358,-9.909420,-9.880363
78.583047,-0.098113,15.371813,-1.100336,1.165594,0.095061,-3.905846,4.076604,21.014318,13.061489,12.037805,-9.981300,-9.909367,-9.880295
78.594770,-0.098113,15.371813,-1.100336,1.165594,0.095226,-3.906184,4.076562,21.018017,13.068519,12.041207,-9.981239,-9.909271,-9.880207
78.604779,-0.098113,15.371813,-1.100336,1.165594,0.095565,-3.906362,4.076480,21.025431,13.072048,12.048023,-9.981117,-9.909229,-9.880047
78.614731,-0.098113,15.371813,-1.100336,1.165594,0.095729,-3.906538,4.076441,21.029137,13.075580,12.051436,-9.981056,-9.909191,-9.879971
78.624272,-0.098113,15.371813,-1.100336,1.165594,0.095890,-3.906711,4.076413,21.032839,13.079113,12.054864,-9.980995,-9.909161,-9.879887
78.636708,-0.098113,15.371813,-1.100336,1.165594,0.096061,-3.906896,4.076386,21.036535,13.082679,12.058294,-9.980938,-9.909122,-9.879807
78.643306,-0.098113,15.371813,-1.100336,1.165594,0.096393,-3.907256,4.076335,21.043926,13.089814,12.065164,-9.980820,-9.909073,-9.879658
78.656155,-0.098113,15.371813,-1.100336,1.165594,0.096552,-3.907430,4.076310,21.047619,13.093384,12.068602,-9.980762,-9.909058,-9.879589
78.664036,-0.098113,15.371813,-1.100336,1.165594,0.096708,-3.907601,4.076298,21.051310,13.096955,12.072042,-9.980701,-9.909050,-9.879505
78.674696,-0.098113,15.371813,-1.100336,1.165594,0.096886,-3.907782,4.076287,21.054991,13.100557,12.075485,-9.980606,-9.909027,-9.879425
78.683933,-0.098113,15.371813,-1.100336,1.165594,0.097228,-3.908134,4.076266,21.062346,13.107764,12.082379,-9.980419,-9.908993,-9.879280
78.695196,-0.098113,15.371813,-1.100336,1.165594,0.097393,-3.908305,4.076272,21.066021,13.111369,12.085832,-9.980324,-9.908981,-9.879200
78.703922,-0.098113,15.371813,-1.100336,1.165594,0.097580,-3.908488,4.076280,21.069677,13.115005,12.089286,-9.980232,-9.908951,-9.879124
78.715583,-0.098113,15.371813,-1.100336,1.165594,0.097763,-3.909016,4.076297,21.073332,13.125912,12.096202,-9.980141,-9.908905,-9.878986
78.735479,-0.098113,15.371813,-1.100336,1.165594,0.098293,-3.909202,4.076349,21.084290,13.129568,12.103103,-9.979893,-9.908875,-9.878826
78.743108,-0.098113,15.371813,-1.100336,1.165594,0.098465,-3.909384,4.076375,21.087940,13.133225,12.106557,-9.979813,-9.908852,-9.878754
78.756526,-0.098113,15.371813,-1.100336,1.165594,0.098796,-3.909738,4.076401,21.095238,13.140541,12.110015,-9.979652,-9.908813,-9.878685
78.774660,-0.098113,15.371813,-1.100336,1.165594,0.099122,-3.910080,4.076513,21.102545,13.147920,12.120349,-9.979507,-9.908726,-9.878433
78.783660,-0.098113,15.371813,-1.100336,1.165594,0.099279,-3.910247,4.076551,21.106195,13.151609,12.123799,-9.979431,-9.908691,-9.878365
78.794769,-0.098113,15.371813,-1.100336,1.165594,0.099433,-3.910571,4.076600,21.109846,13.159030,12.127237,-9.979370,-9.908623,-9.878277
78.804467,-0.098113,15.371813,-1.100336,1.165594,0.099727,-3.910727,4.076699,21.117170,13.162761,12.134123,-9.979229,-9.908585,-9.878113
78.816014,-0.098113,15.371813,-1.100336,1.165594,0.099870,-3.911031,4.076748,21.120831,13.170219,12.137569,-9.979160,-9.908527,-9.878036
78.834813,-0.098113,15.371813,-1.100336,1.165594,0.100147,-3.911190,4.076906,21.128153,13.173984,12.144463,-9.979023,-9.908493,-9.877846
78.843389,-0.098113,15.371813,-1.100336,1.165594,0.100415,-3.911346,4.076984,21.135473,13.177747,12.147913,-9.978897,-9.908466,-9.877758
78.854888,-0.098113,15.371813,-1.100336,1.165594,0.100544,-3.911648,4.077160,21.139132,13.185271,12.154819,-9.978840,-9.908421,-9.877575
78.863914,-0.098113,15.371813,-1.100336,1.165594,0.100671,-3.911802,4.077257,21.142805,13.189071,12.158275,-9.978790,-9.908394,-9.877476
78.874712,-0.098113,15.371813,-1.100336,1.165594,0.100796,-3.911952,4.077353,21.146475,13.192868,12.161732,-9.978741,-9.908367,-9.877384
78.884134,-0.098113,15.371813,-1.100336,1.165594,0.100918,-3.912243,4.077557,21.150145,13.200460,12.168641,-9.978691,-9.908337,-9.877186
78.895029,-0.098113,15.371813,-1.100336,1.165594,0.101143,-3.912392,4.077665,21.157484,13.204283,12.172093,-9.978607,-9.908321,-9.877083
78.903956,-0.098113,15.371813,-1.100336,1.165594,0.101247,-3.912538,4.077772,21.161154,13.208103,12.175549,-9.978573,-9.908314,-9.876972
78.915640,-0.098113,15.371813,-1.100336,1.165594,0.101347,-3.912680,4.077984,21.164822,13.211923,12.182467,-9.978539,-9.908310,-9.876766
78.924156,-0.098113,15.371813,-1.100336,1.165594,0.101445,-3.912954,4.078095,21.168489,13.219556,12.185914,-9.978504,-9.908310,-9.876652
78.935067,-0.098113,15.371813,-1.100336,1.165594,0.101623,-3.913092,4.078206,21.175817,13.223398,12.189363,-9.978443,-9.908318,-9.876545
78.943730,-0.098113,15.371813,-1.100336,1.165594,0.101705,-3.913227,4.078316,21.179480,13.227239,12.192815,-9.978416,-9.908325,-9.876442
78.954871,-0.098113,15.371813,-1.100336,1.165594,0.101861,-3.913486,4.078424,21.186798,13.234913,12.196270,-9.978359,-9.908321,-9.876343
78.964697,-0.098113,15.371813,-1.100336,1.165594,0.101928,-3.913612,4.078634,21.190456,13.238762,12.203163,-9.978336,-9.908321,-9.876087
78.976010,-0.098113,15.371813,-1.100336,1.165594,0.101993,-3.913735,4.078737,21.194113,13.242608,12.206614,-9.978310,-9.908321,-9.875965
78.984508,-0.098113,15.371813,-1.100336,1.165594,0.102055,-3.913854,4.078839,21.197767,13.246453,12.210068,-9.978283,-9.908329,-9.875851
78.994933,-0.098113,15.371813,-1.100336,1.165594,0.102116,-3.913971,4.078954,21.201422,13.250296,12.213526,-9.978256,-9.908337,-9.875713
79.004886,-0.098113,15.371813,-1.100336,1.165594,0.102212,-3.914180,4.079068,21.208721,13.257978,12.216987,-9.978199,-9.908333,-9.875576
79.016146,-0.098113,15.371813,-1.100336,1.165594,0.102257,-3.914377,4.079292,21.212368,13.265654,12.223915,-9.978168,-9.908344,-9.875328
79.035079,-0.098113,15.371813,-1.100336,1.165594,0.102343,-3.914457,4.079534,21.219667,13.269492,12.230830,-9.978100,-9.908337,-9.875065
79.043182,-0.098113,15.371813,-1.100336,1.165594,0.102422,-3.914606,4.079769,21.226967,13.277163,12.237756,-9.978016,-9.908329,-9.874821
79.055029,-0.098113,15.371813,-1.100336,1.165594,0.102460,-3.914677,4.079885,21.230614,13.280995,12.241208,-9.977970,-9.908333,-9.874699
79.064666,-0.098113,15.371813,-1.100336,1.165594,0.102504,-3.914735,4.079999,21.234272,13.284825,12.244664,-9.977936,-9.908310,-9.874580
79.074623,-0.098113,15.371813,-1.100336,1.165594,0.102547,-3.914792,4.080111,21.237928,13.288653,12.248123,-9.977898,-9.908291,-9.874470
79.084150,-0.098113,15.371813,-1.100336,1.165594,0.102628,-3.914896,4.080223,21.245234,13.296302,12.251585,-9.977829,-9.908268,-9.874363
79.096933,-0.098113,15.371813,-1.100336,1.165594,0.102678,-3.914983,4.080408,21.248903,13.303929,12.258487,-9.977802,-9.908218,-9.874157
79.116071,-0.098113,15.371813,-1.100336,1.165594,0.102819,-3.915023,4.080682,21.259899,13.307740,12.268848,-9.977707,-9.908203,-9.873871
79.125302,-0.098113,15.371813,-1.100336,1.165594,0.102844,-3.915061,4.080774,21.263584,13.311548,12.272300,-9.977680,-9.908188,-9.873775
79.134889,-0.098113,15.371813,-1.100336,1.165594,0.102869,-3.915147,4.080865,21.267265,13.319163,12.275754,-9.977650,-9.908150,-9.873688
79.143170,-0.098113,15.371813,-1.100336,1.165594,0.102892,-3.915185,4.080954,21.270945,13.322968,12.279212,-9.977619,-9.908138,-9.873600
79.156582,-0.098113,15.371813,-1.100336,1.165594,0.102937,-3.915221,4.081059,21.278311,13.326770,12.282657,-9.977589,-9.908131,-9.873497
79.164313,-0.098113,15.371813,-1.100336,1.165594,0.102959,-3.915291,4.081262,21.282000,13.334383,12.289558,-9.977573,-9.908127,-9.873314
79.174583,-0.098113,15.371813,-1.100336,1.165594,0.102980,-3.915323,4.081361,21.285685,13.338187,12.293015,-9.977558,-9.908131,-9.873230
79.185014,-0.098113,15.371813,-1.100336,1.165594,0.103000,-3.915352,4.081458,21.289368,13.341989,12.296474,-9.977543,-9.908138,-9.873150
79.194832,-0.098113,15.371813,-1.100336,1.165594,0.103019,-3.915378,4.081589,21.293049,13.345789,12.299920,-9.977524,-9.908150,-9.873058
79.204228,-0.098113,15.371813,-1.100336,1.165594,0.103054,-3.915410,4.081843,21.300457,13.349583,12.306824,-9.977474,-9.908176,-9.872890
79.216620,-0.098113,15.371813,-1.100336,1.165594,0.103070,-3.915489,4.081967,21.304157,13.360957,12.310282,-9.977444,-9.908279,-9.872814
79.234904,-0.098113,15.371813,-1.100336,1.165594,0.103097,-3.915530,4.082261,21.311571,13.364738,12.317163,-9.977375,-9.908337,-9.872631
79.243190,-0.098113,15.371813,-1.100336,1.165594,0.103107,-3.915604,4.082545,21.315285,13.372295,12.324061,-9.977341,-9.908443,-9.872467
79.255146,-0.098113,15.371813,-1.100336,1.165594,0.103126,-3.915637,4.082700,21.322702,13.376071,12.327497,-9.977268,-9.908497,-9.872383
79.264117,-0.098113,15.371813,-1.100336,1.165594,0.103138,-3.915696,4.082852,21.326424,13.379828,12.330936,-9.977230,-9.908562,-9.872288
79.274697,-0.098113,15.371813,-1.100336,1.165594,0.103149,-3.915751,4.083002,21.330139,13.383584,12.334379,-9.977203,-9.908630,-9.872200
79.284687,-0.098113,15.371813,-1.100336,1.165594,0.103160,-3.915853,4.083300,21.333855,13.391093,12.341267,-9.977173,-9.908772,-9.872009
79.294831,-0.098113,15.371813,-1.100336,1.165594,0.103188,-3.915921,4.083449,21.341282,13.394840,12.344711,-9.977119,-9.908852,-9.871910
79.304043,-0.098113,15.371813,-1.100336,1.165594,0.103205,-3.915987,4.083595,21.344997,13.398586,12.348159,-9.977097,-9.908928,-9.871819
79.316128,-0.098113,15.371813,-1.100336,1.165594,0.103236,-3.916107,4.083739,21.352419,13.406074,12.351611,-9.977043,-9.909061,-9.871731
79.334933,-0.098113,15.371813,-1.100336,1.165594,0.103277,-3.916227,4.084188,21.359823,13.413559,12.362025,-9.977005,-9.909184,-9.871483
79.344207,-0.098113,15.371813,-1.100336,1.165594,0.103296,-3.916284,4.084333,21.363520,13.417300,12.365503,-9.976982,-9.909245,-9.871410
79.357359,-0.098113,15.371813,-1.100336,1.165594,0.103314,-3.916394,4.084643,21.367216,13.424761,12.372496,-9.976959,-9.909359,-9.871258
79.364965,-0.098113,15.371813,-1.100336,1.165594,0.103380,-3.916448,4.084794,21.374596,13.428481,12.375997,-9.976929,-9.909405,-9.871189
79.376627,-0.098113,15.371813,-1.100336,1.165594,0.103411,-3.916499,4.084941,21.378283,13.432199,12.379499,-9.976910,-9.909454,-9.871128
79.385105,-0.098113,15.371813,-1.100336,1.165594,0.103441,-3.916548,4.085094,21.381966,13.435918,12.383013,-9.976894,-9.909504,-9.871078
79.394928,-0.098113,15.371813,-1.100336,1.165594,0.103500,-3.916597,4.085245,21.385635,13.439611,12.386528,-9.976883,-9.909538,-9.871033
79.404176,-0.098113,15.371813,-1.100336,1.165594,0.103613,-3.916687,4.085540,21.392967,13.446997,12.393568,-9.976856,-9.909611,-9.870956
79.416496,-0.098113,15.371813,-1.100336,1.165594,0.103668,-3.916728,4.085686,21.396629,13.450688,12.397110,-9.976845,-9.909649,-9.870922
79.424903,-0.098113,15.371813,-1.100336,1.165594,0.103737,-3.916772,4.085830,21.400270,13.454328,12.400654,-9.976826,-9.909660,-9.870892
79.435018,-0.098113,15.371813,-1.100336,1.165594,0.103806,-3.916813,4.085972,21.403908,13.457968,12.404200,-9.976807,-9.909672,-9.870865
79.443684,-0.098113,15.371813,-1.100336,1.165594,0.103872,-3.916852,4.086246,21.407545,13.461607,12.411301,-9.976788,-9.909687,-9.870819
79.454987,-0.098113,15.371813,-1.100336,1.165594,0.104001,-3.916921,4.086383,21.414814,13.468888,12.414865,-9.976738,-9.909725,-9.870800
79.463754,-0.098113,15.371813,-1.100336,1.165594,0.104077,-3.916960,4.086517,21.418427,13.472481,12.418433,-9.976707,-9.909725,-9.870785
79.475681,-0.098113,15.371813,-1.100336,1.165594,0.104152,-3.917061,4.086649,21.422037,13.483264,12.422003,-9.976677,-9.909718,-9.870773
79.495076,-0.098113,15.371813,-1.100336,1.165594,0.104390,-3.917103,4.087065,21.432846,13.486842,12.432739,-9.976574,-9.909687,-9.870720
79.503740,-0.098113,15.371813,-1.100336,1.165594,0.104480,-3.917142,4.087205,21.436436,13.490421,12.436326,-9.976536,-9.909660,-9.870705
79.514967,-0.098113,15.371813,-1.100336,1.165594,0.104570,-3.917211,4.087342,21.440023,13.497583,12.439916,-9.976501,-9.909615,-9.870693
79.524325,-0.098113,15.371813,-1.100336,1.165594,0.104770,-3.917253,4.087477,21.447184,13.501153,12.443507,-9.976425,-9.909580,-9.870670
79.534874,-0.098113,15.371813,-1.100336,1.165594,0.104880,-3.917293,4.087741,21.450756,13.504725,12.450697,-9.976391,-9.909550,-9.870632
79.543563,-0.098113,15.371813,-1.100336,1.165594,0.104989,-3.917330,4.087869,21.454327,13.508297,12.454295,-9.976349,-9.909523,-9.870617
79.555379,-0.098113,15.371813,-1.100336,1.165594,0.105096,-3.917364,4.087991,21.457895,13.511870,12.457900,-9.976311,-9.909504,-9.870602
79.564381,-0.098113,15.371813,-1.100336,1.165594,0.105192,-3.917409,4.088229,21.461451,13.518984,12.465116,-9.976261,-9.909439,-9.870605
79.576040,-0.098113,15.371813,-1.100336,1.165594,0.105380,-3.917445,4.088346,21.468561,13.526103,12.468727,-9.976162,-9.909389,-9.870609
79.595507,-0.098113,15.371813,-1.100336,1.165594,0.105537,-3.917448,4.088639,21.475651,13.529644,12.479572,-9.976059,-9.909363,-9.870621
79.603767,-0.098113,15.371813,-1.100336,1.165594,0.105663,-3.917447,4.088733,21.482718,13.536729,12.483191,-9.975956,-9.909325,-9.870628
79.615094,-0.098113,15.371813,-1.100336,1.165594,0.105725,-3.917443,4.088823,21.486250,13.540275,12.486815,-9.975903,-9.909317,-9.870640
79.623600,-0.098113,15.371813,-1.100336,1.165594,0.105752,-3.917425,4.088912,21.489761,13.543795,12.490442,-9.975849,-9.909306,-9.870663
79.634769,-0.098113,15.371813,-1.100336,1.165594,0.105778,-3.917405,4.089000,21.493271,13.547318,12.494070,-9.975807,-9.909298,-9.870686
79.643260,-0.098113,15.371813,-1.100336,1.165594,0.105829,-3.917384,4.089086,21.500288,13.550841,12.497700,-9.975719,-9.909290,-9.870708
79.655052,-0.098113,15.371813,-1.100336,1.165594,0.105817,-3.917327,4.089266,21.503765,13.557860,12.504953,-9.975670,-9.909286,-9.870747
79.663595,-0.098113,15.371813,-1.100336,1.165594,0.105805,-3.917292,4.089352,21.507242,13.561356,12.508583,-9.975620,-9.909286,-9.870773
79.675419,-0.098113,15.371813,-1.100336,1.165594,0.105792,-3.917217,4.089437,21.510719,13.568351,12.512215,-9.975571,-9.909275,-9.870800
79.694846,-0.098113,15.371813,-1.100336,1.165594,0.105695,-3.917096,4.089710,21.521105,13.575318,12.523097,-9.975391,-9.909260,-9.870914
79.703514,-0.098113,15.371813,-1.100336,1.165594,0.105654,-3.917033,4.089798,21.524559,13.578806,12.526729,-9.975327,-9.909256,-9.870960
79.714899,-0.098113,15.371813,-1.100336,1.165594,0.105574,-3.916968,4.089884,21.531469,13.582294,12.530362,-9.975201,-9.909260,-9.871006
79.724571,-0.098113,15.371813,-1.100336,1.165594,0.105495,-3.916903,4.090063,21.534912,13.585786,12.537646,-9.975128,-9.909264,-9.871098
79.735067,-0.098113,15.371813,-1.100336,1.165594,0.105417,-3.916730,4.090150,21.538355,13.592760,12.541291,-9.975056,-9.909260,-9.871147
79.744384,-0.098113,15.371813,-1.100336,1.165594,0.105339,-3.916643,4.090236,21.541800,13.596251,12.544937,-9.974983,-9.909260,-9.871181
79.755225,-0.098113,15.371813,-1.100336,1.165594,0.105263,-3.916554,4.090324,21.545244,13.599743,12.548593,-9.974930,-9.909267,-9.871204
79.766547,-0.098113,15.371813,-1.100336,1.165594,0.105038,-3.916327,4.090495,21.552107,13.606742,12.555910,-9.974823,-9.909286,-9.871254
79.776387,-0.098113,15.371813,-1.100336,1.165594,0.104927,-3.916099,4.090578,21.555540,13.613747,12.559570,-9.974773,-9.909317,-9.871284
79.794887,-0.098113,15.371813,-1.100336,1.165594,0.104688,-3.915961,4.090753,21.562405,13.617254,12.566917,-9.974667,-9.909344,-9.871330
79.804165,-0.098113,15.371813,-1.100336,1.165594,0.104559,-3.915684,4.090837,21.565838,13.624272,12.570593,-9.974617,-9.909405,-9.871368
79.815454,-0.098113,15.371813,-1.100336,1.165594,0.104306,-3.915546,4.091004,21.572706,13.627784,12.577967,-9.974503,-9.909439,-9.871445
79.824367,-0.098113,15.371813,-1.100336,1.165594,0.104159,-3.915395,4.091088,21.576120,13.631290,12.581665,-9.974445,-9.909470,-9.871490
79.834782,-0.098113,15.371813,-1.100336,1.165594,0.104013,-3.915244,4.091169,21.579536,13.634800,12.585363,-9.974392,-9.909500,-9.871532
79.843914,-0.098113,15.371813,-1.100336,1.165594,0.103868,-3.915094,4.091249,21.582954,13.638310,12.589064,-9.974339,-9.909534,-9.871578
79.855538,-0.098113,15.371813,-1.100336,1.165594,0.103566,-3.914782,4.091401,21.589777,13.645339,12.596504,-9.974236,-9.909595,-9.871693
79.863440,-0.098113,15.371813,-1.100336,1.165594,0.103409,-3.914621,4.091474,21.593184,13.648857,12.600225,-9.974186,-9.909626,-9.871758
79.875778,-0.098113,15.371813,-1.100336,1.165594,0.103254,-3.914300,4.091545,21.596592,13.655898,12.603947,-9.974129,-9.909695,-9.871819
79.894659,-0.098113,15.371813,-1.100336,1.165594,0.102739,-3.913976,4.091753,21.606787,13.662937,12.615164,-9.973988,-9.909740,-9.872028
79.903394,-0.098113,15.371813,-1.100336,1.165594,0.102561,-3.913816,4.091819,21.610182,13.666459,12.618904,-9.973949,-9.909771,-9.872101
79.915967,-0.098113,15.371813,-1.100336,1.165594,0.102385,-3.913480,4.091884,21.613579,13.673500,12.622662,-9.973907,-9.909805,-9.872169
79.924028,-0.098113,15.371813,-1.100336,1.165594,0.102192,-3.913305,4.092008,21.616955,13.677019,12.630177,-9.973866,-9.909821,-9.872337
79.934706,-0.098113,15.371813,-1.100336,1.165594,0.101812,-3.913132,4.092067,21.623711,13.680540,12.633935,-9.973785,-9.909836,-9.872421
79.944096,-0.098113,15.371813,-1.100336,1.165594,0.101625,-3.912959,4.092114,21.627092,13.684061,12.637684,-9.973747,-9.909855,-9.872501
79.955439,-0.098113,15.371813,-1.100336,1.165594,0.101416,-3.912781,4.092161,21.630455,13.687562,12.641433,-9.973701,-9.909851,-9.872581
79.963581,-0.098113,15.371813,-1.100336,1.165594,0.101210,-3.912605,4.092248,21.633821,13.691065,12.648931,-9.973660,-9.909851,-9.872749
79.976127,-0.098113,15.371813,-1.100336,1.165594,0.100802,-3.912083,4.092289,21.640562,13.701580,12.652679,-9.973572,-9.909840,-9.872829
79.994751,-0.098113,15.371813,-1.100336,1.165594,0.100366,-3.911916,4.092337,21.647299,13.705064,12.660174,-9.973499,-9.909821,-9.872955
80.003919,-0.098113,15.371813,-1.100336,1.165594,0.100133,-3.911584,4.092381,21.650663,13.712036,12.667669,-9.973473,-9.909794,-9.873085
80.016158,-0.098113,15.371813,-1.100336,1.165594,0.099675,-3.911420,4.092394,21.657404,13.715525,12.671422,-9.973412,-9.909786,-9.873150
80.024556,-0.098113,15.371813,-1.100336,1.165594,0.099401,-3.911261,4.092406,21.660755,13.719003,12.675175,-9.973385,-9.909752,-9.873215
80.035347,-0.098113,15.371813,-1.100336,1.165594,0.099131,-3.910793,4.092427,21.664110,13.729449,12.682678,-9.973354,-9.909645,-9.873344
80.055284,-0.098113,15.371813,-1.100336,1.165594,0.098296,-3.910649,4.092443,21.674166,13.732924,12.690176,-9.973259,-9.909588,-9.873482
80.063908,-0.098113,15.371813,-1.100336,1.165594,0.097997,-3.910506,4.092450,21.677509,13.736399,12.693925,-9.973221,-9.909538,-9.873554
80.075466,-0.098113,15.371813,-1.100336,1.165594,0.097702,-3.910365,4.092456,21.680855,13.739877,12.697673,-9.973183,-9.909492,-9.873627
80.084411,-0.098113,15.371813,-1.100336,1.165594,0.097410,-3.910224,4.092462,21.684204,13.743356,12.701415,-9.973148,-9.909451,-9.873707
80.094771,-0.098113,15.371813,-1.100336,1.165594,0.096791,-3.909953,4.092472,21.690874,13.750302,12.708899,-9.973080,-9.909359,-9.873875
80.103498,-0.098113,15.371813,-1.100336,1.165594,0.096487,-3.909819,4.092476,21.694214,13.753778,12.712641,-9.973045,-9.909317,-9.873962
80.114897,-0.098113,15.371813,-1.100336,1.165594,0.096187,-3.909686,4.092468,21.697557,13.757257,12.716372,-9.973015,-9.909279,-9.874069
80.123867,-0.098113,15.371813,-1.100336,1.165594,0.095559,-3.909552,4.092451,21.704208,13.760733,12.723837,-9.972965,-9.909222,-9.874283
80.136053,-0.098113,15.371813,-1.100336,1.165594,0.095252,-3.909156,4.092442,21.707539,13.771172,12.727569,-9.972942,-9.909077,-9.874390
80.155411,-0.098113,15.371813,-1.100336,1.165594,0.094640,-3.909015,4.092390,21.714199,13.774652,12.735026,-9.972889,-9.908993,-9.874615
80.164478,-0.098113,15.371813,-1.100336,1.165594,0.094336,-3.908738,4.092364,21.717527,13.781618,12.738755,-9.972858,-9.908844,-9.874710
80.175283,-0.098113,15.371813,-1.100336,1.165594,0.093740,-3.908601,4.092285,21.724195,13.785103,12.746212,-9.972794,-9.908775,-9.874916
80.184209,-0.098113,15.371813,-1.100336,1.165594,0.093445,-3.908447,4.092233,21.727510,13.788580,12.749941,-9.972771,-9.908672,-9.875023
80.195498,-0.098113,15.371813,-1.100336,1.165594,0.093155,-3.908295,4.092181,21.730827,13.792059,12.753670,-9.972744,-9.908577,-9.875130
80.204224,-0.098113,15.371813,-1.100336,1.165594,0.092586,-3.908144,4.092130,21.737474,13.795539,12.757397,-9.972691,-9.908489,-9.875237
80.215126,-0.098113,15.371813,-1.100336,1.165594,0.092296,-3.907826,4.092003,21.740776,13.802498,12.764842,-9.972668,-9.908272,-9.875481
80.224061,-0.098113,15.371813,-1.100336,1.165594,0.092009,-3.907658,4.091941,21.744081,13.805977,12.768564,-9.972645,-9.908161,-9.875626
80.235479,-0.098113,15.371813,-1.100336,1.165594,0.091727,-3.907493,4.091880,21.747391,13.809457,12.772285,-9.972607,-9.908054,-9.875771
80.243909,-0.098113,15.371813,-1.100336,1.165594,0.091175,-3.907329,4.091820,21.754021,13.812939,12.776007,-9.972530,-9.907955,-9.875912
80.255108,-0.098113,15.371813,-1.100336,1.165594,0.090888,-3.906987,4.091671,21.757313,13.819906,12.783434,-9.972507,-9.907757,-9.876217
80.263347,-0.098113,15.371813,-1.100336,1.165594,0.090606,-3.906810,4.091598,21.760611,13.823392,12.787147,-9.972485,-9.907661,-9.876369
80.276009,-0.098113,15.371813,-1.100336,1.165594,0.090057,-3.906461,4.091526,21.767216,13.830365,12.790858,-9.972443,-9.907478,-9.876514
80.284138,-0.098113,15.371813,-1.100336,1.165594,0.089779,-3.906275,4.091368,21.770514,13.833858,12.798250,-9.972435,-9.907375,-9.876816
80.294592,-0.098113,15.371813,-1.100336,1.165594,0.089506,-3.906092,4.091291,21.773815,13.837353,12.801946,-9.972427,-9.907280,-9.876965
80.304395,-0.098113,15.371813,-1.100336,1.165594,0.089237,-3.905911,4.091215,21.777121,13.840848,12.805641,-9.972424,-9.907192,-9.877110
80.314827,-0.098113,15.371813,-1.100336,1.165594,0.088974,-3.905733,4.091144,21.780432,13.844343,12.809322,-9.972416,-9.907108,-9.877266
80.323828,-0.098113,15.371813,-1.100336,1.165594,0.088424,-3.905537,4.091005,21.787001,13.847848,12.816685,-9.972424,-9.907017,-9.877567
80.335950,-0.098113,15.371813,-1.100336,1.165594,0.088156,-3.904966,4.090937,21.790291,13.858364,12.820365,-9.972427,-9.906746,-9.877716
80.355875,-0.098113,15.371813,-1.100336,1.165594,0.087625,-3.904760,4.090702,21.796871,13.861867,12.831378,-9.972458,-9.906654,-9.878159
80.363307,-0.098113,15.371813,-1.100336,1.165594,0.087101,-3.904355,4.090626,21.803453,13.868875,12.835049,-9.972507,-9.906483,-9.878304
80.374852,-0.098113,15.371813,-1.100336,1.165594,0.086846,-3.904157,4.090547,21.806751,13.872378,12.838717,-9.972527,-9.906406,-9.878448
80.385544,-0.098113,15.371813,-1.100336,1.165594,0.086593,-3.903942,4.090469,21.810049,13.875901,12.842384,-9.972549,-9.906315,-9.878593
80.394644,-0.098113,15.371813,-1.100336,1.165594,0.086344,-3.903731,4.090393,21.813353,13.879425,12.846052,-9.972569,-9.906239,-9.878735
80.404862,-0.098113,15.371813,-1.100336,1.165594,0.085860,-3.903316,4.090318,21.819969,13.886473,12.849719,-9.972610,-9.906109,-9.878876
80.414712,-0.098113,15.371813,-1.100336,1.165594,0.085624,-3.903103,4.090166,21.823282,13.890011,12.857066,-9.972626,-9.906033,-9.879162
80.423697,-0.098113,15.371813,-1.100336,1.165594,0.085392,-3.902892,4.090092,21.826597,13.893548,12.860740,-9.972645,-9.905964,-9.879299
80.435630,-0.098113,15.371813,-1.100336,1.165594,0.084941,-3.902480,4.090019,21.833242,13.900623,12.864411,-9.972679,-9.905842,-9.879433
80.455801,-0.098113,15.371813,-1.100336,1.165594,0.084487,-3.902055,4.089784,21.839891,13.907735,12.875426,-9.972694,-9.905693,-9.879845
80.463397,-0.098113,15.371813,-1.100336,1.165594,0.084267,-3.901847,4.089709,21.843222,13.911289,12.879098,-9.972698,-9.905624,-9.879982
80.474700,-0.098113,15.371813,-1.100336,1.165594,0.083831,-3.901426,4.089619,21.849905,13.918421,12.882751,-9.972733,-9.905476,-9.880123
80.484059,-0.098113,15.371813,-1.100336,1.165594,0.083617,-3.901215,4.089443,21.853258,13.921998,12.890055,-9.972740,-9.905392,-9.880398
80.494828,-0.098113,15.371813,-1.100336,1.165594,0.083407,-3.901006,4.089357,21.856615,13.925574,12.893706,-9.972748,-9.905319,-9.880531
80.503967,-0.098113,15.371813,-1.100336,1.165594,0.083201,-3.900801,4.089272,21.859976,13.929150,12.897357,-9.972755,-9.905247,-9.880661
80.514951,-0.098113,15.371813,-1.100336,1.165594,0.083000,-3.900598,4.089176,21.863340,13.932724,12.900992,-9.972759,-9.905174,-9.880791
80.523580,-0.098113,15.371813,-1.100336,1.165594,0.082785,-3.900385,4.088988,21.866718,13.936309,12.908261,-9.972744,-9.905071,-9.881031
80.537680,-0.098113,15.371813,-1.100336,1.165594,0.082369,-3.899762,4.088897,21.873484,13.947057,12.911896,-9.972691,-9.904804,-9.881145
80.555049,-0.098113,15.371813,-1.100336,1.165594,0.081953,-3.899551,4.088671,21.880276,13.950651,12.919132,-9.972630,-9.904701,-9.881378
80.564090,-0.098113,15.371813,-1.100336,1.165594,0.081744,-3.899136,4.088454,21.883686,13.957836,12.926370,-9.972599,-9.904514,-9.881599
80.575249,-0.098113,15.371813,-1.100336,1.165594,0.081340,-3.898934,4.088325,21.890511,13.961427,12.929975,-9.972538,-9.904434,-9.881718
80.584501,-0.098113,15.371813,-1.100336,1.165594,0.081133,-3.898724,4.088199,21.893951,13.965030,12.933578,-9.972500,-9.904339,-9.881832
80.594783,-0.098113,15.371813,-1.100336,1.165594,0.080930,-3.898517,4.088076,21.897396,13.968632,12.937182,-9.972469,-9.904247,-9.881947
80.604450,-0.098113,15.371813,-1.100336,1.165594,0.080733,-3.898313,4.087956,21.900841,13.972232,12.940786,-9.972435,-9.904160,-9.882057
80.614946,-0.098113,15.371813,-1.100336,1.165594,0.080356,-3.897902,4.087673,21.907755,13.979434,12.947979,-9.972363,-9.903992,-9.882267
80.623642,-0.098113,15.371813,-1.100336,1.165594,0.080177,-3.897694,4.087535,21.911221,13.983037,12.951576,-9.972324,-9.903904,-9.882370
80.637073,-0.098113,15.371813,-1.100336,1.165594,0.080002,-3.897490,4.087399,21.914690,13.986637,12.955173,-9.972286,-9.903835,-9.882469
80.644128,-0.098113,15.371813,-1.100336,1.165594,0.079832,-3.897070,4.087243,21.918161,13.993841,12.958769,-9.972252,-9.903694,-9.882576
80.654990,-0.098113,15.371813,-1.100336,1.165594,0.079480,-3.896854,4.086941,21.925142,13.997443,12.965961,-9.972176,-9.903625,-9.882782
80.663976,-0.098113,15.371813,-1.100336,1.165594,0.079312,-3.896643,4.086793,21.928635,14.001043,12.969558,-9.972134,-9.903564,-9.882881
80.675058,-0.098113,15.371813,-1.100336,1.165594,0.079148,-3.896216,4.086626,21.932129,14.008240,12.973162,-9.972095,-9.903450,-9.882988
80.684136,-0.098113,15.371813,-1.100336,1.165594,0.078803,-3.896002,4.086462,21.939190,14.011833,12.976767,-9.972012,-9.903393,-9.883091
80.695127,-0.098113,15.371813,-1.100336,1.165594,0.078638,-3.895583,4.086142,21.942722,14.019018,12.983976,-9.971973,-9.903294,-9.883293
80.714953,-0.098113,15.371813,-1.100336,1.165594,0.078306,-3.895366,4.085763,21.949810,14.022610,12.991174,-9.971874,-9.903248,-9.883476
80.723677,-0.098113,15.371813,-1.100336,1.165594,0.077979,-3.894942,4.085397,21.956924,14.029789,12.998371,-9.971764,-9.903175,-9.883652
80.736603,-0.098113,15.371813,-1.100336,1.165594,0.077821,-3.894735,4.085187,21.960482,14.033377,13.001974,-9.971710,-9.903145,-9.883736
80.743873,-0.098113,15.371813,-1.100336,1.165594,0.077664,-3.894536,4.084981,21.964075,14.036974,13.005576,-9.971649,-9.903114,-9.883816
80.754827,-0.098113,15.371813,-1.100336,1.165594,0.077511,-3.894342,4.084779,21.967670,14.040571,13.009179,-9.971588,-9.903107,-9.883896
80.763911,-0.098113,15.371813,-1.100336,1.165594,0.077217,-3.893964,4.084386,21.974857,14.047760,13.016383,-9.971493,-9.903099,-9.884064
80.774777,-0.098113,15.371813,-1.100336,1.165594,0.077076,-3.893780,4.084177,21.978453,14.051352,13.020000,-9.971455,-9.903103,-9.884144
80.783742,-0.098113,15.371813,-1.100336,1.165594,0.076943,-3.893601,4.083972,21.982075,14.054960,13.023617,-9.971413,-9.903099,-9.884220
80.795812,-0.098113,15.371813,-1.100336,1.165594,0.076814,-3.893251,4.083573,21.985699,14.062172,13.030849,-9.971375,-9.903111,-9.884377
80.814761,-0.098113,15.371813,-1.100336,1.165594,0.076444,-3.892904,4.083142,21.996588,14.069407,13.038097,-9.971256,-9.903152,-9.884506
80.823478,-0.098113,15.371813,-1.100336,1.165594,0.076325,-3.892730,4.082931,22.000233,14.073034,13.041720,-9.971214,-9.903179,-9.884583
80.834790,-0.098113,15.371813,-1.100336,1.165594,0.076096,-3.892393,4.082723,22.007521,14.080282,13.045343,-9.971130,-9.903244,-9.884659
80.843534,-0.098113,15.371813,-1.100336,1.165594,0.075995,-3.892210,4.082288,22.011171,14.083929,13.052622,-9.971081,-9.903278,-9.884777
80.855006,-0.098113,15.371813,-1.100336,1.165594,0.075898,-3.892031,4.082077,22.014822,14.087576,13.056260,-9.971035,-9.903313,-9.884834
80.863648,-0.098113,15.371813,-1.100336,1.165594,0.075804,-3.891856,4.081868,22.018475,14.091217,13.059898,-9.970989,-9.903351,-9.884892
80.874694,-0.098113,15.371813,-1.100336,1.165594,0.075713,-3.891494,4.081655,22.022123,14.098530,13.063561,-9.970943,-9.903446,-9.884930
80.883983,-0.098113,15.371813,-1.100336,1.165594,0.075627,-3.891307,4.081238,22.025806,14.102198,13.070883,-9.970901,-9.903496,-9.884998
80.896124,-0.098113,15.371813,-1.100336,1.165594,0.075463,-3.890945,4.081035,22.033165,14.109524,13.074542,-9.970802,-9.903606,-9.885033
80.914773,-0.098113,15.371813,-1.100336,1.165594,0.075304,-3.890750,4.080642,22.040550,14.113222,13.081881,-9.970711,-9.903671,-9.885036
80.923464,-0.098113,15.371813,-1.100336,1.165594,0.075149,-3.890373,4.080450,22.047955,14.120609,13.085548,-9.970623,-9.903816,-9.885040
80.935189,-0.098113,15.371813,-1.100336,1.165594,0.075075,-3.890191,4.080079,22.051655,14.124296,13.092895,-9.970581,-9.903896,-9.885017
80.944761,-0.098113,15.371813,-1.100336,1.165594,0.075004,-3.889987,4.079900,22.055387,14.128008,13.096572,-9.970531,-9.903976,-9.884995
80.955037,-0.098113,15.371813,-1.100336,1.165594,0.074935,-3.889788,4.079724,22.059118,14.131716,13.100248,-9.970493,-9.904057,-9.884968
80.964735,-0.098113,15.371813,-1.100336,1.165594,0.074868,-3.889593,4.079552,22.062845,14.135418,13.103925,-9.970455,-9.904140,-9.884945
80.975519,-0.098113,15.371813,-1.100336,1.165594,0.074738,-3.889183,4.079214,22.070335,14.142849,13.111272,-9.970383,-9.904305,-9.884850
80.985920,-0.098113,15.371813,-1.100336,1.165594,0.074675,-3.888967,4.079051,22.074095,14.146574,13.114944,-9.970348,-9.904381,-9.884808
80.996385,-0.098113,15.371813,-1.100336,1.165594,0.074613,-3.888551,4.078890,22.077852,14.154015,13.118615,-9.970318,-9.904545,-9.884766
81.015716,-0.098113,15.371813,-1.100336,1.165594,0.074443,-3.888081,4.078438,22.089172,14.161509,13.129616,-9.970222,-9.904678,-9.884548
81.023497,-0.098113,15.371813,-1.100336,1.165594,0.074390,-3.887853,4.078294,22.092951,14.165249,13.133282,-9.970188,-9.904751,-9.884480
81.035258,-0.098113,15.371813,-1.100336,1.165594,0.074339,-3.887413,4.078153,22.096727,14.172718,13.136946,-9.970158,-9.904896,-9.884415
81.044485,-0.098113,15.371813,-1.100336,1.165594,0.074245,-3.887177,4.077894,22.104296,14.176485,13.144256,-9.970100,-9.904945,-9.884270
81.054736,-0.098113,15.371813,-1.100336,1.165594,0.074202,-3.886947,4.077769,22.108089,14.180246,13.147910,-9.970074,-9.904999,-9.884197
81.064746,-0.098113,15.371813,-1.100336,1.165594,0.074160,-3.886721,4.077647,22.111881,14.184004,13.151564,-9.970047,-9.905052,-9.884129
81.075262,-0.098113,15.371813,-1.100336,1.165594,0.074119,-3.886500,4.077531,22.115669,14.187757,13.155198,-9.970005,-9.905106,-9.884060
81.083748,-0.098113,15.371813,-1.100336,1.165594,0.074086,-3.886287,4.077307,22.119474,14.191551,13.162468,-9.969963,-9.905132,-9.883930
81.097178,-0.098113,15.371813,-1.100336,1.165594,0.074023,-3.885673,4.077200,22.127077,14.202904,13.166101,-9.969887,-9.905224,-9.883869
81.114862,-0.098113,15.371813,-1.100336,1.165594,0.073967,-3.885488,4.076976,22.134672,14.206724,13.173333,-9.969810,-9.905228,-9.883736
81.123428,-0.098113,15.371813,-1.100336,1.165594,0.073943,-3.885130,4.076868,22.138470,14.214352,13.176950,-9.969776,-9.905243,-9.883671
81.134954,-0.098113,15.371813,-1.100336,1.165594,0.073894,-3.884956,4.076662,22.146057,14.218157,13.184152,-9.969700,-9.905258,-9.883533
81.144009,-0.098113,15.371813,-1.100336,1.165594,0.073873,-3.884790,4.076564,22.149858,14.221996,13.187738,-9.969666,-9.905262,-9.883461
81.154941,-0.098113,15.371813,-1.100336,1.165594,0.073852,-3.884629,4.076469,22.153658,14.225832,13.191326,-9.969631,-9.905270,-9.883389
81.163744,-0.098113,15.371813,-1.100336,1.165594,0.073832,-3.884471,4.076378,22.157455,14.229664,13.194913,-9.969601,-9.905277,-9.883324
81.176293,-0.098113,15.371813,-1.100336,1.165594,0.073796,-3.884177,4.076237,22.165052,14.237356,13.202025,-9.969543,-9.905281,-9.883163
81.183600,-0.098113,15.371813,-1.100336,1.165594,0.073780,-3.884041,4.076172,22.168854,14.241217,13.205583,-9.969517,-9.905273,-9.883076
81.196681,-0.098113,15.371813,-1.100336,1.165594,0.073765,-3.883908,4.076108,22.172651,14.245071,13.209141,-9.969490,-9.905273,-9.882992
81.205595,-0.098113,15.371813,-1.100336,1.165594,0.073750,-3.883780,4.076011,22.176445,14.248920,13.216178,-9.969467,-9.905273,-9.882778
81.214759,-0.098113,15.371813,-1.100336,1.165594,0.073722,-3.883560,4.075966,22.184048,14.256647,13.219698,-9.969391,-9.905235,-9.882679
81.223627,-0.098113,15.371813,-1.100336,1.165594,0.073708,-3.883456,4.075924,22.187845,14.260504,13.223220,-9.969357,-9.905220,-9.882580
81.234817,-0.098113,15.371813,-1.100336,1.165594,0.073695,-3.883275,4.075898,22.191637,14.268211,13.226702,-9.969318,-9.905170,-9.882465
81.243930,-0.098113,15.371813,-1.100336,1.165594,0.073676,-3.883200,4.075854,22.199234,14.272064,13.233670,-9.969196,-9.905140,-9.882233
81.254974,-0.098113,15.371813,-1.100336,1.165594,0.073667,-3.883127,4.075835,22.203026,14.275911,13.237156,-9.969131,-9.905109,-9.882126
81.263583,-0.098113,15.371813,-1.100336,1.165594,0.073659,-3.883057,4.075838,22.206816,14.279753,13.240614,-9.969070,-9.905087,-9.882000
81.274699,-0.098113,15.371813,-1.100336,1.165594,0.073634,-3.883015,4.075844,22.210604,14.283596,13.244075,-9.968990,-9.905045,-9.881878
81.283791,-0.098113,15.371813,-1.100336,1.165594,0.073587,-3.882938,4.075861,22.218170,14.291267,13.250998,-9.968838,-9.904980,-9.881645
81.295344,-0.098113,15.371813,-1.100336,1.165594,0.073565,-3.882869,4.075873,22.221949,14.298920,13.254462,-9.968765,-9.904945,-9.881538
81.314912,-0.098113,15.371813,-1.100336,1.165594,0.073517,-3.882864,4.075931,22.229496,14.302744,13.261371,-9.968578,-9.904903,-9.881271
81.323579,-0.098113,15.371813,-1.100336,1.165594,0.073491,-3.882862,4.075995,22.233265,14.306564,13.268284,-9.968468,-9.904865,-9.881020
81.334985,-0.098113,15.371813,-1.100336,1.165594,0.073442,-3.882863,4.076042,22.240791,14.314192,13.271739,-9.968250,-9.904804,-9.880890
81.344540,-0.098113,15.371813,-1.100336,1.165594,0.073417,-3.882869,4.076090,22.244543,14.318010,13.275195,-9.968128,-9.904758,-9.880760
81.356398,-0.098113,15.371813,-1.100336,1.165594,0.073393,-3.882900,4.076191,22.248291,14.329435,13.282114,-9.968006,-9.904785,-9.880501
81.375196,-0.098113,15.371813,-1.100336,1.165594,0.073327,-3.882922,4.076321,22.259523,14.333256,13.289066,-9.967655,-9.904766,-9.880215
81.384496,-0.098113,15.371813,-1.100336,1.165594,0.073306,-3.882946,4.076387,22.263266,14.337072,13.292545,-9.967529,-9.904751,-9.880077
81.395895,-0.098113,15.371813,-1.100336,1.165594,0.073268,-3.882972,4.076455,22.270742,14.340883,13.296024,-9.967285,-9.904739,-9.879948
81.405739,-0.098113,15.371813,-1.100336,1.165594,0.073248,-3.883021,4.076531,22.274473,14.348513,13.299524,-9.967152,-9.904678,-9.879810
81.415042,-0.098113,15.371813,-1.100336,1.165594,0.073229,-3.883044,4.076686,22.278202,14.352329,13.306525,-9.967014,-9.904629,-9.879555
81.423490,-0.098113,15.371813,-1.100336,1.165594,0.073210,-3.883070,4.076765,22.281927,14.356142,13.310027,-9.966885,-9.904583,-9.879429
81.434798,-0.098113,15.371813,-1.100336,1.165594,0.073193,-3.883097,4.076859,22.285650,14.359949,13.313552,-9.966763,-9.904545,-9.879307
81.443750,-0.098113,15.371813,-1.100336,1.165594,0.073155,-3.883153,4.077051,22.293100,14.367575,13.320605,-9.966484,-9.904408,-9.879078
81.455927,-0.098113,15.371813,-1.100336,1.165594,0.073138,-3.883184,4.077149,22.296824,14.371380,13.324133,-9.966351,-9.904346,-9.878967
81.464805,-0.098113,15.371813,-1.100336,1.165594,0.073122,-3.883218,4.077270,22.300543,14.375181,13.327684,-9.966221,-9.904289,-9.878860
81.474725,-0.098113,15.371813,-1.100336,1.165594,0.073094,-3.883239,4.077391,22.304249,14.378986,13.331237,-9.966080,-9.904209,-9.878754
81.483447,-0.098113,15.371813,-1.100336,1.165594,0.073042,-3.883289,4.077513,22.311653,14.386581,13.334790,-9.965809,-9.904060,-9.878658
81.494936,-0.098113,15.371813,-1.100336,1.165594,0.073019,-3.883317,4.077786,22.315353,14.390371,13.341923,-9.965683,-9.903996,-9.878471
81.505560,-0.098113,15.371813,-1.100336,1.165594,0.072972,-3.883335,4.077938,22.319048,14.394161,13.345500,-9.965549,-9.903896,-9.878384
81.514817,-0.098113,15.371813,-1.100336,1.165594,0.072928,-3.883356,4.078089,22.322741,14.397947,13.349078,-9.965420,-9.903801,-9.878296
81.523515,-0.098113,15.371813,-1.100336,1.165594,0.072886,-3.883403,4.078240,22.326429,14.405504,13.352656,-9.965294,-9.903622,-9.878216
81.535086,-0.098113,15.371813,-1.100336,1.165594,0.072783,-3.883420,4.078589,22.333809,14.409279,13.359859,-9.965054,-9.903511,-9.878033
81.543642,-0.098113,15.371813,-1.100336,1.165594,0.072722,-3.883438,4.078763,22.337500,14.413050,13.363460,-9.964943,-9.903404,-9.877941
81.555799,-0.098113,15.371813,-1.100336,1.165594,0.072663,-3.883458,4.078937,22.341188,14.416817,13.367062,-9.964828,-9.903305,-9.877853
81.565316,-0.098113,15.371813,-1.100336,1.165594,0.072551,-3.883507,4.079111,22.348558,14.424339,13.370664,-9.964615,-9.903126,-9.877773
81.574679,-0.098113,15.371813,-1.100336,1.165594,0.072475,-3.883524,4.079477,22.352276,14.428108,13.377924,-9.964516,-9.903015,-9.877625
81.583749,-0.098113,15.371813,-1.100336,1.165594,0.072401,-3.883543,4.079659,22.355991,14.431873,13.381555,-9.964420,-9.902916,-9.877556
81.594868,-0.098113,15.371813,-1.100336,1.165594,0.072259,-3.883589,4.079840,22.363415,14.439388,13.385185,-9.964237,-9.902725,-9.877491
81.605926,-0.098113,15.371813,-1.100336,1.165594,0.072175,-3.883600,4.080230,22.367157,14.443140,13.392475,-9.964146,-9.902611,-9.877350
81.615784,-0.098113,15.371813,-1.100336,1.165594,0.072093,-3.883614,4.080425,22.370895,14.446888,13.396120,-9.964054,-9.902504,-9.877285
81.623597,-0.098113,15.371813,-1.100336,1.165594,0.072013,-3.883630,4.080618,22.374634,14.450632,13.399766,-9.963970,-9.902401,-9.877224
81.634891,-0.098113,15.371813,-1.100336,1.165594,0.071936,-3.883649,4.080831,22.378366,14.454372,13.403418,-9.963886,-9.902302,-9.877163
81.643669,-0.098113,15.371813,-1.100336,1.165594,0.071757,-3.883673,4.081254,22.385900,14.458117,13.410722,-9.963741,-9.902180,-9.877041
81.655785,-0.098113,15.371813,-1.100336,1.165594,0.071671,-3.883728,4.081465,22.389662,14.465591,13.414374,-9.963673,-9.901936,-9.876987
81.664132,-0.098113,15.371813,-1.100336,1.165594,0.071588,-3.883758,4.081703,22.393421,14.469324,13.418028,-9.963608,-9.901825,-9.876945
81.674814,-0.098113,15.371813,-1.100336,1.165594,0.071505,-3.883801,4.081941,22.397198,14.473064,13.421682,-9.963577,-9.901684,-9.876904
81.683966,-0.098113,15.371813,-1.100336,1.165594,0.071424,-3.883845,4.082176,22.400970,14.476801,13.425338,-9.963547,-9.901546,-9.876865
81.694862,-0.098113,15.371813,-1.100336,1.165594,0.071269,-3.883940,4.082669,22.408508,14.484262,13.432647,-9.963493,-9.901295,-9.876797
81.704935,-0.098113,15.371813,-1.100336,1.165594,0.071183,-3.883985,4.082925,22.412285,14.487991,13.436301,-9.963486,-9.901154,-9.876770
81.714799,-0.098113,15.371813,-1.100336,1.165594,0.071100,-3.884033,4.083179,22.416058,14.491716,13.439958,-9.963486,-9.900993,-9.876743
81.723532,-0.098113,15.371813,-1.100336,1.165594,0.070940,-3.884133,4.083434,22.423590,14.499155,13.443613,-9.963486,-9.900696,-9.876732
81.735239,-0.098113,15.371813,-1.100336,1.165594,0.070871,-3.884180,4.083992,22.427366,14.502863,13.450937,-9.963512,-9.900532,-9.876724
81.744521,-0.098113,15.371813,-1.100336,1.165594,0.070803,-3.884229,4.084269,22.431139,14.506569,13.454599,-9.963539,-9.900379,-9.876724
81.756697,-0.098113,15.371813,-1.100336,1.165594,0.070738,-3.884333,4.084544,22.434906,14.513969,13.458263,-9.963566,-9.900089,-9.876724
81.775678,-0.098113,15.371813,-1.100336,1.165594,0.070561,-3.884437,4.085455,22.446222,14.521341,13.469263,-9.963680,-9.899765,-9.876774
81.784793,-0.098113,15.371813,-1.100336,1.165594,0.070507,-3.884493,4.085755,22.449993,14.525023,13.472931,-9.963726,-9.899616,-9.876816
81.795629,-0.098113,15.371813,-1.100336,1.165594,0.070399,-3.884550,4.086075,22.457544,14.528700,13.476608,-9.963818,-9.899471,-9.876865
81.805659,-0.098113,15.371813,-1.100336,1.165594,0.070345,-3.884632,4.086706,22.461323,14.536036,13.483965,-9.963875,-9.899139,-9.876965
81.814887,-0.098113,15.371813,-1.100336,1.165594,0.070293,-3.884677,4.087018,22.465097,14.539700,13.487643,-9.963932,-9.898987,-9.877014
81.823961,-0.098113,15.371813,-1.100336,1.165594,0.070243,-3.884724,4.087327,22.468868,14.543360,13.491323,-9.963993,-9.898842,-9.877068
81.835028,-0.098113,15.371813,-1.100336,1.165594,0.070194,-3.884773,4.087664,22.472633,14.547016,13.495008,-9.964050,-9.898705,-9.877129
81.843812,-0.098113,15.371813,-1.100336,1.165594,0.070141,-3.884801,4.088330,22.476425,14.550663,13.502378,-9.964142,-9.898540,-9.877289
81.856268,-0.098113,15.371813,-1.100336,1.165594,0.070039,-3.884864,4.088659,22.483995,14.557949,13.506063,-9.964336,-9.898232,-9.877369
81.864214,-0.098113,15.371813,-1.100336,1.165594,0.069990,-3.884898,4.089012,22.487774,14.561586,13.509749,-9.964432,-9.898090,-9.877449
81.874751,-0.098113,15.371813,-1.100336,1.165594,0.069944,-3.884930,4.089361,22.491566,14.565218,13.513436,-9.964539,-9.897923,-9.877525
81.883653,-0.098113,15.371813,-1.100336,1.165594,0.069856,-3.885003,4.090052,22.499132,14.572472,13.520810,-9.964752,-9.897621,-9.877678
81.895133,-0.098113,15.371813,-1.100336,1.165594,0.069813,-3.885043,4.090419,22.502911,14.576094,13.524511,-9.964855,-9.897480,-9.877754
81.905254,-0.098113,15.371813,-1.100336,1.165594,0.069787,-3.885084,4.090782,22.506695,14.579700,13.528212,-9.964973,-9.897316,-9.877831
81.914821,-0.098113,15.371813,-1.100336,1.165594,0.069762,-3.885128,4.091143,22.510475,14.583303,13.531913,-9.965096,-9.897163,-9.877903
81.924370,-0.098113,15.371813,-1.100336,1.165594,0.069716,-3.885175,4.091501,22.518024,14.586905,13.535614,-9.965328,-9.897015,-9.877979
81.935136,-0.098113,15.371813,-1.100336,1.165594,0.069695,-3.885262,4.092250,22.521807,14.594091,13.543012,-9.965435,-9.896729,-9.878128
81.943506,-0.098113,15.371813,-1.100336,1.165594,0.069675,-3.885303,4.092621,22.525585,14.597677,13.546711,-9.965534,-9.896584,-9.878201
81.956409,-0.098113,15.371813,-1.100336,1.165594,0.069657,-3.885394,4.093373,22.529362,14.604845,13.554110,-9.965633,-9.896332,-9.878334
81.974723,-0.098113,15.371813,-1.100336,1.165594,0.069609,-3.885484,4.094133,22.540705,14.611998,13.561508,-9.965919,-9.896080,-9.878452
81.984902,-0.098113,15.371813,-1.100336,1.165594,0.069595,-3.885533,4.094508,22.544485,14.615570,13.565207,-9.966011,-9.895966,-9.878510
81.995200,-0.098113,15.371813,-1.100336,1.165594,0.069582,-3.885584,4.094903,22.548260,14.619141,13.568898,-9.966099,-9.895859,-9.878559
82.004886,-0.098113,15.371813,-1.100336,1.165594,0.069537,-3.885727,4.095681,22.555841,14.626276,13.576282,-9.966259,-9.895645,-9.878651
82.015805,-0.098113,15.371813,-1.100336,1.165594,0.069517,-3.885878,4.096065,22.559626,14.633406,13.579973,-9.966339,-9.895454,-9.878693
82.034905,-0.098113,15.371813,-1.100336,1.165594,0.069466,-3.885973,4.096862,22.567194,14.636965,13.587348,-9.966503,-9.895367,-9.878838
82.043342,-0.098113,15.371813,-1.100336,1.165594,0.069410,-3.886168,4.097644,22.574759,14.644079,13.594728,-9.966671,-9.895206,-9.878971
82.055676,-0.098113,15.371813,-1.100336,1.165594,0.069385,-3.886381,4.098036,22.578535,14.651188,13.598412,-9.966755,-9.895054,-9.879044
82.074670,-0.098113,15.371813,-1.100336,1.165594,0.069315,-3.886495,4.098812,22.586105,14.654743,13.605783,-9.966915,-9.894974,-9.879192
82.083692,-0.098113,15.371813,-1.100336,1.165594,0.069251,-3.886727,4.099574,22.593657,14.661848,13.613157,-9.967079,-9.894829,-9.879326
82.095012,-0.098113,15.371813,-1.100336,1.165594,0.069222,-3.886846,4.099955,22.597424,14.665400,13.616839,-9.967167,-9.894768,-9.879383
82.104040,-0.098113,15.371813,-1.100336,1.165594,0.069209,-3.886974,4.100332,22.601192,14.668949,13.620522,-9.967251,-9.894703,-9.879436
82.115385,-0.098113,15.371813,-1.100336,1.165594,0.069199,-3.887103,4.100706,22.604956,14.672499,13.624207,-9.967335,-9.894646,-9.879490
82.124053,-0.098113,15.371813,-1.100336,1.165594,0.069181,-3.887367,4.101445,22.612471,14.679594,13.631569,-9.967495,-9.894543,-9.879578
82.135181,-0.098113,15.371813,-1.100336,1.165594,0.069178,-3.887506,4.101812,22.616240,14.683140,13.635247,-9.967575,-9.894485,-9.879612
82.144068,-0.098113,15.371813,-1.100336,1.165594,0.069176,-3.887648,4.102175,22.620003,14.686686,13.638926,-9.967651,-9.894432,-9.879620
82.154857,-0.098113,15.371813,-1.100336,1.165594,0.069175,-3.887935,4.102535,22.627516,14.693775,13.642605,-9.967781,-9.894348,-9.879627
82.165553,-0.098113,15.371813,-1.100336,1.165594,0.069188,-3.888073,4.103242,22.631287,14.697313,13.649961,-9.967850,-9.894295,-9.879642
82.174966,-0.098113,15.371813,-1.100336,1.165594,0.069202,-3.888213,4.103590,22.635052,14.700850,13.653640,-9.967915,-9.894253,-9.879646
82.184485,-0.098113,15.371813,-1.100336,1.165594,0.069217,-3.888353,4.103935,22.638813,14.704388,13.657319,-9.967979,-9.894211,-9.879654
82.195537,-0.098113,15.371813,-1.100336,1.165594,0.069233,-3.888641,4.104270,22.642570,14.711468,13.660995,-9.968040,-9.894165,-9.879669
82.204455,-0.098113,15.371813,-1.100336,1.165594,0.069279,-3.888787,4.104932,22.646341,14.715012,13.668349,-9.968098,-9.894142,-9.879688
82.215860,-0.098113,15.371813,-1.100336,1.165594,0.069372,-3.889084,4.105258,22.653870,14.722095,13.672028,-9.968208,-9.894108,-9.879700
82.234909,-0.098113,15.371813,-1.100336,1.165594,0.069497,-3.889226,4.105882,22.661385,14.725639,13.679381,-9.968311,-9.894085,-9.879696
82.243203,-0.098113,15.371813,-1.100336,1.165594,0.069574,-3.889515,4.106189,22.665136,14.732723,13.683061,-9.968365,-9.894066,-9.879696
82.256454,-0.098113,15.371813,-1.100336,1.165594,0.069728,-3.889810,4.106781,22.672632,14.739801,13.690418,-9.968468,-9.894073,-9.879688
82.274601,-0.098113,15.371813,-1.100336,1.165594,0.070010,-3.889960,4.107349,22.683819,14.743336,13.697776,-9.968613,-9.894077,-9.879654
82.284177,-0.098113,15.371813,-1.100336,1.165594,0.070103,-3.890111,4.107630,22.687540,14.746870,13.701456,-9.968658,-9.894089,-9.879639
82.294855,-0.098113,15.371813,-1.100336,1.165594,0.070204,-3.890427,4.108150,22.691254,14.753929,13.708795,-9.968708,-9.894127,-9.879574
82.304587,-0.098113,15.371813,-1.100336,1.165594,0.070305,-3.890593,4.108407,22.694963,14.757452,13.712465,-9.968758,-9.894150,-9.879539
82.316262,-0.098113,15.371813,-1.100336,1.165594,0.070405,-3.890928,4.108661,22.698669,14.764500,13.716137,-9.968800,-9.894241,-9.879509
82.335333,-0.098113,15.371813,-1.100336,1.165594,0.070714,-3.891300,4.109323,22.709774,14.771536,13.727152,-9.968929,-9.894318,-9.879383
82.343195,-0.098113,15.371813,-1.100336,1.165594,0.070817,-3.891486,4.109539,22.713470,14.775053,13.730825,-9.968971,-9.894363,-9.879345
82.357254,-0.098113,15.371813,-1.100336,1.165594,0.070920,-3.891857,4.109754,22.717161,14.782089,13.734500,-9.969013,-9.894463,-9.879303
82.364041,-0.098113,15.371813,-1.100336,1.165594,0.071022,-3.892063,4.109937,22.720852,14.785622,13.738167,-9.969051,-9.894512,-9.879265
82.374611,-0.098113,15.371813,-1.100336,1.165594,0.071237,-3.892269,4.110298,22.728214,14.789152,13.745501,-9.969105,-9.894562,-9.879192
82.384937,-0.098113,15.371813,-1.100336,1.165594,0.071343,-3.892474,4.110477,22.731892,14.792683,13.749169,-9.969131,-9.894615,-9.879177
82.394956,-0.098113,15.371813,-1.100336,1.165594,0.071449,-3.892679,4.110630,22.735565,14.796215,13.752809,-9.969151,-9.894672,-9.879166
82.403767,-0.098113,15.371813,-1.100336,1.165594,0.071548,-3.892898,4.110934,22.739239,14.799753,13.760089,-9.969162,-9.894733,-9.879147
82.415814,-0.098113,15.371813,-1.100336,1.165594,0.071745,-3.893551,4.111084,22.746576,14.810371,13.763730,-9.969189,-9.894939,-9.879135
82.434825,-0.098113,15.371813,-1.100336,1.165594,0.071929,-3.893785,4.111339,22.753893,14.813906,13.770973,-9.969196,-9.894993,-9.879135
82.443408,-0.098113,15.371813,-1.100336,1.165594,0.072101,-3.894251,4.111589,22.761189,14.820976,13.778219,-9.969162,-9.895115,-9.879139
82.455031,-0.098113,15.371813,-1.100336,1.165594,0.072186,-3.894483,4.111696,22.764835,14.824511,13.781837,-9.969139,-9.895184,-9.879143
82.464204,-0.098113,15.371813,-1.100336,1.165594,0.072255,-3.894720,4.111802,22.768480,14.828037,13.785455,-9.969101,-9.895260,-9.879150
82.474681,-0.098113,15.371813,-1.100336,1.165594,0.072324,-3.894956,4.111907,22.772123,14.831564,13.789073,-9.969063,-9.895336,-9.879158
82.483797,-0.098113,15.371813,-1.100336,1.165594,0.072463,-3.895191,4.112012,22.779402,14.835093,13.792693,-9.968994,-9.895420,-9.879166
82.494751,-0.098113,15.371813,-1.100336,1.165594,0.072513,-3.895671,4.112149,22.783056,14.842129,13.799894,-9.968933,-9.895580,-9.879200
82.503752,-0.098113,15.371813,-1.100336,1.165594,0.072562,-3.895915,4.112217,22.786709,14.845640,13.803496,-9.968876,-9.895668,-9.879238
82.516701,-0.098113,15.371813,-1.100336,1.165594,0.072662,-3.896400,4.112330,22.794008,14.852665,13.810683,-9.968735,-9.895855,-9.879326
82.534877,-0.098113,15.371813,-1.100336,1.165594,0.072738,-3.896893,4.112419,22.801332,14.859648,13.817852,-9.968555,-9.896080,-9.879433
82.543733,-0.098113,15.371813,-1.100336,1.165594,0.072776,-3.897137,4.112464,22.804989,14.863140,13.821438,-9.968472,-9.896194,-9.879486
82.554992,-0.098113,15.371813,-1.100336,1.165594,0.072814,-3.897381,4.112503,22.808645,14.866634,13.825028,-9.968388,-9.896317,-9.879555
82.564857,-0.098113,15.371813,-1.100336,1.165594,0.072838,-3.897878,4.112580,22.815998,14.873631,13.832212,-9.968227,-9.896595,-9.879684
82.574756,-0.098113,15.371813,-1.100336,1.165594,0.072851,-3.898125,4.112618,22.819670,14.877131,13.835805,-9.968163,-9.896736,-9.879749
82.584993,-0.098113,15.371813,-1.100336,1.165594,0.072864,-3.898370,4.112659,22.823339,14.880632,13.839390,-9.968102,-9.896881,-9.879829
82.594847,-0.098113,15.371813,-1.100336,1.165594,0.072853,-3.898617,4.112699,22.827026,14.884125,13.842975,-9.968025,-9.897038,-9.879913
82.604087,-0.098113,15.371813,-1.100336,1.165594,0.072842,-3.898863,4.112739,22.830709,14.887617,13.846560,-9.967953,-9.897198,-9.879993
82.615215,-0.098113,15.371813,-1.100336,1.165594,0.072822,-3.899595,4.112819,22.838068,14.898106,13.853734,-9.967812,-9.897675,-9.880154
82.634699,-0.098113,15.371813,-1.100336,1.165594,0.072774,-3.899844,4.112872,22.845440,14.901598,13.860885,-9.967678,-9.897846,-9.880367
82.643577,-0.098113,15.371813,-1.100336,1.165594,0.072736,-3.900091,4.112900,22.849133,14.905090,13.864461,-9.967609,-9.898018,-9.880470
82.655003,-0.098113,15.371813,-1.100336,1.165594,0.072663,-3.900581,4.112949,22.856510,14.912081,13.871621,-9.967484,-9.898361,-9.880703
82.663669,-0.098113,15.371813,-1.100336,1.165594,0.072610,-3.900830,4.112971,22.860218,14.915573,13.875204,-9.967430,-9.898548,-9.880836
82.675197,-0.098113,15.371813,-1.100336,1.165594,0.072559,-3.901324,4.113015,22.863922,14.922560,13.882373,-9.967377,-9.898945,-9.881107
82.694762,-0.098113,15.371813,-1.100336,1.165594,0.072401,-3.901814,4.113052,22.875042,14.929539,13.889535,-9.967228,-9.899342,-9.881416
82.704287,-0.098113,15.371813,-1.100336,1.165594,0.072343,-3.902057,4.113071,22.878761,14.933023,13.893117,-9.967182,-9.899544,-9.881565
82.716459,-0.098113,15.371813,-1.100336,1.165594,0.072285,-3.902539,4.113096,22.882477,14.939999,13.900287,-9.967140,-9.899940,-9.881874
82.734742,-0.098113,15.371813,-1.100336,1.165594,0.072111,-3.902991,4.113108,22.893654,14.946987,13.907462,-9.967010,-9.900352,-9.882191
82.743669,-0.098113,15.371813,-1.100336,1.165594,0.072055,-3.903216,4.113115,22.897381,14.950485,13.911050,-9.966972,-9.900555,-9.882339
82.754895,-0.098113,15.371813,-1.100336,1.165594,0.072000,-3.903637,4.113102,22.901104,14.957487,13.914640,-9.966938,-9.900967,-9.882496
82.764223,-0.098113,15.371813,-1.100336,1.165594,0.071941,-3.903836,4.113076,22.904844,14.960993,13.921823,-9.966904,-9.901180,-9.882805
82.775832,-0.098113,15.371813,-1.100336,1.165594,0.071830,-3.904033,4.113064,22.912313,14.964500,13.925414,-9.966835,-9.901386,-9.882954
82.785477,-0.098113,15.371813,-1.100336,1.165594,0.071777,-3.904230,4.113044,22.916040,14.968010,13.929009,-9.966805,-9.901592,-9.883118
82.794666,-0.098113,15.371813,-1.100336,1.165594,0.071716,-3.904405,4.113024,22.919798,14.971531,13.932604,-9.966778,-9.901794,-9.883274
82.803906,-0.098113,15.371813,-1.100336,1.165594,0.071600,-3.904751,4.112986,22.927301,14.978579,13.939794,-9.966732,-9.902195,-9.883572
82.814924,-0.098113,15.371813,-1.100336,1.165594,0.071544,-3.904923,4.112959,22.931047,14.982103,13.943374,-9.966717,-9.902390,-9.883728
82.824034,-0.098113,15.371813,-1.100336,1.165594,0.071476,-3.905072,4.112932,22.934820,14.985643,13.946954,-9.966705,-9.902588,-9.883881
82.834860,-0.098113,15.371813,-1.100336,1.165594,0.071411,-3.905222,4.112907,22.938591,14.989185,13.950535,-9.966694,-9.902782,-9.884026
82.843577,-0.098113,15.371813,-1.100336,1.165594,0.071284,-3.905372,4.112882,22.946117,14.992729,13.954116,-9.966679,-9.902977,-9.884171
82.855151,-0.098113,15.371813,-1.100336,1.165594,0.071213,-3.905653,4.112805,22.949896,14.999823,13.961256,-9.966675,-9.903393,-9.884480
82.863579,-0.098113,15.371813,-1.100336,1.165594,0.071143,-3.905784,4.112768,22.953672,15.003376,13.964827,-9.966671,-9.903599,-9.884632
82.875306,-0.098113,15.371813,-1.100336,1.165594,0.071075,-3.905916,4.112731,22.957441,15.006931,13.968398,-9.966679,-9.903801,-9.884781
82.884413,-0.098113,15.371813,-1.100336,1.165594,0.070944,-3.906047,4.112636,22.964968,15.010487,13.975543,-9.966698,-9.904003,-9.885075
82.894735,-0.098113,15.371813,-1.100336,1.165594,0.070874,-3.906271,4.112577,22.968748,15.017593,13.979117,-9.966705,-9.904408,-9.885223
82.904047,-0.098113,15.371813,-1.100336,1.165594,0.070806,-3.906363,4.112519,22.972525,15.021147,13.982692,-9.966713,-9.904610,-9.885365
82.914826,-0.098113,15.371813,-1.100336,1.165594,0.070676,-3.906550,4.112462,22.980064,15.028259,13.986266,-9.966728,-9.905037,-9.885506
82.924209,-0.098113,15.371813,-1.100336,1.165594,0.070601,-3.906613,4.112310,22.983849,15.031805,13.993414,-9.966724,-9.905247,-9.885811
82.934953,-0.098113,15.371813,-1.100336,1.165594,0.070528,-3.906676,4.112235,22.987627,15.035353,13.996989,-9.966717,-9.905453,-9.885956
82.943974,-0.098113,15.371813,-1.100336,1.165594,0.070457,-3.906740,4.112162,22.991400,15.038902,14.000565,-9.966713,-9.905655,-9.886101
82.955393,-0.098113,15.371813,-1.100336,1.165594,0.070389,-3.906805,4.112075,22.995169,15.042456,14.004133,-9.966713,-9.905853,-9.886246
82.965141,-0.098113,15.371813,-1.100336,1.165594,0.070307,-3.906891,4.111989,22.998959,15.049561,14.007702,-9.966690,-9.906242,-9.886391
82.976635,-0.098113,15.371813,-1.100336,1.165594,0.070151,-3.906981,4.111819,23.006523,15.056675,14.014841,-9.966644,-9.906628,-9.886673
82.994847,-0.098113,15.371813,-1.100336,1.165594,0.069987,-3.907007,4.111637,23.014090,15.060228,14.021946,-9.966579,-9.906822,-9.886971
83.005114,-0.098113,15.371813,-1.100336,1.165594,0.069900,-3.907063,4.111548,23.017878,15.067343,14.025497,-9.966537,-9.907207,-9.887115
83.015161,-0.098113,15.371813,-1.100336,1.165594,0.069734,-3.907093,4.111373,23.025438,15.070902,14.032604,-9.966454,-9.907394,-9.887398
83.024288,-0.098113,15.371813,-1.100336,1.165594,0.069640,-3.907123,4.111288,23.029222,15.074455,14.036156,-9.966412,-9.907574,-9.887535
83.034819,-0.098113,15.371813,-1.100336,1.165594,0.069549,-3.907155,4.111205,23.033001,15.078011,14.039709,-9.966366,-9.907761,-9.887665
83.044092,-0.098113,15.371813,-1.100336,1.165594,0.069375,-3.907188,4.111123,23.040545,15.081568,14.043262,-9.966286,-9.907948,-9.887802
83.055178,-0.098113,15.371813,-1.100336,1.165594,0.069281,-3.907255,4.110931,23.044329,15.088709,14.050388,-9.966244,-9.908298,-9.888058
83.063456,-0.098113,15.371813,-1.100336,1.165594,0.069189,-3.907288,4.110837,23.048107,15.092291,14.053953,-9.966202,-9.908463,-9.888184
83.075845,-0.098113,15.371813,-1.100336,1.165594,0.069099,-3.907355,4.110744,23.051880,15.099459,14.057518,-9.966164,-9.908779,-9.888306
83.094767,-0.098113,15.371813,-1.100336,1.165594,0.068808,-3.907415,4.110445,23.063194,15.106667,14.068319,-9.966030,-9.909046,-9.888672
83.103817,-0.098113,15.371813,-1.100336,1.165594,0.068710,-3.907446,4.110348,23.066961,15.110271,14.071920,-9.965984,-9.909176,-9.888779
83.116007,-0.098113,15.371813,-1.100336,1.165594,0.068615,-3.907478,4.110245,23.070721,15.113878,14.075552,-9.965946,-9.909306,-9.888889
83.124769,-0.098113,15.371813,-1.100336,1.165594,0.068489,-3.907535,4.110041,23.074482,15.121103,14.082813,-9.965893,-9.909546,-9.889099
83.134745,-0.098113,15.371813,-1.100336,1.165594,0.068249,-3.907565,4.109940,23.081991,15.124720,14.086443,-9.965794,-9.909664,-9.889198
83.144094,-0.098113,15.371813,-1.100336,1.165594,0.068133,-3.907596,4.109841,23.085739,15.128336,14.090073,-9.965748,-9.909779,-9.889297
83.155591,-0.098113,15.371813,-1.100336,1.165594,0.068021,-3.907628,4.109729,23.089483,15.131952,14.093731,-9.965702,-9.909904,-9.889393
83.163265,-0.098113,15.371813,-1.100336,1.165594,0.067742,-3.907710,4.109509,23.096943,15.139194,14.101048,-9.965622,-9.910130,-9.889599
83.176251,-0.098113,15.371813,-1.100336,1.165594,0.067607,-3.907795,4.109400,23.100668,15.146441,14.104706,-9.965595,-9.910347,-9.889698
83.194682,-0.098113,15.371813,-1.100336,1.165594,0.067328,-3.907830,4.109172,23.108101,15.150057,14.112055,-9.965534,-9.910454,-9.889889
83.203774,-0.098113,15.371813,-1.100336,1.165594,0.067184,-3.907866,4.108949,23.111811,15.153673,14.119400,-9.965504,-9.910564,-9.890076
83.214817,-0.098113,15.371813,-1.100336,1.165594,0.066906,-3.907941,4.108829,23.119219,15.160908,14.123085,-9.965446,-9.910763,-9.890160
83.223832,-0.098113,15.371813,-1.100336,1.165594,0.066750,-3.907962,4.108710,23.122934,15.164515,14.126768,-9.965420,-9.910858,-9.890259
83.234804,-0.098113,15.371813,-1.100336,1.165594,0.066597,-3.907985,4.108593,23.126646,15.168121,14.130451,-9.965416,-9.910950,-9.890354
83.243205,-0.098113,15.371813,-1.100336,1.165594,0.066447,-3.908035,4.108476,23.130352,15.175339,14.134134,-9.965416,-9.911137,-9.890446
83.255235,-0.098113,15.371813,-1.100336,1.165594,0.066152,-3.908047,4.108211,23.137781,15.178934,14.141506,-9.965393,-9.911228,-9.890602
83.263990,-0.098113,15.371813,-1.100336,1.165594,0.066006,-3.908060,4.108080,23.141502,15.182533,14.145193,-9.965374,-9.911320,-9.890678
83.275423,-0.098113,15.371813,-1.100336,1.165594,0.065863,-3.908075,4.107951,23.145220,15.186132,14.148876,-9.965359,-9.911415,-9.890755
83.283988,-0.098113,15.371813,-1.100336,1.165594,0.065723,-3.908091,4.107691,23.148932,15.189734,14.156246,-9.965343,-9.911510,-9.890846
83.294862,-0.098113,15.371813,-1.100336,1.165594,0.065426,-3.908108,4.107563,23.156397,15.196880,14.159931,-9.965294,-9.911694,-9.890888
83.303607,-0.098113,15.371813,-1.100336,1.165594,0.065282,-3.908120,4.107436,23.160124,15.200455,14.163612,-9.965267,-9.911785,-9.890934
83.314825,-0.098113,15.371813,-1.100336,1.165594,0.065141,-3.908132,4.107302,23.163843,15.204033,14.167305,-9.965244,-9.911873,-9.890961
83.323986,-0.098113,15.371813,-1.100336,1.165594,0.064837,-3.908127,4.107040,23.171303,15.207594,14.174685,-9.965172,-9.911949,-9.891014
83.335618,-0.098113,15.371813,-1.100336,1.165594,0.064689,-3.908123,4.106910,23.175024,15.214722,14.178373,-9.965137,-9.912106,-9.891041
83.345118,-0.098113,15.371813,-1.100336,1.165594,0.064543,-3.908124,4.106772,23.178741,15.218288,14.182068,-9.965107,-9.912182,-9.891041
83.357573,-0.098113,15.371813,-1.100336,1.165594,0.064235,-3.908110,4.106499,23.186203,15.221853,14.189453,-9.965034,-9.912243,-9.891045
83.364763,-0.098113,15.371813,-1.100336,1.165594,0.064085,-3.908089,4.106364,23.189928,15.228989,14.193146,-9.965000,-9.912357,-9.891045
83.376601,-0.098113,15.371813,-1.100336,1.165594,0.063938,-3.908059,4.106232,23.193647,15.236128,14.196833,-9.964970,-9.912457,-9.891037
83.395810,-0.098113,15.371813,-1.100336,1.165594,0.063610,-3.908041,4.105972,23.201111,15.239698,14.204203,-9.964890,-9.912506,-9.891022
83.404189,-0.098113,15.371813,-1.100336,1.165594,0.063450,-3.908012,4.105844,23.204834,15.246849,14.207886,-9.964851,-9.912601,-9.891003
83.415407,-0.098113,15.371813,-1.100336,1.165594,0.063136,-3.908000,4.105591,23.212269,15.250425,14.215250,-9.964779,-9.912647,-9.890961
83.424055,-0.098113,15.371813,-1.100336,1.165594,0.062952,-3.907968,4.105467,23.215990,15.253998,14.218927,-9.964733,-9.912689,-9.890938
83.436158,-0.098113,15.371813,-1.100336,1.165594,0.062771,-3.907910,4.105221,23.219707,15.261147,14.226282,-9.964687,-9.912773,-9.890892
83.455227,-0.098113,15.371813,-1.100336,1.165594,0.062224,-3.907847,4.105007,23.230848,15.268293,14.233614,-9.964550,-9.912861,-9.890862
83.463369,-0.098113,15.371813,-1.100336,1.165594,0.062033,-3.907812,4.104901,23.234560,15.271864,14.237278,-9.964497,-9.912899,-9.890850
83.474918,-0.098113,15.371813,-1.100336,1.165594,0.061659,-3.907749,4.104796,23.241972,15.279011,14.240942,-9.964432,-9.912983,-9.890835
83.483942,-0.098113,15.371813,-1.100336,1.165594,0.061456,-3.907695,4.104606,23.245676,15.282578,14.248245,-9.964378,-9.913010,-9.890827
83.494693,-0.098113,15.371813,-1.100336,1.165594,0.061256,-3.907645,4.104511,23.249374,15.286148,14.251896,-9.964329,-9.913040,-9.890827
83.504574,-0.098113,15.371813,-1.100336,1.165594,0.061060,-3.907597,4.104417,23.253071,15.289719,14.255547,-9.964283,-9.913071,-9.890823
83.515526,-0.098113,15.371813,-1.100336,1.165594,0.060865,-3.907484,4.104334,23.256762,15.296858,14.259201,-9.964237,-9.913128,-9.890820
83.523948,-0.098113,15.371813,-1.100336,1.165594,0.060662,-3.907420,4.104168,23.260447,15.300425,14.266506,-9.964184,-9.913158,-9.890820
83.535788,-0.098113,15.371813,-1.100336,1.165594,0.060264,-3.907302,4.104086,23.267803,15.307566,14.270157,-9.964115,-9.913219,-9.890820
83.546745,-0.098113,15.371813,-1.100336,1.165594,0.060070,-3.907229,4.104029,23.271477,15.311115,14.273825,-9.964081,-9.913258,-9.890808
83.563227,-0.098113,15.371813,-1.100336,1.165594,0.059472,-3.907091,4.103859,23.282513,15.318220,14.284822,-9.963921,-9.913357,-9.890785
83.574787,-0.098113,15.371813,-1.100336,1.165594,0.059278,-3.907027,4.103820,23.286184,15.321775,14.288507,-9.963871,-9.913414,-9.890755
83.584702,-0.098113,15.371813,-1.100336,1.165594,0.059087,-3.906953,4.103781,23.289858,15.325306,14.292192,-9.963795,-9.913498,-9.890728
83.594611,-0.098113,15.371813,-1.100336,1.165594,0.058899,-3.906881,4.103741,23.293528,15.328836,14.295874,-9.963707,-9.913578,-9.890697
83.604353,-0.098113,15.371813,-1.100336,1.165594,0.058529,-3.906813,4.103702,23.300859,15.332371,14.299557,-9.963547,-9.913658,-9.890675
83.614911,-0.098113,15.371813,-1.100336,1.165594,0.058354,-3.906687,4.103661,23.304525,15.339424,14.306978,-9.963444,-9.913830,-9.890587
83.623089,-0.098113,15.371813,-1.100336,1.165594,0.058181,-3.906629,4.103642,23.308189,15.342943,14.310686,-9.963348,-9.913921,-9.890549
83.635620,-0.098113,15.371813,-1.100336,1.165594,0.058010,-3.906457,4.103622,23.311850,15.353498,14.314392,-9.963253,-9.914154,-9.890507
83.654885,-0.098113,15.371813,-1.100336,1.165594,0.057525,-3.906394,4.103610,23.322872,15.357014,14.325541,-9.962963,-9.914234,-9.890343
83.663830,-0.098113,15.371813,-1.100336,1.165594,0.057369,-3.906335,4.103605,23.326550,15.360529,14.329254,-9.962872,-9.914310,-9.890289
83.675023,-0.098113,15.371813,-1.100336,1.165594,0.057216,-3.906278,4.103599,23.330223,15.364048,14.332964,-9.962780,-9.914387,-9.890240
83.684347,-0.098113,15.371813,-1.100336,1.165594,0.056912,-3.906224,4.103602,23.337591,15.367567,14.340380,-9.962597,-9.914459,-9.890118
83.694872,-0.098113,15.371813,-1.100336,1.165594,0.056763,-3.906114,4.103603,23.341284,15.374592,14.344086,-9.962502,-9.914635,-9.890057
83.704182,-0.098113,15.371813,-1.100336,1.165594,0.056615,-3.906063,4.103604,23.344975,15.378107,14.347788,-9.962410,-9.914722,-9.889999
83.715066,-0.098113,15.371813,-1.100336,1.165594,0.056469,-3.906015,4.103616,23.348660,15.381624,14.351484,-9.962330,-9.914806,-9.889927
83.723448,-0.098113,15.371813,-1.100336,1.165594,0.056150,-3.905959,4.103639,23.356049,15.385136,14.358875,-9.962128,-9.914902,-9.889786
83.735689,-0.098113,15.371813,-1.100336,1.165594,0.055994,-3.905807,4.103650,23.359737,15.395683,14.362568,-9.962036,-9.915184,-9.889721
83.755369,-0.098113,15.371813,-1.100336,1.165594,0.055672,-3.905681,4.103715,23.367117,15.402708,14.369934,-9.961834,-9.915390,-9.889561
83.775026,-0.098113,15.371813,-1.100336,1.165594,0.055182,-3.905568,4.103821,23.378178,15.409744,14.380960,-9.961494,-9.915588,-9.889385
83.785113,-0.098113,15.371813,-1.100336,1.165594,0.054994,-3.905503,4.103862,23.381870,15.413265,14.384624,-9.961353,-9.915714,-9.889324
83.794680,-0.098113,15.371813,-1.100336,1.165594,0.054808,-3.905441,4.103903,23.385559,15.416786,14.388290,-9.961220,-9.915840,-9.889267
83.804528,-0.098113,15.371813,-1.100336,1.165594,0.054444,-3.905383,4.103943,23.392927,15.420313,14.391953,-9.960964,-9.915962,-9.889214
83.814884,-0.098113,15.371813,-1.100336,1.165594,0.054249,-3.905275,4.104028,23.396626,15.427357,14.399260,-9.960823,-9.916233,-9.889095
83.823758,-0.098113,15.371813,-1.100336,1.165594,0.054057,-3.905225,4.104069,23.400318,15.430876,14.402912,-9.960690,-9.916378,-9.889019
83.836553,-0.098113,15.371813,-1.100336,1.165594,0.053867,-3.905178,4.104109,23.404009,15.434397,14.406563,-9.960548,-9.916519,-9.888947
83.843828,-0.098113,15.371813,-1.100336,1.165594,0.053456,-3.905133,4.104215,23.411390,15.437922,14.413853,-9.960281,-9.916660,-9.888790
83.854822,-0.098113,15.371813,-1.100336,1.165594,0.053236,-3.905031,4.104266,23.415081,15.444958,14.417496,-9.960148,-9.916962,-9.888714
83.863260,-0.098113,15.371813,-1.100336,1.165594,0.053019,-3.904984,4.104316,23.418770,15.448479,14.421139,-9.960022,-9.917107,-9.888645
83.874854,-0.098113,15.371813,-1.100336,1.165594,0.052806,-3.904941,4.104388,23.422455,15.452003,14.424761,-9.959904,-9.917252,-9.888573
83.883746,-0.098113,15.371813,-1.100336,1.165594,0.052294,-3.904871,4.104460,23.429834,15.459030,14.428383,-9.959663,-9.917557,-9.888504
83.894590,-0.098113,15.371813,-1.100336,1.165594,0.052045,-3.904840,4.104600,23.433517,15.462545,14.435625,-9.959553,-9.917706,-9.888382
83.904551,-0.098113,15.371813,-1.100336,1.165594,0.051799,-3.904811,4.104691,23.437199,15.466064,14.439215,-9.959450,-9.917847,-9.888329
83.915187,-0.098113,15.371813,-1.100336,1.165594,0.051509,-3.904789,4.104780,23.440878,15.469566,14.442806,-9.959335,-9.918003,-9.888275
83.923489,-0.098113,15.371813,-1.100336,1.165594,0.051223,-3.904770,4.104953,23.444551,15.473072,14.449987,-9.959229,-9.918156,-9.888184
83.935828,-0.098113,15.371813,-1.100336,1.165594,0.050665,-3.904727,4.105038,23.451893,15.483601,14.453579,-9.959030,-9.918594,-9.888142
83.954778,-0.098113,15.371813,-1.100336,1.165594,0.050092,-3.904728,4.105267,23.459211,15.487103,14.460695,-9.958847,-9.918755,-9.888088
83.963912,-0.098113,15.371813,-1.100336,1.165594,0.049507,-3.904737,4.105487,23.466509,15.494118,14.467813,-9.958679,-9.919067,-9.888042
83.974770,-0.098113,15.371813,-1.100336,1.165594,0.049221,-3.904745,4.105620,23.470154,15.497627,14.471348,-9.958603,-9.919216,-9.888027
83.983947,-0.098113,15.371813,-1.100336,1.165594,0.048913,-3.904766,4.105750,23.473793,15.501127,14.474884,-9.958527,-9.919395,-9.888016
83.995048,-0.098113,15.371813,-1.100336,1.165594,0.048609,-3.904791,4.106005,23.477430,15.504629,14.481958,-9.958454,-9.919567,-9.887997
84.004535,-0.098113,15.371813,-1.100336,1.165594,0.048310,-3.904845,4.106147,23.481064,15.511641,14.485460,-9.958389,-9.919903,-9.887997
84.015295,-0.098113,15.371813,-1.100336,1.165594,0.047739,-3.904892,4.106286,23.488323,15.515137,14.488962,-9.958267,-9.920105,-9.887997
84.023573,-0.098113,15.371813,-1.100336,1.165594,0.047467,-3.904940,4.106423,23.491945,15.518635,14.492466,-9.958206,-9.920300,-9.887997
84.036031,-0.098113,15.371813,-1.100336,1.165594,0.047199,-3.904990,4.106558,23.495567,15.522135,14.495972,-9.958153,-9.920490,-9.888000
84.043724,-0.098113,15.371813,-1.100336,1.165594,0.046936,-3.905042,4.106848,23.499186,15.525637,14.502892,-9.958103,-9.920673,-9.888016
84.055075,-0.098113,15.371813,-1.100336,1.165594,0.046451,-3.905205,4.106990,23.506401,15.532600,14.506355,-9.958004,-9.921082,-9.888027
84.063483,-0.098113,15.371813,-1.100336,1.165594,0.046215,-3.905289,4.107130,23.510006,15.536089,14.509821,-9.957962,-9.921276,-9.888054
84.074859,-0.098113,15.371813,-1.100336,1.165594,0.045981,-3.905481,4.107275,23.513607,15.543049,14.513243,-9.957928,-9.921688,-9.888081
84.083767,-0.098113,15.371813,-1.100336,1.165594,0.045540,-3.905589,4.107557,23.520807,15.546524,14.520098,-9.957851,-9.921906,-9.888138
84.096049,-0.098113,15.371813,-1.100336,1.165594,0.045324,-3.905807,4.107693,23.524405,15.553484,14.523529,-9.957817,-9.922321,-9.888172
84.114762,-0.098113,15.371813,-1.100336,1.165594,0.044906,-3.905932,4.107980,23.531601,15.556950,14.530336,-9.957764,-9.922546,-9.888206
84.123558,-0.098113,15.371813,-1.100336,1.165594,0.044503,-3.906187,4.108119,23.538794,15.563892,14.533745,-9.957726,-9.922977,-9.888218
84.136722,-0.098113,15.371813,-1.100336,1.165594,0.044306,-3.906451,4.108404,23.542387,15.570831,14.540541,-9.957714,-9.923405,-9.888233
84.155425,-0.098113,15.371813,-1.100336,1.165594,0.043924,-3.906588,4.108692,23.549599,15.574295,14.547321,-9.957703,-9.923622,-9.888245
84.164276,-0.098113,15.371813,-1.100336,1.165594,0.043738,-3.906725,4.108830,23.553202,15.577765,14.550714,-9.957703,-9.923832,-9.888252
84.175448,-0.098113,15.371813,-1.100336,1.165594,0.043382,-3.906996,4.109145,23.560402,15.584682,14.557451,-9.957710,-9.924252,-9.888245
84.184281,-0.098113,15.371813,-1.100336,1.165594,0.043212,-3.907128,4.109297,23.563997,15.588135,14.560823,-9.957718,-9.924458,-9.888233
84.195856,-0.098113,15.371813,-1.100336,1.165594,0.043044,-3.907531,4.109447,23.567591,15.598511,14.564199,-9.957726,-9.925037,-9.888229
84.215123,-0.098113,15.371813,-1.100336,1.165594,0.042575,-3.907654,4.109932,23.578360,15.601961,14.574301,-9.957771,-9.925236,-9.888176
84.223770,-0.098113,15.371813,-1.100336,1.165594,0.042433,-3.907779,4.110096,23.581942,15.605415,14.577669,-9.957794,-9.925430,-9.888157
84.235101,-0.098113,15.371813,-1.100336,1.165594,0.042158,-3.907905,4.110256,23.589102,15.608871,14.581039,-9.957848,-9.925629,-9.888138
84.244269,-0.098113,15.371813,-1.100336,1.165594,0.042037,-3.908032,4.110620,23.592669,15.612331,14.587772,-9.957890,-9.925819,-9.888073
84.254816,-0.098113,15.371813,-1.100336,1.165594,0.041918,-3.908280,4.110795,23.596233,15.619257,14.591145,-9.957939,-9.926208,-9.888046
84.264096,-0.098113,15.371813,-1.100336,1.165594,0.041800,-3.908407,4.110967,23.599798,15.622725,14.594519,-9.957985,-9.926395,-9.888023
84.274890,-0.098113,15.371813,-1.100336,1.165594,0.041685,-3.908534,4.111165,23.603361,15.626196,14.597904,-9.958038,-9.926575,-9.887985
84.284398,-0.098113,15.371813,-1.100336,1.165594,0.041576,-3.908793,4.111549,23.606920,15.633141,14.604685,-9.958092,-9.926956,-9.887920
84.295829,-0.098113,15.371813,-1.100336,1.165594,0.041364,-3.909058,4.111735,23.614033,15.640099,14.608080,-9.958202,-9.927326,-9.887890
84.314793,-0.098113,15.371813,-1.100336,1.165594,0.041182,-3.909187,4.112154,23.621157,15.643576,14.614880,-9.958347,-9.927505,-9.887856
84.323389,-0.098113,15.371813,-1.100336,1.165594,0.041105,-3.909449,4.112556,23.624725,15.650543,14.621691,-9.958431,-9.927849,-9.887833
84.335292,-0.098113,15.371813,-1.100336,1.165594,0.040954,-3.909581,4.112775,23.631859,15.654030,14.625097,-9.958607,-9.928013,-9.887814
84.344472,-0.098113,15.371813,-1.100336,1.165594,0.040894,-3.909738,4.112989,23.635435,15.657520,14.628508,-9.958698,-9.928169,-9.887798
84.355414,-0.098113,15.371813,-1.100336,1.165594,0.040834,-3.909895,4.113198,23.639013,15.661013,14.631920,-9.958797,-9.928307,-9.887783
84.364389,-0.098113,15.371813,-1.100336,1.165594,0.040776,-3.910053,4.113403,23.642590,15.664509,14.635336,-9.958893,-9.928436,-9.887760
84.375142,-0.098113,15.371813,-1.100336,1.165594,0.040675,-3.910397,4.113866,23.649748,15.671511,14.642151,-9.959091,-9.928696,-9.887691
84.383573,-0.098113,15.371813,-1.100336,1.165594,0.040632,-3.910583,4.114090,23.653330,15.675014,14.645563,-9.959202,-9.928825,-9.887665
84.396790,-0.098113,15.371813,-1.100336,1.165594,0.040551,-3.910957,4.114310,23.660492,15.682032,14.648979,-9.959423,-9.929066,-9.887642
84.414768,-0.098113,15.371813,-1.100336,1.165594,0.040510,-3.911352,4.115030,23.667683,15.689045,14.659216,-9.959679,-9.929306,-9.887562
84.423426,-0.098113,15.371813,-1.100336,1.165594,0.040491,-3.911550,4.115260,23.671276,15.692558,14.662634,-9.959805,-9.929420,-9.887547
84.435006,-0.098113,15.371813,-1.100336,1.165594,0.040472,-3.911748,4.115508,23.674870,15.696072,14.666054,-9.959927,-9.929531,-9.887531
84.443627,-0.098113,15.371813,-1.100336,1.165594,0.040474,-3.911937,4.115988,23.682077,15.699585,14.672905,-9.960220,-9.929646,-9.887505
84.454845,-0.098113,15.371813,-1.100336,1.165594,0.040476,-3.912315,4.116220,23.685678,15.706617,14.676334,-9.960361,-9.929855,-9.887501
84.463563,-0.098113,15.371813,-1.100336,1.165594,0.040479,-3.912505,4.116448,23.689280,15.710138,14.679768,-9.960506,-9.929955,-9.887493
84.474668,-0.098113,15.371813,-1.100336,1.165594,0.040482,-3.912696,4.116687,23.692881,15.713665,14.683201,-9.960648,-9.930042,-9.887493
84.484133,-0.098113,15.371813,-1.100336,1.165594,0.040497,-3.913067,4.117148,23.696487,15.720695,14.690077,-9.960808,-9.930244,-9.887478
84.496083,-0.098113,15.371813,-1.100336,1.165594,0.040526,-3.913253,4.117371,23.703699,15.724216,14.693518,-9.961113,-9.930340,-9.887474
84.504634,-0.098113,15.371813,-1.100336,1.165594,0.040541,-3.913440,4.117607,23.707302,15.727741,14.696974,-9.961262,-9.930435,-9.887466
84.514828,-0.098113,15.371813,-1.100336,1.165594,0.040556,-3.913633,4.117837,23.710911,15.731251,14.700434,-9.961426,-9.930534,-9.887463
84.523494,-0.098113,15.371813,-1.100336,1.165594,0.040572,-3.914020,4.118283,23.714518,15.738279,14.707359,-9.961586,-9.930725,-9.887463
84.535372,-0.098113,15.371813,-1.100336,1.165594,0.040604,-3.914214,4.118522,23.721729,15.741798,14.710815,-9.961903,-9.930817,-9.887463
84.544421,-0.098113,15.371813,-1.100336,1.165594,0.040608,-3.914407,4.118756,23.725342,15.745302,14.714273,-9.962074,-9.930916,-9.887463
84.554946,-0.098113,15.371813,-1.100336,1.165594,0.040612,-3.914601,4.118984,23.728952,15.748810,14.717735,-9.962246,-9.931015,-9.887466
84.566084,-0.098113,15.371813,-1.100336,1.165594,0.040616,-3.914795,4.119206,23.732561,15.752321,14.721199,-9.962421,-9.931110,-9.887474
84.575292,-0.098113,15.371813,-1.100336,1.165594,0.040608,-3.915177,4.119689,23.739782,15.759348,14.728109,-9.962772,-9.931320,-9.887474
84.584157,-0.098113,15.371813,-1.100336,1.165594,0.040595,-3.915365,4.119922,23.743393,15.762863,14.731567,-9.962955,-9.931431,-9.887478
84.596713,-0.098113,15.371813,-1.100336,1.165594,0.040571,-3.915554,4.120150,23.750612,15.766382,14.735029,-9.963310,-9.931557,-9.887486
84.606602,-0.098113,15.371813,-1.100336,1.165594,0.040540,-3.915742,4.120625,23.754232,15.769903,14.741940,-9.963497,-9.931679,-9.887493
84.614784,-0.098113,15.371813,-1.100336,1.165594,0.040509,-3.916096,4.120854,23.757851,15.776955,14.745399,-9.963684,-9.931946,-9.887501
84.623549,-0.098113,15.371813,-1.100336,1.165594,0.040479,-3.916273,4.121076,23.761469,15.780483,14.748861,-9.963867,-9.932072,-9.887508
84.636749,-0.098113,15.371813,-1.100336,1.165594,0.040449,-3.916450,4.121302,23.765085,15.784016,14.752312,-9.964046,-9.932194,-9.887520
84.643486,-0.098113,15.371813,-1.100336,1.165594,0.040398,-3.916792,4.121736,23.768713,15.791090,14.759220,-9.964226,-9.932491,-9.887543
84.655495,-0.098113,15.371813,-1.100336,1.165594,0.040296,-3.916963,4.121945,23.775963,15.794632,14.762678,-9.964577,-9.932640,-9.887562
84.664657,-0.098113,15.371813,-1.100336,1.165594,0.040247,-3.917135,4.122155,23.779587,15.798176,14.766140,-9.964745,-9.932789,-9.887566
84.674817,-0.098113,15.371813,-1.100336,1.165594,0.040180,-3.917311,4.122360,23.783228,15.801704,14.769604,-9.964920,-9.932945,-9.887573
84.684340,-0.098113,15.371813,-1.100336,1.165594,0.040114,-3.917663,4.122752,23.786867,15.808773,14.776539,-9.965088,-9.933247,-9.887604
84.696376,-0.098113,15.371813,-1.100336,1.165594,0.039984,-3.918011,4.122928,23.794142,15.815840,14.780014,-9.965420,-9.933529,-9.887608
84.714684,-0.098113,15.371813,-1.100336,1.165594,0.039837,-3.918184,4.123265,23.801439,15.819370,14.786974,-9.965755,-9.933655,-9.887627
84.723473,-0.098113,15.371813,-1.100336,1.165594,0.039694,-3.918356,4.123583,23.808731,15.822905,14.793943,-9.966087,-9.933777,-9.887634
84.734846,-0.098113,15.371813,-1.100336,1.165594,0.039624,-3.918702,4.123718,23.812376,15.829985,14.797424,-9.966248,-9.934010,-9.887634
84.743540,-0.098113,15.371813,-1.100336,1.165594,0.039552,-3.918872,4.123849,23.816017,15.833509,14.800907,-9.966415,-9.934120,-9.887638
84.755949,-0.098113,15.371813,-1.100336,1.165594,0.039482,-3.919042,4.123975,23.819658,15.837038,14.804396,-9.966579,-9.934227,-9.887646
84.765057,-0.098113,15.371813,-1.100336,1.165594,0.039412,-3.919382,4.124197,23.823298,15.844107,14.811380,-9.966740,-9.934444,-9.887669
84.774965,-0.098113,15.371813,-1.100336,1.165594,0.039275,-3.919560,4.124295,23.830559,15.847628,14.814878,-9.967060,-9.934559,-9.887680
84.783508,-0.098113,15.371813,-1.100336,1.165594,0.039207,-3.919738,4.124388,23.834179,15.851151,14.818380,-9.967220,-9.934669,-9.887680
84.794767,-0.098113,15.371813,-1.100336,1.165594,0.039074,-3.919914,4.124476,23.841419,15.854677,14.821884,-9.967545,-9.934776,-9.887684
84.805254,-0.098113,15.371813,-1.100336,1.165594,0.039002,-3.920091,4.124612,23.845020,15.858206,14.828918,-9.967716,-9.934879,-9.887695
84.814745,-0.098113,15.371813,-1.100336,1.165594,0.038932,-3.920473,4.124673,23.848619,15.865232,14.832439,-9.967884,-9.935074,-9.887707
84.823439,-0.098113,15.371813,-1.100336,1.165594,0.038863,-3.920663,4.124731,23.852219,15.868750,14.835962,-9.968044,-9.935165,-9.887722
84.835157,-0.098113,15.371813,-1.100336,1.165594,0.038795,-3.921043,4.124781,23.855818,15.875790,14.839500,-9.968204,-9.935326,-9.887726
84.843264,-0.098113,15.371813,-1.100336,1.165594,0.038655,-3.921234,4.124869,23.862997,15.879313,14.846584,-9.968540,-9.935394,-9.887733
84.855701,-0.098113,15.371813,-1.100336,1.165594,0.038586,-3.921424,4.124908,23.866585,15.882837,14.850128,-9.968704,-9.935467,-9.887741
84.864322,-0.098113,15.371813,-1.100336,1.165594,0.038519,-3.921613,4.124940,23.870173,15.886366,14.853697,-9.968861,-9.935532,-9.887737
84.874723,-0.098113,15.371813,-1.100336,1.165594,0.038447,-3.921808,4.124969,23.873762,15.889900,14.857267,-9.969036,-9.935581,-9.887741
84.884755,-0.098113,15.371813,-1.100336,1.165594,0.038306,-3.922001,4.125015,23.880939,15.893438,14.864414,-9.969368,-9.935631,-9.887753
84.895269,-0.098113,15.371813,-1.100336,1.165594,0.038237,-3.922384,4.125025,23.884527,15.900526,14.868008,-9.969528,-9.935741,-9.887760
84.904396,-0.098113,15.371813,-1.100336,1.165594,0.038158,-3.922574,4.125031,23.888107,15.904074,14.871603,-9.969692,-9.935783,-9.887772
84.915055,-0.098113,15.371813,-1.100336,1.165594,0.038080,-3.922763,4.125033,23.891689,15.907627,14.875200,-9.969856,-9.935825,-9.887783
84.923400,-0.098113,15.371813,-1.100336,1.165594,0.038003,-3.923137,4.125009,23.895269,15.914740,14.882429,-9.970013,-9.935909,-9.887821
84.934943,-0.098113,15.371813,-1.100336,1.165594,0.037846,-3.923321,4.124983,23.902412,15.918316,14.886059,-9.970314,-9.935928,-9.887848
84.944401,-0.098113,15.371813,-1.100336,1.165594,0.037765,-3.923503,4.124954,23.905977,15.921894,14.889690,-9.970455,-9.935951,-9.887875
84.956330,-0.098113,15.371813,-1.100336,1.165594,0.037686,-3.923866,4.124923,23.909540,15.929060,14.893324,-9.970596,-9.936012,-9.887905
84.974738,-0.098113,15.371813,-1.100336,1.165594,0.037440,-3.924214,4.124757,23.920195,15.936279,14.904310,-9.970974,-9.936058,-9.888069
84.984521,-0.098113,15.371813,-1.100336,1.165594,0.037358,-3.924386,4.124697,23.923738,15.939892,14.907972,-9.971092,-9.936081,-9.888126
84.994846,-0.098113,15.371813,-1.100336,1.165594,0.037278,-3.924727,4.124635,23.927284,15.947126,14.911634,-9.971203,-9.936119,-9.888187
85.004981,-0.098113,15.371813,-1.100336,1.165594,0.037199,-3.924873,4.124483,23.930828,15.950756,14.918997,-9.971313,-9.936146,-9.888363
85.014779,-0.098113,15.371813,-1.100336,1.165594,0.037045,-3.925019,4.124404,23.937893,15.954388,14.922678,-9.971519,-9.936169,-9.888451
85.024580,-0.098113,15.371813,-1.100336,1.165594,0.036971,-3.925163,4.124322,23.941423,15.958021,14.926359,-9.971619,-9.936192,-9.888550
85.036018,-0.098113,15.371813,-1.100336,1.165594,0.036899,-3.925307,4.124225,23.944956,15.961658,14.930052,-9.971718,-9.936211,-9.888672
85.043355,-0.098113,15.371813,-1.100336,1.165594,0.036814,-3.925593,4.124026,23.948467,15.968956,14.937439,-9.971806,-9.936260,-9.888916
85.055843,-0.098113,15.371813,-1.100336,1.165594,0.036651,-3.925734,4.123924,23.955488,15.972609,14.941132,-9.971970,-9.936287,-9.889042
85.065092,-0.098113,15.371813,-1.100336,1.165594,0.036572,-3.925874,4.123799,23.959000,15.976265,14.944834,-9.972046,-9.936306,-9.889194
85.074852,-0.098113,15.371813,-1.100336,1.165594,0.036479,-3.926001,4.123672,23.962500,15.979919,14.948536,-9.972103,-9.936352,-9.889347
85.083578,-0.098113,15.371813,-1.100336,1.165594,0.036297,-3.926253,4.123416,23.969501,15.987238,14.955938,-9.972221,-9.936440,-9.889660
85.095679,-0.098113,15.371813,-1.100336,1.165594,0.036209,-3.926378,4.123265,23.973003,15.990900,14.959646,-9.972286,-9.936478,-9.889851
85.104606,-0.098113,15.371813,-1.100336,1.165594,0.036088,-3.926507,4.123113,23.976500,15.994545,14.963352,-9.972328,-9.936531,-9.890038
85.114741,-0.098113,15.371813,-1.100336,1.165594,0.035969,-3.926635,4.122960,23.979998,15.998196,14.967060,-9.972363,-9.936581,-9.890224
85.124175,-0.098113,15.371813,-1.100336,1.165594,0.035854,-3.926762,4.122807,23.983496,16.001846,14.970766,-9.972401,-9.936630,-9.890411
85.135323,-0.098113,15.371813,-1.100336,1.165594,0.035603,-3.927111,4.122488,23.990477,16.012796,14.978178,-9.972454,-9.936821,-9.890839
85.156432,-0.098113,15.371813,-1.100336,1.165594,0.035335,-3.927429,4.122167,23.997448,16.023739,14.985592,-9.972492,-9.937004,-9.891243
85.174677,-0.098113,15.371813,-1.100336,1.165594,0.034890,-3.927526,4.121640,24.007883,16.027378,14.996685,-9.972515,-9.937061,-9.891918
85.183944,-0.098113,15.371813,-1.100336,1.165594,0.034737,-3.927621,4.121464,24.011360,16.031021,15.000381,-9.972515,-9.937119,-9.892139
85.195376,-0.098113,15.371813,-1.100336,1.165594,0.034586,-3.927716,4.121262,24.014839,16.034666,15.004084,-9.972515,-9.937180,-9.892368
85.204595,-0.098113,15.371813,-1.100336,1.165594,0.034231,-3.927876,4.120859,24.021782,16.041927,15.011486,-9.972511,-9.937317,-9.892834
85.214712,-0.098113,15.371813,-1.100336,1.165594,0.034059,-3.927955,4.120657,24.025255,16.045561,15.015186,-9.972507,-9.937386,-9.893063
85.223415,-0.098113,15.371813,-1.100336,1.165594,0.033889,-3.928033,4.120441,24.028728,16.049198,15.018892,-9.972504,-9.937450,-9.893299
85.235167,-0.098113,15.371813,-1.100336,1.165594,0.033704,-3.928103,4.120225,24.032200,16.052826,15.022598,-9.972496,-9.937527,-9.893532
85.243682,-0.098113,15.371813,-1.100336,1.165594,0.033346,-3.928172,4.119794,24.039146,16.056458,15.030006,-9.972477,-9.937599,-9.893990
85.256353,-0.098113,15.371813,-1.100336,1.165594,0.033172,-3.928309,4.119579,24.042620,16.063728,15.033710,-9.972466,-9.937721,-9.894215
85.263932,-0.098113,15.371813,-1.100336,1.165594,0.033000,-3.928376,4.119362,24.046097,16.067369,15.037394,-9.972454,-9.937778,-9.894447
85.274853,-0.098113,15.371813,-1.100336,1.165594,0.032805,-3.928442,4.119145,24.049557,16.070988,15.041079,-9.972454,-9.937840,-9.894680
85.283774,-0.098113,15.371813,-1.100336,1.165594,0.032614,-3.928506,4.118712,24.053019,16.074612,15.048447,-9.972454,-9.937901,-9.895134
85.294676,-0.098113,15.371813,-1.100336,1.165594,0.032243,-3.928635,4.118483,24.059944,16.081861,15.052114,-9.972450,-9.938015,-9.895370
85.303715,-0.098113,15.371813,-1.100336,1.165594,0.032031,-3.928688,4.118253,24.063393,16.085457,15.055784,-9.972439,-9.938076,-9.895607
85.315875,-0.098113,15.371813,-1.100336,1.165594,0.031824,-3.928845,4.117795,24.066843,16.096258,15.063122,-9.972427,-9.938229,-9.896076
85.335091,-0.098113,15.371813,-1.100336,1.165594,0.031214,-3.928884,4.117304,24.077168,16.099834,15.070452,-9.972347,-9.938282,-9.896572
85.344393,-0.098113,15.371813,-1.100336,1.165594,0.031009,-3.928922,4.117059,24.080591,16.103413,15.074116,-9.972313,-9.938339,-9.896812
85.357181,-0.098113,15.371813,-1.100336,1.165594,0.030609,-3.929001,4.116814,24.087446,16.110580,15.077780,-9.972237,-9.938442,-9.897053
85.375036,-0.098113,15.371813,-1.100336,1.165594,0.030221,-3.929067,4.116072,24.094276,16.117708,15.088799,-9.972157,-9.938534,-9.897785
85.384500,-0.098113,15.371813,-1.100336,1.165594,0.030033,-3.929100,4.115825,24.097696,16.121277,15.092470,-9.972115,-9.938580,-9.898029
85.394785,-0.098113,15.371813,-1.100336,1.165594,0.029847,-3.929162,4.115584,24.101118,16.128393,15.096174,-9.972092,-9.938679,-9.898277
85.405102,-0.098113,15.371813,-1.100336,1.165594,0.029480,-3.929191,4.115103,24.107935,16.131941,15.103580,-9.972054,-9.938736,-9.898766
85.416251,-0.098113,15.371813,-1.100336,1.165594,0.029301,-3.929249,4.114862,24.111347,16.139044,15.107281,-9.972034,-9.938839,-9.899002
85.435242,-0.098113,15.371813,-1.100336,1.165594,0.028947,-3.929269,4.114378,24.118160,16.142574,15.114750,-9.972004,-9.938908,-9.899471
85.443220,-0.098113,15.371813,-1.100336,1.165594,0.028601,-3.929312,4.114137,24.124966,16.149645,15.118483,-9.971966,-9.939037,-9.899700
85.455001,-0.098113,15.371813,-1.100336,1.165594,0.028432,-3.929335,4.113662,24.128374,16.153183,15.125965,-9.971943,-9.939098,-9.900150
85.463967,-0.098113,15.371813,-1.100336,1.165594,0.028260,-3.929349,4.113427,24.131767,16.156694,15.129715,-9.971931,-9.939171,-9.900372
85.474767,-0.098113,15.371813,-1.100336,1.165594,0.028092,-3.929365,4.113193,24.135164,16.160210,15.133463,-9.971924,-9.939240,-9.900593
85.484401,-0.098113,15.371813,-1.100336,1.165594,0.027764,-3.929400,4.112740,24.141968,16.167250,15.140978,-9.971905,-9.939365,-9.901028
85.494856,-0.098113,15.371813,-1.100336,1.165594,0.027594,-3.929417,4.112522,24.145369,16.170750,15.144743,-9.971912,-9.939426,-9.901245
85.504324,-0.098113,15.371813,-1.100336,1.165594,0.027428,-3.929435,4.112303,24.148771,16.174252,15.148508,-9.971924,-9.939487,-9.901443
85.516046,-0.098113,15.371813,-1.100336,1.165594,0.027106,-3.929454,4.112084,24.155586,16.177755,15.152271,-9.971954,-9.939545,-9.901638
85.525074,-0.098113,15.371813,-1.100336,1.165594,0.026950,-3.929496,4.111661,24.158998,16.184776,15.159800,-9.971970,-9.939651,-9.902016
85.534935,-0.098113,15.371813,-1.100336,1.165594,0.026800,-3.929508,4.111455,24.162401,16.188259,15.163567,-9.972012,-9.939697,-9.902203
85.543245,-0.098113,15.371813,-1.100336,1.165594,0.026653,-3.929521,4.111250,24.165808,16.191746,15.167332,-9.972050,-9.939743,-9.902382
85.556355,-0.098113,15.371813,-1.100336,1.165594,0.026370,-3.929551,4.111046,24.172626,16.198730,15.171095,-9.972130,-9.939850,-9.902561
85.564677,-0.098113,15.371813,-1.100336,1.165594,0.026228,-3.929558,4.110639,24.176022,16.202206,15.178616,-9.972195,-9.939896,-9.902931
85.574681,-0.098113,15.371813,-1.100336,1.165594,0.026089,-3.929567,4.110436,24.179419,16.205683,15.182375,-9.972260,-9.939934,-9.903114
85.584449,-0.098113,15.371813,-1.100336,1.165594,0.025953,-3.929578,4.110233,24.182817,16.209166,15.186131,-9.972321,-9.939972,-9.903294
85.594805,-0.098113,15.371813,-1.100336,1.165594,0.025820,-3.929591,4.110031,24.186222,16.212652,15.189886,-9.972378,-9.940010,-9.903465
85.604954,-0.098113,15.371813,-1.100336,1.165594,0.025678,-3.929592,4.109626,24.189617,16.219601,15.197390,-9.972466,-9.940041,-9.903809
85.615815,-0.098113,15.371813,-1.100336,1.165594,0.025403,-3.929601,4.109423,24.196419,16.226564,15.201139,-9.972633,-9.940044,-9.903976
85.634798,-0.098113,15.371813,-1.100336,1.165594,0.025117,-3.929606,4.109011,24.203228,16.230028,15.208649,-9.972816,-9.940022,-9.904324
85.643358,-0.098113,15.371813,-1.100336,1.165594,0.024968,-3.929625,4.108805,24.206636,16.236969,15.212400,-9.972916,-9.939980,-9.904491
85.654969,-0.098113,15.371813,-1.100336,1.165594,0.024680,-3.929638,4.108389,24.213461,16.240444,15.219908,-9.973106,-9.939957,-9.904842
85.664064,-0.098113,15.371813,-1.100336,1.165594,0.024499,-3.929648,4.108179,24.216873,16.243919,15.223661,-9.973221,-9.939919,-9.905022
85.674756,-0.098113,15.371813,-1.100336,1.165594,0.024322,-3.929660,4.107970,24.220289,16.247398,15.227413,-9.973335,-9.939888,-9.905201
85.683777,-0.098113,15.371813,-1.100336,1.165594,0.023980,-3.929691,4.107760,24.227127,16.254366,15.231165,-9.973537,-9.939827,-9.905388
85.694921,-0.098113,15.371813,-1.100336,1.165594,0.023774,-3.929702,4.107330,24.230551,16.257860,15.238699,-9.973640,-9.939793,-9.905800
85.704158,-0.098113,15.371813,-1.100336,1.165594,0.023572,-3.929715,4.107116,24.233978,16.261356,15.242462,-9.973740,-9.939762,-9.906006
85.715593,-0.098113,15.371813,-1.100336,1.165594,0.023183,-3.929748,4.106902,24.240837,16.268360,15.246225,-9.973930,-9.939697,-9.906204
85.735028,-0.098113,15.371813,-1.100336,1.165594,0.022716,-3.929795,4.106222,24.247690,16.275398,15.257494,-9.974144,-9.939629,-9.906860
85.744134,-0.098113,15.371813,-1.100336,1.165594,0.022490,-3.929821,4.105997,24.251122,16.278921,15.261248,-9.974247,-9.939594,-9.907055
85.755445,-0.098113,15.371813,-1.100336,1.165594,0.022267,-3.929850,4.105753,24.254557,16.282448,15.265003,-9.974346,-9.939560,-9.907280
85.765577,-0.098113,15.371813,-1.100336,1.165594,0.021999,-3.929877,4.105267,24.257977,16.289547,15.272512,-9.974453,-9.939449,-9.907711
85.775041,-0.098113,15.371813,-1.100336,1.165594,0.021480,-3.929894,4.105026,24.264824,16.293102,15.276264,-9.974659,-9.939392,-9.907921
85.785206,-0.098113,15.371813,-1.100336,1.165594,0.021228,-3.929913,4.104785,24.268251,16.296658,15.280014,-9.974754,-9.939339,-9.908131
85.794896,-0.098113,15.371813,-1.100336,1.165594,0.020981,-3.929933,4.104519,24.271683,16.300219,15.283772,-9.974850,-9.939297,-9.908363
85.805316,-0.098113,15.371813,-1.100336,1.165594,0.020439,-3.929955,4.103992,24.278540,16.307360,15.291275,-9.975048,-9.939148,-9.908852
85.816575,-0.098113,15.371813,-1.100336,1.165594,0.020176,-3.929988,4.103730,24.281971,16.314512,15.295025,-9.975140,-9.939007,-9.909088
85.834810,-0.098113,15.371813,-1.100336,1.165594,0.019633,-3.930009,4.103189,24.288836,16.318108,15.302534,-9.975330,-9.938915,-9.909611
85.843150,-0.098113,15.371813,-1.100336,1.165594,0.019353,-3.930056,4.102654,24.292269,16.325306,15.310036,-9.975433,-9.938736,-9.910110
85.855787,-0.098113,15.371813,-1.100336,1.165594,0.018810,-3.930082,4.102381,24.299139,16.328909,15.313789,-9.975620,-9.938648,-9.910385
85.864080,-0.098113,15.371813,-1.100336,1.165594,0.018522,-3.930102,4.102108,24.302582,16.332542,15.317541,-9.975727,-9.938538,-9.910656
85.874633,-0.098113,15.371813,-1.100336,1.165594,0.018240,-3.930124,4.101838,24.306025,16.336178,15.321291,-9.975842,-9.938431,-9.910919
85.884845,-0.098113,15.371813,-1.100336,1.165594,0.017962,-3.930175,4.101291,24.309471,16.343454,15.328802,-9.975956,-9.938225,-9.911472
85.895132,-0.098113,15.371813,-1.100336,1.165594,0.017398,-3.930203,4.101016,24.316357,16.347136,15.332567,-9.976185,-9.938099,-9.911758
85.903790,-0.098113,15.371813,-1.100336,1.165594,0.017112,-3.930234,4.100743,24.319796,16.350819,15.336327,-9.976303,-9.937973,-9.912037
85.916241,-0.098113,15.371813,-1.100336,1.165594,0.016556,-3.930303,4.100197,24.326681,16.358187,15.343847,-9.976528,-9.937729,-9.912605
85.934793,-0.098113,15.371813,-1.100336,1.165594,0.015990,-3.930419,4.099654,24.333540,16.365641,15.351362,-9.976772,-9.937462,-9.913170
85.943621,-0.098113,15.371813,-1.100336,1.165594,0.015714,-3.930480,4.099386,24.336973,16.369368,15.355116,-9.976891,-9.937332,-9.913441
85.955628,-0.098113,15.371813,-1.100336,1.165594,0.015443,-3.930605,4.099112,24.340408,16.376865,15.358877,-9.977001,-9.937073,-9.913715
85.964175,-0.098113,15.371813,-1.100336,1.165594,0.014890,-3.930668,4.098840,24.347233,16.380636,15.362637,-9.977245,-9.936932,-9.913982
85.975101,-0.098113,15.371813,-1.100336,1.165594,0.014621,-3.930733,4.098302,24.350649,16.384405,15.370146,-9.977360,-9.936790,-9.914501
85.985065,-0.098113,15.371813,-1.100336,1.165594,0.014358,-3.930800,4.098021,24.354069,16.388176,15.373898,-9.977470,-9.936657,-9.914772
85.994819,-0.098113,15.371813,-1.100336,1.165594,0.014090,-3.930878,4.097741,24.357468,16.391975,15.377645,-9.977592,-9.936527,-9.915039
86.004286,-0.098113,15.371813,-1.100336,1.165594,0.013570,-3.931040,4.097464,24.364273,16.399574,15.381392,-9.977829,-9.936283,-9.915298
86.016063,-0.098113,15.371813,-1.100336,1.165594,0.013317,-3.931218,4.096890,24.367682,16.407200,15.388855,-9.977940,-9.936050,-9.915775
86.035783,-0.098113,15.371813,-1.100336,1.165594,0.012852,-3.931313,4.096299,24.374454,16.411026,15.396294,-9.978165,-9.935928,-9.916210
86.043450,-0.098113,15.371813,-1.100336,1.165594,0.012625,-3.931507,4.095719,24.377846,16.418676,15.403715,-9.978271,-9.935696,-9.916626
86.063496,-0.098113,15.371813,-1.100336,1.165594,0.011987,-3.931715,4.095117,24.388023,16.426355,15.411093,-9.978584,-9.935467,-9.917004
86.075480,-0.098113,15.371813,-1.100336,1.165594,0.011793,-3.931824,4.094526,24.391413,16.430206,15.418453,-9.978687,-9.935352,-9.917362
86.084608,-0.098113,15.371813,-1.100336,1.165594,0.011417,-3.932047,4.094225,24.398201,16.437908,15.422131,-9.978878,-9.935139,-9.917526
86.094804,-0.098113,15.371813,-1.100336,1.165594,0.011261,-3.932145,4.093927,24.401592,16.441786,15.425804,-9.978981,-9.935032,-9.917683
86.103664,-0.098113,15.371813,-1.100336,1.165594,0.011108,-3.932246,4.093633,24.404987,16.445663,15.429474,-9.979084,-9.934929,-9.917843
86.115069,-0.098113,15.371813,-1.100336,1.165594,0.010813,-3.932348,4.093342,24.411783,16.449537,15.433138,-9.979252,-9.934830,-9.917999
86.123647,-0.098113,15.371813,-1.100336,1.165594,0.010703,-3.932452,4.092750,24.415180,16.453411,15.440434,-9.979355,-9.934734,-9.918285
86.134959,-0.098113,15.371813,-1.100336,1.165594,0.010595,-3.932667,4.092459,24.418581,16.461220,15.444077,-9.979450,-9.934525,-9.918423
86.143064,-0.098113,15.371813,-1.100336,1.165594,0.010491,-3.932777,4.092170,24.421984,16.465122,15.447714,-9.979538,-9.934422,-9.918556
86.154877,-0.098113,15.371813,-1.100336,1.165594,0.010315,-3.932889,4.091882,24.428799,16.469023,15.451330,-9.979717,-9.934326,-9.918690
86.165139,-0.098113,15.371813,-1.100336,1.165594,0.010243,-3.933166,4.091597,24.432211,16.476870,15.454943,-9.979805,-9.934128,-9.918808
86.176278,-0.098113,15.371813,-1.100336,1.165594,0.010173,-3.933448,4.091034,24.435625,16.484705,15.462156,-9.979889,-9.933937,-9.919033
86.196143,-0.098113,15.371813,-1.100336,1.165594,0.010043,-3.933611,4.090470,24.442459,16.488640,15.469343,-9.980061,-9.933838,-9.919266
86.203794,-0.098113,15.371813,-1.100336,1.165594,0.009924,-3.933776,4.090192,24.449301,16.492573,15.472931,-9.980228,-9.933743,-9.919376
86.215765,-0.098113,15.371813,-1.100336,1.165594,0.009868,-3.934107,4.089636,24.452724,16.500427,15.480097,-9.980305,-9.933590,-9.919582
86.224484,-0.098113,15.371813,-1.100336,1.165594,0.009802,-3.934280,4.089357,24.456148,16.504374,15.483673,-9.980392,-9.933506,-9.919701
86.234668,-0.098113,15.371813,-1.100336,1.165594,0.009738,-3.934453,4.089082,24.459576,16.508316,15.487247,-9.980476,-9.933426,-9.919815
86.243781,-0.098113,15.371813,-1.100336,1.165594,0.009617,-3.934627,4.088810,24.466436,16.512255,15.490820,-9.980625,-9.933350,-9.919926
86.255028,-0.098113,15.371813,-1.100336,1.165594,0.009549,-3.934985,4.088260,24.469862,16.520140,15.497942,-9.980705,-9.933208,-9.920113
86.264345,-0.098113,15.371813,-1.100336,1.165594,0.009483,-3.935171,4.087991,24.473291,16.524082,15.501499,-9.980778,-9.933144,-9.920200
86.275585,-0.098113,15.371813,-1.100336,1.165594,0.009419,-3.935544,4.087724,24.476723,16.531961,15.505053,-9.980846,-9.933010,-9.920288
86.294747,-0.098113,15.371813,-1.100336,1.165594,0.009255,-3.935925,4.086909,24.487028,16.539839,15.515707,-9.981068,-9.932877,-9.920513
86.303603,-0.098113,15.371813,-1.100336,1.165594,0.009207,-3.936116,4.086644,24.490469,16.543772,15.519253,-9.981136,-9.932816,-9.920582
86.316500,-0.098113,15.371813,-1.100336,1.165594,0.009161,-3.936499,4.086382,24.493912,16.551630,15.522797,-9.981205,-9.932701,-9.920647
86.323827,-0.098113,15.371813,-1.100336,1.165594,0.009116,-3.936671,4.085838,24.497356,16.555557,15.529871,-9.981266,-9.932648,-9.920765
86.334795,-0.098113,15.371813,-1.100336,1.165594,0.009043,-3.936844,4.085572,24.504232,16.559483,15.533405,-9.981426,-9.932594,-9.920818
86.343894,-0.098113,15.371813,-1.100336,1.165594,0.009009,-3.937017,4.085308,24.507673,16.563404,15.536936,-9.981499,-9.932549,-9.920876
86.356736,-0.098113,15.371813,-1.100336,1.165594,0.008976,-3.937517,4.084769,24.511116,16.575148,15.543999,-9.981560,-9.932392,-9.920990
86.375881,-0.098113,15.371813,-1.100336,1.165594,0.008892,-3.937682,4.084244,24.521421,16.579056,15.551054,-9.981804,-9.932343,-9.921093
86.384642,-0.098113,15.371813,-1.100336,1.165594,0.008865,-3.937847,4.083976,24.524862,16.582960,15.554588,-9.981876,-9.932297,-9.921146
86.394767,-0.098113,15.371813,-1.100336,1.165594,0.008823,-3.937994,4.083711,24.528290,16.586849,15.558123,-9.981964,-9.932255,-9.921196
86.403729,-0.098113,15.371813,-1.100336,1.165594,0.008783,-3.938291,4.083194,24.531719,16.594618,15.565186,-9.982044,-9.932178,-9.921261
86.414778,-0.098113,15.371813,-1.100336,1.165594,0.008706,-3.938442,4.082918,24.538586,16.598497,15.568726,-9.982159,-9.932144,-9.921288
86.423906,-0.098113,15.371813,-1.100336,1.165594,0.008647,-3.938581,4.082647,24.542011,16.602350,15.572264,-9.982231,-9.932102,-9.921310
86.434719,-0.098113,15.371813,-1.100336,1.165594,0.008590,-3.938722,4.082379,24.545439,16.606201,15.575802,-9.982296,-9.932064,-9.921329
86.443238,-0.098113,15.371813,-1.100336,1.165594,0.008535,-3.938865,4.082115,24.548868,16.610048,15.579338,-9.982361,-9.932030,-9.921349
86.455030,-0.098113,15.371813,-1.100336,1.165594,0.008406,-3.939130,4.081545,24.555714,16.617704,15.586433,-9.982487,-9.931927,-9.921352
86.463806,-0.098113,15.371813,-1.100336,1.165594,0.008334,-3.939254,4.081266,24.559130,16.621515,15.589977,-9.982552,-9.931873,-9.921341
86.475326,-0.098113,15.371813,-1.100336,1.165594,0.008263,-3.939616,4.080696,24.562550,16.632900,15.597067,-9.982597,-9.931713,-9.921303
86.494776,-0.098113,15.371813,-1.100336,1.165594,0.008045,-3.939729,4.080120,24.572775,16.636671,15.604156,-9.982735,-9.931652,-9.921253
86.503424,-0.098113,15.371813,-1.100336,1.165594,0.007973,-3.939843,4.079838,24.576180,16.640440,15.607700,-9.982773,-9.931595,-9.921230
86.514830,-0.098113,15.371813,-1.100336,1.165594,0.007903,-3.940059,4.079517,24.579588,16.647947,15.611250,-9.982811,-9.931511,-9.921196
86.524619,-0.098113,15.371813,-1.100336,1.165594,0.007841,-3.940163,4.079201,24.582981,16.651688,15.614799,-9.982857,-9.931461,-9.921146
86.535069,-0.098113,15.371813,-1.100336,1.165594,0.007723,-3.940268,4.078586,24.589775,16.655424,15.621897,-9.982883,-9.931419,-9.921043
86.545632,-0.098113,15.371813,-1.100336,1.165594,0.007665,-3.940374,4.078242,24.593178,16.659159,15.625435,-9.982891,-9.931377,-9.920975
86.556605,-0.098113,15.371813,-1.100336,1.165594,0.007639,-3.940466,4.077903,24.596577,16.662886,15.628971,-9.982906,-9.931332,-9.920910
86.564485,-0.098113,15.371813,-1.100336,1.165594,0.007588,-3.940560,4.077569,24.603384,16.666609,15.632509,-9.982929,-9.931290,-9.920845
86.576856,-0.098113,15.371813,-1.100336,1.165594,0.007564,-3.940855,4.076917,24.606791,16.677765,15.639582,-9.982933,-9.931194,-9.920719
86.594996,-0.098113,15.371813,-1.100336,1.165594,0.007527,-3.940949,4.076202,24.617031,16.681473,15.646627,-9.982971,-9.931175,-9.920597
86.603993,-0.098113,15.371813,-1.100336,1.165594,0.007522,-3.941144,4.075507,24.620449,16.688883,15.653675,-9.982983,-9.931141,-9.920479
86.614903,-0.098113,15.371813,-1.100336,1.165594,0.007517,-3.941244,4.075130,24.623871,16.692585,15.657185,-9.982990,-9.931126,-9.920414
86.624781,-0.098113,15.371813,-1.100336,1.165594,0.007520,-3.941341,4.074759,24.627302,16.696291,15.660694,-9.983013,-9.931118,-9.920349
86.635601,-0.098113,15.371813,-1.100336,1.165594,0.007524,-3.941441,4.074394,24.630737,16.699993,15.664204,-9.983032,-9.931118,-9.920284
86.644115,-0.098113,15.371813,-1.100336,1.165594,0.007532,-3.941645,4.074034,24.637613,16.707388,15.667717,-9.983055,-9.931122,-9.920223
86.657044,-0.098113,15.371813,-1.100336,1.165594,0.007557,-3.941860,4.073273,24.641066,16.714779,15.674738,-9.983078,-9.931133,-9.920090
86.676060,-0.098113,15.371813,-1.100336,1.165594,0.007605,-3.942082,4.072535,24.647974,16.722157,15.681763,-9.983116,-9.931149,-9.919964
86.694731,-0.098113,15.371813,-1.100336,1.165594,0.007721,-3.942323,4.071364,24.658373,16.729551,15.692343,-9.983204,-9.931190,-9.919739
86.703988,-0.098113,15.371813,-1.100336,1.165594,0.007765,-3.942446,4.070986,24.661844,16.733244,15.695871,-9.983234,-9.931213,-9.919662
86.714883,-0.098113,15.371813,-1.100336,1.165594,0.007810,-3.942705,4.070573,24.665319,16.740635,15.699409,-9.983269,-9.931278,-9.919575
86.723801,-0.098113,15.371813,-1.100336,1.165594,0.007951,-3.942841,4.069767,24.672338,16.744333,15.706491,-9.983368,-9.931324,-9.919403
86.735665,-0.098113,15.371813,-1.100336,1.165594,0.008020,-3.942978,4.069374,24.675852,16.748028,15.710033,-9.983414,-9.931366,-9.919319
86.743882,-0.098113,15.371813,-1.100336,1.165594,0.008089,-3.943115,4.068947,24.679365,16.751719,15.713575,-9.983452,-9.931412,-9.919216
86.754985,-0.098113,15.371813,-1.100336,1.165594,0.008194,-3.943253,4.068527,24.682901,16.755407,15.717119,-9.983509,-9.931480,-9.919113
86.763286,-0.098113,15.371813,-1.100336,1.165594,0.008403,-3.943532,4.067709,24.689976,16.762777,15.724209,-9.983612,-9.931618,-9.918915
86.775059,-0.098113,15.371813,-1.100336,1.165594,0.008505,-3.943673,4.067274,24.693514,16.766457,15.727758,-9.983658,-9.931686,-9.918800
86.783798,-0.098113,15.371813,-1.100336,1.165594,0.008635,-3.943822,4.066846,24.697079,16.770142,15.731308,-9.983707,-9.931770,-9.918690
86.794724,-0.098113,15.371813,-1.100336,1.165594,0.008765,-3.943972,4.066425,24.700644,16.773825,15.734858,-9.983753,-9.931850,-9.918583
86.804124,-0.098113,15.371813,-1.100336,1.165594,0.009019,-3.944275,4.066011,24.707777,16.781179,15.738409,-9.983837,-9.932018,-9.918476
86.814788,-0.098113,15.371813,-1.100336,1.165594,0.009155,-3.944432,4.065153,24.711382,16.784855,15.745493,-9.983871,-9.932125,-9.918243
86.823791,-0.098113,15.371813,-1.100336,1.165594,0.009290,-3.944589,4.064735,24.714989,16.788527,15.749037,-9.983906,-9.932228,-9.918137
86.835762,-0.098113,15.371813,-1.100336,1.165594,0.009423,-3.945066,4.063921,24.718594,16.799524,15.756126,-9.983921,-9.932537,-9.917931
86.855061,-0.098113,15.371813,-1.100336,1.165594,0.009824,-3.945231,4.063106,24.729441,16.803186,15.763206,-9.983955,-9.932663,-9.917709
86.863913,-0.098113,15.371813,-1.100336,1.165594,0.009961,-3.945397,4.062709,24.733076,16.806847,15.766750,-9.983955,-9.932789,-9.917606
86.874900,-0.098113,15.371813,-1.100336,1.165594,0.010230,-3.945563,4.062318,24.740345,16.810501,15.770292,-9.983952,-9.932903,-9.917503
86.884238,-0.098113,15.371813,-1.100336,1.165594,0.010382,-3.945730,4.061912,24.744005,16.814156,15.773823,-9.983940,-9.933014,-9.917381
86.894777,-0.098113,15.371813,-1.100336,1.165594,0.010533,-3.946072,4.061123,24.747663,16.821459,15.780888,-9.983929,-9.933304,-9.917152
86.904032,-0.098113,15.371813,-1.100336,1.165594,0.010682,-3.946242,4.060738,24.751320,16.825106,15.784422,-9.983910,-9.933449,-9.917042
86.915054,-0.098113,15.371813,-1.100336,1.165594,0.010830,-3.946414,4.060340,24.754978,16.828751,15.787939,-9.983891,-9.933590,-9.916908
86.924091,-0.098113,15.371813,-1.100336,1.165594,0.011128,-3.946761,4.059566,24.762308,16.836021,15.794981,-9.983845,-9.933960,-9.916656
86.936425,-0.098113,15.371813,-1.100336,1.165594,0.011274,-3.947110,4.059188,24.765972,16.843279,15.798502,-9.983822,-9.934338,-9.916534
86.955274,-0.098113,15.371813,-1.100336,1.165594,0.011580,-3.947288,4.058422,24.773293,16.846903,15.805540,-9.983757,-9.934566,-9.916321
86.964328,-0.098113,15.371813,-1.100336,1.165594,0.011898,-3.947645,4.058050,24.780607,16.854145,15.809063,-9.983677,-9.935013,-9.916222
86.975903,-0.098113,15.371813,-1.100336,1.165594,0.012054,-3.947824,4.057304,24.784262,16.857761,15.816097,-9.983635,-9.935230,-9.916016
86.985098,-0.098113,15.371813,-1.100336,1.165594,0.012233,-3.948026,4.056932,24.787922,16.861382,15.819613,-9.983582,-9.935493,-9.915913
86.995145,-0.098113,15.371813,-1.100336,1.165594,0.012410,-3.948228,4.056566,24.791582,16.865000,15.823128,-9.983528,-9.935745,-9.915810
87.005584,-0.098113,15.371813,-1.100336,1.165594,0.012585,-3.948429,4.056207,24.795240,16.868614,15.826645,-9.983471,-9.935989,-9.915699
87.014894,-0.098113,15.371813,-1.100336,1.165594,0.012948,-3.948855,4.055467,24.802544,16.875849,15.833683,-9.983326,-9.936504,-9.915462
87.023995,-0.098113,15.371813,-1.100336,1.165594,0.013135,-3.949079,4.055108,24.806190,16.879469,15.837202,-9.983250,-9.936775,-9.915352
87.035756,-0.098113,15.371813,-1.100336,1.165594,0.013504,-3.949302,4.054755,24.813482,16.883085,15.840725,-9.983097,-9.937038,-9.915241
87.044360,-0.098113,15.371813,-1.100336,1.165594,0.013700,-3.949525,4.054013,24.817125,16.886700,15.847799,-9.983025,-9.937294,-9.915020
87.054990,-0.098113,15.371813,-1.100336,1.165594,0.013893,-3.950010,4.053653,24.820768,16.893957,15.851337,-9.982956,-9.937893,-9.914913
87.063300,-0.098113,15.371813,-1.100336,1.165594,0.014084,-3.950251,4.053300,24.824411,16.897581,15.854877,-9.982883,-9.938179,-9.914806
87.074972,-0.098113,15.371813,-1.100336,1.165594,0.014274,-3.950763,4.052923,24.828053,16.904839,15.858431,-9.982819,-9.938774,-9.914692
87.084350,-0.098113,15.371813,-1.100336,1.165594,0.014473,-3.951034,4.052189,24.831682,16.908474,15.865540,-9.982754,-9.939083,-9.914471
87.094609,-0.098113,15.371813,-1.100336,1.165594,0.014865,-3.951303,4.051833,24.838942,16.912107,15.869097,-9.982624,-9.939384,-9.914368
87.104801,-0.098113,15.371813,-1.100336,1.165594,0.015057,-3.951570,4.051484,24.842571,16.915735,15.872652,-9.982555,-9.939678,-9.914268
87.114987,-0.098113,15.371813,-1.100336,1.165594,0.015247,-3.951835,4.051100,24.846199,16.919361,15.876213,-9.982491,-9.939957,-9.914165
87.123609,-0.098113,15.371813,-1.100336,1.165594,0.015661,-3.952392,4.050351,24.853401,16.926605,15.883337,-9.982334,-9.940578,-9.913944
87.137028,-0.098113,15.371813,-1.100336,1.165594,0.015864,-3.952668,4.049987,24.857004,16.930223,15.886902,-9.982258,-9.940880,-9.913841
87.144073,-0.098113,15.371813,-1.100336,1.165594,0.016066,-3.952943,4.049583,24.860605,16.933838,15.890465,-9.982178,-9.941174,-9.913734
87.155670,-0.098113,15.371813,-1.100336,1.165594,0.016283,-3.953748,4.048796,24.864183,16.944674,15.897594,-9.982094,-9.942123,-9.913532
87.174988,-0.098113,15.371813,-1.100336,1.165594,0.016919,-3.954013,4.047992,24.874918,16.948280,15.904716,-9.981838,-9.942425,-9.913338
87.185203,-0.098113,15.371813,-1.100336,1.165594,0.017142,-3.954267,4.047577,24.878483,16.951902,15.908272,-9.981747,-9.942749,-9.913227
87.194648,-0.098113,15.371813,-1.100336,1.165594,0.017363,-3.954519,4.047170,24.882048,16.955523,15.911829,-9.981667,-9.943066,-9.913124
87.204380,-0.098113,15.371813,-1.100336,1.165594,0.017795,-3.955019,4.046771,24.889179,16.962753,15.915388,-9.981499,-9.943676,-9.913025
87.215047,-0.098113,15.371813,-1.100336,1.165594,0.018025,-3.955251,4.045928,24.892736,16.966387,15.922476,-9.981415,-9.943989,-9.912827
87.223610,-0.098113,15.371813,-1.100336,1.165594,0.018251,-3.955483,4.045519,24.896296,16.970016,15.926022,-9.981331,-9.944294,-9.912731
87.235789,-0.098113,15.371813,-1.100336,1.165594,0.018696,-3.955943,4.045117,24.903412,16.977266,15.929571,-9.981163,-9.944881,-9.912643
87.255035,-0.098113,15.371813,-1.100336,1.165594,0.019157,-3.956350,4.043871,24.910517,16.984564,15.940214,-9.980953,-9.945461,-9.912380
87.263453,-0.098113,15.371813,-1.100336,1.165594,0.019383,-3.956552,4.043471,24.914068,16.988209,15.943764,-9.980846,-9.945736,-9.912300
87.274663,-0.098113,15.371813,-1.100336,1.165594,0.019606,-3.956944,4.043057,24.917622,16.995527,15.947334,-9.980743,-9.946266,-9.912216
87.284202,-0.098113,15.371813,-1.100336,1.165594,0.019848,-3.957134,4.042253,24.921160,16.999203,15.954477,-9.980629,-9.946514,-9.912060
87.295340,-0.098113,15.371813,-1.100336,1.165594,0.020322,-3.957323,4.041862,24.928238,17.002874,15.958052,-9.980400,-9.946754,-9.911991
87.304867,-0.098113,15.371813,-1.100336,1.165594,0.020554,-3.957511,4.041460,24.931778,17.006540,15.961647,-9.980286,-9.946991,-9.911896
87.314793,-0.098113,15.371813,-1.100336,1.165594,0.020795,-3.957682,4.041065,24.935316,17.010258,15.965242,-9.980156,-9.947220,-9.911808
87.323685,-0.098113,15.371813,-1.100336,1.165594,0.021267,-3.958021,4.040297,24.942394,17.017681,15.972437,-9.979897,-9.947659,-9.911644
87.337646,-0.098113,15.371813,-1.100336,1.165594,0.021498,-3.958190,4.039911,24.945934,17.021387,15.976059,-9.979771,-9.947868,-9.911560
87.345955,-0.098113,15.371813,-1.100336,1.165594,0.021747,-3.958345,4.039532,24.949459,17.025143,15.979681,-9.979645,-9.948078,-9.911484
87.357690,-0.098113,15.371813,-1.100336,1.165594,0.021992,-3.958804,4.038795,24.952984,17.036385,15.986927,-9.979519,-9.948689,-9.911346
87.375415,-0.098113,15.371813,-1.100336,1.165594,0.022708,-3.958957,4.038082,24.963564,17.040121,15.994188,-9.979145,-9.948879,-9.911228
87.384583,-0.098113,15.371813,-1.100336,1.165594,0.022952,-3.959103,4.037735,24.967089,17.043911,15.997826,-9.979031,-9.949078,-9.911171
87.395770,-0.098113,15.371813,-1.100336,1.165594,0.023191,-3.959538,4.037060,24.970612,17.055250,16.005102,-9.978916,-9.949631,-9.911072
87.415330,-0.098113,15.371813,-1.100336,1.165594,0.023892,-3.959680,4.036407,24.981197,17.059080,16.012434,-9.978584,-9.949810,-9.910973
87.423494,-0.098113,15.371813,-1.100336,1.165594,0.024122,-3.959822,4.036090,24.984734,17.062906,16.016100,-9.978477,-9.949982,-9.910919
87.434825,-0.098113,15.371813,-1.100336,1.165594,0.024570,-3.960104,4.035780,24.991806,17.070539,16.019766,-9.978291,-9.950306,-9.910873
87.443798,-0.098113,15.371813,-1.100336,1.165594,0.024789,-3.960238,4.035466,24.995342,17.074402,16.023453,-9.978207,-9.950455,-9.910820
87.454760,-0.098113,15.371813,-1.100336,1.165594,0.025005,-3.960372,4.034858,24.998880,17.078259,16.030821,-9.978123,-9.950596,-9.910732
87.464197,-0.098113,15.371813,-1.100336,1.165594,0.025217,-3.960506,4.034563,25.002417,17.082109,16.034504,-9.978035,-9.950733,-9.910694
87.474799,-0.098113,15.371813,-1.100336,1.165594,0.025425,-3.960751,4.034267,25.005957,17.089848,16.038214,-9.977951,-9.951000,-9.910652
87.484130,-0.098113,15.371813,-1.100336,1.165594,0.025856,-3.960861,4.033696,25.013018,17.093735,16.045630,-9.977833,-9.951126,-9.910580
87.496860,-0.098113,15.371813,-1.100336,1.165594,0.026066,-3.961080,4.033419,25.016548,17.101490,16.049335,-9.977776,-9.951359,-9.910553
87.515533,-0.098113,15.371813,-1.100336,1.165594,0.026494,-3.961170,4.032870,25.023596,17.105402,16.056795,-9.977688,-9.951473,-9.910496
87.523253,-0.098113,15.371813,-1.100336,1.165594,0.026925,-3.961349,4.032346,25.030626,17.113211,16.064249,-9.977623,-9.951698,-9.910458
87.534761,-0.098113,15.371813,-1.100336,1.165594,0.027136,-3.961439,4.032095,25.034143,17.117107,16.068007,-9.977589,-9.951805,-9.910450
87.543905,-0.098113,15.371813,-1.100336,1.165594,0.027366,-3.961519,4.031851,25.037645,17.121038,16.071762,-9.977573,-9.951920,-9.910461
87.554711,-0.098113,15.371813,-1.100336,1.165594,0.027592,-3.961599,4.031613,25.041149,17.124962,16.075516,-9.977558,-9.952030,-9.910477
87.565137,-0.098113,15.371813,-1.100336,1.165594,0.027814,-3.961758,4.031380,25.044655,17.132793,16.079269,-9.977539,-9.952232,-9.910492
87.574802,-0.098113,15.371813,-1.100336,1.165594,0.028267,-3.961827,4.030969,25.051659,17.136707,16.086842,-9.977501,-9.952335,-9.910549
87.584104,-0.098113,15.371813,-1.100336,1.165594,0.028496,-3.961896,4.030772,25.055159,17.140617,16.090626,-9.977482,-9.952435,-9.910583
87.596811,-0.098113,15.371813,-1.100336,1.165594,0.028722,-3.962033,4.030580,25.058659,17.148418,16.094406,-9.977459,-9.952621,-9.910618
87.614755,-0.098113,15.371813,-1.100336,1.165594,0.029413,-3.962163,4.030076,25.069139,17.156199,16.105761,-9.977341,-9.952816,-9.910774
87.623354,-0.098113,15.371813,-1.100336,1.165594,0.029641,-3.962227,4.029918,25.072630,17.160080,16.109543,-9.977291,-9.952904,-9.910828
87.634858,-0.098113,15.371813,-1.100336,1.165594,0.029866,-3.962357,4.029765,25.076122,17.167828,16.113323,-9.977245,-9.953072,-9.910885
87.643407,-0.098113,15.371813,-1.100336,1.165594,0.030319,-3.962411,4.029476,25.083096,17.171696,16.120888,-9.977139,-9.953152,-9.910992
87.654858,-0.098113,15.371813,-1.100336,1.165594,0.030549,-3.962465,4.029340,25.086578,17.175560,16.124668,-9.977081,-9.953228,-9.911045
87.665322,-0.098113,15.371813,-1.100336,1.165594,0.030774,-3.962518,4.029209,25.090061,17.179419,16.128447,-9.977024,-9.953300,-9.911098
87.674690,-0.098113,15.371813,-1.100336,1.165594,0.030995,-3.962572,4.029079,25.093546,17.183271,16.132223,-9.976967,-9.953365,-9.911144
87.684193,-0.098113,15.371813,-1.100336,1.165594,0.031466,-3.962682,4.028833,25.100508,17.190968,16.139771,-9.976830,-9.953522,-9.911247
87.695374,-0.098113,15.371813,-1.100336,1.165594,0.031695,-3.962737,4.028718,25.103992,17.194807,16.143543,-9.976757,-9.953590,-9.911304
87.704209,-0.098113,15.371813,-1.100336,1.165594,0.031920,-3.962792,4.028607,25.107479,17.198643,16.147326,-9.976688,-9.953659,-9.911350
87.714795,-0.098113,15.371813,-1.100336,1.165594,0.032159,-3.962849,4.028502,25.110968,17.202478,16.151106,-9.976608,-9.953754,-9.911396
87.723756,-0.098113,15.371813,-1.100336,1.165594,0.032624,-3.962962,4.028306,25.117950,17.210131,16.158665,-9.976452,-9.953930,-9.911518
87.735367,-0.098113,15.371813,-1.100336,1.165594,0.032850,-3.963018,4.028218,25.121445,17.213949,16.162447,-9.976376,-9.954010,-9.911575
87.744662,-0.098113,15.371813,-1.100336,1.165594,0.033087,-3.963074,4.028134,25.124924,17.217768,16.166229,-9.976299,-9.954090,-9.911636
87.755657,-0.098113,15.371813,-1.100336,1.165594,0.033320,-3.963129,4.028055,25.128405,17.221581,16.170010,-9.976227,-9.954166,-9.911697
87.765298,-0.098113,15.371813,-1.100336,1.165594,0.033774,-3.963241,4.027913,25.135376,17.229193,16.177570,-9.976078,-9.954277,-9.911823
87.775078,-0.098113,15.371813,-1.100336,1.165594,0.034000,-3.963293,4.027849,25.138844,17.232998,16.181351,-9.976009,-9.954311,-9.911884
87.783886,-0.098113,15.371813,-1.100336,1.165594,0.034223,-3.963345,4.027790,25.142313,17.236797,16.185129,-9.975945,-9.954342,-9.911953
87.796180,-0.098113,15.371813,-1.100336,1.165594,0.034441,-3.963396,4.027735,25.145786,17.240593,16.188906,-9.975880,-9.954372,-9.912025
87.806397,-0.098113,15.371813,-1.100336,1.165594,0.034655,-3.963447,4.027617,25.149261,17.244383,16.196466,-9.975815,-9.954399,-9.912159
87.815091,-0.098113,15.371813,-1.100336,1.165594,0.035071,-3.963549,4.027564,25.156178,17.251987,16.200243,-9.975712,-9.954433,-9.912228
87.823230,-0.098113,15.371813,-1.100336,1.165594,0.035274,-3.963600,4.027515,25.159639,17.255783,16.204018,-9.975658,-9.954445,-9.912300
87.835023,-0.098113,15.371813,-1.100336,1.165594,0.035473,-3.963699,4.027464,25.163103,17.263376,16.207788,-9.975609,-9.954433,-9.912369
87.844065,-0.098113,15.371813,-1.100336,1.165594,0.035648,-3.963748,4.027371,25.166567,17.267174,16.215324,-9.975571,-9.954422,-9.912476
87.854710,-0.098113,15.371813,-1.100336,1.165594,0.035988,-3.963797,4.027330,25.173500,17.270966,16.219090,-9.975498,-9.954407,-9.912533
87.864686,-0.098113,15.371813,-1.100336,1.165594,0.036154,-3.963847,4.027306,25.176971,17.274754,16.222855,-9.975464,-9.954391,-9.912582
87.874682,-0.098113,15.371813,-1.100336,1.165594,0.036304,-3.963889,4.027285,25.180435,17.278559,16.226616,-9.975449,-9.954361,-9.912640
87.883980,-0.098113,15.371813,-1.100336,1.165594,0.036595,-3.963975,4.027254,25.187370,17.286156,16.234137,-9.975418,-9.954300,-9.912750
87.895918,-0.098113,15.371813,-1.100336,1.165594,0.036737,-3.964064,4.027244,25.190842,17.293732,16.237896,-9.975399,-9.954227,-9.912811
87.914859,-0.098113,15.371813,-1.100336,1.165594,0.037009,-3.964094,4.027242,25.197792,17.297537,16.245403,-9.975376,-9.954178,-9.912899
87.923476,-0.098113,15.371813,-1.100336,1.165594,0.037141,-3.964154,4.027253,25.201273,17.305132,16.252907,-9.975368,-9.954067,-9.912994
87.934973,-0.098113,15.371813,-1.100336,1.165594,0.037397,-3.964186,4.027254,25.208239,17.308922,16.256641,-9.975357,-9.954014,-9.913036
87.943606,-0.098113,15.371813,-1.100336,1.165594,0.037529,-3.964207,4.027259,25.211731,17.312742,16.260374,-9.975365,-9.953945,-9.913078
87.955373,-0.098113,15.371813,-1.100336,1.165594,0.037660,-3.964229,4.027277,25.215223,17.316555,16.267839,-9.975372,-9.953884,-9.913158
87.963932,-0.098113,15.371813,-1.100336,1.165594,0.037913,-3.964251,4.027266,25.222219,17.320364,16.271564,-9.975399,-9.953823,-9.913193
87.974881,-0.098113,15.371813,-1.100336,1.165594,0.038026,-3.964270,4.027257,25.225719,17.328003,16.275290,-9.975433,-9.953690,-9.913227
87.983954,-0.098113,15.371813,-1.100336,1.165594,0.038137,-3.964267,4.027250,25.229221,17.331833,16.279015,-9.975464,-9.953613,-9.913261
87.996259,-0.098113,15.371813,-1.100336,1.165594,0.038245,-3.964264,4.027246,25.232725,17.339476,16.282736,-9.975494,-9.953465,-9.913303
88.014722,-0.098113,15.371813,-1.100336,1.165594,0.038515,-3.964205,4.027164,25.243259,17.347172,16.293907,-9.975582,-9.953278,-9.913441
88.023544,-0.098113,15.371813,-1.100336,1.165594,0.038594,-3.964177,4.027142,25.246777,17.351009,16.297628,-9.975613,-9.953182,-9.913486
88.034883,-0.098113,15.371813,-1.100336,1.165594,0.038671,-3.964150,4.027084,25.250296,17.354843,16.301348,-9.975643,-9.953087,-9.913528
88.043527,-0.098113,15.371813,-1.100336,1.165594,0.038812,-3.964054,4.027030,25.257347,17.362555,16.305067,-9.975689,-9.952827,-9.913574
88.055721,-0.098113,15.371813,-1.100336,1.165594,0.038881,-3.964008,4.026930,25.260876,17.366402,16.312504,-9.975708,-9.952702,-9.913670
88.064912,-0.098113,15.371813,-1.100336,1.165594,0.038947,-3.963964,4.026858,25.264406,17.370241,16.316216,-9.975727,-9.952576,-9.913723
88.074855,-0.098113,15.371813,-1.100336,1.165594,0.038995,-3.963913,4.026789,25.267954,17.374104,16.319925,-9.975739,-9.952415,-9.913776
88.084135,-0.098113,15.371813,-1.100336,1.165594,0.039086,-3.963864,4.026724,25.275055,17.377958,16.323637,-9.975765,-9.952255,-9.913822
88.094937,-0.098113,15.371813,-1.100336,1.165594,0.039130,-3.963771,4.026573,25.278606,17.385653,16.331051,-9.975780,-9.951946,-9.913910
88.104261,-0.098113,15.371813,-1.100336,1.165594,0.039155,-3.963705,4.026488,25.282183,17.389507,16.334755,-9.975796,-9.951771,-9.913952
88.114777,-0.098113,15.371813,-1.100336,1.165594,0.039180,-3.963641,4.026406,25.285761,17.393354,16.338457,-9.975807,-9.951599,-9.914001
88.123519,-0.098113,15.371813,-1.100336,1.165594,0.039205,-3.963518,4.026327,25.289339,17.401028,16.342161,-9.975819,-9.951267,-9.914047
88.134953,-0.098113,15.371813,-1.100336,1.165594,0.039233,-3.963447,4.026117,25.296515,17.404873,16.349567,-9.975845,-9.951077,-9.914131
88.144101,-0.098113,15.371813,-1.100336,1.165594,0.039237,-3.963380,4.026017,25.300112,17.408710,16.353271,-9.975857,-9.950886,-9.914177
88.157058,-0.098113,15.371813,-1.100336,1.165594,0.039240,-3.963184,4.025826,25.303709,17.420187,16.360674,-9.975876,-9.950340,-9.914280
88.175271,-0.098113,15.371813,-1.100336,1.165594,0.039241,-3.963115,4.025619,25.314495,17.424011,16.368057,-9.975937,-9.950142,-9.914337
88.184833,-0.098113,15.371813,-1.100336,1.165594,0.039235,-3.963048,4.025520,25.318089,17.427828,16.371748,-9.975960,-9.949951,-9.914368
88.194864,-0.098113,15.371813,-1.100336,1.165594,0.039222,-3.962917,4.025423,25.325277,17.435444,16.375439,-9.976002,-9.949589,-9.914402
88.205430,-0.098113,15.371813,-1.100336,1.165594,0.039215,-3.962851,4.025212,25.328867,17.439243,16.382809,-9.976040,-9.949394,-9.914391
88.214711,-0.098113,15.371813,-1.100336,1.165594,0.039208,-3.962787,4.025111,25.332458,17.443037,16.386494,-9.976070,-9.949200,-9.914387
88.223568,-0.098113,15.371813,-1.100336,1.165594,0.039201,-3.962725,4.025013,25.336050,17.446823,16.390181,-9.976101,-9.949009,-9.914387
88.234926,-0.098113,15.371813,-1.100336,1.165594,0.039195,-3.962664,4.024904,25.339643,17.450603,16.393856,-9.976131,-9.948822,-9.914371
88.243771,-0.098113,15.371813,-1.100336,1.165594,0.039184,-3.962544,4.024693,25.343225,17.458157,16.401209,-9.976166,-9.948425,-9.914345
88.255900,-0.098113,15.371813,-1.100336,1.165594,0.039163,-3.962430,4.024592,25.350397,17.465681,16.404884,-9.976234,-9.948055,-9.914337
88.274735,-0.098113,15.371813,-1.100336,1.165594,0.039136,-3.962372,4.024392,25.357555,17.469429,16.412241,-9.976303,-9.947853,-9.914284
88.283774,-0.098113,15.371813,-1.100336,1.165594,0.039104,-3.962262,4.024295,25.364704,17.476908,16.415918,-9.976376,-9.947468,-9.914261
88.294874,-0.098113,15.371813,-1.100336,1.165594,0.039089,-3.962210,4.024102,25.368280,17.480639,16.423279,-9.976406,-9.947281,-9.914200
88.305044,-0.098113,15.371813,-1.100336,1.165594,0.039059,-3.962151,4.024005,25.371851,17.484365,16.426962,-9.976444,-9.947098,-9.914165
88.314827,-0.098113,15.371813,-1.100336,1.165594,0.039030,-3.962094,4.023911,25.375423,17.488087,16.430643,-9.976479,-9.946915,-9.914131
88.324054,-0.098113,15.371813,-1.100336,1.165594,0.039001,-3.961985,4.023818,25.378996,17.495512,16.434324,-9.976509,-9.946564,-9.914082
88.334982,-0.098113,15.371813,-1.100336,1.165594,0.038937,-3.961919,4.023640,25.386122,17.499218,16.441692,-9.976566,-9.946381,-9.913952
88.343474,-0.098113,15.371813,-1.100336,1.165594,0.038901,-3.961855,4.023553,25.389673,17.502916,16.445377,-9.976597,-9.946198,-9.913895
88.356067,-0.098113,15.371813,-1.100336,1.165594,0.038867,-3.961730,4.023469,25.393225,17.510296,16.449060,-9.976624,-9.945847,-9.913837
88.374731,-0.098113,15.371813,-1.100336,1.165594,0.038762,-3.961554,4.023202,25.403837,17.517641,16.460148,-9.976707,-9.945477,-9.913654
88.383610,-0.098113,15.371813,-1.100336,1.165594,0.038727,-3.961469,4.023117,25.407368,17.521303,16.463844,-9.976738,-9.945297,-9.913605
88.395863,-0.098113,15.371813,-1.100336,1.165594,0.038693,-3.961386,4.023036,25.410900,17.524961,16.467539,-9.976753,-9.945122,-9.913551
88.405126,-0.098113,15.371813,-1.100336,1.165594,0.038662,-3.961272,4.022879,25.414419,17.528610,16.474926,-9.976761,-9.944946,-9.913456
88.414692,-0.098113,15.371813,-1.100336,1.165594,0.038603,-3.961050,4.022803,25.421465,17.535894,16.478617,-9.976772,-9.944607,-9.913414
88.423496,-0.098113,15.371813,-1.100336,1.165594,0.038575,-3.960942,4.022729,25.424990,17.539526,16.482309,-9.976776,-9.944443,-9.913372
88.434851,-0.098113,15.371813,-1.100336,1.165594,0.038547,-3.960836,4.022675,25.428514,17.543156,16.485994,-9.976780,-9.944263,-9.913322
88.443465,-0.098113,15.371813,-1.100336,1.165594,0.038513,-3.960576,4.022571,25.435537,17.550392,16.493366,-9.976761,-9.943901,-9.913239
88.455855,-0.098113,15.371813,-1.100336,1.165594,0.038497,-3.960449,4.022521,25.439051,17.554003,16.497051,-9.976749,-9.943729,-9.913204
88.464028,-0.098113,15.371813,-1.100336,1.165594,0.038481,-3.960324,4.022499,25.442566,17.557608,16.500734,-9.976738,-9.943558,-9.913151
88.474868,-0.098113,15.371813,-1.100336,1.165594,0.038466,-3.960178,4.022477,25.446070,17.561216,16.504417,-9.976719,-9.943378,-9.913105
88.483734,-0.098113,15.371813,-1.100336,1.165594,0.038452,-3.959892,4.022435,25.449577,17.568420,16.511782,-9.976700,-9.943024,-9.913021
88.494868,-0.098113,15.371813,-1.100336,1.165594,0.038426,-3.959752,4.022439,25.456593,17.572014,16.515465,-9.976658,-9.942848,-9.912964
88.503696,-0.098113,15.371813,-1.100336,1.165594,0.038408,-3.959589,4.022442,25.460096,17.575623,16.519148,-9.976624,-9.942669,-9.912918
88.514841,-0.098113,15.371813,-1.100336,1.165594,0.038391,-3.959428,4.022446,25.463602,17.579227,16.522829,-9.976589,-9.942490,-9.912876
88.523446,-0.098113,15.371813,-1.100336,1.165594,0.038358,-3.959113,4.022451,25.470615,17.586418,16.526510,-9.976521,-9.942150,-9.912838
88.534927,-0.098113,15.371813,-1.100336,1.165594,0.038327,-3.958928,4.022521,25.474108,17.590019,16.533876,-9.976460,-9.941971,-9.912735
88.544420,-0.098113,15.371813,-1.100336,1.165594,0.038297,-3.958745,4.022556,25.477604,17.593613,16.537560,-9.976398,-9.941799,-9.912685
88.557549,-0.098113,15.371813,-1.100336,1.165594,0.038268,-3.958565,4.022591,25.481100,17.597202,16.541241,-9.976337,-9.941624,-9.912640
88.564767,-0.098113,15.371813,-1.100336,1.165594,0.038210,-3.958172,4.022732,25.488083,17.604383,16.548595,-9.976185,-9.941273,-9.912487
88.575068,-0.098113,15.371813,-1.100336,1.165594,0.038182,-3.957960,4.022803,25.491571,17.607973,16.552273,-9.976097,-9.941101,-9.912415
88.583944,-0.098113,15.371813,-1.100336,1.165594,0.038155,-3.957751,4.022874,25.495060,17.611557,16.555948,-9.976006,-9.940937,-9.912346
88.595075,-0.098113,15.371813,-1.100336,1.165594,0.038129,-3.957302,4.022954,25.498550,17.618717,16.559618,-9.975918,-9.940609,-9.912251
88.605115,-0.098113,15.371813,-1.100336,1.165594,0.038094,-3.957062,4.023115,25.502028,17.622292,16.566957,-9.975803,-9.940460,-9.912071
88.615628,-0.098113,15.371813,-1.100336,1.165594,0.038027,-3.956593,4.023195,25.508984,17.629425,16.570625,-9.975574,-9.940170,-9.911987
88.635017,-0.098113,15.371813,-1.100336,1.165594,0.037954,-3.956349,4.023390,25.515928,17.632977,16.577927,-9.975353,-9.940029,-9.911743
88.643913,-0.098113,15.371813,-1.100336,1.165594,0.037875,-3.955870,4.023584,25.522861,17.640068,16.585224,-9.975140,-9.939754,-9.911514
88.656066,-0.098113,15.371813,-1.100336,1.165594,0.037837,-3.955636,4.023702,25.526329,17.643608,16.588861,-9.975033,-9.939625,-9.911377
88.662913,-0.098113,15.371813,-1.100336,1.165594,0.037787,-3.955386,4.023821,25.529774,17.647120,16.592497,-9.974918,-9.939484,-9.911247
88.674588,-0.098113,15.371813,-1.100336,1.165594,0.037739,-3.955140,4.023939,25.533220,17.650629,16.596132,-9.974804,-9.939346,-9.911121
88.683940,-0.098113,15.371813,-1.100336,1.165594,0.037692,-3.954659,4.024172,25.536669,17.657635,16.603405,-9.974693,-9.939087,-9.910873
88.694845,-0.098113,15.371813,-1.100336,1.165594,0.037604,-3.954423,4.024312,25.543575,17.661133,16.607008,-9.974468,-9.938965,-9.910736
88.703960,-0.098113,15.371813,-1.100336,1.165594,0.037541,-3.954184,4.024452,25.547020,17.664604,16.610611,-9.974346,-9.938831,-9.910603
88.717846,-0.098113,15.371813,-1.100336,1.165594,0.037480,-3.953714,4.024591,25.550465,17.671539,16.614214,-9.974228,-9.938576,-9.910477
88.735581,-0.098113,15.371813,-1.100336,1.165594,0.037294,-3.953253,4.025069,25.560810,17.678438,16.624983,-9.973877,-9.938316,-9.910053
88.743169,-0.098113,15.371813,-1.100336,1.165594,0.037227,-3.953026,4.025238,25.564259,17.681873,16.628567,-9.973759,-9.938183,-9.909912
88.754977,-0.098113,15.371813,-1.100336,1.165594,0.037162,-3.952580,4.025405,25.567709,17.688732,16.632153,-9.973640,-9.937931,-9.909779
88.764005,-0.098113,15.371813,-1.100336,1.165594,0.037099,-3.952362,4.025783,25.571163,17.692144,16.639256,-9.973522,-9.937801,-9.909454
88.774655,-0.098113,15.371813,-1.100336,1.165594,0.036934,-3.952147,4.025970,25.578047,17.695553,16.642809,-9.973270,-9.937679,-9.909298
88.784281,-0.098113,15.371813,-1.100336,1.165594,0.036854,-3.951934,4.026157,25.581493,17.698961,16.646364,-9.973148,-9.937557,-9.909149
88.794902,-0.098113,15.371813,-1.100336,1.165594,0.036776,-3.951725,4.026366,25.584942,17.702366,16.649908,-9.973026,-9.937447,-9.908974
88.804220,-0.098113,15.371813,-1.100336,1.165594,0.036580,-3.951329,4.026778,25.591824,17.709129,16.657000,-9.972794,-9.937214,-9.908653
88.815834,-0.098113,15.371813,-1.100336,1.165594,0.036486,-3.951136,4.026982,25.595268,17.712507,16.660547,-9.972694,-9.937103,-9.908501
88.824086,-0.098113,15.371813,-1.100336,1.165594,0.036395,-3.950944,4.027196,25.598713,17.715885,16.664087,-9.972595,-9.936993,-9.908325
88.834854,-0.098113,15.371813,-1.100336,1.165594,0.036279,-3.950760,4.027410,25.602167,17.719231,16.667627,-9.972485,-9.936878,-9.908157
88.843220,-0.098113,15.371813,-1.100336,1.165594,0.036055,-3.950399,4.027622,25.609079,17.725920,16.671171,-9.972275,-9.936672,-9.907997
88.854922,-0.098113,15.371813,-1.100336,1.165594,0.035947,-3.950222,4.028048,25.612537,17.729263,16.678255,-9.972172,-9.936577,-9.907665
88.863775,-0.098113,15.371813,-1.100336,1.165594,0.035809,-3.950058,4.028262,25.616011,17.732576,16.681795,-9.972065,-9.936474,-9.907501
88.874647,-0.098113,15.371813,-1.100336,1.165594,0.035673,-3.949897,4.028474,25.619486,17.735888,16.685337,-9.971951,-9.936375,-9.907341
88.883811,-0.098113,15.371813,-1.100336,1.165594,0.035541,-3.949582,4.028910,25.622963,17.742512,16.692411,-9.971840,-9.936184,-9.907013
88.894795,-0.098113,15.371813,-1.100336,1.165594,0.035258,-3.949432,4.029133,25.629911,17.745794,16.695944,-9.971611,-9.936096,-9.906845
88.904223,-0.098113,15.371813,-1.100336,1.165594,0.035108,-3.949283,4.029354,25.633385,17.749079,16.699478,-9.971489,-9.936008,-9.906681
88.915550,-0.098113,15.371813,-1.100336,1.165594,0.034961,-3.948992,4.029573,25.636858,17.755644,16.703012,-9.971375,-9.935829,-9.906521
88.935041,-0.098113,15.371813,-1.100336,1.165594,0.034459,-3.948733,4.030269,25.647230,17.762196,16.713594,-9.970993,-9.935669,-9.905941
88.943958,-0.098113,15.371813,-1.100336,1.165594,0.034284,-3.948607,4.030497,25.650681,17.765472,16.717125,-9.970867,-9.935593,-9.905758
88.955867,-0.098113,15.371813,-1.100336,1.165594,0.033945,-3.948362,4.030723,25.657591,17.772026,16.720657,-9.970619,-9.935440,-9.905586
88.965144,-0.098113,15.371813,-1.100336,1.165594,0.033745,-3.948253,4.031199,25.661037,17.775299,16.727705,-9.970490,-9.935371,-9.905186
88.975193,-0.098113,15.371813,-1.100336,1.165594,0.033548,-3.948146,4.031433,25.664486,17.778572,16.731232,-9.970367,-9.935303,-9.904995
88.984419,-0.098113,15.371813,-1.100336,1.165594,0.033354,-3.948041,4.031665,25.667936,17.781847,16.734762,-9.970245,-9.935238,-9.904804
88.994811,-0.098113,15.371813,-1.100336,1.165594,0.033162,-3.947937,4.031911,25.671391,17.785120,16.738283,-9.970131,-9.935173,-9.904583
89.004286,-0.098113,15.371813,-1.100336,1.165594,0.032712,-3.947769,4.032396,25.678267,17.791653,16.745331,-9.969898,-9.935070,-9.904160
89.016618,-0.098113,15.371813,-1.100336,1.165594,0.032492,-3.947688,4.032635,25.681709,17.794920,16.748857,-9.969784,-9.935020,-9.903957
89.023866,-0.098113,15.371813,-1.100336,1.165594,0.032275,-3.947608,4.032874,25.685154,17.798185,16.752398,-9.969677,-9.934971,-9.903728
89.034859,-0.098113,15.371813,-1.100336,1.165594,0.032040,-3.947546,4.033111,25.688580,17.801458,16.755939,-9.969563,-9.934925,-9.903511
89.043150,-0.098113,15.371813,-1.100336,1.165594,0.031580,-3.947427,4.033579,25.695436,17.808001,16.763029,-9.969334,-9.934834,-9.903103
89.055123,-0.098113,15.371813,-1.100336,1.165594,0.031355,-3.947370,4.033824,25.698870,17.811274,16.766598,-9.969219,-9.934788,-9.902874
89.064761,-0.098113,15.371813,-1.100336,1.165594,0.031116,-3.947345,4.034067,25.702282,17.814554,16.770166,-9.969093,-9.934761,-9.902657
89.074709,-0.098113,15.371813,-1.100336,1.165594,0.030881,-3.947319,4.034307,25.705696,17.817837,16.773737,-9.968971,-9.934734,-9.902447
89.084672,-0.098113,15.371813,-1.100336,1.165594,0.030649,-3.947295,4.034801,25.709114,17.821119,16.780910,-9.968857,-9.934708,-9.902012
89.095264,-0.098113,15.371813,-1.100336,1.165594,0.030188,-3.947266,4.035056,25.715931,17.827702,16.784517,-9.968609,-9.934650,-9.901794
89.103835,-0.098113,15.371813,-1.100336,1.165594,0.029958,-3.947263,4.035307,25.719332,17.831003,16.788122,-9.968479,-9.934631,-9.901596
89.116367,-0.098113,15.371813,-1.100336,1.165594,0.029732,-3.947257,4.035555,25.722736,17.837606,16.791729,-9.968361,-9.934593,-9.901409
89.134797,-0.098113,15.371813,-1.100336,1.165594,0.029054,-3.947258,4.036329,25.732916,17.844257,16.802641,-9.967949,-9.934586,-9.900803
89.143118,-0.098113,15.371813,-1.100336,1.165594,0.028832,-3.947259,4.036582,25.736307,17.847582,16.806280,-9.967808,-9.934578,-9.900612
89.154871,-0.098113,15.371813,-1.100336,1.165594,0.028613,-3.947266,4.036846,25.739704,17.854252,16.809952,-9.967670,-9.934551,-9.900402
89.164063,-0.098113,15.371813,-1.100336,1.165594,0.028403,-3.947270,4.037368,25.743084,17.857597,16.817297,-9.967503,-9.934544,-9.900002
89.175238,-0.098113,15.371813,-1.100336,1.165594,0.027991,-3.947275,4.037624,25.749857,17.860943,16.820969,-9.967209,-9.934540,-9.899815
89.184328,-0.098113,15.371813,-1.100336,1.165594,0.027790,-3.947280,4.037900,25.753248,17.864286,16.824652,-9.967068,-9.934532,-9.899609
89.195642,-0.098113,15.371813,-1.100336,1.165594,0.027595,-3.947285,4.038172,25.756626,17.867645,16.828335,-9.966896,-9.934547,-9.899410
89.203714,-0.098113,15.371813,-1.100336,1.165594,0.027402,-3.947291,4.038710,25.760008,17.871004,16.835701,-9.966732,-9.934559,-9.899036
89.215920,-0.098113,15.371813,-1.100336,1.165594,0.027026,-3.947305,4.038974,25.766783,17.877718,16.839382,-9.966412,-9.934578,-9.898861
89.224160,-0.098113,15.371813,-1.100336,1.165594,0.026842,-3.947312,4.039251,25.770174,17.881075,16.843077,-9.966263,-9.934586,-9.898682
89.234802,-0.098113,15.371813,-1.100336,1.165594,0.026669,-3.947317,4.039525,25.773563,17.884453,16.846769,-9.966076,-9.934612,-9.898506
89.243371,-0.098113,15.371813,-1.100336,1.165594,0.026498,-3.947323,4.039796,25.776955,17.887829,16.850462,-9.965893,-9.934635,-9.898338
89.255359,-0.098113,15.371813,-1.100336,1.165594,0.026164,-3.947335,4.040330,25.783747,17.894583,16.857872,-9.965546,-9.934677,-9.898003
89.263617,-0.098113,15.371813,-1.100336,1.165594,0.026021,-3.947354,4.040594,25.787127,17.897972,16.861589,-9.965355,-9.934719,-9.897839
89.275317,-0.098113,15.371813,-1.100336,1.165594,0.025880,-3.947413,4.041114,25.790510,17.908134,16.869019,-9.965172,-9.934765,-9.897530
89.294820,-0.098113,15.371813,-1.100336,1.165594,0.025488,-3.947437,4.041616,25.800676,17.911543,16.876451,-9.964622,-9.934803,-9.897205
89.303754,-0.098113,15.371813,-1.100336,1.165594,0.025371,-3.947461,4.041864,25.804068,17.914951,16.880165,-9.964428,-9.934841,-9.897057
89.315988,-0.098113,15.371813,-1.100336,1.165594,0.025257,-3.947486,4.042109,25.807465,17.918360,16.883875,-9.964241,-9.934875,-9.896915
89.324807,-0.098113,15.371813,-1.100336,1.165594,0.025144,-3.947512,4.042575,25.810863,17.921768,16.891317,-9.964058,-9.934906,-9.896618
89.334988,-0.098113,15.371813,-1.100336,1.165594,0.024922,-3.947550,4.042805,25.817633,17.928606,16.895035,-9.963665,-9.934990,-9.896484
89.344128,-0.098113,15.371813,-1.100336,1.165594,0.024814,-3.947570,4.043032,25.821022,17.932026,16.898750,-9.963482,-9.935028,-9.896370
89.358701,-0.098113,15.371813,-1.100336,1.165594,0.024708,-3.947626,4.043236,25.824415,17.942289,16.902496,-9.963306,-9.935162,-9.896252
89.376182,-0.098113,15.371813,-1.100336,1.165594,0.024416,-3.947645,4.043837,25.834522,17.945711,16.913717,-9.962780,-9.935207,-9.895943
89.385287,-0.098113,15.371813,-1.100336,1.165594,0.024322,-3.947664,4.044037,25.837898,17.949133,16.917486,-9.962616,-9.935249,-9.895844
89.395008,-0.098113,15.371813,-1.100336,1.165594,0.024239,-3.947672,4.044235,25.841248,17.952555,16.921251,-9.962437,-9.935314,-9.895752
89.404330,-0.098113,15.371813,-1.100336,1.165594,0.024157,-3.947690,4.044431,25.844599,17.959398,16.925014,-9.962261,-9.935432,-9.895672
89.414989,-0.098113,15.371813,-1.100336,1.165594,0.023998,-3.947700,4.044836,25.851315,17.962818,16.932564,-9.961964,-9.935490,-9.895512
89.424352,-0.098113,15.371813,-1.100336,1.165594,0.023917,-3.947700,4.045044,25.854647,17.966246,16.936350,-9.961807,-9.935551,-9.895435
89.435043,-0.098113,15.371813,-1.100336,1.165594,0.023839,-3.947700,4.045249,25.857985,17.969671,16.940134,-9.961658,-9.935612,-9.895363
89.443683,-0.098113,15.371813,-1.100336,1.165594,0.023763,-3.947703,4.045452,25.861326,17.976521,16.943913,-9.961517,-9.935707,-9.895298
89.455161,-0.098113,15.371813,-1.100336,1.165594,0.023615,-3.947696,4.045660,25.867994,17.979954,16.947721,-9.961246,-9.935749,-9.895210
89.463641,-0.098113,15.371813,-1.100336,1.165594,0.023542,-3.947689,4.046070,25.871323,17.983387,16.955328,-9.961121,-9.935787,-9.895065
89.475655,-0.098113,15.371813,-1.100336,1.165594,0.023471,-3.947683,4.046272,25.874655,17.986820,16.959127,-9.960983,-9.935822,-9.895000
89.485462,-0.098113,15.371813,-1.100336,1.165594,0.023332,-3.947672,4.046471,25.881332,17.993687,16.962923,-9.960728,-9.935886,-9.894943
89.494762,-0.098113,15.371813,-1.100336,1.165594,0.023266,-3.947676,4.046858,25.884645,17.997118,16.970573,-9.960602,-9.935902,-9.894810
89.503736,-0.098113,15.371813,-1.100336,1.165594,0.023202,-3.947681,4.047049,25.887964,18.000551,16.974394,-9.960484,-9.935917,-9.894753
89.516353,-0.098113,15.371813,-1.100336,1.165594,0.023139,-3.947693,4.047238,25.891289,18.007414,16.978210,-9.960369,-9.935947,-9.894699
89.524621,-0.098113,15.371813,-1.100336,1.165594,0.023078,-3.947703,4.047607,25.894615,18.010838,16.985868,-9.960258,-9.935947,-9.894558
89.534750,-0.098113,15.371813,-1.100336,1.165594,0.022924,-3.947714,4.047789,25.901215,18.014261,16.989693,-9.960068,-9.935947,-9.894497
89.543860,-0.098113,15.371813,-1.100336,1.165594,0.022849,-3.947725,4.047969,25.904522,18.017687,16.993513,-9.959980,-9.935944,-9.894440
89.555288,-0.098113,15.371813,-1.100336,1.165594,0.022774,-3.947759,4.048137,25.907833,18.024515,16.997334,-9.959900,-9.935925,-9.894371
89.575856,-0.098113,15.371813,-1.100336,1.165594,0.022570,-3.947827,4.048628,25.917721,18.034733,17.008780,-9.959671,-9.935898,-9.894203
89.594685,-0.098113,15.371813,-1.100336,1.165594,0.022443,-3.947850,4.048954,25.924328,18.038109,17.016394,-9.959534,-9.935890,-9.894054
89.603757,-0.098113,15.371813,-1.100336,1.165594,0.022322,-3.947899,4.049114,25.930943,18.044865,17.020193,-9.959408,-9.935867,-9.893990
89.614804,-0.098113,15.371813,-1.100336,1.165594,0.022262,-3.947924,4.049431,25.934256,18.048244,17.027788,-9.959354,-9.935852,-9.893837
89.623841,-0.098113,15.371813,-1.100336,1.165594,0.022190,-3.947934,4.049588,25.937590,18.051605,17.031582,-9.959282,-9.935844,-9.893753
89.634820,-0.098113,15.371813,-1.100336,1.165594,0.022119,-3.947944,4.049743,25.940926,18.054968,17.035370,-9.959221,-9.935825,-9.893677
89.643293,-0.098113,15.371813,-1.100336,1.165594,0.021980,-3.947954,4.049897,25.947613,18.058332,17.039156,-9.959103,-9.935806,-9.893593
89.655036,-0.098113,15.371813,-1.100336,1.165594,0.021899,-3.947966,4.050218,25.950964,18.065044,17.046680,-9.959034,-9.935764,-9.893391
89.664395,-0.098113,15.371813,-1.100336,1.165594,0.021820,-3.947967,4.050376,25.954319,18.068394,17.050436,-9.958969,-9.935741,-9.893299
89.675348,-0.098113,15.371813,-1.100336,1.165594,0.021741,-3.947969,4.050532,25.957678,18.071745,17.054186,-9.958908,-9.935719,-9.893215
89.684205,-0.098113,15.371813,-1.100336,1.165594,0.021664,-3.947971,4.050817,25.961040,18.075096,17.061665,-9.958855,-9.935696,-9.892998
89.695670,-0.098113,15.371813,-1.100336,1.165594,0.021487,-3.947983,4.050956,25.967785,18.085131,17.065395,-9.958721,-9.935600,-9.892899
89.714846,-0.098113,15.371813,-1.100336,1.165594,0.021315,-3.947988,4.051228,25.974543,18.088478,17.072832,-9.958611,-9.935570,-9.892666
89.723989,-0.098113,15.371813,-1.100336,1.165594,0.021222,-3.947999,4.051489,25.977947,18.095184,17.080240,-9.958553,-9.935493,-9.892426
89.734926,-0.098113,15.371813,-1.100336,1.165594,0.021042,-3.948006,4.051618,25.984766,18.098537,17.083939,-9.958450,-9.935455,-9.892319
89.744437,-0.098113,15.371813,-1.100336,1.165594,0.020953,-3.948013,4.051744,25.988180,18.101891,17.087633,-9.958405,-9.935413,-9.892216
89.756121,-0.098113,15.371813,-1.100336,1.165594,0.020864,-3.948022,4.051868,25.991596,18.105244,17.091309,-9.958363,-9.935383,-9.892090
89.764887,-0.098113,15.371813,-1.100336,1.165594,0.020683,-3.948022,4.052109,25.998482,18.111948,17.098650,-9.958248,-9.935284,-9.891834
89.776459,-0.098113,15.371813,-1.100336,1.165594,0.020594,-3.948027,4.052226,26.001928,18.118650,17.102314,-9.958195,-9.935184,-9.891720
89.794877,-0.098113,15.371813,-1.100336,1.165594,0.020410,-3.948028,4.052434,26.008852,18.122011,17.109579,-9.958088,-9.935123,-9.891422
89.803745,-0.098113,15.371813,-1.100336,1.165594,0.020315,-3.948034,4.052636,26.012327,18.128729,17.116831,-9.958035,-9.935024,-9.891155
89.814890,-0.098113,15.371813,-1.100336,1.165594,0.020128,-3.948039,4.052715,26.019283,18.132086,17.120428,-9.957935,-9.934982,-9.891003
89.823914,-0.098113,15.371813,-1.100336,1.165594,0.020011,-3.948044,4.052793,26.022785,18.135468,17.124023,-9.957878,-9.934940,-9.890862
89.834750,-0.098113,15.371813,-1.100336,1.165594,0.019782,-3.948050,4.052869,26.029795,18.138845,17.127617,-9.957760,-9.934898,-9.890724
89.843915,-0.098113,15.371813,-1.100336,1.165594,0.019670,-3.948065,4.052994,26.033302,18.145603,17.134773,-9.957706,-9.934811,-9.890453
89.856252,-0.098113,15.371813,-1.100336,1.165594,0.019542,-3.948070,4.053042,26.036825,18.148985,17.138340,-9.957642,-9.934769,-9.890320
89.863422,-0.098113,15.371813,-1.100336,1.165594,0.019415,-3.948076,4.053089,26.040352,18.152365,17.141905,-9.957584,-9.934727,-9.890190
89.875977,-0.098113,15.371813,-1.100336,1.165594,0.019291,-3.948103,4.053135,26.043879,18.162498,17.145468,-9.957535,-9.934601,-9.890072
89.894681,-0.098113,15.371813,-1.100336,1.165594,0.018873,-3.948116,4.053204,26.054512,18.165871,17.156067,-9.957413,-9.934555,-9.889610
89.903817,-0.098113,15.371813,-1.100336,1.165594,0.018730,-3.948129,4.053224,26.058065,18.169241,17.159595,-9.957382,-9.934505,-9.889473
89.914795,-0.098113,15.371813,-1.100336,1.165594,0.018589,-3.948167,4.053212,26.061623,18.175976,17.163107,-9.957355,-9.934399,-9.889320
89.923696,-0.098113,15.371813,-1.100336,1.165594,0.018253,-3.948191,4.053188,26.068802,18.179340,17.170126,-9.957317,-9.934334,-9.889042
89.935349,-0.098113,15.371813,-1.100336,1.165594,0.018089,-3.948216,4.053175,26.072392,18.182703,17.173634,-9.957306,-9.934269,-9.888916
89.943810,-0.098113,15.371813,-1.100336,1.165594,0.017928,-3.948242,4.053133,26.075983,18.186064,17.177130,-9.957294,-9.934204,-9.888775
89.955908,-0.098113,15.371813,-1.100336,1.165594,0.017740,-3.948274,4.053090,26.079603,18.189430,17.180624,-9.957302,-9.934132,-9.888641
89.963481,-0.098113,15.371813,-1.100336,1.165594,0.017555,-3.948339,4.053004,26.083225,18.196161,17.187614,-9.957314,-9.933987,-9.888397
89.976144,-0.098113,15.371813,-1.100336,1.165594,0.017193,-3.948373,4.052933,26.090469,18.199524,17.191093,-9.957344,-9.933914,-9.888271
89.984938,-0.098113,15.371813,-1.100336,1.165594,0.016999,-3.948417,4.052863,26.094101,18.202883,17.194574,-9.957382,-9.933834,-9.888149
89.994633,-0.098113,15.371813,-1.100336,1.165594,0.016809,-3.948462,4.052792,26.097734,18.206240,17.198053,-9.957428,-9.933762,-9.888039
90.004163,-0.098113,15.371813,-1.100336,1.165594,0.016621,-3.948554,4.052723,26.101368,18.212952,17.201532,-9.957474,-9.933617,-9.887939
90.014828,-0.098113,15.371813,-1.100336,1.165594,0.016254,-3.948601,4.052554,26.108637,18.216307,17.208467,-9.957588,-9.933540,-9.887760
90.024107,-0.098113,15.371813,-1.100336,1.165594,0.016071,-3.948650,4.052456,26.112268,18.219650,17.211924,-9.957668,-9.933456,-9.887676
90.035346,-0.098113,15.371813,-1.100336,1.165594,0.015892,-3.948749,4.052358,26.115902,18.226337,17.215378,-9.957745,-9.933289,-9.887600
90.054989,-0.098113,15.371813,-1.100336,1.165594,0.015378,-3.948855,4.052005,26.126816,18.233013,17.225702,-9.958008,-9.933105,-9.887394
90.063444,-0.098113,15.371813,-1.100336,1.165594,0.015215,-3.948910,4.051877,26.130465,18.236347,17.229137,-9.958107,-9.933010,-9.887337
90.074637,-0.098113,15.371813,-1.100336,1.165594,0.014898,-3.949022,4.051751,26.137762,18.243013,17.232571,-9.958286,-9.932816,-9.887287
90.084426,-0.098113,15.371813,-1.100336,1.165594,0.014751,-3.949086,4.051435,26.141424,18.246334,17.239441,-9.958385,-9.932701,-9.887199
90.094730,-0.098113,15.371813,-1.100336,1.165594,0.014607,-3.949151,4.051279,26.145086,18.249657,17.242876,-9.958485,-9.932590,-9.887165
90.103814,-0.098113,15.371813,-1.100336,1.165594,0.014466,-3.949216,4.051126,26.148748,18.252977,17.246311,-9.958588,-9.932476,-9.887135
90.114888,-0.098113,15.371813,-1.100336,1.165594,0.014327,-3.949342,4.050941,26.152411,18.259613,17.249735,-9.958691,-9.932224,-9.887093
90.123777,-0.098113,15.371813,-1.100336,1.165594,0.014185,-3.949404,4.050580,26.156075,18.262926,17.256586,-9.958797,-9.932095,-9.887058
90.136454,-0.098113,15.371813,-1.100336,1.165594,0.013910,-3.949467,4.050402,26.163399,18.266241,17.260010,-9.959011,-9.931969,-9.887051
90.144828,-0.098113,15.371813,-1.100336,1.165594,0.013776,-3.949529,4.050200,26.167061,18.269554,17.263426,-9.959122,-9.931843,-9.887032
90.155718,-0.098113,15.371813,-1.100336,1.165594,0.013626,-3.949595,4.049999,26.170715,18.272869,17.266840,-9.959225,-9.931709,-9.887020
90.164352,-0.098113,15.371813,-1.100336,1.165594,0.013333,-3.949661,4.049605,26.178024,18.276182,17.273674,-9.959435,-9.931576,-9.887009
90.174916,-0.098113,15.371813,-1.100336,1.165594,0.013191,-3.949795,4.049385,26.181679,18.282810,17.277079,-9.959538,-9.931278,-9.886997
90.186542,-0.098113,15.371813,-1.100336,1.165594,0.013046,-3.949872,4.049167,26.185322,18.286125,17.280483,-9.959641,-9.931122,-9.886993
90.194747,-0.098113,15.371813,-1.100336,1.165594,0.012904,-3.949950,4.048951,26.188965,18.289442,17.283890,-9.959728,-9.930973,-9.886993
90.203929,-0.098113,15.371813,-1.100336,1.165594,0.012629,-3.950028,4.048738,26.196253,18.292755,17.287296,-9.959911,-9.930824,-9.886993
90.214905,-0.098113,15.371813,-1.100336,1.165594,0.012482,-3.950196,4.048261,26.199890,18.299391,17.294115,-9.960003,-9.930531,-9.887024
90.223847,-0.098113,15.371813,-1.100336,1.165594,0.012338,-3.950285,4.048027,26.203529,18.302710,17.297527,-9.960094,-9.930389,-9.887043
90.235469,-0.098113,15.371813,-1.100336,1.165594,0.012196,-3.950462,4.047796,26.207167,18.309347,17.300938,-9.960186,-9.930115,-9.887066
90.254987,-0.098113,15.371813,-1.100336,1.165594,0.011762,-3.950655,4.047076,26.218077,18.315981,17.311146,-9.960453,-9.929844,-9.887154
90.263352,-0.098113,15.371813,-1.100336,1.165594,0.011618,-3.950751,4.046842,26.221712,18.319298,17.314550,-9.960537,-9.929714,-9.887188
90.274883,-0.098113,15.371813,-1.100336,1.165594,0.011479,-3.950847,4.046611,26.225349,18.322615,17.317955,-9.960625,-9.929585,-9.887230
90.284010,-0.098113,15.371813,-1.100336,1.165594,0.011191,-3.950942,4.046376,26.232613,18.325932,17.321346,-9.960800,-9.929459,-9.887280
90.294578,-0.098113,15.371813,-1.100336,1.165594,0.011045,-3.951123,4.045914,26.236240,18.332556,17.328133,-9.960888,-9.929260,-9.887394
90.304517,-0.098113,15.371813,-1.100336,1.165594,0.010900,-3.951214,4.045689,26.239868,18.335867,17.331530,-9.960979,-9.929165,-9.887455
90.314998,-0.098113,15.371813,-1.100336,1.165594,0.010760,-3.951305,4.045452,26.243496,18.339178,17.334911,-9.961067,-9.929073,-9.887527
90.323453,-0.098113,15.371813,-1.100336,1.165594,0.010480,-3.951388,4.044989,26.250734,18.342485,17.341684,-9.961254,-9.928982,-9.887672
90.335908,-0.098113,15.371813,-1.100336,1.165594,0.010346,-3.951637,4.044763,26.254353,18.352404,17.345072,-9.961346,-9.928719,-9.887753
90.356420,-0.098113,15.371813,-1.100336,1.165594,0.010096,-3.951844,4.044085,26.261585,18.362307,17.355207,-9.961536,-9.928444,-9.888046
90.374906,-0.098113,15.371813,-1.100336,1.165594,0.009758,-3.951914,4.043640,26.272427,18.365608,17.361965,-9.961807,-9.928360,-9.888283
90.384527,-0.098113,15.371813,-1.100336,1.165594,0.009655,-3.951965,4.043417,26.276035,18.368900,17.365341,-9.961887,-9.928268,-9.888409
90.394588,-0.098113,15.371813,-1.100336,1.165594,0.009454,-3.952016,4.043198,26.283253,18.372194,17.368717,-9.962044,-9.928177,-9.888538
90.404920,-0.098113,15.371813,-1.100336,1.165594,0.009356,-3.952120,4.042750,26.286861,18.378782,17.375471,-9.962124,-9.928013,-9.888805
90.414892,-0.098113,15.371813,-1.100336,1.165594,0.009263,-3.952161,4.042522,26.290466,18.382076,17.378845,-9.962193,-9.927948,-9.888950
90.423558,-0.098113,15.371813,-1.100336,1.165594,0.009173,-3.952203,4.042298,26.294069,18.385370,17.382223,-9.962261,-9.927883,-9.889091
90.437206,-0.098113,15.371813,-1.100336,1.165594,0.009084,-3.952316,4.041849,26.297674,18.395260,17.388964,-9.962345,-9.927719,-9.889374
90.455459,-0.098113,15.371813,-1.100336,1.165594,0.008853,-3.952345,4.041405,26.308487,18.398563,17.395697,-9.962574,-9.927677,-9.889656
90.463757,-0.098113,15.371813,-1.100336,1.165594,0.008784,-3.952374,4.041189,26.312090,18.401867,17.399067,-9.962646,-9.927639,-9.889797
90.474920,-0.098113,15.371813,-1.100336,1.165594,0.008716,-3.952404,4.040979,26.315695,18.405170,17.402416,-9.962719,-9.927601,-9.889942
90.484592,-0.098113,15.371813,-1.100336,1.165594,0.008609,-3.952421,4.040570,26.322901,18.411800,17.409126,-9.962852,-9.927547,-9.890251
90.494787,-0.098113,15.371813,-1.100336,1.165594,0.008557,-3.952430,4.040371,26.326504,18.415117,17.412485,-9.962914,-9.927521,-9.890404
90.504069,-0.098113,15.371813,-1.100336,1.165594,0.008507,-3.952440,4.040172,26.330105,18.418434,17.415834,-9.962971,-9.927498,-9.890560
90.514925,-0.098113,15.371813,-1.100336,1.165594,0.008478,-3.952426,4.039976,26.333717,18.421753,17.419188,-9.963024,-9.927483,-9.890717
90.523810,-0.098113,15.371813,-1.100336,1.165594,0.008423,-3.952400,4.039783,26.340942,18.428394,17.422543,-9.963123,-9.927471,-9.890873
90.537802,-0.098113,15.371813,-1.100336,1.165594,0.008396,-3.952389,4.039408,26.344553,18.431717,17.429260,-9.963173,-9.927475,-9.891178
90.545294,-0.098113,15.371813,-1.100336,1.165594,0.008371,-3.952378,4.039220,26.348162,18.435040,17.432619,-9.963223,-9.927479,-9.891315
90.555161,-0.098113,15.371813,-1.100336,1.165594,0.008359,-3.952347,4.039035,26.351767,18.438368,17.435982,-9.963268,-9.927490,-9.891453
90.564967,-0.098113,15.371813,-1.100336,1.165594,0.008340,-3.952317,4.038676,26.358974,18.441696,17.442711,-9.963360,-9.927505,-9.891724
90.575254,-0.098113,15.371813,-1.100336,1.165594,0.008331,-3.952260,4.038510,26.362576,18.448359,17.446075,-9.963406,-9.927528,-9.891842
90.584896,-0.098113,15.371813,-1.100336,1.165594,0.008331,-3.952209,4.038348,26.366182,18.451696,17.449444,-9.963432,-9.927551,-9.891956
90.596528,-0.098113,15.371813,-1.100336,1.165594,0.008331,-3.952159,4.038035,26.369787,18.455036,17.456186,-9.963459,-9.927570,-9.892181
90.605127,-0.098113,15.371813,-1.100336,1.165594,0.008332,-3.952063,4.037907,26.376997,18.461716,17.459553,-9.963535,-9.927605,-9.892262
90.614913,-0.098113,15.371813,-1.100336,1.165594,0.008342,-3.951998,4.037781,26.380617,18.465065,17.462923,-9.963562,-9.927624,-9.892342
90.624579,-0.098113,15.371813,-1.100336,1.165594,0.008352,-3.951934,4.037659,26.384237,18.468414,17.466293,-9.963589,-9.927647,-9.892422
90.636799,-0.098113,15.371813,-1.100336,1.165594,0.008374,-3.951871,4.037539,26.391474,18.471766,17.469667,-9.963646,-9.927670,-9.892498
90.643943,-0.098113,15.371813,-1.100336,1.165594,0.008396,-3.951731,4.037361,26.395103,18.478472,17.476427,-9.963661,-9.927719,-9.892597
90.655028,-0.098113,15.371813,-1.100336,1.165594,0.008419,-3.951654,4.037275,26.398729,18.481829,17.479811,-9.963676,-9.927746,-9.892647
90.664262,-0.098113,15.371813,-1.100336,1.165594,0.008441,-3.951579,4.037192,26.402357,18.485184,17.483196,-9.963696,-9.927773,-9.892704
90.675090,-0.098113,15.371813,-1.100336,1.165594,0.008463,-3.951505,4.037137,26.405983,18.488543,17.486593,-9.963696,-9.927795,-9.892738
90.683720,-0.098113,15.371813,-1.100336,1.165594,0.008508,-3.951337,4.037034,26.409626,18.495245,17.493393,-9.963680,-9.927837,-9.892815
90.696096,-0.098113,15.371813,-1.100336,1.165594,0.008597,-3.951256,4.036984,26.416908,18.498598,17.496796,-9.963661,-9.927860,-9.892853
90.705888,-0.098113,15.371813,-1.100336,1.165594,0.008641,-3.951176,4.036964,26.420547,18.501953,17.500216,-9.963650,-9.927883,-9.892864
90.715228,-0.098113,15.371813,-1.100336,1.165594,0.008765,-3.951101,4.036944,26.427872,18.505299,17.503637,-9.963619,-9.927895,-9.892876
90.724834,-0.098113,15.371813,-1.100336,1.165594,0.008826,-3.950954,4.036927,26.431534,18.511990,17.507061,-9.963604,-9.927917,-9.892891
90.737111,-0.098113,15.371813,-1.100336,1.165594,0.008886,-3.950819,4.036911,26.435192,18.518682,17.510489,-9.963589,-9.927929,-9.892902
90.755703,-0.098113,15.371813,-1.100336,1.165594,0.009060,-3.950757,4.036992,26.442568,18.522030,17.520840,-9.963558,-9.927929,-9.892879
90.768207,-0.098113,15.371813,-1.100336,1.165594,0.009144,-3.950695,4.037022,26.446253,18.525379,17.524294,-9.963547,-9.927929,-9.892876
90.777505,-0.098113,15.371813,-1.100336,1.165594,0.009228,-3.950562,4.037164,26.449938,18.535425,17.531246,-9.963535,-9.927818,-9.892826
90.801564,-0.098113,15.371813,-1.100336,1.165594,0.009557,-3.950527,4.037380,26.461037,18.538776,17.541685,-9.963493,-9.927784,-9.892715
90.810757,-0.098113,15.371813,-1.100336,1.165594,0.009663,-3.950459,4.037490,26.464733,18.545479,17.545193,-9.963470,-9.927711,-9.892658
90.821974,-0.098113,15.371813,-1.100336,1.165594,0.009905,-3.950440,4.037600,26.472141,18.548847,17.548702,-9.963432,-9.927666,-9.892605
90.828333,-0.098113,15.371813,-1.100336,1.165594,0.010040,-3.950423,4.037709,26.475851,18.552214,17.552212,-9.963413,-9.927624,-9.892551
90.839679,-0.098113,15.371813,-1.100336,1.165594,0.010303,-3.950391,4.037820,26.483267,18.558952,17.555721,-9.963387,-9.927490,-9.892506
90.849600,-0.098113,15.371813,-1.100336,1.165594,0.010469,-3.950383,4.038128,26.486984,18.562338,17.562794,-9.963371,-9.927429,-9.892399
90.859841,-0.098113,15.371813,-1.100336,1.165594,0.010632,-3.950377,4.038282,26.490704,18.565725,17.566330,-9.963360,-9.927368,-9.892349
90.869287,-0.098113,15.371813,-1.100336,1.165594,0.010793,-3.950371,4.038436,26.494419,18.569113,17.569868,-9.963348,-9.927311,-9.892303
90.879821,-0.098113,15.371813,-1.100336,1.165594,0.010952,-3.950367,4.038614,26.498133,18.572500,17.573418,-9.963337,-9.927254,-9.892262
90.889511,-0.098113,15.371813,-1.100336,1.165594,0.011332,-3.950389,4.038971,26.505573,18.579302,17.580521,-9.963310,-9.927124,-9.892185
90.901984,-0.098113,15.371813,-1.100336,1.165594,0.011519,-3.950415,4.039150,26.509291,18.586107,17.584074,-9.963303,-9.926979,-9.892151
90.919703,-0.098113,15.371813,-1.100336,1.165594,0.011904,-3.950447,4.039556,26.516718,18.589510,17.591196,-9.963261,-9.926914,-9.892071
90.929663,-0.098113,15.371813,-1.100336,1.165594,0.012103,-3.950513,4.039962,26.520430,18.596317,17.598322,-9.963230,-9.926785,-9.892002
90.950254,-0.098113,15.371813,-1.100336,1.165594,0.012493,-3.950547,4.040181,26.527847,18.599722,17.601881,-9.963181,-9.926723,-9.891983
90.961992,-0.098113,15.371813,-1.100336,1.165594,0.012706,-3.950665,4.040400,26.531569,18.606569,17.605440,-9.963158,-9.926620,-9.891960
90.992969,-0.098113,15.371813,-1.100336,1.165594,0.013328,-3.950724,4.040837,26.542725,18.609995,17.612558,-9.963104,-9.926563,-9.891941
91.004847,-0.098113,15.371813,-1.100336,1.165594,0.013552,-3.950873,4.041299,26.546461,18.616863,17.619677,-9.963089,-9.926464,-9.891937
91.012298,-0.098113,15.371813,-1.100336,1.165594,0.013772,-3.950963,4.041529,26.550196,18.620308,17.623236,-9.963078,-9.926422,-9.891941
91.025269,-0.098113,15.371813,-1.100336,1.165594,0.013990,-3.951144,4.041975,26.553928,18.627199,17.630356,-9.963062,-9.926342,-9.891956
91.042769,-0.098113,15.371813,-1.100336,1.165594,0.014647,-3.951382,4.042411,26.565142,18.634132,17.637478,-9.963039,-9.926304,-9.891991
91.053122,-0.098113,15.371813,-1.100336,1.165594,0.014864,-3.951500,4.042628,26.568880,18.637600,17.641039,-9.963036,-9.926285,-9.892002
91.063057,-0.098113,15.371813,-1.100336,1.165594,0.015077,-3.951757,4.042850,26.572617,18.644552,17.644606,-9.963039,-9.926262,-9.892033
91.072510,-0.098113,15.371813,-1.100336,1.165594,0.015303,-3.951895,4.043293,26.576368,18.648037,17.651739,-9.963043,-9.926254,-9.892097
91.082924,-0.098113,15.371813,-1.100336,1.165594,0.015745,-3.952033,4.043514,26.583866,18.651524,17.655306,-9.963051,-9.926247,-9.892132
91.092176,-0.098113,15.371813,-1.100336,1.165594,0.015961,-3.952171,4.043733,26.587612,18.655012,17.658873,-9.963055,-9.926239,-9.892170
91.103319,-0.098113,15.371813,-1.100336,1.165594,0.016173,-3.952308,4.043950,26.591354,18.658499,17.662451,-9.963062,-9.926235,-9.892227
91.111891,-0.098113,15.371813,-1.100336,1.165594,0.016614,-3.952448,4.044383,26.598829,18.661995,17.669609,-9.963085,-9.926243,-9.892334
91.124102,-0.098113,15.371813,-1.100336,1.165594,0.016830,-3.952725,4.044597,26.602564,18.668985,17.673189,-9.963100,-9.926250,-9.892387
91.133053,-0.098113,15.371813,-1.100336,1.165594,0.017042,-3.952863,4.044811,26.606297,18.672482,17.676769,-9.963120,-9.926258,-9.892464
91.142725,-0.098113,15.371813,-1.100336,1.165594,0.017271,-3.952999,4.045023,26.610025,18.675983,17.680351,-9.963135,-9.926266,-9.892536
91.151557,-0.098113,15.371813,-1.100336,1.165594,0.017496,-3.953270,4.045444,26.613752,18.682987,17.687511,-9.963146,-9.926285,-9.892689
91.163179,-0.098113,15.371813,-1.100336,1.165594,0.017936,-3.953405,4.045655,26.621199,18.686489,17.691092,-9.963181,-9.926296,-9.892776
91.172411,-0.098113,15.371813,-1.100336,1.165594,0.018171,-3.953550,4.045864,26.624939,18.689983,17.694672,-9.963196,-9.926311,-9.892887
91.182808,-0.098113,15.371813,-1.100336,1.165594,0.018402,-3.953839,4.046072,26.628675,18.696974,17.698252,-9.963207,-9.926342,-9.892998
91.192286,-0.098113,15.371813,-1.100336,1.165594,0.018854,-3.953982,4.046482,26.636143,18.700472,17.705414,-9.963234,-9.926353,-9.893227
91.203465,-0.098113,15.371813,-1.100336,1.165594,0.019098,-3.954145,4.046683,26.639879,18.703957,17.708996,-9.963242,-9.926369,-9.893349
91.210695,-0.098113,15.371813,-1.100336,1.165594,0.019337,-3.954308,4.046882,26.643616,18.707445,17.712576,-9.963249,-9.926380,-9.893471
91.223499,-0.098113,15.371813,-1.100336,1.165594,0.019806,-3.954470,4.047081,26.651081,18.710934,17.716156,-9.963268,-9.926380,-9.893589
91.232141,-0.098113,15.371813,-1.100336,1.165594,0.020045,-3.954631,4.047270,26.654816,18.714422,17.719753,-9.963287,-9.926380,-9.893723
91.242754,-0.098113,15.371813,-1.100336,1.165594,0.020281,-3.954975,4.047645,26.658548,18.721407,17.726948,-9.963303,-9.926376,-9.893986
91.252039,-0.098113,15.371813,-1.100336,1.165594,0.020513,-3.955146,4.047830,26.662277,18.724899,17.730543,-9.963322,-9.926376,-9.894119
91.262996,-0.098113,15.371813,-1.100336,1.165594,0.020742,-3.955316,4.048016,26.666004,18.728394,17.734148,-9.963337,-9.926373,-9.894253
91.271979,-0.098113,15.371813,-1.100336,1.165594,0.021214,-3.955693,4.048384,26.673462,18.735405,17.741356,-9.963375,-9.926373,-9.894520
91.283856,-0.098113,15.371813,-1.100336,1.165594,0.021444,-3.956065,4.048566,26.677187,18.742420,17.744959,-9.963398,-9.926380,-9.894653
91.303765,-0.098113,15.371813,-1.100336,1.165594,0.021902,-3.956266,4.048954,26.684643,18.745943,17.752171,-9.963455,-9.926388,-9.894917
91.311475,-0.098113,15.371813,-1.100336,1.165594,0.022353,-3.956465,4.049334,26.692101,18.749468,17.759378,-9.963524,-9.926395,-9.895172
91.323673,-0.098113,15.371813,-1.100336,1.165594,0.022573,-3.957069,4.049529,26.695826,18.760065,17.762972,-9.963562,-9.926411,-9.895298
91.342812,-0.098113,15.371813,-1.100336,1.165594,0.023022,-3.957279,4.049915,26.703300,18.763615,17.770157,-9.963642,-9.926403,-9.895542
91.352521,-0.098113,15.371813,-1.100336,1.165594,0.023457,-3.957487,4.050105,26.710766,18.767164,17.773748,-9.963684,-9.926399,-9.895653
91.363269,-0.098113,15.371813,-1.100336,1.165594,0.023670,-3.957896,4.050489,26.714495,18.774265,17.780926,-9.963692,-9.926392,-9.895855
91.373403,-0.098113,15.371813,-1.100336,1.165594,0.023876,-3.958123,4.050684,26.718248,18.777840,17.784513,-9.963703,-9.926384,-9.895950
91.384845,-0.098113,15.371813,-1.100336,1.165594,0.024079,-3.958788,4.050876,26.721998,18.788561,17.788101,-9.963715,-9.926361,-9.896046
91.404729,-0.098113,15.371813,-1.100336,1.165594,0.024651,-3.959020,4.051467,26.733261,18.792154,17.798868,-9.963757,-9.926353,-9.896263
91.411946,-0.098113,15.371813,-1.100336,1.165594,0.024825,-3.959249,4.051665,26.737028,18.795748,17.802458,-9.963776,-9.926350,-9.896324
91.422911,-0.098113,15.371813,-1.100336,1.165594,0.024995,-3.959700,4.051860,26.740791,18.802931,17.806046,-9.963810,-9.926338,-9.896385
91.433487,-0.098113,15.371813,-1.100336,1.165594,0.025163,-3.959942,4.052264,26.744553,18.806538,17.813248,-9.963840,-9.926342,-9.896439
91.442813,-0.098113,15.371813,-1.100336,1.165594,0.025446,-3.960182,4.052462,26.752117,18.810144,17.816845,-9.963902,-9.926342,-9.896465
91.454039,-0.098113,15.371813,-1.100336,1.165594,0.025584,-3.960419,4.052659,26.755896,18.813749,17.820442,-9.963932,-9.926342,-9.896492
91.463001,-0.098113,15.371813,-1.100336,1.165594,0.025720,-3.960654,4.052868,26.759670,18.817354,17.824049,-9.963963,-9.926342,-9.896496
91.472353,-0.098113,15.371813,-1.100336,1.165594,0.025834,-3.961152,4.053076,26.763468,18.824604,17.827654,-9.963997,-9.926350,-9.896496
91.485662,-0.098113,15.371813,-1.100336,1.165594,0.026057,-3.961640,4.053482,26.771051,18.831848,17.834860,-9.964085,-9.926353,-9.896503
91.504590,-0.098113,15.371813,-1.100336,1.165594,0.026255,-3.961883,4.053917,26.778639,18.835476,17.842096,-9.964176,-9.926357,-9.896473
91.511496,-0.098113,15.371813,-1.100336,1.165594,0.026342,-3.962361,4.054130,26.782434,18.842726,17.845713,-9.964218,-9.926373,-9.896461
91.523043,-0.098113,15.371813,-1.100336,1.165594,0.026513,-3.962595,4.054570,26.790018,18.846350,17.852962,-9.964310,-9.926384,-9.896427
91.532385,-0.098113,15.371813,-1.100336,1.165594,0.026574,-3.962827,4.054796,26.793825,18.849974,17.856596,-9.964344,-9.926395,-9.896412
91.542661,-0.098113,15.371813,-1.100336,1.165594,0.026633,-3.963056,4.055019,26.797630,18.853594,17.860229,-9.964382,-9.926407,-9.896400
91.551945,-0.098113,15.371813,-1.100336,1.165594,0.026691,-3.963506,4.055239,26.801434,18.860834,17.863859,-9.964420,-9.926434,-9.896389
91.562969,-0.098113,15.371813,-1.100336,1.165594,0.026782,-3.963727,4.055705,26.809048,18.864454,17.871178,-9.964497,-9.926460,-9.896362
91.572327,-0.098113,15.371813,-1.100336,1.165594,0.026816,-3.963944,4.055933,26.812859,18.868074,17.874834,-9.964531,-9.926487,-9.896351
91.584779,-0.098113,15.371813,-1.100336,1.165594,0.026848,-3.964574,4.056401,26.816668,18.878929,17.882162,-9.964565,-9.926582,-9.896320
91.602971,-0.098113,15.371813,-1.100336,1.165594,0.026921,-3.964776,4.056877,26.828112,18.882547,17.889502,-9.964577,-9.926624,-9.896282
91.611346,-0.098113,15.371813,-1.100336,1.165594,0.026941,-3.964975,4.057110,26.831926,18.886164,17.893167,-9.964565,-9.926662,-9.896267
91.623125,-0.098113,15.371813,-1.100336,1.165594,0.026961,-3.965366,4.057338,26.835737,18.893394,17.896832,-9.964554,-9.926739,-9.896255
91.631844,-0.098113,15.371813,-1.100336,1.165594,0.026988,-3.965559,4.057828,26.843370,18.897013,17.904198,-9.964516,-9.926788,-9.896244
91.642758,-0.098113,15.371813,-1.100336,1.165594,0.026997,-3.965748,4.058067,26.847191,18.900629,17.907879,-9.964489,-9.926834,-9.896240
91.653602,-0.098113,15.371813,-1.100336,1.165594,0.027005,-3.965935,4.058302,26.851007,18.904245,17.911556,-9.964462,-9.926884,-9.896240
91.662910,-0.098113,15.371813,-1.100336,1.165594,0.027013,-3.966118,4.058549,26.854822,18.907862,17.915249,-9.964436,-9.926929,-9.896248
91.672450,-0.098113,15.371813,-1.100336,1.165594,0.026993,-3.966464,4.059030,26.862471,18.915092,17.922628,-9.964363,-9.927044,-9.896275
91.684030,-0.098113,15.371813,-1.100336,1.165594,0.026982,-3.966798,4.059263,26.866291,18.922319,17.926313,-9.964333,-9.927155,-9.896290
91.703132,-0.098113,15.371813,-1.100336,1.165594,0.026951,-3.966951,4.059763,26.873940,18.925932,17.933712,-9.964268,-9.927200,-9.896317
91.712015,-0.098113,15.371813,-1.100336,1.165594,0.026930,-3.967249,4.060006,26.877766,18.933155,17.937407,-9.964233,-9.927296,-9.896343
91.724045,-0.098113,15.371813,-1.100336,1.165594,0.026890,-3.967525,4.060508,26.885410,18.940397,17.944799,-9.964207,-9.927380,-9.896381
91.743607,-0.098113,15.371813,-1.100336,1.165594,0.026825,-3.967780,4.061018,26.893053,18.947657,17.952192,-9.964165,-9.927448,-9.896408
91.763090,-0.098113,15.371813,-1.100336,1.165594,0.026715,-3.968022,4.061813,26.904512,18.954935,17.963282,-9.964096,-9.927479,-9.896431
91.774153,-0.098113,15.371813,-1.100336,1.165594,0.026670,-3.968138,4.062078,26.908337,18.958582,17.966976,-9.964073,-9.927490,-9.896439
91.785055,-0.098113,15.371813,-1.100336,1.165594,0.026579,-3.968461,4.062633,26.915976,18.969526,17.974375,-9.964016,-9.927502,-9.896446
91.803519,-0.098113,15.371813,-1.100336,1.165594,0.026457,-3.968557,4.063205,26.923643,18.973179,17.981781,-9.963951,-9.927494,-9.896446
91.812087,-0.098113,15.371813,-1.100336,1.165594,0.026398,-3.968651,4.063483,26.927471,18.976830,17.985479,-9.963921,-9.927490,-9.896450
91.822929,-0.098113,15.371813,-1.100336,1.165594,0.026339,-3.968742,4.063788,26.931293,18.980480,17.989202,-9.963894,-9.927498,-9.896439
91.832256,-0.098113,15.371813,-1.100336,1.165594,0.026178,-3.968922,4.064380,26.938953,18.987783,17.996637,-9.963833,-9.927490,-9.896408
91.842864,-0.098113,15.371813,-1.100336,1.165594,0.026098,-3.969007,4.064668,26.942776,18.991434,18.000349,-9.963810,-9.927490,-9.896397
91.853412,-0.098113,15.371813,-1.100336,1.165594,0.026020,-3.969090,4.064986,26.946592,18.995083,18.004078,-9.963791,-9.927486,-9.896378
91.863747,-0.098113,15.371813,-1.100336,1.165594,0.025927,-3.969169,4.065297,26.950415,18.998739,18.007803,-9.963768,-9.927464,-9.896358
91.872014,-0.098113,15.371813,-1.100336,1.165594,0.025746,-3.969245,4.065902,26.958044,19.002392,18.015242,-9.963730,-9.927444,-9.896328
91.884355,-0.098113,15.371813,-1.100336,1.165594,0.025658,-3.969457,4.066195,26.961851,19.013346,18.018955,-9.963715,-9.927330,-9.896317
91.903400,-0.098113,15.371813,-1.100336,1.165594,0.025465,-3.969537,4.066837,26.969452,19.017006,18.026415,-9.963688,-9.927280,-9.896271
91.911605,-0.098113,15.371813,-1.100336,1.165594,0.025360,-3.969688,4.067452,26.973244,19.024326,18.033857,-9.963673,-9.927185,-9.896233
91.922780,-0.098113,15.371813,-1.100336,1.165594,0.025156,-3.969759,4.067782,26.980816,19.027983,18.037598,-9.963654,-9.927135,-9.896206
91.931849,-0.098113,15.371813,-1.100336,1.165594,0.025038,-3.969831,4.068105,26.984596,19.031664,18.041332,-9.963634,-9.927082,-9.896179
91.943422,-0.098113,15.371813,-1.100336,1.165594,0.024922,-3.970032,4.068731,26.988373,19.042700,18.048790,-9.963619,-9.926914,-9.896130
91.963074,-0.098113,15.371813,-1.100336,1.165594,0.024572,-3.970102,4.069358,26.999674,19.046400,18.056263,-9.963566,-9.926857,-9.896065
91.973047,-0.098113,15.371813,-1.100336,1.165594,0.024450,-3.970169,4.069662,27.003433,19.050098,18.059994,-9.963543,-9.926804,-9.896038
91.984862,-0.098113,15.371813,-1.100336,1.165594,0.024332,-3.970234,4.069960,27.007187,19.053797,18.063719,-9.963524,-9.926746,-9.896015
91.993077,-0.098113,15.371813,-1.100336,1.165594,0.024214,-3.970295,4.070548,27.010937,19.057491,18.071163,-9.963509,-9.926697,-9.895931
92.003105,-0.098113,15.371813,-1.100336,1.165594,0.023974,-3.970422,4.070833,27.018440,19.064953,18.074879,-9.963478,-9.926601,-9.895893
92.011400,-0.098113,15.371813,-1.100336,1.165594,0.023857,-3.970481,4.071111,27.022186,19.068682,18.078590,-9.963463,-9.926556,-9.895882
92.022940,-0.098113,15.371813,-1.100336,1.165594,0.023628,-3.970538,4.071385,27.029675,19.072407,18.082304,-9.963440,-9.926510,-9.895851
92.031867,-0.098113,15.371813,-1.100336,1.165594,0.023515,-3.970581,4.071912,27.033417,19.076170,18.089722,-9.963425,-9.926468,-9.895794
92.043694,-0.098113,15.371813,-1.100336,1.165594,0.023404,-3.970663,4.072166,27.037155,19.083689,18.093424,-9.963413,-9.926384,-9.895771
92.054641,-0.098113,15.371813,-1.100336,1.165594,0.023295,-3.970701,4.072413,27.040890,19.087444,18.097132,-9.963402,-9.926346,-9.895725
92.062861,-0.098113,15.371813,-1.100336,1.165594,0.023186,-3.970726,4.072654,27.044615,19.091225,18.100836,-9.963383,-9.926304,-9.895679
92.072223,-0.098113,15.371813,-1.100336,1.165594,0.022974,-3.970770,4.073119,27.052052,19.098778,18.108232,-9.963364,-9.926224,-9.895630
92.083020,-0.098113,15.371813,-1.100336,1.165594,0.022871,-3.970790,4.073344,27.055765,19.102551,18.111946,-9.963367,-9.926186,-9.895584
92.092296,-0.098113,15.371813,-1.100336,1.165594,0.022768,-3.970795,4.073564,27.059477,19.106344,18.115658,-9.963360,-9.926132,-9.895542
92.103182,-0.098113,15.371813,-1.100336,1.165594,0.022666,-3.970799,4.073776,27.063185,19.110138,18.119364,-9.963356,-9.926083,-9.895500
92.111484,-0.098113,15.371813,-1.100336,1.165594,0.022467,-3.970801,4.074191,27.070593,19.113926,18.126785,-9.963348,-9.926033,-9.895409
92.123117,-0.098113,15.371813,-1.100336,1.165594,0.022362,-3.970779,4.074392,27.074295,19.121531,18.130499,-9.963341,-9.925953,-9.895355
92.132306,-0.098113,15.371813,-1.100336,1.165594,0.022259,-3.970753,4.074587,27.077995,19.125347,18.134209,-9.963341,-9.925915,-9.895302
92.144401,-0.098113,15.371813,-1.100336,1.165594,0.022157,-3.970700,4.074777,27.081694,19.132969,18.137915,-9.963326,-9.925838,-9.895248
92.155384,-0.098113,15.371813,-1.100336,1.165594,0.022058,-3.970628,4.075141,27.085390,19.140617,18.145329,-9.963314,-9.925766,-9.895134
92.174222,-0.098113,15.371813,-1.100336,1.165594,0.021756,-3.970583,4.075482,27.096460,19.144453,18.152742,-9.963261,-9.925735,-9.895012
92.182956,-0.098113,15.371813,-1.100336,1.165594,0.021559,-3.970494,4.075644,27.103828,19.152117,18.156443,-9.963226,-9.925678,-9.894955
92.193338,-0.098113,15.371813,-1.100336,1.165594,0.021451,-3.970422,4.075964,27.107504,19.155973,18.163837,-9.963200,-9.925644,-9.894833
92.203111,-0.098113,15.371813,-1.100336,1.165594,0.021345,-3.970350,4.076115,27.111177,19.159826,18.167530,-9.963169,-9.925613,-9.894779
92.212954,-0.098113,15.371813,-1.100336,1.165594,0.021241,-3.970279,4.076262,27.114847,19.163675,18.171217,-9.963146,-9.925583,-9.894726
92.224650,-0.098113,15.371813,-1.100336,1.165594,0.021140,-3.970101,4.076402,27.118515,19.171383,18.174908,-9.963120,-9.925518,-9.894665
92.243998,-0.098113,15.371813,-1.100336,1.165594,0.020767,-3.969783,4.076788,27.129456,19.182945,18.185955,-9.963017,-9.925388,-9.894493
92.262944,-0.098113,15.371813,-1.100336,1.165594,0.020504,-3.969503,4.077026,27.136717,19.190681,18.193321,-9.962917,-9.925304,-9.894382
92.272331,-0.098113,15.371813,-1.100336,1.165594,0.020222,-3.969363,4.077137,27.143948,19.194544,18.196997,-9.962780,-9.925262,-9.894333
92.283118,-0.098113,15.371813,-1.100336,1.165594,0.020085,-3.969225,4.077354,27.147560,19.198402,18.204338,-9.962719,-9.925224,-9.894234
92.292675,-0.098113,15.371813,-1.100336,1.165594,0.019925,-3.969062,4.077460,27.151138,19.202271,18.208004,-9.962620,-9.925190,-9.894188
92.302865,-0.098113,15.371813,-1.100336,1.165594,0.019767,-3.968900,4.077560,27.154716,19.206133,18.211666,-9.962524,-9.925152,-9.894146
92.311794,-0.098113,15.371813,-1.100336,1.165594,0.019460,-3.968739,4.077656,27.161865,19.209993,18.215322,-9.962345,-9.925117,-9.894112
92.323071,-0.098113,15.371813,-1.100336,1.165594,0.019276,-3.968399,4.077826,27.165417,19.217709,18.222633,-9.962223,-9.925056,-9.894051
92.331393,-0.098113,15.371813,-1.100336,1.165594,0.019095,-3.968219,4.077904,27.168966,19.221563,18.226284,-9.962109,-9.925034,-9.894020
92.344600,-0.098113,15.371813,-1.100336,1.165594,0.018742,-3.968041,4.077977,27.176060,19.225414,18.229929,-9.961891,-9.925011,-9.893997
92.355442,-0.098113,15.371813,-1.100336,1.165594,0.018532,-3.967517,4.078118,27.179592,19.236933,18.237211,-9.961761,-9.924950,-9.893932
