mission_time_s,tx,ty,tz,error,x1,x2,x3,y1,y2,y3,z1,z2,z3
7.416715,NaN,NaN,NaN,NaN,-0.057769,-1.910912,1.996718,0.030317,-2.026534,-2.011267,0.001392,0.227180,0.014046
7.434872,NaN,NaN,NaN,NaN,-0.057770,-1.911342,1.996734,0.030275,-2.026338,-2.011051,0.001266,0.228359,0.013988
7.443909,NaN,NaN,NaN,NaN,-0.057774,-1.911557,1.996733,0.030203,-2.026247,-2.010834,0.001022,0.228912,0.013935
7.455859,NaN,NaN,NaN,NaN,-0.057776,-1.911988,1.996733,0.030172,-2.026058,-2.010729,0.000900,0.230179,0.013908
7.464969,NaN,NaN,NaN,NaN,-0.057832,-1.912208,1.996705,0.030116,-2.025961,-2.010619,0.000679,0.230656,0.013859
7.474670,NaN,NaN,NaN,NaN,-0.057859,-1.912428,1.996677,0.030094,-2.025862,-2.010511,0.000572,0.231190,0.013813
7.495180,NaN,NaN,NaN,NaN,-0.057932,-1.913085,1.996573,0.030054,-2.025563,-2.010201,0.000374,0.232807,0.013664
7.514537,NaN,NaN,NaN,NaN,-0.058065,-1.913512,1.996477,0.030012,-2.025366,-2.010005,0.000122,0.233841,0.013535
7.534970,NaN,NaN,NaN,NaN,-0.058176,-1.914127,1.996300,0.029986,-2.025083,-2.009710,-0.000023,0.235325,0.013340
7.556026,NaN,NaN,NaN,NaN,-0.058374,-1.914529,1.996175,0.029954,-2.024895,-2.009520,-0.000217,0.236416,0.013218
7.564136,NaN,NaN,NaN,NaN,-0.058460,-1.914713,1.996080,0.029936,-2.024824,-2.009413,-0.000282,0.236794,0.013142
7.583438,NaN,NaN,NaN,NaN,-0.058545,-1.915271,1.995801,0.029921,-2.024598,-2.009101,-0.000340,0.238274,0.012936
7.594779,NaN,NaN,NaN,NaN,-0.058715,-1.915450,1.995679,0.029900,-2.024535,-2.008992,-0.000454,0.238628,0.012844
7.604112,NaN,NaN,NaN,NaN,-0.058801,-1.915630,1.995439,0.029875,-2.024470,-2.008783,-0.000511,0.239040,0.012676
7.614644,NaN,NaN,NaN,NaN,-0.058974,-1.915993,1.995320,0.029837,-2.024333,-2.008683,-0.000614,0.240028,0.012596
7.634600,NaN,NaN,NaN,NaN,-0.059146,-1.916377,1.995035,0.029792,-2.024206,-2.008465,-0.000713,0.240715,0.012386
7.643881,NaN,NaN,NaN,NaN,-0.059318,-1.916570,1.994755,0.029741,-2.024138,-2.008256,-0.000813,0.241146,0.012188
7.655773,NaN,NaN,NaN,NaN,-0.059498,-1.916960,1.994617,0.029682,-2.023996,-2.008154,-0.000916,0.242176,0.012096
7.674692,NaN,NaN,NaN,NaN,-0.059685,-1.917319,1.994299,0.029616,-2.023891,-2.007932,-0.001022,0.242882,0.011894
7.684597,NaN,NaN,NaN,NaN,-0.059779,-1.917500,1.993987,0.029588,-2.023834,-2.007718,-0.001080,0.243320,0.011719
7.704594,NaN,NaN,NaN,NaN,-0.059895,-1.918023,1.993636,0.029529,-2.023711,-2.007486,-0.001160,0.244450,0.011547
7.716062,NaN,NaN,NaN,NaN,-0.060012,-1.918196,1.993463,0.029474,-2.023676,-2.007373,-0.001236,0.244854,0.011467
7.724257,NaN,NaN,NaN,NaN,-0.060245,-1.918370,1.993291,0.029373,-2.023638,-2.007262,-0.001385,0.245319,0.011387
7.734774,NaN,NaN,NaN,NaN,-0.060514,-1.918536,1.992921,0.029231,-2.023615,-2.007002,-0.001595,0.245583,0.011242
7.756296,NaN,NaN,NaN,NaN,-0.060967,-1.919043,1.992350,0.028994,-2.023531,-2.006618,-0.001907,0.246727,0.011112
7.764263,NaN,NaN,NaN,NaN,-0.061090,-1.919204,1.992145,0.028928,-2.023513,-2.006486,-0.002026,0.246956,0.011086
7.774683,NaN,NaN,NaN,NaN,-0.061190,-1.919368,1.991942,0.028880,-2.023492,-2.006357,-0.002125,0.247246,0.011059
7.783981,NaN,NaN,NaN,NaN,-0.061326,-1.919699,1.991741,0.028813,-2.023442,-2.006229,-0.002243,0.248001,0.011036
7.794875,NaN,NaN,NaN,NaN,-0.061606,-1.919868,1.991531,0.028691,-2.023441,-2.006117,-0.002499,0.248199,0.011032
7.815841,NaN,NaN,NaN,NaN,-0.062037,-1.920211,1.990913,0.028530,-2.023431,-2.005793,-0.002983,0.248775,0.011059
7.834956,NaN,NaN,NaN,NaN,-0.062181,-1.920752,1.990510,0.028473,-2.023444,-2.005631,-0.003166,0.249561,0.011112
7.843464,NaN,NaN,NaN,NaN,-0.062326,-1.920939,1.990312,0.028419,-2.023450,-2.005552,-0.003342,0.249855,0.011147
7.854773,NaN,NaN,NaN,NaN,-0.062616,-1.921337,1.989923,0.028321,-2.023466,-2.005429,-0.003693,0.250351,0.011219
7.864334,NaN,NaN,NaN,NaN,-0.062898,-1.921548,1.989731,0.028212,-2.023474,-2.005385,-0.004150,0.250549,0.011257
7.874633,NaN,NaN,NaN,NaN,-0.063040,-1.921761,1.989542,0.028162,-2.023480,-2.005341,-0.004375,0.250809,0.011295
7.883994,NaN,NaN,NaN,NaN,-0.063182,-1.921976,1.989355,0.028115,-2.023481,-2.005299,-0.004593,0.251129,0.011337
7.894605,NaN,NaN,NaN,NaN,-0.063321,-1.922424,1.988999,0.028058,-2.023523,-2.005277,-0.004852,0.251381,0.011421
7.915893,NaN,NaN,NaN,NaN,-0.063742,-1.922878,1.988651,0.027910,-2.023554,-2.005260,-0.005604,0.251865,0.011513
7.925468,NaN,NaN,NaN,NaN,-0.063870,-1.923109,1.988348,0.027843,-2.023565,-2.005274,-0.005878,0.252197,0.011593
7.934731,NaN,NaN,NaN,NaN,-0.063999,-1.923615,1.988218,0.027779,-2.023655,-2.005297,-0.006145,0.252487,0.011639
7.955838,NaN,NaN,NaN,NaN,-0.064385,-1.924127,1.987961,0.027575,-2.023733,-2.005346,-0.006954,0.253021,0.011730
7.964304,NaN,NaN,NaN,NaN,-0.064511,-1.924389,1.987858,0.027493,-2.023818,-2.005404,-0.007233,0.253101,0.011772
7.974634,NaN,NaN,NaN,NaN,-0.064637,-1.924919,1.987657,0.027414,-2.023976,-2.005520,-0.007511,0.253445,0.011860
7.994640,NaN,NaN,NaN,NaN,-0.064983,-1.925450,1.987477,0.027167,-2.024171,-2.005642,-0.008446,0.253750,0.011936
8.015604,NaN,NaN,NaN,NaN,-0.065205,-1.925985,1.987243,0.027010,-2.024399,-2.005831,-0.009075,0.254017,0.012066
8.034607,NaN,NaN,NaN,NaN,-0.065465,-1.926818,1.987131,0.026748,-2.024809,-2.005959,-0.010029,0.254269,0.012169
8.043683,NaN,NaN,NaN,NaN,-0.065555,-1.927102,1.987078,0.026668,-2.024952,-2.006023,-0.010334,0.254379,0.012222
8.054711,NaN,NaN,NaN,NaN,-0.065646,-1.927696,1.986990,0.026592,-2.025261,-2.006162,-0.010632,0.254498,0.012329
8.063880,NaN,NaN,NaN,NaN,-0.065806,-1.928004,1.986956,0.026423,-2.025426,-2.006236,-0.011246,0.254513,0.012390
8.074602,NaN,NaN,NaN,NaN,-0.065888,-1.928314,1.986924,0.026344,-2.025587,-2.006310,-0.011547,0.254593,0.012447
8.095012,NaN,NaN,NaN,NaN,-0.066037,-1.929275,1.986856,0.026183,-2.026094,-2.006550,-0.012142,0.254635,0.012630
8.104697,NaN,NaN,NaN,NaN,-0.066171,-1.929602,1.986839,0.026024,-2.026264,-2.006633,-0.012722,0.254684,0.012691
8.116344,NaN,NaN,NaN,NaN,-0.066240,-1.929930,1.986824,0.025949,-2.026429,-2.006715,-0.013004,0.254795,0.012756
8.134679,NaN,NaN,NaN,NaN,-0.066303,-1.930894,1.986751,0.025791,-2.026979,-2.006979,-0.013584,0.254684,0.013016
8.143877,NaN,NaN,NaN,NaN,-0.066337,-1.931218,1.986730,0.025716,-2.027152,-2.007067,-0.013870,0.254776,0.013103
8.164450,NaN,NaN,NaN,NaN,-0.066377,-1.931842,1.986646,0.025481,-2.027542,-2.007249,-0.014694,0.254601,0.013325
8.174542,NaN,NaN,NaN,NaN,-0.066382,-1.932470,1.986567,0.025403,-2.027911,-2.007431,-0.014957,0.254677,0.013542
8.184280,NaN,NaN,NaN,NaN,-0.066389,-1.932786,1.986530,0.025328,-2.028088,-2.007522,-0.015217,0.254803,0.013653
8.194747,NaN,NaN,NaN,NaN,-0.066356,-1.933075,1.986449,0.025163,-2.028289,-2.007619,-0.015774,0.254730,0.013786
8.203433,NaN,NaN,NaN,NaN,-0.066342,-1.933365,1.986294,0.025083,-2.028484,-2.007812,-0.016048,0.254726,0.014057
8.215962,NaN,NaN,NaN,NaN,-0.066330,-1.933656,1.986218,0.025007,-2.028674,-2.007908,-0.016319,0.254787,0.014191
8.234525,NaN,NaN,NaN,NaN,-0.066282,-1.934457,1.985993,0.024921,-2.029261,-2.008143,-0.016594,0.254803,0.014488
8.244115,NaN,NaN,NaN,NaN,-0.066150,-1.934970,1.985775,0.024679,-2.029641,-2.008376,-0.017399,0.254944,0.014782
8.264099,NaN,NaN,NaN,NaN,-0.066079,-1.935430,1.985495,0.024582,-2.030053,-2.008629,-0.017670,0.254784,0.015106
8.274621,NaN,NaN,NaN,NaN,-0.065877,-1.935662,1.985357,0.024303,-2.030251,-2.008755,-0.018467,0.254795,0.015266
8.284417,NaN,NaN,NaN,NaN,-0.065797,-1.935895,1.985222,0.024196,-2.030443,-2.008880,-0.018753,0.254868,0.015423
8.303409,NaN,NaN,NaN,NaN,-0.065718,-1.936553,1.984783,0.024092,-2.031012,-2.009236,-0.019035,0.254700,0.015957
8.316037,NaN,NaN,NaN,NaN,-0.065489,-1.936775,1.984475,0.023793,-2.031192,-2.009457,-0.019867,0.254765,0.016327
8.324101,NaN,NaN,NaN,NaN,-0.065397,-1.937004,1.984310,0.023686,-2.031380,-2.009558,-0.020126,0.254635,0.016521
8.335443,NaN,NaN,NaN,NaN,-0.065307,-1.937465,1.984148,0.023582,-2.031739,-2.009660,-0.020382,0.254566,0.016712
8.354723,NaN,NaN,NaN,NaN,-0.065012,-1.937933,1.983804,0.023278,-2.032086,-2.009848,-0.021061,0.254486,0.017101
8.364242,NaN,NaN,NaN,NaN,-0.064894,-1.938409,1.983444,0.023178,-2.032423,-2.010021,-0.021275,0.254402,0.017498
8.383685,NaN,NaN,NaN,NaN,-0.064513,-1.938898,1.983076,0.022882,-2.032756,-2.010167,-0.021915,0.254292,0.017902
8.394753,NaN,NaN,NaN,NaN,-0.064367,-1.939149,1.982887,0.022783,-2.032925,-2.010227,-0.022129,0.254196,0.018108
8.403640,NaN,NaN,NaN,NaN,-0.064222,-1.939401,1.982514,0.022686,-2.033088,-2.010347,-0.022354,0.254162,0.018517
8.415903,NaN,NaN,NaN,NaN,-0.063909,-1.939927,1.982334,0.022500,-2.033410,-2.010368,-0.022797,0.254021,0.018707
8.424614,NaN,NaN,NaN,NaN,-0.063741,-1.940202,1.982156,0.022411,-2.033569,-2.010390,-0.023018,0.253918,0.018898
8.434686,NaN,NaN,NaN,NaN,-0.063575,-1.940478,1.981980,0.022324,-2.033722,-2.010412,-0.023235,0.253876,0.019089
8.443945,NaN,NaN,NaN,NaN,-0.063410,-1.941034,1.981632,0.022238,-2.034014,-2.010455,-0.023453,0.253895,0.019463
8.454946,NaN,NaN,NaN,NaN,-0.063227,-1.941318,1.981458,0.022149,-2.034149,-2.010442,-0.023666,0.253723,0.019630
8.476212,NaN,NaN,NaN,NaN,-0.062685,-1.941889,1.980948,0.021890,-2.034404,-2.010405,-0.024277,0.253563,0.020046
8.495745,NaN,NaN,NaN,NaN,-0.062497,-1.942771,1.980645,0.021793,-2.034724,-2.010307,-0.024475,0.253239,0.020298
8.504153,NaN,NaN,NaN,NaN,-0.062127,-1.943070,1.980496,0.021603,-2.034819,-2.010259,-0.024864,0.253159,0.020420
8.514861,NaN,NaN,NaN,NaN,-0.061761,-1.943369,1.980347,0.021401,-2.034910,-2.010212,-0.025238,0.253136,0.020546
8.525928,NaN,NaN,NaN,NaN,-0.061581,-1.943701,1.980082,0.021292,-2.034987,-2.010010,-0.025429,0.252911,0.020775
8.534908,NaN,NaN,NaN,NaN,-0.061401,-1.944369,1.979952,0.021185,-2.035132,-2.009911,-0.025623,0.252644,0.020885
8.556328,NaN,NaN,NaN,NaN,-0.060869,-1.945067,1.979714,0.020853,-2.035239,-2.009675,-0.026138,0.252380,0.021107
8.564173,NaN,NaN,NaN,NaN,-0.060694,-1.945430,1.979500,0.020741,-2.035276,-2.009404,-0.026299,0.252216,0.021320
8.576025,NaN,NaN,NaN,NaN,-0.060521,-1.945794,1.979407,0.020631,-2.035309,-2.009265,-0.026459,0.252110,0.021435
8.585996,NaN,NaN,NaN,NaN,-0.060349,-1.946542,1.979349,0.020522,-2.035356,-2.009082,-0.026604,0.251862,0.021538
8.603680,NaN,NaN,NaN,NaN,-0.059993,-1.947313,1.979028,0.020277,-2.035380,-2.008626,-0.026840,0.251637,0.021809
8.614828,NaN,NaN,NaN,NaN,-0.059641,-1.948098,1.978955,0.020037,-2.035375,-2.008462,-0.027073,0.251419,0.021904
8.634504,NaN,NaN,NaN,NaN,-0.059274,-1.948898,1.978836,0.019791,-2.035342,-2.008126,-0.027275,0.251209,0.022079
8.654743,NaN,NaN,NaN,NaN,-0.058714,-1.950128,1.978689,0.019433,-2.035230,-2.007605,-0.027534,0.250866,0.022343
8.675887,NaN,NaN,NaN,NaN,-0.058127,-1.950962,1.978604,0.019089,-2.035129,-2.007257,-0.027752,0.250782,0.022514
8.685410,NaN,NaN,NaN,NaN,-0.057904,-1.951378,1.978530,0.018972,-2.035051,-2.006907,-0.027798,0.250591,0.022667
8.703457,NaN,NaN,NaN,NaN,-0.057463,-1.952636,1.978456,0.018742,-2.034803,-2.006566,-0.027874,0.250374,0.022804
8.714952,NaN,NaN,NaN,NaN,-0.057001,-1.953058,1.978420,0.018509,-2.034716,-2.006399,-0.027946,0.250416,0.022865
8.725460,NaN,NaN,NaN,NaN,-0.056758,-1.953482,1.978327,0.018389,-2.034626,-2.006059,-0.027985,0.250286,0.022984
8.734579,NaN,NaN,NaN,NaN,-0.056517,-1.954336,1.978280,0.018270,-2.034440,-2.005892,-0.028023,0.250206,0.023041
8.744345,NaN,NaN,NaN,NaN,-0.056278,-1.954766,1.978235,0.018152,-2.034344,-2.005727,-0.028061,0.250233,0.023102
8.754791,NaN,NaN,NaN,NaN,-0.055783,-1.955188,1.978182,0.017889,-2.034245,-2.005559,-0.028137,0.250092,0.023163
8.776408,NaN,NaN,NaN,NaN,-0.055053,-1.956466,1.978028,0.017499,-2.033938,-2.005070,-0.028271,0.250027,0.023369
8.794689,NaN,NaN,NaN,NaN,-0.054813,-1.957310,1.977882,0.017368,-2.033720,-2.004764,-0.028309,0.249828,0.023502
8.803483,NaN,NaN,NaN,NaN,-0.054575,-1.957735,1.977737,0.017239,-2.033609,-2.004467,-0.028347,0.249821,0.023632
8.814913,NaN,NaN,NaN,NaN,-0.054339,-1.958573,1.977659,0.017110,-2.033384,-2.004327,-0.028385,0.249744,0.023701
8.823715,NaN,NaN,NaN,NaN,-0.054121,-1.958985,1.977581,0.016965,-2.033270,-2.004189,-0.028423,0.249680,0.023769
8.835518,NaN,NaN,NaN,NaN,-0.053476,-1.959399,1.977426,0.016537,-2.033154,-2.003919,-0.028534,0.249672,0.023907
8.843942,NaN,NaN,NaN,NaN,-0.053264,-1.959816,1.977348,0.016397,-2.033036,-2.003783,-0.028568,0.249722,0.023991
8.854932,NaN,NaN,NaN,NaN,-0.053066,-1.960618,1.977269,0.016250,-2.032808,-2.003648,-0.028610,0.249496,0.024071
8.863707,NaN,NaN,NaN,NaN,-0.052674,-1.961024,1.977191,0.015958,-2.032691,-2.003517,-0.028694,0.249447,0.024155
8.884018,NaN,NaN,NaN,NaN,-0.052311,-1.961824,1.976979,0.015660,-2.032459,-2.003096,-0.028797,0.249290,0.024399
8.894692,NaN,NaN,NaN,NaN,-0.052143,-1.962220,1.976912,0.015507,-2.032343,-2.002955,-0.028858,0.249187,0.024483
8.914991,NaN,NaN,NaN,NaN,-0.051811,-1.963390,1.976792,0.015203,-2.031996,-2.002669,-0.028980,0.249008,0.024643
8.925241,NaN,NaN,NaN,NaN,-0.051538,-1.963765,1.976685,0.014922,-2.031880,-2.002383,-0.029125,0.248913,0.024803
8.934701,NaN,NaN,NaN,NaN,-0.051403,-1.964524,1.976630,0.014782,-2.031642,-2.002244,-0.029198,0.248890,0.024883
8.944514,NaN,NaN,NaN,NaN,-0.051270,-1.964868,1.976579,0.014643,-2.031537,-2.002095,-0.029270,0.248734,0.024929
8.955798,NaN,NaN,NaN,NaN,-0.051043,-1.965217,1.976528,0.014343,-2.031430,-2.001949,-0.029434,0.248634,0.024975
8.976855,NaN,NaN,NaN,NaN,-0.050719,-1.966282,1.976370,0.013904,-2.031097,-2.001525,-0.029659,0.248680,0.025116
8.994631,NaN,NaN,NaN,NaN,-0.050521,-1.966908,1.976280,0.013620,-2.030900,-2.001226,-0.029785,0.248512,0.025204
9.014690,NaN,NaN,NaN,NaN,-0.050327,-1.967832,1.976132,0.013360,-2.030598,-2.000774,-0.029919,0.248436,0.025269
9.024216,NaN,NaN,NaN,NaN,-0.050232,-1.968119,1.976076,0.013242,-2.030499,-2.000614,-0.029980,0.248363,0.025288
9.035340,NaN,NaN,NaN,NaN,-0.050046,-1.968411,1.975963,0.013006,-2.030398,-2.000300,-0.030098,0.248348,0.025333
9.044487,NaN,NaN,NaN,NaN,-0.049943,-1.968706,1.975912,0.012923,-2.030294,-2.000145,-0.030155,0.248379,0.025341
9.054877,NaN,NaN,NaN,NaN,-0.049841,-1.969218,1.975860,0.012840,-2.030091,-1.999991,-0.030212,0.248116,0.025352
9.063506,NaN,NaN,NaN,NaN,-0.049641,-1.969480,1.975808,0.012676,-2.029986,-1.999840,-0.030342,0.248070,0.025356
9.076630,NaN,NaN,NaN,NaN,-0.049547,-1.969747,1.975755,0.012637,-2.029878,-1.999691,-0.030392,0.248081,0.025364
9.084596,NaN,NaN,NaN,NaN,-0.049454,-1.969969,1.975696,0.012598,-2.029773,-1.999432,-0.030441,0.247902,0.025345
9.104207,NaN,NaN,NaN,NaN,-0.049271,-1.970661,1.975635,0.012521,-2.029445,-1.999182,-0.030533,0.247677,0.025333
9.114731,NaN,NaN,NaN,NaN,-0.049112,-1.970849,1.975610,0.012470,-2.029333,-1.999076,-0.030636,0.247440,0.025318
9.124053,NaN,NaN,NaN,NaN,-0.049043,-1.971042,1.975559,0.012457,-2.029220,-1.998871,-0.030697,0.247265,0.025318
9.145665,NaN,NaN,NaN,NaN,-0.048975,-1.971240,1.975486,0.012445,-2.029104,-1.998687,-0.030758,0.247147,0.025311
9.154622,NaN,NaN,NaN,NaN,-0.048807,-1.971817,1.975439,0.012448,-2.028745,-1.998606,-0.030968,0.246620,0.025303
9.163491,NaN,NaN,NaN,NaN,-0.048758,-1.972011,1.975392,0.012456,-2.028621,-1.998526,-0.031044,0.246471,0.025295
9.175504,NaN,NaN,NaN,NaN,-0.048709,-1.972209,1.975284,0.012465,-2.028495,-1.998377,-0.031120,0.246380,0.025257
9.184158,NaN,NaN,NaN,NaN,-0.048646,-1.972586,1.975224,0.012503,-2.028289,-1.998307,-0.031246,0.245876,0.025234
9.194606,NaN,NaN,NaN,NaN,-0.048616,-1.972781,1.975162,0.012522,-2.028182,-1.998238,-0.031303,0.245708,0.025208
9.203728,NaN,NaN,NaN,NaN,-0.048586,-1.972980,1.975100,0.012541,-2.028073,-1.998172,-0.031364,0.245602,0.025185
9.214851,NaN,NaN,NaN,NaN,-0.048565,-1.973368,1.974945,0.012548,-2.027880,-1.998061,-0.031414,0.245049,0.025093
9.235522,NaN,NaN,NaN,NaN,-0.048502,-1.973773,1.974706,0.012573,-2.027677,-1.997902,-0.031555,0.244682,0.024967
9.244000,NaN,NaN,NaN,NaN,-0.048494,-1.973982,1.974613,0.012548,-2.027573,-1.997862,-0.031612,0.244587,0.024899
9.254720,NaN,NaN,NaN,NaN,-0.048486,-1.974175,1.974518,0.012524,-2.027464,-1.997822,-0.031670,0.244293,0.024834
9.274725,NaN,NaN,NaN,NaN,-0.048471,-1.974783,1.974327,0.012477,-2.027123,-1.997745,-0.031784,0.243771,0.024712
9.283794,NaN,NaN,NaN,NaN,-0.048474,-1.974972,1.974132,0.012364,-2.027009,-1.997688,-0.031872,0.243473,0.024567
9.294698,NaN,NaN,NaN,NaN,-0.048477,-1.975365,1.974034,0.012309,-2.026775,-1.997661,-0.031914,0.243053,0.024494
9.315304,NaN,NaN,NaN,NaN,-0.048479,-1.975740,1.973837,0.012253,-2.026529,-1.997618,-0.031937,0.242622,0.024338
9.324914,NaN,NaN,NaN,NaN,-0.048531,-1.975919,1.973640,0.012048,-2.026399,-1.997585,-0.031918,0.242374,0.024170
9.334883,NaN,NaN,NaN,NaN,-0.048548,-1.976276,1.973539,0.011981,-2.026129,-1.997569,-0.031910,0.242054,0.024090
9.344544,NaN,NaN,NaN,NaN,-0.048568,-1.976400,1.973448,0.011917,-2.025980,-1.997565,-0.031883,0.241768,0.023983
9.355156,NaN,NaN,NaN,NaN,-0.048608,-1.976568,1.973356,0.011790,-2.025848,-1.997561,-0.031826,0.241512,0.023880
9.374859,NaN,NaN,NaN,NaN,-0.048650,-1.977058,1.973084,0.011664,-2.025438,-1.997561,-0.031792,0.240864,0.023533
9.385228,NaN,NaN,NaN,NaN,-0.048673,-1.977205,1.972998,0.011603,-2.025299,-1.997569,-0.031757,0.240612,0.023403
9.394509,NaN,NaN,NaN,NaN,-0.048720,-1.977356,1.972912,0.011483,-2.025159,-1.997577,-0.031685,0.240417,0.023277
9.404749,NaN,NaN,NaN,NaN,-0.048743,-1.977512,1.972742,0.011423,-2.025016,-1.997595,-0.031651,0.240265,0.023003
9.415651,NaN,NaN,NaN,NaN,-0.048762,-1.977822,1.972658,0.011357,-2.024727,-1.997605,-0.031605,0.239655,0.022854
9.435964,NaN,NaN,NaN,NaN,-0.048818,-1.978200,1.972489,0.011164,-2.024452,-1.997625,-0.031517,0.239304,0.022556
9.445667,NaN,NaN,NaN,NaN,-0.048815,-1.978352,1.972297,0.011091,-2.024313,-1.997625,-0.031479,0.238960,0.022179
9.463494,NaN,NaN,NaN,NaN,-0.048808,-1.978830,1.972104,0.010945,-2.023880,-1.997625,-0.031399,0.238262,0.021816
9.484276,NaN,NaN,NaN,NaN,-0.048755,-1.979280,1.971842,0.010738,-2.023469,-1.997580,-0.031269,0.237366,0.021244
9.494520,NaN,NaN,NaN,NaN,-0.048731,-1.979439,1.971754,0.010671,-2.023327,-1.997566,-0.031227,0.237179,0.021061
9.514800,NaN,NaN,NaN,NaN,-0.048649,-1.979740,1.971590,0.010504,-2.023057,-1.997534,-0.031101,0.236763,0.020683
9.523684,NaN,NaN,NaN,NaN,-0.048620,-1.979881,1.971438,0.010452,-2.022927,-1.997499,-0.031063,0.236526,0.020298
9.536605,NaN,NaN,NaN,NaN,-0.048590,-1.980178,1.971361,0.010401,-2.022660,-1.997481,-0.031029,0.236214,0.020111
9.544394,NaN,NaN,NaN,NaN,-0.048548,-1.980311,1.971307,0.010360,-2.022534,-1.997466,-0.030960,0.235928,0.019920
9.554599,NaN,NaN,NaN,NaN,-0.048466,-1.980448,1.971253,0.010277,-2.022406,-1.997452,-0.030830,0.235699,0.019730
9.576442,NaN,NaN,NaN,NaN,-0.048372,-1.980861,1.971115,0.010202,-2.022001,-1.997409,-0.030685,0.235119,0.019169
9.583878,NaN,NaN,NaN,NaN,-0.048318,-1.980991,1.971087,0.010168,-2.021859,-1.997396,-0.030609,0.234901,0.018974
9.603862,NaN,NaN,NaN,NaN,-0.048150,-1.981264,1.971013,0.010066,-2.021567,-1.997371,-0.030346,0.234631,0.018337
9.615072,NaN,NaN,NaN,NaN,-0.048090,-1.981523,1.970995,0.010033,-2.021301,-1.997372,-0.030243,0.234119,0.018105
9.636781,NaN,NaN,NaN,NaN,-0.047909,-1.981800,1.970956,0.009925,-2.021024,-1.997372,-0.029942,0.233829,0.017654
9.644305,NaN,NaN,NaN,NaN,-0.047828,-1.981926,1.970909,0.009899,-2.020896,-1.997416,-0.029846,0.233540,0.017155
9.654727,NaN,NaN,NaN,NaN,-0.047746,-1.982190,1.970885,0.009872,-2.020634,-1.997436,-0.029755,0.233124,0.016911
9.663682,NaN,NaN,NaN,NaN,-0.047587,-1.982329,1.970860,0.009815,-2.020499,-1.997456,-0.029545,0.232998,0.016659
9.674795,NaN,NaN,NaN,NaN,-0.047485,-1.982465,1.970834,0.009798,-2.020362,-1.997483,-0.029453,0.232685,0.016373
9.695682,NaN,NaN,NaN,NaN,-0.047284,-1.982895,1.970751,0.009761,-2.019937,-1.997560,-0.029278,0.232082,0.015545
9.705027,NaN,NaN,NaN,NaN,-0.047185,-1.983046,1.970723,0.009739,-2.019816,-1.997583,-0.029190,0.231743,0.015232
9.714791,NaN,NaN,NaN,NaN,-0.046948,-1.983201,1.970695,0.009743,-2.019692,-1.997604,-0.029049,0.231457,0.014923
9.737657,NaN,NaN,NaN,NaN,-0.046714,-1.983671,1.970606,0.009740,-2.019339,-1.997653,-0.028934,0.230709,0.013908
9.745333,NaN,NaN,NaN,NaN,-0.046595,-1.983826,1.970575,0.009769,-2.019237,-1.997662,-0.028893,0.230423,0.013550
9.754710,NaN,NaN,NaN,NaN,-0.046359,-1.983984,1.970544,0.009821,-2.019133,-1.997669,-0.028816,0.230190,0.013199
9.764106,NaN,NaN,NaN,NaN,-0.046242,-1.984310,1.970513,0.009844,-2.018917,-1.997676,-0.028778,0.229858,0.012852
9.774885,NaN,NaN,NaN,NaN,-0.046134,-1.984441,1.970434,0.009883,-2.018846,-1.997678,-0.028751,0.229553,0.012131
9.784148,NaN,NaN,NaN,NaN,-0.046027,-1.984577,1.970387,0.009919,-2.018773,-1.997673,-0.028725,0.229301,0.011772
9.796070,NaN,NaN,NaN,NaN,-0.045815,-1.984716,1.970292,0.009984,-2.018696,-1.997659,-0.028671,0.229103,0.011074
9.815705,NaN,NaN,NaN,NaN,-0.045608,-1.985074,1.970201,0.010050,-2.018497,-1.997612,-0.028641,0.228390,0.010307
9.823770,NaN,NaN,NaN,NaN,-0.045505,-1.985187,1.970155,0.010080,-2.018433,-1.997587,-0.028625,0.228176,0.009933
9.844453,NaN,NaN,NaN,NaN,-0.045313,-1.985499,1.970022,0.010142,-2.018247,-1.997478,-0.028610,0.227432,0.008808
9.854779,NaN,NaN,NaN,NaN,-0.045222,-1.985603,1.969979,0.010175,-2.018183,-1.997434,-0.028603,0.227222,0.008438
9.863758,NaN,NaN,NaN,NaN,-0.045044,-1.985710,1.969935,0.010232,-2.018115,-1.997389,-0.028584,0.227062,0.008072
9.874822,NaN,NaN,NaN,NaN,-0.044876,-1.985798,1.969904,0.010290,-2.018074,-1.997323,-0.028614,0.226719,0.007675
9.884152,NaN,NaN,NaN,NaN,-0.044794,-1.985889,1.969873,0.010315,-2.018029,-1.997256,-0.028629,0.226406,0.007286
9.896374,NaN,NaN,NaN,NaN,-0.044667,-1.986082,1.969809,0.010334,-2.017930,-1.997119,-0.028641,0.225933,0.006531
9.905088,NaN,NaN,NaN,NaN,-0.044607,-1.986155,1.969792,0.010350,-2.017887,-1.997029,-0.028660,0.225540,0.006145
9.923465,NaN,NaN,NaN,NaN,-0.044464,-1.986314,1.969754,0.010390,-2.017791,-1.996844,-0.028713,0.224918,0.005402
9.934806,NaN,NaN,NaN,NaN,-0.044392,-1.986466,1.969725,0.010407,-2.017699,-1.996644,-0.028740,0.224277,0.004654
9.954535,NaN,NaN,NaN,NaN,-0.044224,-1.986612,1.969706,0.010462,-2.017613,-1.996430,-0.028847,0.223610,0.003899
9.975050,NaN,NaN,NaN,NaN,-0.044099,-1.986809,1.969684,0.010493,-2.017537,-1.996108,-0.028896,0.222576,0.002712
9.995622,NaN,NaN,NaN,NaN,-0.043897,-1.986942,1.969665,0.010530,-2.017495,-1.995781,-0.028992,0.222008,0.001553
10.003858,NaN,NaN,NaN,NaN,-0.043823,-1.986990,1.969659,0.010543,-2.017493,-1.995672,-0.029022,0.221611,0.001175
10.015007,NaN,NaN,NaN,NaN,-0.043750,-1.987041,1.969651,0.010553,-2.017487,-1.995561,-0.029057,0.221268,0.000801
10.035282,NaN,NaN,NaN,NaN,-0.043526,-1.987215,1.969633,0.010571,-2.017448,-1.995336,-0.029102,0.220551,0.000092
10.045295,NaN,NaN,NaN,NaN,-0.043447,-1.987294,1.969601,0.010575,-2.017406,-1.995091,-0.029118,0.219902,-0.000622
10.063719,NaN,NaN,NaN,NaN,-0.043368,-1.987389,1.969564,0.010576,-2.017350,-1.994843,-0.029133,0.219448,-0.001316
10.074878,NaN,NaN,NaN,NaN,-0.043032,-1.987414,1.969540,0.010629,-2.017314,-1.994717,-0.029137,0.219086,-0.001671
10.083553,NaN,NaN,NaN,NaN,-0.042927,-1.987443,1.969489,0.010637,-2.017276,-1.994464,-0.029160,0.218777,-0.002346
10.095750,NaN,NaN,NaN,NaN,-0.042824,-1.987512,1.969462,0.010642,-2.017187,-1.994337,-0.029182,0.218311,-0.002674
10.114776,NaN,NaN,NaN,NaN,-0.042421,-1.987526,1.969397,0.010739,-2.017095,-1.994115,-0.029186,0.217628,-0.003326
10.136180,NaN,NaN,NaN,NaN,-0.042288,-1.987557,1.969300,0.010765,-2.016989,-1.993795,-0.029194,0.217148,-0.004253
10.144695,NaN,NaN,NaN,NaN,-0.041958,-1.987560,1.969270,0.010881,-2.016877,-1.993700,-0.029137,0.216423,-0.004562
10.154842,NaN,NaN,NaN,NaN,-0.041632,-1.987568,1.969240,0.010984,-2.016817,-1.993603,-0.029076,0.216137,-0.004864
10.164459,NaN,NaN,NaN,NaN,-0.041470,-1.987580,1.969172,0.011031,-2.016752,-1.993440,-0.029053,0.215900,-0.005447
10.174880,NaN,NaN,NaN,NaN,-0.041285,-1.987577,1.969135,0.011102,-2.016658,-1.993373,-0.028996,0.215137,-0.005726
10.184034,NaN,NaN,NaN,NaN,-0.040917,-1.987582,1.969097,0.011235,-2.016606,-1.993306,-0.028889,0.214840,-0.006004
10.196252,NaN,NaN,NaN,NaN,-0.040734,-1.987592,1.969059,0.011296,-2.016550,-1.993236,-0.028839,0.214592,-0.006279
10.204086,NaN,NaN,NaN,NaN,-0.040535,-1.987583,1.969025,0.011366,-2.016508,-1.993202,-0.028767,0.214180,-0.006542
10.214553,NaN,NaN,NaN,NaN,-0.040337,-1.987579,1.968955,0.011432,-2.016412,-1.993128,-0.028694,0.213509,-0.007061
10.236633,NaN,NaN,NaN,NaN,-0.039940,-1.987588,1.968886,0.011558,-2.016317,-1.993103,-0.028561,0.212830,-0.007549
10.244727,NaN,NaN,NaN,NaN,-0.039524,-1.987611,1.968821,0.011663,-2.016223,-1.993125,-0.028389,0.212151,-0.008011
10.264116,NaN,NaN,NaN,NaN,-0.039110,-1.987665,1.968766,0.011757,-2.016141,-1.993204,-0.028240,0.211464,-0.008430
10.276061,NaN,NaN,NaN,NaN,-0.038681,-1.987705,1.968744,0.011850,-2.016108,-1.993273,-0.028065,0.211094,-0.008617
10.283439,NaN,NaN,NaN,NaN,-0.038468,-1.987750,1.968699,0.011892,-2.016071,-1.993404,-0.027981,0.210777,-0.008987
10.296728,NaN,NaN,NaN,NaN,-0.038254,-1.987850,1.968675,0.011932,-2.015984,-1.993466,-0.027897,0.210285,-0.009167
10.304151,NaN,NaN,NaN,NaN,-0.038045,-1.987917,1.968655,0.011976,-2.015970,-1.993580,-0.027771,0.209896,-0.009342
10.314501,NaN,NaN,NaN,NaN,-0.037628,-1.987989,1.968634,0.012056,-2.015951,-1.993691,-0.027531,0.209557,-0.009510
10.323805,NaN,NaN,NaN,NaN,-0.037420,-1.988142,1.968592,0.012092,-2.015902,-1.993908,-0.027397,0.209023,-0.009823
10.334927,NaN,NaN,NaN,NaN,-0.037210,-1.988243,1.968582,0.012125,-2.015908,-1.994043,-0.027233,0.208611,-0.009964
10.355529,NaN,NaN,NaN,NaN,-0.036581,-1.988455,1.968561,0.012212,-2.015905,-1.994305,-0.026764,0.207932,-0.010250
10.375027,NaN,NaN,NaN,NaN,-0.036136,-1.988834,1.968533,0.012242,-2.015912,-1.994764,-0.026421,0.206802,-0.010666
10.395873,NaN,NaN,NaN,NaN,-0.035480,-1.989115,1.968514,0.012260,-2.015908,-1.995084,-0.025986,0.206158,-0.010914
10.403733,NaN,NaN,NaN,NaN,-0.035270,-1.989260,1.968514,0.012255,-2.015917,-1.995459,-0.025837,0.205696,-0.011112
10.415104,NaN,NaN,NaN,NaN,-0.035059,-1.989561,1.968514,0.012248,-2.015920,-1.995642,-0.025692,0.204926,-0.011211
10.434665,NaN,NaN,NaN,NaN,-0.034432,-1.989878,1.968522,0.012199,-2.015928,-1.996030,-0.025253,0.204170,-0.011391
10.443932,NaN,NaN,NaN,NaN,-0.034223,-1.990044,1.968536,0.012169,-2.015935,-1.996435,-0.025101,0.203770,-0.011532
10.456183,NaN,NaN,NaN,NaN,-0.033806,-1.990212,1.968542,0.012103,-2.015938,-1.996634,-0.024799,0.203419,-0.011604
10.464018,NaN,NaN,NaN,NaN,-0.033585,-1.990555,1.968548,0.012064,-2.015949,-1.996863,-0.024654,0.202652,-0.011646
10.474737,NaN,NaN,NaN,NaN,-0.033365,-1.990730,1.968553,0.012023,-2.015957,-1.997089,-0.024513,0.202244,-0.011688
10.494687,NaN,NaN,NaN,NaN,-0.032925,-1.991259,1.968563,0.011935,-2.015967,-1.997787,-0.024235,0.201050,-0.011765
10.515190,NaN,NaN,NaN,NaN,-0.032265,-1.991605,1.968563,0.011830,-2.015971,-1.998286,-0.023834,0.200233,-0.011745
10.524652,NaN,NaN,NaN,NaN,-0.032045,-1.991785,1.968563,0.011791,-2.015966,-1.998532,-0.023705,0.199898,-0.011738
10.534868,NaN,NaN,NaN,NaN,-0.031830,-1.992103,1.968572,0.011767,-2.015992,-1.999065,-0.023575,0.198963,-0.011681
10.545032,NaN,NaN,NaN,NaN,-0.031401,-1.992268,1.968576,0.011713,-2.015998,-1.999327,-0.023323,0.198566,-0.011654
10.556251,NaN,NaN,NaN,NaN,-0.031187,-1.992438,1.968582,0.011683,-2.015999,-1.999846,-0.023201,0.198215,-0.011631
10.564129,NaN,NaN,NaN,NaN,-0.030984,-1.992612,1.968592,0.011676,-2.015996,-2.000131,-0.023087,0.197910,-0.011600
10.574784,NaN,NaN,NaN,NaN,-0.030781,-1.992955,1.968601,0.011667,-2.016008,-2.000414,-0.022976,0.197079,-0.011570
10.594865,NaN,NaN,NaN,NaN,-0.030374,-1.993314,1.968617,0.011642,-2.016002,-2.000972,-0.022758,0.196438,-0.011520
10.603571,NaN,NaN,NaN,NaN,-0.030180,-1.993479,1.968649,0.011659,-2.016007,-2.001265,-0.022640,0.196018,-0.011486
10.614774,NaN,NaN,NaN,NaN,-0.029796,-1.993822,1.968712,0.011688,-2.016005,-2.001843,-0.022411,0.195328,-0.011425
10.623851,NaN,NaN,NaN,NaN,-0.029604,-1.993999,1.968742,0.011699,-2.015997,-2.002129,-0.022285,0.195049,-0.011406
10.634696,NaN,NaN,NaN,NaN,-0.029226,-1.994167,1.968781,0.011783,-2.016008,-2.002424,-0.022038,0.194656,-0.011387
10.645732,NaN,NaN,NaN,NaN,-0.029037,-1.994340,1.968858,0.011821,-2.016014,-2.003006,-0.021919,0.194305,-0.011353
10.655750,NaN,NaN,NaN,NaN,-0.028849,-1.994698,1.968894,0.011857,-2.016011,-2.003294,-0.021801,0.193748,-0.011341
10.664878,NaN,NaN,NaN,NaN,-0.028500,-1.994855,1.968938,0.011991,-2.016015,-2.003590,-0.021568,0.193382,-0.011330
10.675004,NaN,NaN,NaN,NaN,-0.028326,-1.995016,1.968980,0.012054,-2.016014,-2.003884,-0.021454,0.193062,-0.011318
10.694917,NaN,NaN,NaN,NaN,-0.027978,-1.995353,1.969101,0.012173,-2.015998,-2.004774,-0.021229,0.192554,-0.011295
10.704781,NaN,NaN,NaN,NaN,-0.027813,-1.995618,1.969137,0.012270,-2.015997,-2.005080,-0.021114,0.191906,-0.011295
10.714570,NaN,NaN,NaN,NaN,-0.027483,-1.995757,1.969174,0.012458,-2.015989,-2.005383,-0.020889,0.191647,-0.011299
10.734577,NaN,NaN,NaN,NaN,-0.027160,-1.996138,1.969281,0.012666,-2.016000,-2.006298,-0.020664,0.190762,-0.011295
10.755820,NaN,NaN,NaN,NaN,-0.026691,-1.996396,1.969399,0.013007,-2.016003,-2.006879,-0.020386,0.190281,-0.011299
10.765445,NaN,NaN,NaN,NaN,-0.026550,-1.996509,1.969458,0.013146,-2.016032,-2.007504,-0.020294,0.189934,-0.011341
10.783480,NaN,NaN,NaN,NaN,-0.026409,-1.996874,1.969512,0.013283,-2.016087,-2.008122,-0.020203,0.189148,-0.011391
10.794640,NaN,NaN,NaN,NaN,-0.025991,-1.996983,1.969509,0.013692,-2.016119,-2.008446,-0.019936,0.188778,-0.011410
10.815102,NaN,NaN,NaN,NaN,-0.025723,-1.997338,1.969496,0.013971,-2.016181,-2.009408,-0.019756,0.187946,-0.011524
10.832180,NaN,NaN,NaN,NaN,-0.025591,-1.997466,1.969503,0.014106,-2.016191,-2.009718,-0.019665,0.187756,-0.011570
10.842909,NaN,NaN,NaN,NaN,-0.025363,-1.997573,1.969491,0.014377,-2.016225,-2.010027,-0.019493,0.187408,-0.011608
10.863387,NaN,NaN,NaN,NaN,-0.025136,-1.997924,1.969451,0.014638,-2.016294,-2.010946,-0.019321,0.186672,-0.011734
10.882537,NaN,NaN,NaN,NaN,-0.025040,-1.998130,1.969432,0.014771,-2.016361,-2.011551,-0.019230,0.186012,-0.011745
10.902704,NaN,NaN,NaN,NaN,-0.024680,-1.998436,1.969401,0.015278,-2.016443,-2.012469,-0.018848,0.185173,-0.011749
10.912290,NaN,NaN,NaN,NaN,-0.024528,-1.998521,1.969391,0.015522,-2.016474,-2.012785,-0.018642,0.184849,-0.011734
10.922646,NaN,NaN,NaN,NaN,-0.024452,-1.998611,1.969380,0.015641,-2.016499,-2.013100,-0.018539,0.184570,-0.011726
10.943239,NaN,NaN,NaN,NaN,-0.024386,-1.998797,1.969362,0.015772,-2.016582,-2.014072,-0.018425,0.183636,-0.011604
10.952542,NaN,NaN,NaN,NaN,-0.024188,-1.998851,1.969357,0.016151,-2.016605,-2.014399,-0.018093,0.183350,-0.011562
10.964645,NaN,NaN,NaN,NaN,-0.024122,-1.998910,1.969352,0.016273,-2.016624,-2.014724,-0.017986,0.183109,-0.011524
10.973215,NaN,NaN,NaN,NaN,-0.024074,-1.998920,1.969376,0.016413,-2.016650,-2.015384,-0.017857,0.182720,-0.011414
10.992197,NaN,NaN,NaN,NaN,-0.023977,-1.998987,1.969396,0.016685,-2.016695,-2.016036,-0.017616,0.181816,-0.011322
11.002598,NaN,NaN,NaN,NaN,-0.023887,-1.998966,1.969431,0.016982,-2.016701,-2.016359,-0.017380,0.181427,-0.011265
11.011891,NaN,NaN,NaN,NaN,-0.023845,-1.998942,1.969497,0.017144,-2.016698,-2.016998,-0.017254,0.180790,-0.011154
11.032293,NaN,NaN,NaN,NaN,-0.023716,-1.998887,1.969580,0.017643,-2.016702,-2.017609,-0.016888,0.180164,-0.011047
11.043127,NaN,NaN,NaN,NaN,-0.023672,-1.998841,1.969632,0.017823,-2.016709,-2.017900,-0.016766,0.179836,-0.010998
11.051562,NaN,NaN,NaN,NaN,-0.023627,-1.998802,1.969731,0.017999,-2.016711,-2.018481,-0.016640,0.179550,-0.010941
11.064241,NaN,NaN,NaN,NaN,-0.023536,-1.998695,1.969791,0.018367,-2.016718,-2.018748,-0.016380,0.178947,-0.010910
11.082592,NaN,NaN,NaN,NaN,-0.023442,-1.998567,1.969906,0.018745,-2.016724,-2.019280,-0.016109,0.178349,-0.010857
11.102615,NaN,NaN,NaN,NaN,-0.023354,-1.998386,1.970078,0.019127,-2.016718,-2.020050,-0.015831,0.177525,-0.010788
11.112260,NaN,NaN,NaN,NaN,-0.023312,-1.998313,1.970138,0.019320,-2.016722,-2.020291,-0.015690,0.177212,-0.010754
11.133261,NaN,NaN,NaN,NaN,-0.023206,-1.998111,1.970310,0.019894,-2.016726,-2.020969,-0.015282,0.176346,-0.010662
11.142984,NaN,NaN,NaN,NaN,-0.023184,-1.998043,1.970366,0.020087,-2.016731,-2.021168,-0.015148,0.176022,-0.010632
11.151390,NaN,NaN,NaN,NaN,-0.023162,-1.997982,1.970421,0.020276,-2.016731,-2.021367,-0.015015,0.175743,-0.010609
11.163134,NaN,NaN,NaN,NaN,-0.023141,-1.997926,1.970475,0.020653,-2.016726,-2.021566,-0.014744,0.175507,-0.010586
11.182541,NaN,NaN,NaN,NaN,-0.023141,-1.997743,1.970649,0.021026,-2.016780,-2.022086,-0.014484,0.174503,-0.010468
11.191581,NaN,NaN,NaN,NaN,-0.023138,-1.997694,1.970705,0.021208,-2.016789,-2.022260,-0.014359,0.174255,-0.010437
11.202681,NaN,NaN,NaN,NaN,-0.023151,-1.997644,1.970758,0.021584,-2.016824,-2.022417,-0.014088,0.173870,-0.010403
11.212095,NaN,NaN,NaN,NaN,-0.023154,-1.997561,1.970862,0.021768,-2.016879,-2.022732,-0.013954,0.173244,-0.010345
11.223638,NaN,NaN,NaN,NaN,-0.023155,-1.997529,1.970912,0.021948,-2.016899,-2.022890,-0.013821,0.172997,-0.010326
11.232291,NaN,NaN,NaN,NaN,-0.023154,-1.997492,1.970967,0.022126,-2.016934,-2.023048,-0.013706,0.172619,-0.010300
11.251642,NaN,NaN,NaN,NaN,-0.023178,-1.997435,1.971074,0.022671,-2.016987,-2.023365,-0.013359,0.171993,-0.010254
11.262836,NaN,NaN,NaN,NaN,-0.023182,-1.997390,1.971157,0.022848,-2.017049,-2.023681,-0.013245,0.171364,-0.010216
11.271851,NaN,NaN,NaN,NaN,-0.023231,-1.997371,1.971186,0.023197,-2.017086,-2.023839,-0.013039,0.171040,-0.010201
11.282626,NaN,NaN,NaN,NaN,-0.023252,-1.997358,1.971215,0.023368,-2.017120,-2.023996,-0.012936,0.170753,-0.010185
11.303046,NaN,NaN,NaN,NaN,-0.023329,-1.997300,1.971281,0.023705,-2.017276,-2.024413,-0.012741,0.169830,-0.010147
11.313285,NaN,NaN,NaN,NaN,-0.023438,-1.997282,1.971300,0.024036,-2.017334,-2.024543,-0.012558,0.169552,-0.010136
11.333083,NaN,NaN,NaN,NaN,-0.023579,-1.997215,1.971336,0.024352,-2.017485,-2.024882,-0.012386,0.168961,-0.010086
11.343338,NaN,NaN,NaN,NaN,-0.023667,-1.997126,1.971345,0.024503,-2.017668,-2.024988,-0.012299,0.168377,-0.010071
11.351850,NaN,NaN,NaN,NaN,-0.023752,-1.997089,1.971355,0.024652,-2.017752,-2.025095,-0.012211,0.168144,-0.010044
11.364738,NaN,NaN,NaN,NaN,-0.023958,-1.997059,1.971372,0.024935,-2.017831,-2.025290,-0.012032,0.167950,-0.009991
11.382506,NaN,NaN,NaN,NaN,-0.024194,-1.996859,1.971388,0.025201,-2.018154,-2.025469,-0.011841,0.167141,-0.009941
11.403136,NaN,NaN,NaN,NaN,-0.024308,-1.996718,1.971410,0.025331,-2.018376,-2.025617,-0.011749,0.166653,-0.009899
11.411555,NaN,NaN,NaN,NaN,-0.024734,-1.996637,1.971440,0.025720,-2.018496,-2.025734,-0.011414,0.166393,-0.009869
11.432806,NaN,NaN,NaN,NaN,-0.025206,-1.996374,1.971485,0.026089,-2.018864,-2.025837,-0.010986,0.165714,-0.009842
11.442898,NaN,NaN,NaN,NaN,-0.025369,-1.996260,1.971517,0.026208,-2.019002,-2.025880,-0.010834,0.165478,-0.009827
11.462955,NaN,NaN,NaN,NaN,-0.025718,-1.995898,1.971638,0.026432,-2.019422,-2.025993,-0.010502,0.164864,-0.009785
11.472376,NaN,NaN,NaN,NaN,-0.026087,-1.995750,1.971696,0.026640,-2.019578,-2.026017,-0.010166,0.164650,-0.009766
11.492165,NaN,NaN,NaN,NaN,-0.026442,-1.995609,1.971810,0.026840,-2.019729,-2.026068,-0.009838,0.164478,-0.009743
11.502793,NaN,NaN,NaN,NaN,-0.026654,-1.995131,1.971967,0.026933,-2.020224,-2.026078,-0.009655,0.163918,-0.009689
11.511541,NaN,NaN,NaN,NaN,-0.027070,-1.994969,1.972043,0.027115,-2.020391,-2.026086,-0.009300,0.163769,-0.009666
11.524791,NaN,NaN,NaN,NaN,-0.027272,-1.994815,1.972212,0.027203,-2.020553,-2.026073,-0.009121,0.163658,-0.009590
11.532111,NaN,NaN,NaN,NaN,-0.027507,-1.994609,1.972304,0.027292,-2.020727,-2.026053,-0.008911,0.163460,-0.009537
11.542600,NaN,NaN,NaN,NaN,-0.027738,-1.994216,1.972395,0.027379,-2.021058,-2.026035,-0.008701,0.163170,-0.009483
11.562972,NaN,NaN,NaN,NaN,-0.028446,-1.993800,1.972576,0.027635,-2.021399,-2.025972,-0.008076,0.162907,-0.009388
11.582543,NaN,NaN,NaN,NaN,-0.028946,-1.993362,1.972845,0.027805,-2.021753,-2.025845,-0.007660,0.162659,-0.009251
11.603417,NaN,NaN,NaN,NaN,-0.029189,-1.992711,1.973005,0.027888,-2.022282,-2.025704,-0.007473,0.162308,-0.009186
11.612227,NaN,NaN,NaN,NaN,-0.030006,-1.992499,1.973163,0.028116,-2.022455,-2.025572,-0.006939,0.162224,-0.009132
11.625050,NaN,NaN,NaN,NaN,-0.030269,-1.992091,1.973241,0.028189,-2.022782,-2.025510,-0.006763,0.162155,-0.009109
11.632674,NaN,NaN,NaN,NaN,-0.030563,-1.991873,1.973307,0.028259,-2.022965,-2.025403,-0.006596,0.162048,-0.009075
11.642736,NaN,NaN,NaN,NaN,-0.031137,-1.991660,1.973374,0.028394,-2.023141,-2.025299,-0.006268,0.161976,-0.009041
11.651529,NaN,NaN,NaN,NaN,-0.031418,-1.991252,1.973507,0.028460,-2.023479,-2.025099,-0.006111,0.161930,-0.008957
11.663815,NaN,NaN,NaN,NaN,-0.031723,-1.991035,1.973547,0.028542,-2.023658,-2.024946,-0.005966,0.161839,-0.008915
11.671973,NaN,NaN,NaN,NaN,-0.032023,-1.990824,1.973588,0.028622,-2.023833,-2.024795,-0.005825,0.161781,-0.008873
11.683358,NaN,NaN,NaN,NaN,-0.032610,-1.990617,1.973670,0.028780,-2.024003,-2.024502,-0.005543,0.161755,-0.008804
11.692069,NaN,NaN,NaN,NaN,-0.032933,-1.990415,1.973689,0.028876,-2.024168,-2.024305,-0.005424,0.161770,-0.008762
11.702797,NaN,NaN,NaN,NaN,-0.033250,-1.990254,1.973708,0.028971,-2.024366,-2.024111,-0.005310,0.161720,-0.008720
11.726416,NaN,NaN,NaN,NaN,-0.034208,-1.989641,1.973749,0.029261,-2.024860,-2.023500,-0.004944,0.161743,-0.008610
11.732528,NaN,NaN,NaN,NaN,-0.034539,-1.989471,1.973751,0.029365,-2.025048,-2.023269,-0.004837,0.161671,-0.008575
11.742834,NaN,NaN,NaN,NaN,-0.034865,-1.989147,1.973754,0.029467,-2.025409,-2.023042,-0.004730,0.161633,-0.008537
11.762738,NaN,NaN,NaN,NaN,-0.035852,-1.988845,1.973747,0.029778,-2.025772,-2.022542,-0.004433,0.161545,-0.008472
11.772187,NaN,NaN,NaN,NaN,-0.036195,-1.988701,1.973729,0.029889,-2.025958,-2.022003,-0.004360,0.161480,-0.008411
11.783700,NaN,NaN,NaN,NaN,-0.036534,-1.988425,1.973720,0.029997,-2.026316,-2.021739,-0.004284,0.161453,-0.008385
11.802655,NaN,NaN,NaN,NaN,-0.037558,-1.988190,1.973669,0.030314,-2.026715,-2.021117,-0.004135,0.161278,-0.008305
11.811515,NaN,NaN,NaN,NaN,-0.037896,-1.988077,1.973644,0.030416,-2.026908,-2.020811,-0.004097,0.161236,-0.008266
11.822755,NaN,NaN,NaN,NaN,-0.038230,-1.987867,1.973582,0.030516,-2.027320,-2.020174,-0.004059,0.161129,-0.008179
11.832799,NaN,NaN,NaN,NaN,-0.038901,-1.987767,1.973545,0.030726,-2.027538,-2.019841,-0.004047,0.161060,-0.008156
11.842656,NaN,NaN,NaN,NaN,-0.039229,-1.987671,1.973509,0.030830,-2.027752,-2.019513,-0.004040,0.161026,-0.008133
11.862634,NaN,NaN,NaN,NaN,-0.039868,-1.987404,1.973371,0.031045,-2.028436,-2.018460,-0.004063,0.160873,-0.008057
11.883505,NaN,NaN,NaN,NaN,-0.040792,-1.987244,1.973271,0.031372,-2.028892,-2.017749,-0.004150,0.160797,-0.008003
11.893776,NaN,NaN,NaN,NaN,-0.041089,-1.987169,1.973156,0.031483,-2.029113,-2.016998,-0.004234,0.160809,-0.007915
11.902726,NaN,NaN,NaN,NaN,-0.041382,-1.987027,1.973090,0.031593,-2.029604,-2.016600,-0.004314,0.160656,-0.007866
11.923723,NaN,NaN,NaN,NaN,-0.041671,-1.986898,1.972961,0.031702,-2.030080,-2.015820,-0.004391,0.160637,-0.007771
11.931942,NaN,NaN,NaN,NaN,-0.042227,-1.986829,1.972791,0.031911,-2.030333,-2.014963,-0.004562,0.160538,-0.007675
11.942644,NaN,NaN,NaN,NaN,-0.042757,-1.986701,1.972708,0.032109,-2.030825,-2.014543,-0.004749,0.160442,-0.007629
11.951873,NaN,NaN,NaN,NaN,-0.043017,-1.986643,1.972625,0.032207,-2.031064,-2.014127,-0.004848,0.160442,-0.007595
11.971872,NaN,NaN,NaN,NaN,-0.043495,-1.986528,1.972415,0.032356,-2.031539,-2.013228,-0.005066,0.160267,-0.007519
11.983577,NaN,NaN,NaN,NaN,-0.043959,-1.986476,1.972211,0.032500,-2.031770,-2.012348,-0.005272,0.160229,-0.007450
11.992545,NaN,NaN,NaN,NaN,-0.044374,-1.986382,1.972093,0.032612,-2.032230,-2.011901,-0.005508,0.160114,-0.007412
12.002633,NaN,NaN,NaN,NaN,-0.044577,-1.986339,1.971977,0.032667,-2.032458,-2.011459,-0.005623,0.160038,-0.007378
12.022690,NaN,NaN,NaN,NaN,-0.044776,-1.986230,1.971631,0.032721,-2.033113,-2.010158,-0.005726,0.159870,-0.007317
12.032623,NaN,NaN,NaN,NaN,-0.045157,-1.986200,1.971516,0.032800,-2.033318,-2.009730,-0.005939,0.159786,-0.007301
12.042690,NaN,NaN,NaN,NaN,-0.045519,-1.986172,1.971402,0.032851,-2.033520,-2.009307,-0.006153,0.159737,-0.007290
12.062736,NaN,NaN,NaN,NaN,-0.045860,-1.986117,1.971042,0.032873,-2.034067,-2.008075,-0.006363,0.159492,-0.007256
12.072331,NaN,NaN,NaN,NaN,-0.046180,-1.986107,1.970921,0.032868,-2.034237,-2.007676,-0.006580,0.159431,-0.007248
12.083937,NaN,NaN,NaN,NaN,-0.046336,-1.986099,1.970668,0.032866,-2.034405,-2.006900,-0.006683,0.159405,-0.007240
12.093032,NaN,NaN,NaN,NaN,-0.046467,-1.986097,1.970537,0.032831,-2.034562,-2.006524,-0.006813,0.159279,-0.007236
12.102850,NaN,NaN,NaN,NaN,-0.046607,-1.986100,1.970407,0.032790,-2.034869,-2.006152,-0.006931,0.159122,-0.007233
12.113142,NaN,NaN,NaN,NaN,-0.046891,-1.986106,1.970278,0.032701,-2.035018,-2.005784,-0.007149,0.159065,-0.007236
12.133646,NaN,NaN,NaN,NaN,-0.047091,-1.986132,1.969872,0.032581,-2.035296,-2.004749,-0.007446,0.158798,-0.007278
12.143814,NaN,NaN,NaN,NaN,-0.047188,-1.986170,1.969740,0.032522,-2.035564,-2.004411,-0.007587,0.158661,-0.007298
12.162640,NaN,NaN,NaN,NaN,-0.047428,-1.986222,1.969458,0.032324,-2.035819,-2.003741,-0.008034,0.158539,-0.007324
12.171817,NaN,NaN,NaN,NaN,-0.047499,-1.986254,1.969161,0.032254,-2.035941,-2.003081,-0.008183,0.158474,-0.007336
12.183967,NaN,NaN,NaN,NaN,-0.047568,-1.986325,1.969015,0.032186,-2.036177,-2.002756,-0.008327,0.158432,-0.007343
12.192592,NaN,NaN,NaN,NaN,-0.047628,-1.986364,1.968857,0.032096,-2.036294,-2.002442,-0.008484,0.158352,-0.007324
12.202590,NaN,NaN,NaN,NaN,-0.047741,-1.986405,1.968701,0.031918,-2.036410,-2.002132,-0.008781,0.158298,-0.007313
12.223551,NaN,NaN,NaN,NaN,-0.047795,-1.986539,1.968257,0.031831,-2.036741,-2.001221,-0.008926,0.158215,-0.007275
12.231937,NaN,NaN,NaN,NaN,-0.047885,-1.986585,1.968119,0.031636,-2.036847,-2.000925,-0.009220,0.158173,-0.007267
12.242632,NaN,NaN,NaN,NaN,-0.047967,-1.986634,1.967984,0.031445,-2.036950,-2.000632,-0.009495,0.158161,-0.007259
12.262851,NaN,NaN,NaN,NaN,-0.048026,-1.986755,1.967591,0.031256,-2.037276,-1.999817,-0.009777,0.158073,-0.007252
12.271646,NaN,NaN,NaN,NaN,-0.048053,-1.986794,1.967464,0.031163,-2.037385,-1.999558,-0.009911,0.158062,-0.007248
12.284417,NaN,NaN,NaN,NaN,-0.048102,-1.986836,1.967340,0.030979,-2.037492,-1.999301,-0.010166,0.158085,-0.007248
12.292806,NaN,NaN,NaN,NaN,-0.048121,-1.986856,1.967097,0.030886,-2.037610,-1.998829,-0.010323,0.158024,-0.007244
12.303051,NaN,NaN,NaN,NaN,-0.048138,-1.986907,1.966978,0.030793,-2.037837,-1.998597,-0.010475,0.157990,-0.007244
12.322845,NaN,NaN,NaN,NaN,-0.048190,-1.986947,1.966744,0.030516,-2.038071,-1.998174,-0.010971,0.157955,-0.007229
12.331701,NaN,NaN,NaN,NaN,-0.048211,-1.986960,1.966515,0.030421,-2.038191,-1.997793,-0.011154,0.157925,-0.007236
12.343572,NaN,NaN,NaN,NaN,-0.048230,-1.986977,1.966404,0.030327,-2.038310,-1.997605,-0.011330,0.157921,-0.007240
12.363113,NaN,NaN,NaN,NaN,-0.048321,-1.986982,1.966200,0.030049,-2.038669,-1.997298,-0.011909,0.157887,-0.007286
12.371728,NaN,NaN,NaN,NaN,-0.048356,-1.986981,1.966004,0.029958,-2.038902,-1.996995,-0.012115,0.157940,-0.007317
12.383781,NaN,NaN,NaN,NaN,-0.048390,-1.986967,1.965927,0.029868,-2.039010,-1.996882,-0.012314,0.157913,-0.007336
12.392266,NaN,NaN,NaN,NaN,-0.048426,-1.986958,1.965852,0.029778,-2.039116,-1.996771,-0.012535,0.157921,-0.007355
12.411776,NaN,NaN,NaN,NaN,-0.048524,-1.986948,1.965634,0.029517,-2.039420,-1.996442,-0.013157,0.158127,-0.007416
12.432410,NaN,NaN,NaN,NaN,-0.048550,-1.986916,1.965521,0.029446,-2.039617,-1.996316,-0.013371,0.158218,-0.007462
12.443837,NaN,NaN,NaN,NaN,-0.048599,-1.986904,1.965412,0.029305,-2.039712,-1.996192,-0.013786,0.158302,-0.007530
12.452035,NaN,NaN,NaN,NaN,-0.048652,-1.986896,1.965364,0.029178,-2.039805,-1.996176,-0.014194,0.158417,-0.007542
12.462858,NaN,NaN,NaN,NaN,-0.048681,-1.986833,1.965317,0.029121,-2.039992,-1.996159,-0.014400,0.158577,-0.007557
12.471554,NaN,NaN,NaN,NaN,-0.048709,-1.986807,1.965272,0.029066,-2.040082,-1.996143,-0.014599,0.158707,-0.007572
12.482670,NaN,NaN,NaN,NaN,-0.048763,-1.986784,1.965229,0.028963,-2.040170,-1.996127,-0.014988,0.158863,-0.007587
12.491713,NaN,NaN,NaN,NaN,-0.048788,-1.986697,1.965115,0.028917,-2.040345,-1.996196,-0.015190,0.159096,-0.007572
12.502732,NaN,NaN,NaN,NaN,-0.048812,-1.986659,1.965060,0.028871,-2.040430,-1.996230,-0.015388,0.159248,-0.007568
12.523375,NaN,NaN,NaN,NaN,-0.048875,-1.986562,1.964961,0.028744,-2.040579,-1.996342,-0.015888,0.159542,-0.007553
12.544601,NaN,NaN,NaN,NaN,-0.048963,-1.986449,1.964838,0.028638,-2.040706,-1.996573,-0.016216,0.159836,-0.007523
12.552310,NaN,NaN,NaN,NaN,-0.049006,-1.986318,1.964805,0.028586,-2.040815,-1.996696,-0.016373,0.160145,-0.007519
12.571426,NaN,NaN,NaN,NaN,-0.049220,-1.986171,1.964714,0.028390,-2.040907,-1.997058,-0.016823,0.160473,-0.007515
12.582717,NaN,NaN,NaN,NaN,-0.049290,-1.986011,1.964694,0.028326,-2.040988,-1.997199,-0.016964,0.160805,-0.007507
12.593496,NaN,NaN,NaN,NaN,-0.049400,-1.985922,1.964676,0.028254,-2.041024,-1.997339,-0.017101,0.160965,-0.007504
12.611937,NaN,NaN,NaN,NaN,-0.049721,-1.985838,1.964643,0.028043,-2.041059,-1.997616,-0.017494,0.161148,-0.007492
12.622841,NaN,NaN,NaN,NaN,-0.049881,-1.985576,1.964613,0.027969,-2.041159,-1.997910,-0.017620,0.161648,-0.007439
12.632312,NaN,NaN,NaN,NaN,-0.050196,-1.985490,1.964600,0.027821,-2.041190,-1.998056,-0.017860,0.161831,-0.007416
12.643779,NaN,NaN,NaN,NaN,-0.050351,-1.985409,1.964589,0.027749,-2.041220,-1.998201,-0.017979,0.162037,-0.007397
12.662596,NaN,NaN,NaN,NaN,-0.050741,-1.985119,1.964558,0.027591,-2.041348,-1.998695,-0.018192,0.162483,-0.007252
12.671426,NaN,NaN,NaN,NaN,-0.051122,-1.985031,1.964550,0.027436,-2.041388,-1.998857,-0.018394,0.162682,-0.007206
12.684088,NaN,NaN,NaN,NaN,-0.051335,-1.984946,1.964543,0.027352,-2.041427,-1.999018,-0.018463,0.162907,-0.007160
12.702568,NaN,NaN,NaN,NaN,-0.051756,-1.984663,1.964554,0.027185,-2.041607,-1.999559,-0.018589,0.163425,-0.007000
12.712382,NaN,NaN,NaN,NaN,-0.051963,-1.984576,1.964559,0.027104,-2.041663,-1.999737,-0.018650,0.163651,-0.006954
12.724189,NaN,NaN,NaN,NaN,-0.052421,-1.984476,1.964574,0.026921,-2.041735,-1.999919,-0.018730,0.163807,-0.006905
12.731485,NaN,NaN,NaN,NaN,-0.052647,-1.984288,1.964607,0.026832,-2.041873,-2.000280,-0.018791,0.164200,-0.006832
12.743707,NaN,NaN,NaN,NaN,-0.052870,-1.984200,1.964624,0.026743,-2.041939,-2.000459,-0.018848,0.164433,-0.006802
12.753648,NaN,NaN,NaN,NaN,-0.053325,-1.984097,1.964650,0.026557,-2.042017,-2.000647,-0.018898,0.164616,-0.006771
12.762636,NaN,NaN,NaN,NaN,-0.053548,-1.983998,1.964677,0.026465,-2.042094,-2.000834,-0.018921,0.164822,-0.006748
12.771349,NaN,NaN,NaN,NaN,-0.053770,-1.983903,1.964704,0.026374,-2.042168,-2.001019,-0.018944,0.165035,-0.006721
12.782633,NaN,NaN,NaN,NaN,-0.053997,-1.983698,1.964769,0.026294,-2.042320,-2.001393,-0.018944,0.165436,-0.006691
12.792089,NaN,NaN,NaN,NaN,-0.054443,-1.983589,1.964808,0.026137,-2.042396,-2.001580,-0.018929,0.165627,-0.006680
12.802510,NaN,NaN,NaN,NaN,-0.054662,-1.983483,1.964848,0.026060,-2.042470,-2.001766,-0.018921,0.165840,-0.006672
12.822658,NaN,NaN,NaN,NaN,-0.055097,-1.983133,1.964958,0.025900,-2.042654,-2.002318,-0.018894,0.166409,-0.006657
12.831847,NaN,NaN,NaN,NaN,-0.055310,-1.983014,1.964995,0.025819,-2.042706,-2.002499,-0.018875,0.166595,-0.006657
12.844022,NaN,NaN,NaN,NaN,-0.055731,-1.982900,1.965031,0.025659,-2.042757,-2.002678,-0.018837,0.166805,-0.006660
12.851577,NaN,NaN,NaN,NaN,-0.055936,-1.982764,1.965120,0.025583,-2.042805,-2.003015,-0.018803,0.166946,-0.006622
12.862599,NaN,NaN,NaN,NaN,-0.056139,-1.982505,1.965166,0.025508,-2.042898,-2.003181,-0.018768,0.167297,-0.006603
12.870632,NaN,NaN,NaN,NaN,-0.056340,-1.982382,1.965213,0.025433,-2.042943,-2.003346,-0.018734,0.167507,-0.006588
12.882862,NaN,NaN,NaN,NaN,-0.056722,-1.982233,1.965288,0.025285,-2.042982,-2.003502,-0.018654,0.167633,-0.006516
12.892607,NaN,NaN,NaN,NaN,-0.056903,-1.982089,1.965451,0.025212,-2.043020,-2.003802,-0.018612,0.167782,-0.006367
12.914320,NaN,NaN,NaN,NaN,-0.057261,-1.981657,1.965535,0.025066,-2.043121,-2.004149,-0.018509,0.168251,-0.006153
12.922848,NaN,NaN,NaN,NaN,-0.057573,-1.981506,1.965607,0.024885,-2.043150,-2.004309,-0.018364,0.168373,-0.006035
12.945392,NaN,NaN,NaN,NaN,-0.057879,-1.981079,1.965823,0.024706,-2.043225,-2.004779,-0.018227,0.168892,-0.005695
12.954149,NaN,NaN,NaN,NaN,-0.058094,-1.980904,1.965899,0.024463,-2.043246,-2.004921,-0.018063,0.168968,-0.005547
12.962702,NaN,NaN,NaN,NaN,-0.058200,-1.980734,1.965976,0.024342,-2.043266,-2.005061,-0.017986,0.169067,-0.005398
12.971837,NaN,NaN,NaN,NaN,-0.058305,-1.980407,1.966130,0.024223,-2.043301,-2.005341,-0.017895,0.169346,-0.005123
12.982575,NaN,NaN,NaN,NaN,-0.058366,-1.980220,1.966209,0.024076,-2.043336,-2.005480,-0.017792,0.169403,-0.004959
13.003818,NaN,NaN,NaN,NaN,-0.058551,-1.979859,1.966367,0.023639,-2.043402,-2.005757,-0.017487,0.169594,-0.004646
13.012278,NaN,NaN,NaN,NaN,-0.058564,-1.979685,1.966518,0.023459,-2.043433,-2.006019,-0.017391,0.169712,-0.004299
13.022941,NaN,NaN,NaN,NaN,-0.058577,-1.979284,1.966590,0.023281,-2.043506,-2.006144,-0.017296,0.169815,-0.004108
13.031464,NaN,NaN,NaN,NaN,-0.058590,-1.979089,1.966663,0.023103,-2.043541,-2.006267,-0.017189,0.169907,-0.003925
13.044727,NaN,NaN,NaN,NaN,-0.058570,-1.978900,1.966782,0.022722,-2.043575,-2.006505,-0.016968,0.170025,-0.003521
13.052623,NaN,NaN,NaN,NaN,-0.058536,-1.978696,1.966830,0.022517,-2.043624,-2.006619,-0.016850,0.170055,-0.003304
13.062536,NaN,NaN,NaN,NaN,-0.058503,-1.978302,1.966878,0.022314,-2.043716,-2.006733,-0.016735,0.170193,-0.003090
13.082947,NaN,NaN,NaN,NaN,-0.058369,-1.977919,1.966947,0.021713,-2.043807,-2.006950,-0.016392,0.170311,-0.002636
13.092290,NaN,NaN,NaN,NaN,-0.058302,-1.977546,1.966990,0.021516,-2.043896,-2.007158,-0.016281,0.170418,-0.002151
13.112912,NaN,NaN,NaN,NaN,-0.058077,-1.977190,1.966998,0.020938,-2.043981,-2.007362,-0.015945,0.170525,-0.001637
13.122950,NaN,NaN,NaN,NaN,-0.057985,-1.977018,1.966983,0.020753,-2.044022,-2.007462,-0.015835,0.170567,-0.001358
13.131427,NaN,NaN,NaN,NaN,-0.057894,-1.976688,1.966958,0.020569,-2.044100,-2.007659,-0.015724,0.170696,-0.000820
13.142756,NaN,NaN,NaN,NaN,-0.057804,-1.976545,1.966905,0.020385,-2.044127,-2.007753,-0.015617,0.170692,-0.000496
13.163528,NaN,NaN,NaN,NaN,-0.057453,-1.976271,1.966804,0.019868,-2.044178,-2.007939,-0.015301,0.170765,0.000153
13.171984,NaN,NaN,NaN,NaN,-0.057338,-1.976139,1.966756,0.019697,-2.044203,-2.008031,-0.015198,0.170845,0.000465
13.182605,NaN,NaN,NaN,NaN,-0.057211,-1.975896,1.966603,0.019536,-2.044265,-2.008207,-0.015087,0.170826,0.001183
13.203762,NaN,NaN,NaN,NaN,-0.056834,-1.975668,1.966458,0.019055,-2.044324,-2.008380,-0.014771,0.170940,0.001873
13.212738,NaN,NaN,NaN,NaN,-0.056693,-1.975559,1.966388,0.018909,-2.044353,-2.008466,-0.014671,0.171032,0.002205
13.222643,NaN,NaN,NaN,NaN,-0.056553,-1.975333,1.966189,0.018763,-2.044428,-2.008627,-0.014572,0.171028,0.002956
13.232126,NaN,NaN,NaN,NaN,-0.056277,-1.975226,1.966092,0.018474,-2.044464,-2.008706,-0.014378,0.171066,0.003323
13.243338,NaN,NaN,NaN,NaN,-0.056132,-1.975123,1.965997,0.018341,-2.044499,-2.008785,-0.014297,0.171127,0.003677
13.251501,NaN,NaN,NaN,NaN,-0.055988,-1.974991,1.965742,0.018209,-2.044526,-2.008919,-0.014217,0.171093,0.004463
13.262770,NaN,NaN,NaN,NaN,-0.055845,-1.974740,1.965618,0.018077,-2.044576,-2.008986,-0.014141,0.171104,0.004845
13.271616,NaN,NaN,NaN,NaN,-0.055704,-1.974620,1.965497,0.017945,-2.044600,-2.009053,-0.014057,0.171146,0.005222
13.282921,NaN,NaN,NaN,NaN,-0.055415,-1.974485,1.965341,0.017707,-2.044617,-2.009087,-0.013947,0.171085,0.005634
13.292161,NaN,NaN,NaN,NaN,-0.055273,-1.974353,1.965036,0.017588,-2.044635,-2.009156,-0.013889,0.171051,0.006435
13.304099,NaN,NaN,NaN,NaN,-0.055133,-1.974225,1.964887,0.017470,-2.044652,-2.009191,-0.013836,0.171043,0.006824
13.313562,NaN,NaN,NaN,NaN,-0.054829,-1.973968,1.964704,0.017275,-2.044687,-2.009172,-0.013748,0.171001,0.007233
13.322972,NaN,NaN,NaN,NaN,-0.054680,-1.973838,1.964525,0.017178,-2.044705,-2.009154,-0.013706,0.170967,0.007633
13.332771,NaN,NaN,NaN,NaN,-0.054532,-1.973713,1.964348,0.017082,-2.044722,-2.009136,-0.013638,0.170959,0.008030
13.343538,NaN,NaN,NaN,NaN,-0.054385,-1.973590,1.963969,0.016986,-2.044739,-2.009056,-0.013569,0.170979,0.008835
13.362914,NaN,NaN,NaN,NaN,-0.053902,-1.973196,1.963567,0.016739,-2.044797,-2.008931,-0.013428,0.170769,0.009640
13.374014,NaN,NaN,NaN,NaN,-0.053744,-1.973071,1.963148,0.016658,-2.044815,-2.008781,-0.013382,0.170750,0.010441
13.392317,NaN,NaN,NaN,NaN,-0.053567,-1.972632,1.962712,0.016606,-2.044857,-2.008610,-0.013355,0.170429,0.011234
13.404158,NaN,NaN,NaN,NaN,-0.053050,-1.972493,1.962499,0.016451,-2.044870,-2.008526,-0.013210,0.170380,0.011620
13.423141,NaN,NaN,NaN,NaN,-0.052661,-1.972048,1.961834,0.016372,-2.044799,-2.008205,-0.013149,0.169956,0.012814
13.444716,NaN,NaN,NaN,NaN,-0.052471,-1.971745,1.961395,0.016332,-2.044710,-2.007995,-0.013115,0.169708,0.013596
13.453041,NaN,NaN,NaN,NaN,-0.051883,-1.971586,1.961175,0.016251,-2.044645,-2.007890,-0.013054,0.169556,0.013992
13.462512,NaN,NaN,NaN,NaN,-0.051687,-1.971278,1.960741,0.016230,-2.044518,-2.007683,-0.013042,0.169334,0.014767
13.483343,NaN,NaN,NaN,NaN,-0.051083,-1.970961,1.960336,0.016182,-2.044361,-2.007474,-0.013065,0.169094,0.015549
13.491910,NaN,NaN,NaN,NaN,-0.050881,-1.970637,1.959957,0.016169,-2.044177,-2.007263,-0.013084,0.168823,0.016338
13.512175,NaN,NaN,NaN,NaN,-0.050281,-1.970320,1.959592,0.016125,-2.043968,-2.007056,-0.013176,0.168537,0.017132
13.522642,NaN,NaN,NaN,NaN,-0.050085,-1.970164,1.959415,0.016110,-2.043853,-2.006954,-0.013210,0.168373,0.017536
13.531291,NaN,NaN,NaN,NaN,-0.049891,-1.970011,1.959067,0.016095,-2.043738,-2.006755,-0.013245,0.168240,0.018326
13.543418,NaN,NaN,NaN,NaN,-0.049677,-1.969862,1.958890,0.016062,-2.043625,-2.006665,-0.013325,0.168133,0.018753
13.551873,NaN,NaN,NaN,NaN,-0.049467,-1.969559,1.958714,0.016029,-2.043365,-2.006576,-0.013401,0.167763,0.019176
13.562707,NaN,NaN,NaN,NaN,-0.049054,-1.969412,1.958540,0.015963,-2.043237,-2.006489,-0.013546,0.167622,0.019588
13.572237,NaN,NaN,NaN,NaN,-0.048819,-1.969267,1.958368,0.015925,-2.043110,-2.006402,-0.013657,0.167511,0.019989
13.583156,NaN,NaN,NaN,NaN,-0.048587,-1.968978,1.958026,0.015887,-2.042807,-2.006259,-0.013763,0.167145,0.020836
13.604296,NaN,NaN,NaN,NaN,-0.047908,-1.968700,1.957513,0.015776,-2.042510,-2.006055,-0.014065,0.166897,0.022068
13.612965,NaN,NaN,NaN,NaN,-0.047666,-1.968468,1.957336,0.015724,-2.042146,-2.005992,-0.014194,0.166565,0.022476
13.622785,NaN,NaN,NaN,NaN,-0.047426,-1.968356,1.957161,0.015674,-2.041968,-2.005930,-0.014324,0.166443,0.022881
13.642633,NaN,NaN,NaN,NaN,-0.046957,-1.968152,1.956817,0.015573,-2.041594,-2.005821,-0.014614,0.166180,0.023693
13.651878,NaN,NaN,NaN,NaN,-0.046478,-1.968061,1.956481,0.015479,-2.041398,-2.005727,-0.014957,0.166042,0.024483
13.663719,NaN,NaN,NaN,NaN,-0.046011,-1.967971,1.956316,0.015384,-2.041205,-2.005682,-0.015282,0.165932,0.024868
13.682565,NaN,NaN,NaN,NaN,-0.045540,-1.967729,1.955982,0.015317,-2.040603,-2.005619,-0.015663,0.165588,0.025627
13.692242,NaN,NaN,NaN,NaN,-0.045309,-1.967655,1.955818,0.015283,-2.040400,-2.005588,-0.015842,0.165501,0.026001
13.704555,NaN,NaN,NaN,NaN,-0.045082,-1.967583,1.955496,0.015250,-2.040200,-2.005557,-0.016022,0.165436,0.026726
13.713298,NaN,NaN,NaN,NaN,-0.044849,-1.967437,1.955337,0.015231,-2.039796,-2.005556,-0.016228,0.165188,0.027077
13.723771,NaN,NaN,NaN,NaN,-0.044392,-1.967366,1.955180,0.015195,-2.039598,-2.005555,-0.016624,0.165104,0.027420
13.732098,NaN,NaN,NaN,NaN,-0.044168,-1.967297,1.954871,0.015176,-2.039402,-2.005555,-0.016815,0.165054,0.028091
13.742807,NaN,NaN,NaN,NaN,-0.043947,-1.967169,1.954709,0.015150,-2.039007,-2.005569,-0.017044,0.164917,0.028416
13.764671,NaN,NaN,NaN,NaN,-0.043301,-1.967051,1.954236,0.015070,-2.038610,-2.005614,-0.017685,0.164772,0.029339
13.783313,NaN,NaN,NaN,NaN,-0.042885,-1.966880,1.953877,0.015030,-2.038011,-2.005686,-0.018158,0.164528,0.029911
13.791986,NaN,NaN,NaN,NaN,-0.042682,-1.966825,1.953700,0.015010,-2.037813,-2.005721,-0.018383,0.164463,0.030193
13.802766,NaN,NaN,NaN,NaN,-0.042281,-1.966771,1.953526,0.014973,-2.037616,-2.005757,-0.018856,0.164421,0.030468
13.812588,NaN,NaN,NaN,NaN,-0.042084,-1.966657,1.953116,0.014956,-2.037150,-2.005858,-0.019100,0.164181,0.030926
13.822604,NaN,NaN,NaN,NaN,-0.041889,-1.966602,1.952914,0.014939,-2.036921,-2.005909,-0.019344,0.164101,0.031151
13.831805,NaN,NaN,NaN,NaN,-0.041697,-1.966548,1.952715,0.014921,-2.036695,-2.005958,-0.019577,0.164043,0.031372
13.842724,NaN,NaN,NaN,NaN,-0.041289,-1.966496,1.952495,0.014867,-2.036434,-2.006021,-0.020107,0.163914,0.031555
13.851644,NaN,NaN,NaN,NaN,-0.041090,-1.966445,1.952061,0.014839,-2.036177,-2.006147,-0.020363,0.163795,0.031918
13.863584,NaN,NaN,NaN,NaN,-0.040700,-1.966347,1.951847,0.014783,-2.035671,-2.006209,-0.020836,0.163643,0.032093
13.873518,NaN,NaN,NaN,NaN,-0.040496,-1.966294,1.951625,0.014756,-2.035393,-2.006295,-0.021103,0.163509,0.032257
13.883855,NaN,NaN,NaN,NaN,-0.040294,-1.966243,1.951186,0.014728,-2.035118,-2.006467,-0.021358,0.163399,0.032578
13.892088,NaN,NaN,NaN,NaN,-0.040096,-1.966193,1.950970,0.014701,-2.034847,-2.006552,-0.021614,0.163315,0.032738
13.903210,NaN,NaN,NaN,NaN,-0.039901,-1.966086,1.950742,0.014673,-2.034289,-2.006640,-0.021858,0.163139,0.032879
13.912150,NaN,NaN,NaN,NaN,-0.039478,-1.966030,1.950516,0.014621,-2.034002,-2.006728,-0.022423,0.163036,0.033020
13.922500,NaN,NaN,NaN,NaN,-0.039271,-1.965974,1.950292,0.014595,-2.033719,-2.006815,-0.022694,0.162960,0.033161
13.931808,NaN,NaN,NaN,NaN,-0.039067,-1.965919,1.950069,0.014567,-2.033439,-2.006902,-0.022945,0.162910,0.033306
13.942939,NaN,NaN,NaN,NaN,-0.038853,-1.965804,1.949597,0.014547,-2.032877,-2.007070,-0.023243,0.162731,0.033562
13.964078,NaN,NaN,NaN,NaN,-0.038231,-1.965694,1.949134,0.014481,-2.032327,-2.007234,-0.024094,0.162655,0.033817
13.973127,NaN,NaN,NaN,NaN,-0.038046,-1.965649,1.948660,0.014469,-2.032072,-2.007401,-0.024403,0.162563,0.034046
13.982708,NaN,NaN,NaN,NaN,-0.037863,-1.965560,1.948427,0.014455,-2.031569,-2.007484,-0.024708,0.162468,0.034164
14.002876,NaN,NaN,NaN,NaN,-0.037352,-1.965409,1.947964,0.014423,-2.031046,-2.007649,-0.025612,0.162464,0.034416
14.012451,NaN,NaN,NaN,NaN,-0.037199,-1.965292,1.947488,0.014418,-2.030577,-2.007847,-0.025921,0.162373,0.034599
14.022583,NaN,NaN,NaN,NaN,-0.037048,-1.965235,1.947253,0.014412,-2.030345,-2.007946,-0.026222,0.162365,0.034691
14.031514,NaN,NaN,NaN,NaN,-0.036900,-1.965178,1.947019,0.014406,-2.030115,-2.008043,-0.026516,0.162388,0.034782
14.042787,NaN,NaN,NaN,NaN,-0.036620,-1.965113,1.946788,0.014442,-2.029916,-2.008152,-0.027172,0.162342,0.034828
14.063508,NaN,NaN,NaN,NaN,-0.036349,-1.964924,1.946106,0.014475,-2.029331,-2.008472,-0.027790,0.162346,0.035015
14.082560,NaN,NaN,NaN,NaN,-0.035975,-1.964790,1.945654,0.014546,-2.029036,-2.008700,-0.028858,0.162289,0.035053
14.091848,NaN,NaN,NaN,NaN,-0.035855,-1.964723,1.945430,0.014567,-2.028891,-2.008814,-0.029198,0.162277,0.035072
14.102820,NaN,NaN,NaN,NaN,-0.035736,-1.964605,1.944983,0.014616,-2.028654,-2.009032,-0.029594,0.162239,0.035072
14.113066,NaN,NaN,NaN,NaN,-0.035507,-1.964552,1.944758,0.014711,-2.028562,-2.009137,-0.030342,0.162216,0.035057
14.122743,NaN,NaN,NaN,NaN,-0.035396,-1.964501,1.944535,0.014757,-2.028471,-2.009242,-0.030701,0.162216,0.035042
14.133760,NaN,NaN,NaN,NaN,-0.035287,-1.964405,1.944313,0.014801,-2.028341,-2.009346,-0.031055,0.162205,0.035030
14.142812,NaN,NaN,NaN,NaN,-0.035169,-1.964362,1.943889,0.014868,-2.028300,-2.009549,-0.031452,0.162197,0.034912
14.164855,NaN,NaN,NaN,NaN,-0.034828,-1.964276,1.943471,0.015057,-2.028218,-2.009750,-0.032600,0.162251,0.034805
14.182788,NaN,NaN,NaN,NaN,-0.034612,-1.964134,1.942900,0.015202,-2.028200,-2.010024,-0.033428,0.162247,0.034470
14.191895,NaN,NaN,NaN,NaN,-0.034508,-1.964087,1.942713,0.015271,-2.028193,-2.010115,-0.033833,0.162296,0.034363
14.204021,NaN,NaN,NaN,NaN,-0.034296,-1.964036,1.942551,0.015432,-2.028236,-2.010196,-0.034660,0.162277,0.034203
14.212287,NaN,NaN,NaN,NaN,-0.034188,-1.963933,1.942229,0.015524,-2.028321,-2.010356,-0.035088,0.162312,0.033897
14.232119,NaN,NaN,NaN,NaN,-0.033979,-1.963828,1.941922,0.015702,-2.028440,-2.010509,-0.035912,0.162342,0.033543
14.243550,NaN,NaN,NaN,NaN,-0.033847,-1.963775,1.941776,0.015934,-2.028516,-2.010582,-0.036758,0.162342,0.033340
14.251458,NaN,NaN,NaN,NaN,-0.033759,-1.963722,1.941484,0.016062,-2.028591,-2.010727,-0.037186,0.162365,0.032948
14.264315,NaN,NaN,NaN,NaN,-0.033674,-1.963618,1.941339,0.016187,-2.028737,-2.010800,-0.037605,0.162483,0.032757
14.274225,NaN,NaN,NaN,NaN,-0.033516,-1.963546,1.941211,0.016495,-2.028846,-2.010862,-0.038475,0.162491,0.032524
14.292381,NaN,NaN,NaN,NaN,-0.033366,-1.963404,1.940831,0.016793,-2.029059,-2.011050,-0.039299,0.162575,0.031876
14.302888,NaN,NaN,NaN,NaN,-0.033292,-1.963334,1.940711,0.016971,-2.029163,-2.011101,-0.039696,0.162647,0.031635
14.311744,NaN,NaN,NaN,NaN,-0.033220,-1.963175,1.940591,0.017145,-2.029429,-2.011152,-0.040085,0.162651,0.031399
14.332575,NaN,NaN,NaN,NaN,-0.033081,-1.963016,1.940352,0.017487,-2.029688,-2.011254,-0.040840,0.162758,0.030941
14.343025,NaN,NaN,NaN,NaN,-0.032958,-1.962860,1.940117,0.017850,-2.029985,-2.011364,-0.041565,0.162743,0.030426
14.365248,NaN,NaN,NaN,NaN,-0.032792,-1.962704,1.939882,0.018396,-2.030273,-2.011474,-0.042610,0.162815,0.029926
14.372220,NaN,NaN,NaN,NaN,-0.032745,-1.962638,1.939767,0.018586,-2.030426,-2.011550,-0.042946,0.162777,0.029667
14.382555,NaN,NaN,NaN,NaN,-0.032699,-1.962506,1.939536,0.018773,-2.030725,-2.011699,-0.043282,0.162769,0.029171
14.392053,NaN,NaN,NaN,NaN,-0.032615,-1.962439,1.939421,0.019138,-2.030871,-2.011774,-0.043926,0.162804,0.028934
14.402824,NaN,NaN,NaN,NaN,-0.032583,-1.962379,1.939317,0.019339,-2.031007,-2.011866,-0.044239,0.162754,0.028690
14.411882,NaN,NaN,NaN,NaN,-0.032551,-1.962257,1.939108,0.019539,-2.031274,-2.012051,-0.044544,0.162724,0.028206
14.423645,NaN,NaN,NaN,NaN,-0.032492,-1.962195,1.939003,0.019932,-2.031405,-2.012142,-0.045143,0.162746,0.027973
14.442749,NaN,NaN,NaN,NaN,-0.032452,-1.962086,1.938837,0.020326,-2.031633,-2.012327,-0.045700,0.162659,0.027493
14.451936,NaN,NaN,NaN,NaN,-0.032434,-1.962031,1.938670,0.020519,-2.031745,-2.012510,-0.045975,0.162655,0.027035
14.463592,NaN,NaN,NaN,NaN,-0.032417,-1.961975,1.938601,0.020709,-2.031856,-2.012604,-0.046242,0.162674,0.026798
14.471796,NaN,NaN,NaN,NaN,-0.032404,-1.961856,1.938532,0.021093,-2.032040,-2.012698,-0.046753,0.162560,0.026577
14.482636,NaN,NaN,NaN,NaN,-0.032398,-1.961795,1.938463,0.021281,-2.032130,-2.012792,-0.047005,0.162540,0.026363
14.502931,NaN,NaN,NaN,NaN,-0.032402,-1.961603,1.938272,0.021659,-2.032389,-2.013092,-0.047482,0.162388,0.025726
14.513069,NaN,NaN,NaN,NaN,-0.032411,-1.961537,1.938211,0.021849,-2.032472,-2.013194,-0.047710,0.162369,0.025520
14.525250,NaN,NaN,NaN,NaN,-0.032430,-1.961470,1.938087,0.022220,-2.032555,-2.013398,-0.048157,0.162373,0.025127
14.533571,NaN,NaN,NaN,NaN,-0.032451,-1.961403,1.938037,0.022393,-2.032635,-2.013498,-0.048389,0.162399,0.024933
14.542901,NaN,NaN,NaN,NaN,-0.032472,-1.961269,1.937986,0.022564,-2.032794,-2.013598,-0.048615,0.162289,0.024746
14.552099,NaN,NaN,NaN,NaN,-0.032494,-1.961201,1.937934,0.022732,-2.032872,-2.013698,-0.048840,0.162270,0.024559
14.562836,NaN,NaN,NaN,NaN,-0.032541,-1.961131,1.937881,0.023058,-2.032948,-2.013798,-0.049286,0.162273,0.024380
14.572191,NaN,NaN,NaN,NaN,-0.032567,-1.961065,1.937789,0.023215,-2.033022,-2.013958,-0.049511,0.162151,0.024044
14.582500,NaN,NaN,NaN,NaN,-0.032593,-1.960931,1.937742,0.023370,-2.033166,-2.014038,-0.049728,0.161980,0.023884
14.603141,NaN,NaN,NaN,NaN,-0.032619,-1.960808,1.937658,0.023522,-2.033287,-2.014191,-0.049934,0.161766,0.023586
14.612366,NaN,NaN,NaN,NaN,-0.032712,-1.960751,1.937622,0.023784,-2.033338,-2.014263,-0.050354,0.161625,0.023445
14.624110,NaN,NaN,NaN,NaN,-0.032806,-1.960633,1.937546,0.024036,-2.033437,-2.014409,-0.050758,0.161423,0.023182
14.642750,NaN,NaN,NaN,NaN,-0.032934,-1.960535,1.937499,0.024363,-2.033506,-2.014525,-0.051285,0.161045,0.022923
14.662989,NaN,NaN,NaN,NaN,-0.033053,-1.960432,1.937439,0.024550,-2.033571,-2.014691,-0.051651,0.160767,0.022530
14.682508,NaN,NaN,NaN,NaN,-0.033271,-1.960271,1.937420,0.024786,-2.033640,-2.014790,-0.052162,0.160152,0.022278
14.692760,NaN,NaN,NaN,NaN,-0.033343,-1.960214,1.937408,0.024860,-2.033662,-2.014841,-0.052330,0.159985,0.022160
14.702970,NaN,NaN,NaN,NaN,-0.033449,-1.960085,1.937445,0.024919,-2.033685,-2.014906,-0.052467,0.159458,0.021904
14.711628,NaN,NaN,NaN,NaN,-0.033555,-1.960019,1.937460,0.024976,-2.033696,-2.014940,-0.052620,0.159233,0.021778
14.723892,NaN,NaN,NaN,NaN,-0.033765,-1.959952,1.937473,0.025085,-2.033706,-2.014976,-0.052921,0.159035,0.021660
14.732725,NaN,NaN,NaN,NaN,-0.033890,-1.959819,1.937523,0.025128,-2.033713,-2.015014,-0.053040,0.158470,0.021408
14.742895,NaN,NaN,NaN,NaN,-0.034014,-1.959750,1.937544,0.025170,-2.033715,-2.015035,-0.053154,0.158230,0.021290
14.762756,NaN,NaN,NaN,NaN,-0.034401,-1.959614,1.937598,0.025270,-2.033723,-2.015063,-0.053471,0.157627,0.021053
14.782503,NaN,NaN,NaN,NaN,-0.034683,-1.959478,1.937688,0.025311,-2.033734,-2.015088,-0.053631,0.156998,0.020687
14.816254,NaN,NaN,NaN,NaN,-0.035151,-1.959266,1.937753,0.025324,-2.033758,-2.015089,-0.053795,0.156105,0.020454
14.825260,NaN,NaN,NaN,NaN,-0.035316,-1.959194,1.937790,0.025318,-2.033770,-2.015081,-0.053837,0.155758,0.020344
14.837127,NaN,NaN,NaN,NaN,-0.035479,-1.959045,1.937857,0.025311,-2.033792,-2.015071,-0.053879,0.155148,0.020126
14.845679,NaN,NaN,NaN,NaN,-0.035658,-1.958974,1.937914,0.025277,-2.033809,-2.015049,-0.053894,0.154732,0.020020
14.856457,NaN,NaN,NaN,NaN,-0.036010,-1.958901,1.937968,0.025205,-2.033825,-2.015029,-0.053932,0.154346,0.019917
14.876223,NaN,NaN,NaN,NaN,-0.036361,-1.958682,1.938127,0.025110,-2.033882,-2.014950,-0.053947,0.153210,0.019619
14.896287,NaN,NaN,NaN,NaN,-0.036537,-1.958537,1.938237,0.025053,-2.033936,-2.014868,-0.053944,0.152405,0.019428
14.905928,NaN,NaN,NaN,NaN,-0.037063,-1.958462,1.938289,0.024870,-2.033961,-2.014830,-0.053905,0.152046,0.019337
14.916232,NaN,NaN,NaN,NaN,-0.037241,-1.958347,1.938396,0.024804,-2.034005,-2.014708,-0.053879,0.151169,0.019138
14.938550,NaN,NaN,NaN,NaN,-0.037766,-1.958223,1.938493,0.024602,-2.034045,-2.014596,-0.053802,0.150414,0.018959
14.946544,NaN,NaN,NaN,NaN,-0.037933,-1.958167,1.938589,0.024529,-2.034061,-2.014456,-0.053749,0.149990,0.018749
14.965223,NaN,NaN,NaN,NaN,-0.038264,-1.958047,1.938675,0.024380,-2.034090,-2.014327,-0.053661,0.149231,0.018551
14.976451,NaN,NaN,NaN,NaN,-0.038585,-1.957929,1.938719,0.024210,-2.034125,-2.014239,-0.053577,0.148472,0.018448
14.985183,NaN,NaN,NaN,NaN,-0.038741,-1.957872,1.938802,0.024114,-2.034146,-2.014074,-0.053532,0.148079,0.018250
14.996878,NaN,NaN,NaN,NaN,-0.039050,-1.957750,1.938841,0.023922,-2.034183,-2.013996,-0.053440,0.147381,0.018154
15.005971,NaN,NaN,NaN,NaN,-0.039171,-1.957707,1.938883,0.023818,-2.034201,-2.013891,-0.053375,0.146965,0.018055
15.016618,NaN,NaN,NaN,NaN,-0.039292,-1.957663,1.938923,0.023713,-2.034219,-2.013790,-0.053318,0.146576,0.017960
15.037513,NaN,NaN,NaN,NaN,-0.039532,-1.957567,1.939038,0.023503,-2.034251,-2.013461,-0.053188,0.145885,0.017719
15.045839,NaN,NaN,NaN,NaN,-0.039721,-1.957492,1.939076,0.023297,-2.034251,-2.013330,-0.053047,0.145119,0.017635
15.065379,NaN,NaN,NaN,NaN,-0.039911,-1.957452,1.939226,0.023090,-2.034250,-2.012934,-0.052917,0.144779,0.017433
15.076216,NaN,NaN,NaN,NaN,-0.039997,-1.957332,1.939261,0.023010,-2.034238,-2.012782,-0.052841,0.143799,0.017353
15.097052,NaN,NaN,NaN,NaN,-0.040256,-1.957262,1.939305,0.022763,-2.034225,-2.012373,-0.052586,0.143147,0.017143
15.106352,NaN,NaN,NaN,NaN,-0.040325,-1.957224,1.939324,0.022687,-2.034217,-2.012205,-0.052486,0.142864,0.017067
15.116105,NaN,NaN,NaN,NaN,-0.040394,-1.957176,1.939342,0.022610,-2.034202,-2.012041,-0.052387,0.142208,0.016994
15.125284,NaN,NaN,NaN,NaN,-0.040463,-1.957149,1.939359,0.022532,-2.034194,-2.011881,-0.052288,0.141926,0.016922
15.136152,NaN,NaN,NaN,NaN,-0.040596,-1.957120,1.939373,0.022379,-2.034185,-2.011725,-0.052090,0.141674,0.016857
15.145996,NaN,NaN,NaN,NaN,-0.040660,-1.957107,1.939407,0.022302,-2.034167,-2.011356,-0.051975,0.141365,0.016727
15.156080,NaN,NaN,NaN,NaN,-0.040723,-1.957073,1.939422,0.022225,-2.034129,-2.011179,-0.051865,0.140827,0.016666
15.176661,NaN,NaN,NaN,NaN,-0.040907,-1.957039,1.939458,0.022038,-2.034067,-2.010804,-0.051537,0.140297,0.016548
15.197042,NaN,NaN,NaN,NaN,-0.041029,-1.957006,1.939517,0.021924,-2.033983,-2.010229,-0.051327,0.139771,0.016373
15.216116,NaN,NaN,NaN,NaN,-0.041186,-1.956941,1.939548,0.021796,-2.033825,-2.009823,-0.051029,0.138966,0.016254
15.225010,NaN,NaN,NaN,NaN,-0.041235,-1.956915,1.939561,0.021759,-2.033767,-2.009627,-0.050938,0.138718,0.016197
15.267693,NaN,NaN,NaN,NaN,-0.041285,-1.956823,1.939585,0.021721,-2.033557,-2.009047,-0.050846,0.137955,0.016071
15.277174,NaN,NaN,NaN,NaN,-0.041408,-1.956787,1.939589,0.021675,-2.033480,-2.008858,-0.050552,0.137718,0.016037
15.297406,NaN,NaN,NaN,NaN,-0.041515,-1.956655,1.939588,0.021650,-2.033200,-2.008305,-0.050362,0.137009,0.015965
15.318832,NaN,NaN,NaN,NaN,-0.041712,-1.956551,1.939579,0.021618,-2.032995,-2.007951,-0.050079,0.136608,0.015938
15.327892,NaN,NaN,NaN,NaN,-0.041794,-1.956501,1.939553,0.021602,-2.032856,-2.007604,-0.049988,0.136379,0.015957
15.337231,NaN,NaN,NaN,NaN,-0.041876,-1.956391,1.939538,0.021584,-2.032581,-2.007436,-0.049892,0.135994,0.015968
15.357266,NaN,NaN,NaN,NaN,-0.042146,-1.956272,1.939504,0.021531,-2.032309,-2.007110,-0.049660,0.135700,0.016018
15.365563,NaN,NaN,NaN,NaN,-0.042250,-1.956214,1.939483,0.021516,-2.032134,-2.006948,-0.049580,0.135517,0.016041
15.377099,NaN,NaN,NaN,NaN,-0.042353,-1.956090,1.939437,0.021499,-2.031787,-2.006634,-0.049500,0.135223,0.016087
15.397563,NaN,NaN,NaN,NaN,-0.042709,-1.955968,1.939407,0.021474,-2.031432,-2.006331,-0.049232,0.134945,0.016132
15.406065,NaN,NaN,NaN,NaN,-0.042834,-1.955908,1.939391,0.021468,-2.031250,-2.006039,-0.049118,0.134800,0.016174
15.418299,NaN,NaN,NaN,NaN,-0.042959,-1.955782,1.939380,0.021460,-2.030888,-2.005897,-0.049011,0.134579,0.016197
15.437316,NaN,NaN,NaN,NaN,-0.043380,-1.955671,1.939401,0.021405,-2.030490,-2.005611,-0.048653,0.134296,0.016205
15.446056,NaN,NaN,NaN,NaN,-0.043518,-1.955611,1.939416,0.021383,-2.030292,-2.005336,-0.048542,0.134178,0.016220
15.459734,NaN,NaN,NaN,NaN,-0.043793,-1.955508,1.939450,0.021357,-2.029884,-2.005200,-0.048317,0.133934,0.016232
15.466483,NaN,NaN,NaN,NaN,-0.043930,-1.955464,1.939482,0.021341,-2.029674,-2.005067,-0.048203,0.133808,0.016247
15.477066,NaN,NaN,NaN,NaN,-0.044065,-1.955416,1.939513,0.021323,-2.029465,-2.004936,-0.048092,0.133705,0.016266
15.497824,NaN,NaN,NaN,NaN,-0.044335,-1.955307,1.939650,0.021304,-2.028833,-2.004563,-0.047871,0.133385,0.016315
15.518593,NaN,NaN,NaN,NaN,-0.044737,-1.955236,1.939751,0.021296,-2.028415,-2.004328,-0.047543,0.133224,0.016346
15.537154,NaN,NaN,NaN,NaN,-0.044992,-1.955142,1.940006,0.021330,-2.027807,-2.003999,-0.047302,0.132957,0.016350
15.557560,NaN,NaN,NaN,NaN,-0.045354,-1.955088,1.940201,0.021389,-2.027425,-2.003780,-0.046967,0.132820,0.016354
15.566982,NaN,NaN,NaN,NaN,-0.045463,-1.955068,1.940422,0.021418,-2.027242,-2.003558,-0.046860,0.132744,0.016357
15.586425,NaN,NaN,NaN,NaN,-0.045680,-1.955021,1.940669,0.021472,-2.026881,-2.003340,-0.046658,0.132652,0.016357
15.597354,NaN,NaN,NaN,NaN,-0.045897,-1.955011,1.940805,0.021561,-2.026553,-2.003230,-0.046471,0.132519,0.016357
15.606031,NaN,NaN,NaN,NaN,-0.046005,-1.955001,1.941071,0.021602,-2.026390,-2.003016,-0.046379,0.132477,0.016357
15.627605,NaN,NaN,NaN,NaN,-0.046234,-1.954968,1.941348,0.021711,-2.025924,-2.002825,-0.046207,0.132423,0.016346
15.637070,NaN,NaN,NaN,NaN,-0.046356,-1.954962,1.941493,0.021778,-2.025781,-2.002741,-0.046127,0.132404,0.016331
15.646029,NaN,NaN,NaN,NaN,-0.046597,-1.954939,1.941777,0.021906,-2.025499,-2.002575,-0.045975,0.132423,0.016338
15.657566,NaN,NaN,NaN,NaN,-0.046736,-1.954942,1.941940,0.021995,-2.025364,-2.002515,-0.045914,0.132378,0.016319
15.678241,NaN,NaN,NaN,NaN,-0.047143,-1.954940,1.942410,0.022249,-2.025096,-2.002340,-0.045738,0.132343,0.016281
15.687018,NaN,NaN,NaN,NaN,-0.047291,-1.954933,1.942587,0.022344,-2.024963,-2.002317,-0.045712,0.132370,0.016247
15.697825,NaN,NaN,NaN,NaN,-0.047438,-1.954936,1.942761,0.022438,-2.024731,-2.002295,-0.045681,0.132313,0.016220
15.707939,NaN,NaN,NaN,NaN,-0.047584,-1.954933,1.942931,0.022529,-2.024615,-2.002272,-0.045643,0.132313,0.016216
15.719089,NaN,NaN,NaN,NaN,-0.047875,-1.954927,1.943289,0.022718,-2.024499,-2.002262,-0.045609,0.132332,0.016186
15.728091,NaN,NaN,NaN,NaN,-0.048020,-1.954926,1.943476,0.022816,-2.024406,-2.002273,-0.045609,0.132282,0.016159
15.747361,NaN,NaN,NaN,NaN,-0.048450,-1.954905,1.943839,0.023096,-2.024128,-2.002294,-0.045609,0.132252,0.016109
15.758984,NaN,NaN,NaN,NaN,-0.048565,-1.954901,1.944026,0.023186,-2.024060,-2.002326,-0.045631,0.132175,0.016060
15.767040,NaN,NaN,NaN,NaN,-0.048679,-1.954894,1.944209,0.023275,-2.023991,-2.002359,-0.045650,0.132122,0.016006
15.778289,NaN,NaN,NaN,NaN,-0.048906,-1.954872,1.944565,0.023448,-2.023855,-2.002422,-0.045689,0.132072,0.015907
15.797269,NaN,NaN,NaN,NaN,-0.049073,-1.954845,1.944925,0.023639,-2.023744,-2.002516,-0.045757,0.131912,0.015793
15.817368,NaN,NaN,NaN,NaN,-0.049238,-1.954795,1.945443,0.023825,-2.023580,-2.002664,-0.045826,0.131683,0.015617
15.837119,NaN,NaN,NaN,NaN,-0.049416,-1.954762,1.945773,0.024145,-2.023476,-2.002773,-0.045967,0.131504,0.015499
15.846825,NaN,NaN,NaN,NaN,-0.049475,-1.954727,1.945934,0.024248,-2.023367,-2.002827,-0.046017,0.131306,0.015442
15.857313,NaN,NaN,NaN,NaN,-0.049516,-1.954709,1.946241,0.024367,-2.023311,-2.002935,-0.046085,0.131191,0.015339
15.866735,NaN,NaN,NaN,NaN,-0.049597,-1.954688,1.946390,0.024597,-2.023255,-2.002988,-0.046223,0.131115,0.015289
15.878369,NaN,NaN,NaN,NaN,-0.049638,-1.954664,1.946536,0.024710,-2.023199,-2.003042,-0.046288,0.131054,0.015240
15.887858,NaN,NaN,NaN,NaN,-0.049672,-1.954638,1.946679,0.024825,-2.023142,-2.003095,-0.046379,0.131016,0.015198
15.897470,NaN,NaN,NaN,NaN,-0.049706,-1.954582,1.946982,0.024939,-2.023027,-2.003169,-0.046467,0.130791,0.015106
15.917449,NaN,NaN,NaN,NaN,-0.049794,-1.954518,1.947272,0.025283,-2.022912,-2.003242,-0.046745,0.130646,0.015022
15.927762,NaN,NaN,NaN,NaN,-0.049812,-1.954500,1.947593,0.025402,-2.022851,-2.003289,-0.046848,0.130501,0.014935
15.937038,NaN,NaN,NaN,NaN,-0.049831,-1.954480,1.947749,0.025519,-2.022790,-2.003313,-0.046951,0.130383,0.014889
15.957373,NaN,NaN,NaN,NaN,-0.049868,-1.954416,1.948066,0.025902,-2.022575,-2.003363,-0.047268,0.130020,0.014797
15.978316,NaN,NaN,NaN,NaN,-0.049887,-1.954375,1.948536,0.026163,-2.022390,-2.003438,-0.047489,0.129726,0.014641
15.986287,NaN,NaN,NaN,NaN,-0.049883,-1.954358,1.948700,0.026304,-2.022191,-2.003473,-0.047626,0.129383,0.014580
16.006007,NaN,NaN,NaN,NaN,-0.049876,-1.954364,1.949019,0.026582,-2.021979,-2.003541,-0.047890,0.128994,0.014484
16.017890,NaN,NaN,NaN,NaN,-0.049872,-1.954375,1.949335,0.026853,-2.021767,-2.003634,-0.048157,0.128555,0.014404
16.026725,NaN,NaN,NaN,NaN,-0.049853,-1.954384,1.949493,0.027132,-2.021660,-2.003693,-0.048470,0.128304,0.014355
16.037162,NaN,NaN,NaN,NaN,-0.049845,-1.954391,1.949648,0.027269,-2.021553,-2.003751,-0.048626,0.128075,0.014309
16.046302,NaN,NaN,NaN,NaN,-0.049837,-1.954394,1.949968,0.027405,-2.021446,-2.003865,-0.048775,0.127872,0.014210
16.066303,NaN,NaN,NaN,NaN,-0.049819,-1.954449,1.950293,0.027846,-2.021203,-2.003977,-0.049255,0.126961,0.014122
16.078456,NaN,NaN,NaN,NaN,-0.049814,-1.954462,1.950451,0.027989,-2.021122,-2.004032,-0.049408,0.126701,0.014088
16.086490,NaN,NaN,NaN,NaN,-0.049820,-1.954496,1.950620,0.028130,-2.021058,-2.004086,-0.049564,0.126335,0.014050
16.097244,NaN,NaN,NaN,NaN,-0.049826,-1.954527,1.950948,0.028270,-2.020995,-2.004192,-0.049717,0.125992,0.013977
16.117333,NaN,NaN,NaN,NaN,-0.049839,-1.954623,1.951286,0.028544,-2.020818,-2.004294,-0.050018,0.125004,0.013908
16.128411,NaN,NaN,NaN,NaN,-0.049862,-1.954663,1.951460,0.028823,-2.020770,-2.004343,-0.050320,0.124641,0.013859
16.137286,NaN,NaN,NaN,NaN,-0.049874,-1.954733,1.951798,0.028960,-2.020671,-2.004442,-0.050468,0.123997,0.013760
16.146372,NaN,NaN,NaN,NaN,-0.049886,-1.954763,1.951962,0.029095,-2.020620,-2.004490,-0.050613,0.123707,0.013714
16.157456,NaN,NaN,NaN,NaN,-0.049889,-1.954817,1.952150,0.029408,-2.020602,-2.004537,-0.050900,0.123329,0.013664
16.166620,NaN,NaN,NaN,NaN,-0.049890,-1.954867,1.952335,0.029562,-2.020581,-2.004583,-0.051037,0.123005,0.013615
16.178850,NaN,NaN,NaN,NaN,-0.049892,-1.954958,1.952693,0.029714,-2.020537,-2.004673,-0.051178,0.122421,0.013519
16.186793,NaN,NaN,NaN,NaN,-0.049897,-1.955021,1.952886,0.029888,-2.020559,-2.004713,-0.051308,0.122059,0.013458
16.197063,NaN,NaN,NaN,NaN,-0.049907,-1.955081,1.953074,0.030228,-2.020579,-2.004753,-0.051567,0.121719,0.013393
16.217503,NaN,NaN,NaN,NaN,-0.049907,-1.955266,1.953643,0.030571,-2.020681,-2.004874,-0.051796,0.120728,0.013206
16.226903,NaN,NaN,NaN,NaN,-0.049902,-1.955337,1.953841,0.030744,-2.020746,-2.004916,-0.051899,0.120373,0.013138
16.237052,NaN,NaN,NaN,NaN,-0.049895,-1.955405,1.954035,0.031084,-2.020808,-2.004958,-0.052101,0.120045,0.013069
16.258339,NaN,NaN,NaN,NaN,-0.049886,-1.955660,1.954657,0.031429,-2.021048,-2.005067,-0.052219,0.119015,0.012844
16.278778,NaN,NaN,NaN,NaN,-0.049878,-1.955848,1.955073,0.031931,-2.021224,-2.005133,-0.052395,0.118412,0.012691
16.286917,NaN,NaN,NaN,NaN,-0.049868,-1.955916,1.955481,0.032101,-2.021296,-2.005220,-0.052422,0.118057,0.012516
16.307960,NaN,NaN,NaN,NaN,-0.049842,-1.956119,1.955877,0.032595,-2.021469,-2.005304,-0.052521,0.117374,0.012352
16.327407,NaN,NaN,NaN,NaN,-0.049820,-1.956415,1.956406,0.032940,-2.021710,-2.005462,-0.052536,0.116398,0.012108
16.337926,NaN,NaN,NaN,NaN,-0.049803,-1.956599,1.956577,0.033278,-2.021859,-2.005514,-0.052555,0.115814,0.012032
16.357937,NaN,NaN,NaN,NaN,-0.049792,-1.956803,1.956887,0.033453,-2.021974,-2.005601,-0.052536,0.115231,0.011871
16.366095,NaN,NaN,NaN,NaN,-0.049782,-1.956992,1.957189,0.033627,-2.022082,-2.005687,-0.052517,0.114735,0.011719
16.378989,NaN,NaN,NaN,NaN,-0.049765,-1.957084,1.957307,0.033968,-2.022133,-2.005715,-0.052475,0.114468,0.011639
16.397305,NaN,NaN,NaN,NaN,-0.049756,-1.957253,1.957539,0.034466,-2.022229,-2.005770,-0.052326,0.113995,0.011482
16.417152,NaN,NaN,NaN,NaN,-0.049707,-1.957482,1.957854,0.034818,-2.022366,-2.005842,-0.052223,0.113373,0.011246
16.437989,NaN,NaN,NaN,NaN,-0.049621,-1.957617,1.958112,0.035345,-2.022455,-2.005894,-0.051987,0.112988,0.011024
16.447048,NaN,NaN,NaN,NaN,-0.049584,-1.957679,1.958183,0.035510,-2.022496,-2.005918,-0.051888,0.112823,0.010933
16.457213,NaN,NaN,NaN,NaN,-0.049549,-1.957753,1.958253,0.035674,-2.022572,-2.005942,-0.051788,0.112488,0.010841
16.477300,NaN,NaN,NaN,NaN,-0.049485,-1.957817,1.958392,0.035996,-2.022642,-2.005988,-0.051598,0.112251,0.010670
16.486371,NaN,NaN,NaN,NaN,-0.049437,-1.957816,1.958461,0.036258,-2.022683,-2.006016,-0.051388,0.112141,0.010578
16.497070,NaN,NaN,NaN,NaN,-0.049415,-1.957814,1.958599,0.036387,-2.022723,-2.006071,-0.051296,0.112045,0.010403
16.517193,NaN,NaN,NaN,NaN,-0.049384,-1.957775,1.958726,0.036705,-2.022845,-2.006142,-0.050991,0.111847,0.010204
16.528895,NaN,NaN,NaN,NaN,-0.049381,-1.957748,1.958844,0.036799,-2.022889,-2.006230,-0.050888,0.111797,0.009979
16.538832,NaN,NaN,NaN,NaN,-0.049379,-1.957718,1.958901,0.036986,-2.022933,-2.006274,-0.050682,0.111763,0.009872
16.557331,NaN,NaN,NaN,NaN,-0.049416,-1.957613,1.958999,0.037090,-2.023095,-2.006370,-0.050438,0.111694,0.009586
16.577640,NaN,NaN,NaN,NaN,-0.049457,-1.957494,1.959133,0.037195,-2.023277,-2.006510,-0.050205,0.111713,0.009163
16.597083,NaN,NaN,NaN,NaN,-0.049539,-1.957414,1.959208,0.037236,-2.023409,-2.006603,-0.049873,0.111755,0.008877
16.606266,NaN,NaN,NaN,NaN,-0.049569,-1.957370,1.959244,0.037250,-2.023472,-2.006649,-0.049755,0.111801,0.008739
16.618735,NaN,NaN,NaN,NaN,-0.049613,-1.957289,1.959343,0.037234,-2.023631,-2.006733,-0.049644,0.111877,0.008423
16.627145,NaN,NaN,NaN,NaN,-0.049658,-1.957244,1.959392,0.037218,-2.023707,-2.006774,-0.049538,0.111935,0.008270
16.638338,NaN,NaN,NaN,NaN,-0.049750,-1.957198,1.959505,0.037188,-2.023781,-2.006854,-0.049332,0.112011,0.007946
16.647902,NaN,NaN,NaN,NaN,-0.049813,-1.957173,1.959570,0.037151,-2.023861,-2.006892,-0.049232,0.112057,0.007774
16.665961,NaN,NaN,NaN,NaN,-0.049940,-1.957083,1.959696,0.037078,-2.024087,-2.006968,-0.049057,0.112289,0.007439
16.678498,NaN,NaN,NaN,NaN,-0.050087,-1.957047,1.959759,0.036988,-2.024158,-2.007005,-0.048889,0.112396,0.007271
16.686465,NaN,NaN,NaN,NaN,-0.050170,-1.957014,1.959838,0.036933,-2.024233,-2.007037,-0.048801,0.112480,0.007099
16.697090,NaN,NaN,NaN,NaN,-0.050253,-1.956941,1.959995,0.036879,-2.024376,-2.007098,-0.048714,0.112694,0.006767
16.707541,NaN,NaN,NaN,NaN,-0.050436,-1.956901,1.960071,0.036754,-2.024444,-2.007127,-0.048531,0.112843,0.006603
16.717539,NaN,NaN,NaN,NaN,-0.050535,-1.956866,1.960167,0.036683,-2.024527,-2.007162,-0.048435,0.112991,0.006439
16.726079,NaN,NaN,NaN,NaN,-0.050635,-1.956829,1.960356,0.036612,-2.024609,-2.007227,-0.048344,0.113155,0.006115
16.738416,NaN,NaN,NaN,NaN,-0.050735,-1.956747,1.960449,0.036543,-2.024765,-2.007258,-0.048252,0.113514,0.005955
16.747213,NaN,NaN,NaN,NaN,-0.050962,-1.956714,1.960537,0.036378,-2.024855,-2.007298,-0.048046,0.113689,0.005791
16.757602,NaN,NaN,NaN,NaN,-0.051077,-1.956679,1.960624,0.036297,-2.024942,-2.007337,-0.047947,0.113873,0.005627
16.777367,NaN,NaN,NaN,NaN,-0.051301,-1.956584,1.960882,0.036113,-2.025192,-2.007468,-0.047737,0.114437,0.005142
16.797336,NaN,NaN,NaN,NaN,-0.051634,-1.956540,1.961053,0.035810,-2.025351,-2.007574,-0.047421,0.114826,0.004822
16.806443,NaN,NaN,NaN,NaN,-0.051747,-1.956514,1.961223,0.035712,-2.025428,-2.007687,-0.047321,0.115040,0.004501
16.817239,NaN,NaN,NaN,NaN,-0.051868,-1.956517,1.961308,0.035586,-2.025613,-2.007747,-0.047199,0.115398,0.004341
16.839158,NaN,NaN,NaN,NaN,-0.052234,-1.956509,1.961474,0.035217,-2.025789,-2.007863,-0.046852,0.115810,0.004028
16.847647,NaN,NaN,NaN,NaN,-0.052376,-1.956534,1.961656,0.035081,-2.025880,-2.008000,-0.046722,0.115993,0.003723
16.857285,NaN,NaN,NaN,NaN,-0.052518,-1.956573,1.961746,0.034948,-2.026055,-2.008067,-0.046597,0.116390,0.003574
16.877408,NaN,NaN,NaN,NaN,-0.052987,-1.956621,1.961944,0.034547,-2.026224,-2.008222,-0.046234,0.116795,0.003288
16.897147,NaN,NaN,NaN,NaN,-0.053353,-1.956698,1.962262,0.034274,-2.026461,-2.008484,-0.046009,0.117474,0.002872
16.917826,NaN,NaN,NaN,NaN,-0.053970,-1.956769,1.962497,0.033872,-2.026625,-2.008680,-0.045643,0.117878,0.002552
16.939808,NaN,NaN,NaN,NaN,-0.054401,-1.956856,1.962837,0.033609,-2.026856,-2.008961,-0.045406,0.118568,0.002090
16.948905,NaN,NaN,NaN,NaN,-0.054658,-1.956905,1.962960,0.033481,-2.026942,-2.009061,-0.045284,0.118774,0.001945
16.957315,NaN,NaN,NaN,NaN,-0.055168,-1.956951,1.963081,0.033228,-2.027026,-2.009159,-0.045052,0.118988,0.001797
16.977503,NaN,NaN,NaN,NaN,-0.055421,-1.957093,1.963439,0.033103,-2.027267,-2.009433,-0.044952,0.119629,0.001415
16.986346,NaN,NaN,NaN,NaN,-0.056270,-1.957149,1.963558,0.032737,-2.027344,-2.009513,-0.044624,0.119823,0.001297
16.998132,NaN,NaN,NaN,NaN,-0.056549,-1.957202,1.963791,0.032617,-2.027419,-2.009670,-0.044518,0.120029,0.001064
17.007014,NaN,NaN,NaN,NaN,-0.056848,-1.957252,1.963899,0.032494,-2.027492,-2.009743,-0.044392,0.120247,0.000942
17.017292,NaN,NaN,NaN,NaN,-0.057143,-1.957386,1.964005,0.032372,-2.027632,-2.009815,-0.044270,0.120586,0.000820
17.038985,NaN,NaN,NaN,NaN,-0.058033,-1.957509,1.964215,0.032016,-2.027766,-2.009956,-0.043915,0.120972,0.000599
17.046866,NaN,NaN,NaN,NaN,-0.058334,-1.957569,1.964318,0.031900,-2.027828,-2.010008,-0.043797,0.121109,0.000492
17.057339,NaN,NaN,NaN,NaN,-0.058634,-1.957626,1.964521,0.031784,-2.027889,-2.010110,-0.043682,0.121262,0.000278
17.077297,NaN,NaN,NaN,NaN,-0.059523,-1.957767,1.964729,0.031446,-2.028055,-2.010212,-0.043327,0.121746,0.000072
17.086243,NaN,NaN,NaN,NaN,-0.059816,-1.957799,1.964940,0.031334,-2.028104,-2.010314,-0.043209,0.121891,-0.000107
17.098273,NaN,NaN,NaN,NaN,-0.060107,-1.957858,1.965044,0.031223,-2.028197,-2.010364,-0.043091,0.122215,-0.000191
17.109875,NaN,NaN,NaN,NaN,-0.060396,-1.957868,1.965143,0.031113,-2.028234,-2.010416,-0.042973,0.122334,-0.000263
17.118410,NaN,NaN,NaN,NaN,-0.060966,-1.957876,1.965241,0.030917,-2.028271,-2.010467,-0.042702,0.122467,-0.000336
17.126338,NaN,NaN,NaN,NaN,-0.061226,-1.957882,1.965435,0.030833,-2.028306,-2.010564,-0.042557,0.122620,-0.000473
17.137309,NaN,NaN,NaN,NaN,-0.061513,-1.957887,1.965526,0.030734,-2.028341,-2.010610,-0.042431,0.122784,-0.000526
17.157207,NaN,NaN,NaN,NaN,-0.062321,-1.957810,1.965706,0.030515,-2.028407,-2.010699,-0.042068,0.123135,-0.000565
17.177217,NaN,NaN,NaN,NaN,-0.062829,-1.957679,1.965956,0.030411,-2.028427,-2.010818,-0.041840,0.123455,-0.000607
17.198361,NaN,NaN,NaN,NaN,-0.063551,-1.957571,1.966114,0.030315,-2.028424,-2.010890,-0.041512,0.123703,-0.000633
17.217447,NaN,NaN,NaN,NaN,-0.063986,-1.957375,1.966383,0.030324,-2.028375,-2.010981,-0.041313,0.124065,-0.000591
17.226736,NaN,NaN,NaN,NaN,-0.064203,-1.957304,1.966508,0.030328,-2.028352,-2.010991,-0.041214,0.124195,-0.000553
17.246734,NaN,NaN,NaN,NaN,-0.064776,-1.957159,1.966685,0.030388,-2.028295,-2.011025,-0.040909,0.124420,-0.000530
17.257565,NaN,NaN,NaN,NaN,-0.064954,-1.957010,1.966864,0.030415,-2.028230,-2.011034,-0.040806,0.124630,-0.000507
17.277809,NaN,NaN,NaN,NaN,-0.065432,-1.956867,1.967023,0.030522,-2.028152,-2.011033,-0.040466,0.124832,-0.000523
17.286127,NaN,NaN,NaN,NaN,-0.065582,-1.956800,1.967163,0.030561,-2.028106,-2.011023,-0.040348,0.124924,-0.000549
17.298577,NaN,NaN,NaN,NaN,-0.065733,-1.956662,1.967232,0.030600,-2.028015,-2.011017,-0.040234,0.125145,-0.000565
17.318200,NaN,NaN,NaN,NaN,-0.066050,-1.956516,1.967354,0.030767,-2.027896,-2.011017,-0.039852,0.125271,-0.000607
17.337444,NaN,NaN,NaN,NaN,-0.066267,-1.956284,1.967515,0.030874,-2.027710,-2.011027,-0.039619,0.125511,-0.000645
17.357898,NaN,NaN,NaN,NaN,-0.066468,-1.956120,1.967586,0.031062,-2.027577,-2.011054,-0.039207,0.125675,-0.000648
17.366802,NaN,NaN,NaN,NaN,-0.066538,-1.956037,1.967640,0.031123,-2.027510,-2.011057,-0.039074,0.125767,-0.000660
17.377944,NaN,NaN,NaN,NaN,-0.066580,-1.955905,1.967753,0.031183,-2.027375,-2.011064,-0.038925,0.125889,-0.000679
17.386503,NaN,NaN,NaN,NaN,-0.066671,-1.955838,1.967807,0.031300,-2.027308,-2.011067,-0.038643,0.125973,-0.000694
17.398297,NaN,NaN,NaN,NaN,-0.066719,-1.955769,1.967922,0.031358,-2.027241,-2.011068,-0.038502,0.126068,-0.000732
17.407465,NaN,NaN,NaN,NaN,-0.066743,-1.955720,1.967983,0.031402,-2.027168,-2.011065,-0.038349,0.126129,-0.000755
17.426311,NaN,NaN,NaN,NaN,-0.066798,-1.955565,1.968102,0.031487,-2.026947,-2.011060,-0.038048,0.126392,-0.000797
17.436996,NaN,NaN,NaN,NaN,-0.066824,-1.955520,1.968167,0.031562,-2.026869,-2.011051,-0.037735,0.126450,-0.000809
17.445929,NaN,NaN,NaN,NaN,-0.066822,-1.955426,1.968291,0.031597,-2.026714,-2.011032,-0.037567,0.126610,-0.000839
17.546218,NaN,NaN,NaN,NaN,-0.066826,-1.955377,1.968410,0.031663,-2.026637,-2.011013,-0.037243,0.126713,-0.000870
17.557134,NaN,NaN,NaN,NaN,-0.066783,-1.955275,1.968465,0.031711,-2.026484,-2.011010,-0.036861,0.126911,-0.000866
17.578860,NaN,NaN,NaN,NaN,-0.066754,-1.955109,1.968623,0.031757,-2.026256,-2.011002,-0.036495,0.127277,-0.000870
17.587032,NaN,NaN,NaN,NaN,-0.066679,-1.955056,1.968655,0.031803,-2.026167,-2.011007,-0.036083,0.127377,-0.000877
17.596948,NaN,NaN,NaN,NaN,-0.066647,-1.955002,1.968686,0.031825,-2.026078,-2.011012,-0.035881,0.127491,-0.000885
17.605662,NaN,NaN,NaN,NaN,-0.066617,-1.954890,1.968745,0.031845,-2.025901,-2.011023,-0.035686,0.127754,-0.000904
17.617134,NaN,NaN,NaN,NaN,-0.066572,-1.954850,1.968764,0.031868,-2.025803,-2.011023,-0.035477,0.127853,-0.000916
17.626857,NaN,NaN,NaN,NaN,-0.066493,-1.954808,1.968781,0.031912,-2.025705,-2.011023,-0.035076,0.127975,-0.000927
17.636949,NaN,NaN,NaN,NaN,-0.066458,-1.954765,1.968798,0.031933,-2.025608,-2.011024,-0.034882,0.128113,-0.000938
17.646027,NaN,NaN,NaN,NaN,-0.066414,-1.954720,1.968813,0.031947,-2.025511,-2.011018,-0.034679,0.128258,-0.000969
17.656909,NaN,NaN,NaN,NaN,-0.066373,-1.954653,1.968811,0.031960,-2.025268,-2.011011,-0.034481,0.128471,-0.000984
17.666534,NaN,NaN,NaN,NaN,-0.066334,-1.954618,1.968809,0.031972,-2.025147,-2.011004,-0.034290,0.128593,-0.000996
17.678078,NaN,NaN,NaN,NaN,-0.066267,-1.954580,1.968806,0.031993,-2.025027,-2.010998,-0.033913,0.128731,-0.001011
17.686114,NaN,NaN,NaN,NaN,-0.066226,-1.954554,1.968746,0.031999,-2.024891,-2.010963,-0.033730,0.128830,-0.001015
17.696938,NaN,NaN,NaN,NaN,-0.066188,-1.954526,1.968715,0.032005,-2.024755,-2.010947,-0.033546,0.128941,-0.001015
17.705846,NaN,NaN,NaN,NaN,-0.066154,-1.954465,1.968684,0.032009,-2.024485,-2.010930,-0.033382,0.129200,-0.001007
17.727901,NaN,NaN,NaN,NaN,-0.066041,-1.954428,1.968505,0.032003,-2.024198,-2.010841,-0.032887,0.129353,-0.000946
17.748759,NaN,NaN,NaN,NaN,-0.065943,-1.954377,1.968370,0.031992,-2.023775,-2.010764,-0.032413,0.129612,-0.000900
17.758888,NaN,NaN,NaN,NaN,-0.065917,-1.954369,1.968295,0.031993,-2.023637,-2.010715,-0.032261,0.129677,-0.000877
17.767151,NaN,NaN,NaN,NaN,-0.065894,-1.954359,1.968219,0.031994,-2.023500,-2.010669,-0.032120,0.129761,-0.000843
17.778959,NaN,NaN,NaN,NaN,-0.065874,-1.954354,1.968059,0.031993,-2.023232,-2.010560,-0.031979,0.129887,-0.000786
17.796871,NaN,NaN,NaN,NaN,-0.065882,-1.954360,1.967890,0.032036,-2.022969,-2.010434,-0.031635,0.129990,-0.000732
17.806758,NaN,NaN,NaN,NaN,-0.065891,-1.954358,1.967720,0.032048,-2.022708,-2.010313,-0.031525,0.130138,-0.000683
17.826149,NaN,NaN,NaN,NaN,-0.065887,-1.954382,1.967530,0.032069,-2.022463,-2.010152,-0.031288,0.130199,-0.000607
17.857222,NaN,NaN,NaN,NaN,-0.065890,-1.954398,1.967239,0.032074,-2.022220,-2.009907,-0.031212,0.130314,-0.000496
17.867367,NaN,NaN,NaN,NaN,-0.065905,-1.954436,1.967139,0.032074,-2.021982,-2.009817,-0.031097,0.130379,-0.000458
17.887298,NaN,NaN,NaN,NaN,-0.065944,-1.954465,1.966938,0.032074,-2.021744,-2.009641,-0.030945,0.130455,-0.000381
17.897189,NaN,NaN,NaN,NaN,-0.065962,-1.954486,1.966830,0.032077,-2.021622,-2.009540,-0.030914,0.130459,-0.000340
17.907181,NaN,NaN,NaN,NaN,-0.065982,-1.954520,1.966612,0.032079,-2.021381,-2.009344,-0.030888,0.130501,-0.000263
17.916626,NaN,NaN,NaN,NaN,-0.066006,-1.954533,1.966502,0.032081,-2.021260,-2.009248,-0.030857,0.130547,-0.000225
17.927318,NaN,NaN,NaN,NaN,-0.066051,-1.954575,1.966388,0.032104,-2.021139,-2.009147,-0.030846,0.130539,-0.000172
17.948568,NaN,NaN,NaN,NaN,-0.066107,-1.954685,1.966046,0.032125,-2.020779,-2.008853,-0.030834,0.130604,-0.000031
17.957967,NaN,NaN,NaN,NaN,-0.066179,-1.954740,1.965934,0.032145,-2.020678,-2.008763,-0.030842,0.130592,0.000034
17.967167,NaN,NaN,NaN,NaN,-0.066222,-1.954791,1.965823,0.032155,-2.020577,-2.008675,-0.030849,0.130596,0.000095
17.975378,NaN,NaN,NaN,NaN,-0.066266,-1.954840,1.965712,0.032164,-2.020475,-2.008587,-0.030857,0.130615,0.000153
17.987238,NaN,NaN,NaN,NaN,-0.066314,-1.954967,1.965481,0.032172,-2.020291,-2.008430,-0.030865,0.130630,0.000271
18.007079,NaN,NaN,NaN,NaN,-0.066471,-1.955119,1.965241,0.032208,-2.020123,-2.008290,-0.030872,0.130642,0.000385
18.027858,NaN,NaN,NaN,NaN,-0.066596,-1.955399,1.964861,0.032215,-2.019901,-2.008143,-0.030876,0.130630,0.000557
18.037281,NaN,NaN,NaN,NaN,-0.066738,-1.955497,1.964731,0.032207,-2.019832,-2.008105,-0.030872,0.130630,0.000614
18.048064,NaN,NaN,NaN,NaN,-0.066813,-1.955591,1.964601,0.032202,-2.019762,-2.008068,-0.030872,0.130646,0.000671
18.056517,NaN,NaN,NaN,NaN,-0.066889,-1.955707,1.964306,0.032199,-2.019699,-2.008044,-0.030865,0.130600,0.000786
18.067463,NaN,NaN,NaN,NaN,-0.066967,-1.955927,1.964160,0.032195,-2.019573,-2.008033,-0.030853,0.130554,0.000839
18.087366,NaN,NaN,NaN,NaN,-0.067047,-1.956134,1.963871,0.032191,-2.019447,-2.008014,-0.030842,0.130566,0.000923
18.096758,NaN,NaN,NaN,NaN,-0.067212,-1.956374,1.963556,0.032183,-2.019334,-2.008045,-0.030815,0.130486,0.000996
18.107405,NaN,NaN,NaN,NaN,-0.067386,-1.956489,1.963401,0.032174,-2.019277,-2.008062,-0.030773,0.130470,0.001030
18.127549,NaN,NaN,NaN,NaN,-0.067661,-1.956731,1.963088,0.032160,-2.019171,-2.008120,-0.030693,0.130447,0.001091
18.148807,NaN,NaN,NaN,NaN,-0.067857,-1.957099,1.962623,0.032149,-2.019025,-2.008248,-0.030636,0.130421,0.001202
18.157994,NaN,NaN,NaN,NaN,-0.067963,-1.957223,1.962462,0.032147,-2.018990,-2.008305,-0.030605,0.130394,0.001236
18.176428,NaN,NaN,NaN,NaN,-0.068175,-1.957458,1.961987,0.032132,-2.018919,-2.008477,-0.030552,0.130390,0.001331
18.188096,NaN,NaN,NaN,NaN,-0.068378,-1.957570,1.961832,0.032095,-2.018882,-2.008540,-0.030510,0.130413,0.001354
18.196543,NaN,NaN,NaN,NaN,-0.068472,-1.957807,1.961679,0.032066,-2.018845,-2.008603,-0.030510,0.130409,0.001369
18.216659,NaN,NaN,NaN,NaN,-0.068711,-1.958148,1.961253,0.031919,-2.018797,-2.008783,-0.030571,0.130459,0.001408
18.227484,NaN,NaN,NaN,NaN,-0.068761,-1.958263,1.961130,0.031859,-2.018788,-2.008835,-0.030602,0.130470,0.001415
18.248573,NaN,NaN,NaN,NaN,-0.068853,-1.958482,1.960887,0.031742,-2.018767,-2.008941,-0.030758,0.130543,0.001427
18.256909,NaN,NaN,NaN,NaN,-0.068936,-1.958587,1.960715,0.031649,-2.018762,-2.009023,-0.031055,0.130539,0.001442
18.267194,NaN,NaN,NaN,NaN,-0.068979,-1.958689,1.960629,0.031619,-2.018756,-2.009067,-0.031269,0.130550,0.001450
18.287787,NaN,NaN,NaN,NaN,-0.069140,-1.958983,1.960499,0.031598,-2.018738,-2.009131,-0.032234,0.130619,0.001465
18.296666,NaN,NaN,NaN,NaN,-0.069192,-1.959079,1.960454,0.031612,-2.018735,-2.009153,-0.032673,0.130657,0.001472
18.307393,NaN,NaN,NaN,NaN,-0.069252,-1.959261,1.960364,0.031633,-2.018726,-2.009199,-0.033188,0.130764,0.001492
18.328294,NaN,NaN,NaN,NaN,-0.069398,-1.959460,1.960319,0.031727,-2.018727,-2.009201,-0.035255,0.130806,0.001522
18.335875,NaN,NaN,NaN,NaN,-0.069443,-1.959555,1.960272,0.031765,-2.018725,-2.009209,-0.036118,0.130848,0.001553
18.349213,NaN,NaN,NaN,NaN,-0.069491,-1.959733,1.960249,0.031804,-2.018718,-2.009214,-0.037071,0.130970,0.001568
18.367223,NaN,NaN,NaN,NaN,-0.069505,-1.959929,1.960246,0.031900,-2.018717,-2.009169,-0.039341,0.130989,0.001614
18.376857,NaN,NaN,NaN,NaN,-0.069514,-1.960110,1.960241,0.031987,-2.018711,-2.009129,-0.042019,0.131062,0.001652
18.388319,NaN,NaN,NaN,NaN,-0.069485,-1.960216,1.960256,0.032031,-2.018714,-2.009074,-0.043587,0.131065,0.001678
18.408201,NaN,NaN,NaN,NaN,-0.069359,-1.960416,1.960297,0.032127,-2.018716,-2.008918,-0.048969,0.131119,0.001759
18.415887,NaN,NaN,NaN,NaN,-0.069258,-1.960510,1.960323,0.032153,-2.018715,-2.008838,-0.051086,0.131180,0.001804
18.427238,NaN,NaN,NaN,NaN,-0.069147,-1.960711,1.960349,0.032171,-2.018743,-2.008760,-0.053318,0.131207,0.001846
18.436103,NaN,NaN,NaN,NaN,-0.068892,-1.960806,1.960374,0.032174,-2.018755,-2.008684,-0.058186,0.131245,0.001892
18.448135,NaN,NaN,NaN,NaN,-0.068688,-1.960898,1.960397,0.032162,-2.018765,-2.008609,-0.060905,0.131290,0.001938
18.456909,NaN,NaN,NaN,NaN,-0.068472,-1.960991,1.960445,0.032139,-2.018788,-2.008504,-0.063755,0.131287,0.002010
18.467362,NaN,NaN,NaN,NaN,-0.068242,-1.961166,1.960538,0.032103,-2.018830,-2.008301,-0.066723,0.131325,0.002151
18.476958,NaN,NaN,NaN,NaN,-0.067738,-1.961248,1.960583,0.031991,-2.018848,-2.008203,-0.073051,0.131355,0.002220
18.488103,NaN,NaN,NaN,NaN,-0.067399,-1.961340,1.960712,0.031908,-2.018876,-2.007941,-0.076523,0.131329,0.002430
18.496133,NaN,NaN,NaN,NaN,-0.067044,-1.961429,1.960775,0.031810,-2.018903,-2.007814,-0.080120,0.131313,0.002541
18.517104,NaN,NaN,NaN,NaN,-0.066674,-1.961686,1.960938,0.031698,-2.018986,-2.007528,-0.083851,0.131294,0.002785
18.527850,NaN,NaN,NaN,NaN,-0.065293,-1.961774,1.961039,0.031250,-2.019018,-2.007369,-0.096085,0.131271,0.002914
18.536647,NaN,NaN,NaN,NaN,-0.064771,-1.961858,1.961138,0.031063,-2.019048,-2.007214,-0.100471,0.131275,0.003044
18.547520,NaN,NaN,NaN,NaN,-0.064233,-1.962032,1.961360,0.030861,-2.019109,-2.006883,-0.104992,0.131264,0.003315
18.558772,NaN,NaN,NaN,NaN,-0.063586,-1.962122,1.961483,0.030619,-2.019140,-2.006707,-0.109787,0.131252,0.003448
18.567672,NaN,NaN,NaN,NaN,-0.062244,-1.962209,1.961603,0.030091,-2.019170,-2.006534,-0.119778,0.131256,0.003586
18.576481,NaN,NaN,NaN,NaN,-0.061547,-1.962293,1.961721,0.029803,-2.019198,-2.006365,-0.124977,0.131271,0.003716
18.587202,NaN,NaN,NaN,NaN,-0.060763,-1.962497,1.962027,0.029449,-2.019265,-2.005976,-0.130451,0.131229,0.003986
18.596402,NaN,NaN,NaN,NaN,-0.059963,-1.962594,1.962176,0.029081,-2.019296,-2.005785,-0.136063,0.131229,0.004120
18.609548,NaN,NaN,NaN,NaN,-0.058314,-1.962688,1.962322,0.028299,-2.019325,-2.005599,-0.147690,0.131241,0.004250
18.618269,NaN,NaN,NaN,NaN,-0.057405,-1.962917,1.962640,0.027817,-2.019394,-2.005212,-0.153843,0.131294,0.004509
18.635783,NaN,NaN,NaN,NaN,-0.056481,-1.963143,1.962977,0.027321,-2.019457,-2.004815,-0.160137,0.131287,0.004772
18.647268,NaN,NaN,NaN,NaN,-0.053572,-1.963258,1.963141,0.025682,-2.019490,-2.004620,-0.179993,0.131302,0.004898
18.657084,NaN,NaN,NaN,NaN,-0.052542,-1.963406,1.963531,0.025074,-2.019526,-2.004199,-0.186989,0.131294,0.005196
18.676615,NaN,NaN,NaN,NaN,-0.051497,-1.963827,1.963909,0.024454,-2.019626,-2.003789,-0.194122,0.131355,0.005478
18.687224,NaN,NaN,NaN,NaN,-0.048190,-1.963982,1.964117,0.022415,-2.019647,-2.003588,-0.216648,0.131340,0.005630
18.708712,NaN,NaN,NaN,NaN,-0.045891,-1.964427,1.964723,0.020964,-2.019702,-2.003002,-0.232445,0.131382,0.006077
18.718026,NaN,NaN,NaN,NaN,-0.044692,-1.964579,1.964938,0.020161,-2.019712,-2.002807,-0.240704,0.131371,0.006237
18.727295,NaN,NaN,NaN,NaN,-0.042259,-1.964727,1.965150,0.018540,-2.019720,-2.002615,-0.257629,0.131374,0.006390
18.735865,NaN,NaN,NaN,NaN,-0.041025,-1.964871,1.965360,0.017722,-2.019726,-2.002425,-0.266293,0.131390,0.006561
18.747641,NaN,NaN,NaN,NaN,-0.039782,-1.965156,1.965783,0.016895,-2.019758,-2.002059,-0.275097,0.131393,0.006905
18.767075,NaN,NaN,NaN,NaN,-0.035914,-1.965435,1.966206,0.014157,-2.019805,-2.001708,-0.302719,0.131390,0.007248
18.777823,NaN,NaN,NaN,NaN,-0.034609,-1.965709,1.966618,0.013231,-2.019872,-2.001377,-0.312199,0.131447,0.007599
18.787364,NaN,NaN,NaN,NaN,-0.033270,-1.965845,1.966820,0.012239,-2.019916,-2.001220,-0.321945,0.131466,0.007774
18.808162,NaN,NaN,NaN,NaN,-0.029207,-1.966107,1.967217,0.009269,-2.019998,-2.000913,-0.351990,0.131538,0.008118
18.827470,NaN,NaN,NaN,NaN,-0.026426,-1.966372,1.967816,0.007156,-2.020121,-2.000542,-0.372971,0.131557,0.008636
18.847689,NaN,NaN,NaN,NaN,-0.022218,-1.966771,1.968216,0.003899,-2.020303,-2.000314,-0.405563,0.131622,0.008976
18.856788,NaN,NaN,NaN,NaN,-0.020806,-1.966916,1.968619,0.002768,-2.020370,-2.000103,-0.416771,0.131630,0.009304
18.877854,NaN,NaN,NaN,NaN,-0.019390,-1.967333,1.969010,0.001646,-2.020557,-1.999898,-0.428112,0.131721,0.009621
18.887107,NaN,NaN,NaN,NaN,-0.015147,-1.967471,1.969210,-0.001831,-2.020641,-1.999806,-0.463192,0.131706,0.009781
18.908440,NaN,NaN,NaN,NaN,-0.012322,-1.967866,1.969796,-0.004186,-2.020875,-1.999538,-0.487324,0.131702,0.010239
18.916686,NaN,NaN,NaN,NaN,-0.010929,-1.967993,1.969990,-0.005419,-2.020973,-1.999463,-0.499737,0.131653,0.010387
18.927593,NaN,NaN,NaN,NaN,-0.008149,-1.968117,1.970182,-0.007882,-2.021069,-1.999389,-0.524948,0.131622,0.010536
18.936544,NaN,NaN,NaN,NaN,-0.006759,-1.968238,1.970557,-0.009101,-2.021161,-1.999242,-0.537746,0.131603,0.010822
18.947567,NaN,NaN,NaN,NaN,-0.005398,-1.968357,1.970747,-0.010357,-2.021251,-1.999178,-0.550835,0.131599,0.010971
18.957736,NaN,NaN,NaN,NaN,-0.004039,-1.968566,1.970933,-0.011610,-2.021500,-1.999114,-0.564049,0.131508,0.011112
18.967239,NaN,NaN,NaN,NaN,-0.001332,-1.968668,1.971117,-0.014105,-2.021620,-1.999051,-0.590862,0.131489,0.011253
18.977283,NaN,NaN,NaN,NaN,-0.000010,-1.968767,1.971488,-0.015397,-2.021736,-1.998945,-0.604610,0.131481,0.011555
18.990271,NaN,NaN,NaN,NaN,0.002620,-1.968860,1.971676,-0.017968,-2.021880,-1.998901,-0.632481,0.131424,0.011700
19.009565,NaN,NaN,NaN,NaN,0.003926,-1.969127,1.972248,-0.019245,-2.022290,-1.998773,-0.646606,0.131332,0.012135
19.016491,NaN,NaN,NaN,NaN,0.005229,-1.969206,1.972451,-0.020508,-2.022444,-1.998732,-0.660858,0.131268,0.012280
19.027192,NaN,NaN,NaN,NaN,0.007779,-1.969360,1.972651,-0.023086,-2.022741,-1.998690,-0.690010,0.131184,0.012421
19.036184,NaN,NaN,NaN,NaN,0.009043,-1.969434,1.972847,-0.024366,-2.022885,-1.998649,-0.704777,0.131161,0.012562
19.047233,NaN,NaN,NaN,NaN,0.011514,-1.969500,1.973049,-0.026931,-2.023045,-1.998613,-0.734821,0.131096,0.012707
19.067773,NaN,NaN,NaN,NaN,0.013920,-1.969690,1.973636,-0.029491,-2.023506,-1.998505,-0.765503,0.130985,0.013123
19.087398,NaN,NaN,NaN,NaN,0.017358,-1.969799,1.974034,-0.033277,-2.023808,-1.998438,-0.812725,0.130836,0.013378
19.095988,NaN,NaN,NaN,NaN,0.018467,-1.969903,1.974421,-0.034526,-2.024096,-1.998371,-0.828754,0.130745,0.013649
19.110930,NaN,NaN,NaN,NaN,0.020611,-1.969956,1.974628,-0.037002,-2.024248,-1.998331,-0.861324,0.130650,0.013763
19.127632,NaN,NaN,NaN,NaN,0.022669,-1.970059,1.975032,-0.039446,-2.024543,-1.998253,-0.894516,0.130501,0.013992
19.147345,NaN,NaN,NaN,NaN,0.024644,-1.970216,1.975630,-0.041847,-2.024979,-1.998136,-0.928341,0.130314,0.014301
19.168310,NaN,NaN,NaN,NaN,0.027464,-1.970333,1.976033,-0.045367,-2.025276,-1.998053,-0.980202,0.130173,0.014492
19.177871,NaN,NaN,NaN,NaN,0.028342,-1.970458,1.976432,-0.046519,-2.025582,-1.997965,-0.997879,0.130035,0.014679
19.187594,NaN,NaN,NaN,NaN,0.029208,-1.970526,1.976630,-0.047660,-2.025742,-1.997919,-1.015678,0.129959,0.014767
19.207249,NaN,NaN,NaN,NaN,0.031687,-1.970659,1.977018,-0.051011,-2.026052,-1.997828,-1.069920,0.129845,0.014942
19.215948,NaN,NaN,NaN,NaN,0.032458,-1.970755,1.977431,-0.052103,-2.026208,-1.997744,-1.088322,0.129742,0.015171
19.228357,NaN,NaN,NaN,NaN,0.033217,-1.970942,1.977633,-0.053181,-2.026510,-1.997703,-1.106823,0.129585,0.015282
19.247273,NaN,NaN,NaN,NaN,0.035313,-1.971121,1.978036,-0.056329,-2.026799,-1.997628,-1.163208,0.129433,0.015491
19.268779,NaN,NaN,NaN,NaN,0.036618,-1.971294,1.978629,-0.058357,-2.027075,-1.997525,-1.201324,0.129265,0.015781
19.287248,NaN,NaN,NaN,NaN,0.038360,-1.971547,1.979020,-0.061270,-2.027447,-1.997449,-1.259323,0.129009,0.015926
19.296332,NaN,NaN,NaN,NaN,0.038899,-1.971629,1.979211,-0.062207,-2.027563,-1.997411,-1.278828,0.128933,0.015995
19.307444,NaN,NaN,NaN,NaN,0.039426,-1.971710,1.979578,-0.063130,-2.027677,-1.997334,-1.298389,0.128876,0.016109
19.327414,NaN,NaN,NaN,NaN,0.040757,-1.971925,1.979927,-0.065789,-2.027959,-1.997253,-1.357719,0.128689,0.016205
19.347452,NaN,NaN,NaN,NaN,0.041528,-1.972132,1.980403,-0.067491,-2.028194,-1.997135,-1.397591,0.128525,0.016293
19.358775,NaN,NaN,NaN,NaN,0.042200,-1.972198,1.980552,-0.069130,-2.028265,-1.997095,-1.437702,0.128475,0.016319
19.378542,NaN,NaN,NaN,NaN,0.042759,-1.972340,1.980968,-0.070707,-2.028395,-1.996978,-1.478024,0.128368,0.016369
19.387403,NaN,NaN,NaN,NaN,0.042988,-1.972490,1.981100,-0.071471,-2.028514,-1.996938,-1.498260,0.128262,0.016380
19.396408,NaN,NaN,NaN,NaN,0.043208,-1.972564,1.981230,-0.072220,-2.028571,-1.996899,-1.518528,0.128231,0.016411
19.409416,NaN,NaN,NaN,NaN,0.043562,-1.972636,1.981359,-0.073672,-2.028628,-1.996859,-1.559193,0.128208,0.016438
19.416525,NaN,NaN,NaN,NaN,0.043697,-1.972713,1.981492,-0.074375,-2.028677,-1.996817,-1.579582,0.128147,0.016430
19.427245,NaN,NaN,NaN,NaN,0.043825,-1.972788,1.981766,-0.075060,-2.028724,-1.996726,-1.599998,0.128101,0.016426
19.447247,NaN,NaN,NaN,NaN,0.044014,-1.973030,1.982055,-0.076390,-2.028857,-1.996620,-1.640915,0.127964,0.016411
19.456161,NaN,NaN,NaN,NaN,0.044128,-1.973124,1.982299,-0.077664,-2.028895,-1.996532,-1.681931,0.127911,0.016335
19.468574,NaN,NaN,NaN,NaN,0.044173,-1.973306,1.982419,-0.078278,-2.028968,-1.996489,-1.702461,0.127842,0.016296
19.487246,NaN,NaN,NaN,NaN,0.044115,-1.973536,1.982666,-0.080058,-2.029025,-1.996376,-1.764141,0.127720,0.016212
19.509246,NaN,NaN,NaN,NaN,0.043998,-1.973885,1.983024,-0.081167,-2.029091,-1.996204,-1.805325,0.127567,0.016087
19.517120,NaN,NaN,NaN,NaN,0.043908,-1.974007,1.983139,-0.081700,-2.029104,-1.996143,-1.825935,0.127502,0.016026
19.527138,NaN,NaN,NaN,NaN,0.043709,-1.974128,1.983254,-0.082717,-2.029117,-1.996083,-1.867184,0.127453,0.015965
19.536985,NaN,NaN,NaN,NaN,0.043600,-1.974391,1.983475,-0.083202,-2.029127,-1.995972,-1.887825,0.127335,0.015858
19.547425,NaN,NaN,NaN,NaN,0.043449,-1.974533,1.983583,-0.083669,-2.029125,-1.995921,-1.908466,0.127266,0.015808
19.556052,NaN,NaN,NaN,NaN,0.043291,-1.974672,1.983690,-0.084120,-2.029122,-1.995870,-1.929115,0.127224,0.015762
19.568819,NaN,NaN,NaN,NaN,0.042956,-1.974811,1.983796,-0.084974,-2.029119,-1.995819,-1.970440,0.127197,0.015717
19.587098,NaN,NaN,NaN,NaN,0.042549,-1.975281,1.984057,-0.085739,-2.029085,-1.995706,-2.011810,0.127052,0.015629
19.607315,NaN,NaN,NaN,NaN,0.041871,-1.975598,1.984247,-0.086746,-2.029058,-1.995624,-2.073895,0.126961,0.015553
19.627266,NaN,NaN,NaN,NaN,0.041358,-1.976077,1.984505,-0.087311,-2.029013,-1.995520,-2.115288,0.126816,0.015434
19.636287,NaN,NaN,NaN,NaN,0.041091,-1.976248,1.984574,-0.087571,-2.029007,-1.995486,-2.135986,0.126736,0.015411
19.647305,NaN,NaN,NaN,NaN,0.040531,-1.976416,1.984642,-0.087991,-2.029001,-1.995452,-2.177322,0.126671,0.015388
19.656159,NaN,NaN,NaN,NaN,0.040244,-1.976582,1.984780,-0.088180,-2.028993,-1.995385,-2.197975,0.126617,0.015347
19.668594,NaN,NaN,NaN,NaN,0.039953,-1.976745,1.984848,-0.088354,-2.028985,-1.995351,-2.218605,0.126579,0.015324
19.687165,NaN,NaN,NaN,NaN,0.039038,-1.977230,1.984969,-0.088742,-2.028965,-1.995289,-2.280231,0.126400,0.015259
19.696247,NaN,NaN,NaN,NaN,0.038724,-1.977544,1.985089,-0.088843,-2.028950,-1.995228,-2.300697,0.126297,0.015167
19.707625,NaN,NaN,NaN,NaN,0.038403,-1.977712,1.985155,-0.088911,-2.028944,-1.995198,-2.321087,0.126198,0.015110
19.728550,NaN,NaN,NaN,NaN,0.037421,-1.978043,1.985352,-0.089037,-2.028930,-1.995109,-2.381912,0.126038,0.014942
19.738183,NaN,NaN,NaN,NaN,0.037107,-1.978204,1.985421,-0.089053,-2.028921,-1.995082,-2.402016,0.125980,0.014877
19.748210,NaN,NaN,NaN,NaN,0.036790,-1.978535,1.985489,-0.089056,-2.028877,-1.995054,-2.422047,0.125767,0.014812
19.757259,NaN,NaN,NaN,NaN,0.036145,-1.978697,1.985557,-0.089027,-2.028854,-1.995025,-2.461868,0.125679,0.014759
19.776572,NaN,NaN,NaN,NaN,0.035847,-1.979033,1.985733,-0.088992,-2.028805,-1.994903,-2.481594,0.125477,0.014603
19.787216,NaN,NaN,NaN,NaN,0.035237,-1.979377,1.985788,-0.088886,-2.028753,-1.994857,-2.520771,0.125259,0.014553
19.797221,NaN,NaN,NaN,NaN,0.034927,-1.979545,1.985842,-0.088816,-2.028726,-1.994810,-2.540218,0.125172,0.014507
19.807604,NaN,NaN,NaN,NaN,0.034317,-1.979713,1.985877,-0.088640,-2.028690,-1.994751,-2.578732,0.125027,0.014458
19.816195,NaN,NaN,NaN,NaN,0.034017,-1.979879,1.985945,-0.088535,-2.028654,-1.994634,-2.597790,0.124897,0.014359
19.828121,NaN,NaN,NaN,NaN,0.033714,-1.980043,1.985981,-0.088420,-2.028617,-1.994575,-2.616741,0.124783,0.014313
19.838043,NaN,NaN,NaN,NaN,0.033406,-1.980361,1.986010,-0.088294,-2.028527,-1.994516,-2.635586,0.124531,0.014263
19.847676,NaN,NaN,NaN,NaN,0.032845,-1.980516,1.986039,-0.087992,-2.028474,-1.994458,-2.672729,0.124390,0.014217
19.867391,NaN,NaN,NaN,NaN,0.032268,-1.980956,1.986126,-0.087649,-2.028306,-1.994288,-2.709423,0.124001,0.014065
19.876764,NaN,NaN,NaN,NaN,0.031735,-1.981091,1.986153,-0.087255,-2.028244,-1.994234,-2.745403,0.123852,0.014034
19.887390,NaN,NaN,NaN,NaN,0.031463,-1.981226,1.986181,-0.087043,-2.028182,-1.994180,-2.763222,0.123714,0.014004
19.896353,NaN,NaN,NaN,NaN,0.031187,-1.981359,1.986209,-0.086822,-2.028119,-1.994127,-2.780918,0.123592,0.013969
19.907385,NaN,NaN,NaN,NaN,0.030953,-1.981596,1.986275,-0.086595,-2.027987,-1.994003,-2.798344,0.123249,0.013901
19.928385,NaN,NaN,NaN,NaN,0.030227,-1.981828,1.986342,-0.085855,-2.027854,-1.993881,-2.849915,0.122993,0.013832
19.937419,NaN,NaN,NaN,NaN,0.030008,-1.981943,1.986410,-0.085577,-2.027787,-1.993745,-2.866718,0.122887,0.013767
19.947159,NaN,NaN,NaN,NaN,0.029785,-1.982048,1.986444,-0.085290,-2.027731,-1.993670,-2.883404,0.122707,0.013729
19.967479,NaN,NaN,NaN,NaN,0.029112,-1.982359,1.986512,-0.084372,-2.027561,-1.993521,-2.932590,0.122261,0.013657
19.977125,NaN,NaN,NaN,NaN,0.028895,-1.982446,1.986590,-0.084045,-2.027521,-1.993367,-2.948650,0.122051,0.013557
19.996450,NaN,NaN,NaN,NaN,0.028674,-1.982703,1.986670,-0.083710,-2.027397,-1.993213,-2.964592,0.121510,0.013485
20.007455,NaN,NaN,NaN,NaN,0.028043,-1.982771,1.986717,-0.082643,-2.027364,-1.993149,-3.011410,0.121273,0.013443
20.028168,NaN,NaN,NaN,NaN,0.027619,-1.982907,1.986860,-0.081889,-2.027296,-1.992955,-3.041939,0.120850,0.013329
20.036728,NaN,NaN,NaN,NaN,0.027435,-1.983038,1.986899,-0.081501,-2.027236,-1.992915,-3.056877,0.120438,0.013275
20.047125,NaN,NaN,NaN,NaN,0.027054,-1.983102,1.986939,-0.080705,-2.027212,-1.992873,-3.086407,0.120232,0.013226
20.056130,NaN,NaN,NaN,NaN,0.026858,-1.983166,1.986978,-0.080296,-2.027186,-1.992831,-3.100998,0.120041,0.013153
20.076492,NaN,NaN,NaN,NaN,0.026501,-1.983347,1.987073,-0.079456,-2.027128,-1.992761,-3.129677,0.119476,0.012897
20.087132,NaN,NaN,NaN,NaN,0.026176,-1.983406,1.987101,-0.078587,-2.027111,-1.992745,-3.157745,0.119301,0.012806
20.107207,NaN,NaN,NaN,NaN,0.025880,-1.983542,1.987145,-0.077685,-2.027086,-1.992732,-3.185204,0.118752,0.012478
20.128944,NaN,NaN,NaN,NaN,0.025471,-1.983622,1.987163,-0.076272,-2.027075,-1.992730,-3.225327,0.118423,0.012230
20.138025,NaN,NaN,NaN,NaN,0.025377,-1.983634,1.987152,-0.075800,-2.027077,-1.992741,-3.238319,0.118225,0.011932
20.147350,NaN,NaN,NaN,NaN,0.025277,-1.983661,1.987148,-0.075322,-2.027075,-1.992745,-3.251209,0.117878,0.011791
20.157045,NaN,NaN,NaN,NaN,0.025171,-1.983676,1.987145,-0.074837,-2.027071,-1.992748,-3.263996,0.117737,0.011646
20.169721,NaN,NaN,NaN,NaN,0.024995,-1.983663,1.987109,-0.073850,-2.027077,-1.992773,-3.289085,0.117558,0.011494
20.178635,NaN,NaN,NaN,NaN,0.024925,-1.983651,1.987042,-0.073349,-2.027081,-1.992817,-3.301392,0.117390,0.011189
20.187166,NaN,NaN,NaN,NaN,0.024848,-1.983632,1.987010,-0.072841,-2.027084,-1.992836,-3.313602,0.117100,0.011040
20.208870,NaN,NaN,NaN,NaN,0.024688,-1.983603,1.986909,-0.071294,-2.027086,-1.992892,-3.349319,0.116798,0.010735
20.216006,NaN,NaN,NaN,NaN,0.024639,-1.983583,1.986776,-0.070769,-2.027087,-1.992963,-3.360985,0.116623,0.010429
20.228849,NaN,NaN,NaN,NaN,0.024589,-1.983566,1.986711,-0.069716,-2.027086,-1.992995,-3.383896,0.116459,0.010281
20.236882,NaN,NaN,NaN,NaN,0.024586,-1.983523,1.986616,-0.069190,-2.027076,-1.993059,-3.395149,0.116127,0.010124
20.247122,NaN,NaN,NaN,NaN,0.024576,-1.983497,1.986523,-0.068659,-2.027066,-1.993120,-3.406311,0.115959,0.009975
20.267580,NaN,NaN,NaN,NaN,0.024592,-1.983433,1.986235,-0.067581,-2.027024,-1.993331,-3.428230,0.115475,0.009533
20.287164,NaN,NaN,NaN,NaN,0.024644,-1.983399,1.986024,-0.065929,-2.026981,-1.993512,-3.460258,0.115128,0.009247
20.307507,NaN,NaN,NaN,NaN,0.024736,-1.983370,1.985679,-0.064774,-2.026881,-1.993836,-3.480919,0.114582,0.008831
20.328778,NaN,NaN,NaN,NaN,0.024796,-1.983361,1.985443,-0.063600,-2.026800,-1.994061,-3.501270,0.114246,0.008564
20.336881,NaN,NaN,NaN,NaN,0.024881,-1.983378,1.985197,-0.062395,-2.026747,-1.994344,-3.521175,0.114025,0.008301
20.356552,NaN,NaN,NaN,NaN,0.024989,-1.983437,1.984956,-0.061161,-2.026582,-1.994615,-3.540653,0.113453,0.008045
20.367305,NaN,NaN,NaN,NaN,0.025129,-1.983482,1.984821,-0.059889,-2.026501,-1.994783,-3.559723,0.113209,0.007900
20.376762,NaN,NaN,NaN,NaN,0.025218,-1.983528,1.984555,-0.059236,-2.026419,-1.995109,-3.569092,0.112980,0.007622
20.387990,NaN,NaN,NaN,NaN,0.025368,-1.983624,1.984425,-0.057920,-2.026252,-1.995266,-3.587627,0.112576,0.007488
20.396067,NaN,NaN,NaN,NaN,0.025496,-1.983695,1.984276,-0.057226,-2.026160,-1.995452,-3.596680,0.112347,0.007351
20.407094,NaN,NaN,NaN,NaN,0.025614,-1.983767,1.984128,-0.056529,-2.026068,-1.995634,-3.605671,0.112137,0.007214
20.416319,NaN,NaN,NaN,NaN,0.025723,-1.983840,1.983838,-0.055830,-2.025974,-1.995987,-3.614597,0.111942,0.006947
20.428212,NaN,NaN,NaN,NaN,0.025822,-1.984002,1.983690,-0.055128,-2.025774,-1.996197,-3.623459,0.111542,0.006821
20.436551,NaN,NaN,NaN,NaN,0.025957,-1.984093,1.983543,-0.054402,-2.025667,-1.996402,-3.632153,0.111336,0.006695
20.447128,NaN,NaN,NaN,NaN,0.026198,-1.984183,1.983398,-0.052941,-2.025559,-1.996603,-3.649353,0.111149,0.006573
20.467608,NaN,NaN,NaN,NaN,0.026460,-1.984472,1.982984,-0.051463,-2.025228,-1.997222,-3.666214,0.110676,0.006222
20.476608,NaN,NaN,NaN,NaN,0.026744,-1.984578,1.982856,-0.049968,-2.025112,-1.997446,-3.682743,0.110500,0.006126
20.488102,NaN,NaN,NaN,NaN,0.026871,-1.984684,1.982730,-0.049219,-2.024996,-1.997666,-3.690922,0.110340,0.006031
20.495293,NaN,NaN,NaN,NaN,0.027048,-1.984791,1.982606,-0.048459,-2.024879,-1.997882,-3.698944,0.110191,0.005936
20.516196,NaN,NaN,NaN,NaN,0.027214,-1.985029,1.982261,-0.047698,-2.024649,-1.998601,-3.706917,0.109821,0.005688
20.527828,NaN,NaN,NaN,NaN,0.027369,-1.985265,1.982148,-0.046936,-2.024416,-1.998833,-3.714840,0.109516,0.005604
20.537775,NaN,NaN,NaN,NaN,0.027873,-1.985390,1.981975,-0.044616,-2.024308,-1.999372,-3.738113,0.109329,0.005463
20.547807,NaN,NaN,NaN,NaN,0.028038,-1.985639,1.981889,-0.043835,-2.024090,-1.999635,-3.745743,0.108997,0.005394
20.567826,NaN,NaN,NaN,NaN,0.028580,-1.985908,1.981734,-0.041450,-2.023877,-2.000199,-3.768162,0.108673,0.005253
20.588165,NaN,NaN,NaN,NaN,0.029080,-1.986197,1.981525,-0.039041,-2.023667,-2.001091,-3.790089,0.108368,0.005047
20.596968,NaN,NaN,NaN,NaN,0.029274,-1.986495,1.981472,-0.038226,-2.023463,-2.001412,-3.797237,0.108089,0.004963
20.607592,NaN,NaN,NaN,NaN,0.029456,-1.986649,1.981419,-0.037411,-2.023366,-2.001729,-3.804344,0.107956,0.004883
20.616081,NaN,NaN,NaN,NaN,0.029627,-1.986957,1.981314,-0.036595,-2.023168,-2.002348,-3.811405,0.107723,0.004726
20.636723,NaN,NaN,NaN,NaN,0.029788,-1.987274,1.981247,-0.035780,-2.022964,-2.002994,-3.818428,0.107449,0.004601
20.647105,NaN,NaN,NaN,NaN,0.030304,-1.987433,1.981213,-0.033309,-2.022861,-2.003310,-3.839043,0.107323,0.004539
20.667241,NaN,NaN,NaN,NaN,0.030637,-1.987896,1.981165,-0.031649,-2.022573,-2.004253,-3.852520,0.106930,0.004406
20.676862,NaN,NaN,NaN,NaN,0.030970,-1.988049,1.981157,-0.029975,-2.022479,-2.004562,-3.865772,0.106808,0.004368
20.688431,NaN,NaN,NaN,NaN,0.031121,-1.988201,1.981149,-0.029140,-2.022384,-2.004866,-3.872341,0.106701,0.004330
20.697193,NaN,NaN,NaN,NaN,0.031298,-1.988466,1.981191,-0.028284,-2.022213,-2.005504,-3.878792,0.106419,0.004280
20.707405,NaN,NaN,NaN,NaN,0.031463,-1.988599,1.981212,-0.027430,-2.022126,-2.005817,-3.885208,0.106297,0.004257
20.727617,NaN,NaN,NaN,NaN,0.031617,-1.988866,1.981251,-0.026577,-2.021949,-2.006430,-3.891590,0.106094,0.004189
20.737113,NaN,NaN,NaN,NaN,0.032080,-1.988985,1.981352,-0.023947,-2.021866,-2.007058,-3.910381,0.105946,0.004147
20.747163,NaN,NaN,NaN,NaN,0.032224,-1.989225,1.981401,-0.023061,-2.021699,-2.007366,-3.916550,0.105686,0.004124
20.756835,NaN,NaN,NaN,NaN,0.032518,-1.989346,1.981450,-0.021258,-2.021613,-2.007670,-3.928726,0.105579,0.004101
20.767249,NaN,NaN,NaN,NaN,0.032666,-1.989460,1.981519,-0.020341,-2.021538,-2.007986,-3.934731,0.105415,0.004086
20.776536,NaN,NaN,NaN,NaN,0.032804,-1.989575,1.981654,-0.019428,-2.021462,-2.008606,-3.940704,0.105263,0.004044
20.788002,NaN,NaN,NaN,NaN,0.032930,-1.989690,1.981719,-0.018517,-2.021384,-2.008910,-3.946644,0.105125,0.004025
20.796459,NaN,NaN,NaN,NaN,0.033082,-1.989912,1.981824,-0.017578,-2.021244,-2.009223,-3.952496,0.104824,0.004017
20.807299,NaN,NaN,NaN,NaN,0.033351,-1.990019,1.981928,-0.015709,-2.021182,-2.009532,-3.964100,0.104664,0.004009
20.816108,NaN,NaN,NaN,NaN,0.033469,-1.990234,1.982129,-0.014779,-2.021054,-2.010140,-3.969860,0.104382,0.003990
20.827223,NaN,NaN,NaN,NaN,0.033606,-1.990342,1.982256,-0.013821,-2.020990,-2.010440,-3.975525,0.104191,0.004021
20.847100,NaN,NaN,NaN,NaN,0.033950,-1.990559,1.982503,-0.010967,-2.020855,-2.011031,-3.992352,0.103855,0.004086
20.867449,NaN,NaN,NaN,NaN,0.034158,-1.990907,1.982898,-0.009039,-2.020657,-2.011887,-4.003376,0.103313,0.004272
20.888927,NaN,NaN,NaN,NaN,0.034439,-1.991172,1.983166,-0.006110,-2.020536,-2.012441,-4.019630,0.102989,0.004417
20.896227,NaN,NaN,NaN,NaN,0.034533,-1.991251,1.983440,-0.005103,-2.020457,-2.012962,-4.024948,0.102806,0.004627
20.907264,NaN,NaN,NaN,NaN,0.034616,-1.991475,1.983575,-0.004102,-2.020324,-2.013218,-4.030239,0.102444,0.004726
20.916235,NaN,NaN,NaN,NaN,0.034688,-1.991594,1.983707,-0.003105,-2.020257,-2.013472,-4.035503,0.102280,0.004822
20.927854,NaN,NaN,NaN,NaN,0.034811,-1.991724,1.983853,-0.001082,-2.020199,-2.013717,-4.045921,0.102077,0.004944
20.936822,NaN,NaN,NaN,NaN,0.034862,-1.991854,1.984139,-0.000056,-2.020140,-2.014201,-4.051067,0.101902,0.005177
20.979159,NaN,NaN,NaN,NaN,0.034959,-1.992258,1.984429,0.003036,-2.019964,-2.014679,-4.066326,0.101387,0.005421
20.989670,NaN,NaN,NaN,NaN,0.034978,-1.992402,1.984578,0.004088,-2.019912,-2.014916,-4.071335,0.101208,0.005547
21.011285,NaN,NaN,NaN,NaN,0.034985,-1.992835,1.985014,0.005133,-2.019745,-2.015615,-4.076321,0.100742,0.005913
21.018294,NaN,NaN,NaN,NaN,0.034982,-1.992984,1.985181,0.007247,-2.019705,-2.015840,-4.086174,0.100567,0.006062
21.030219,NaN,NaN,NaN,NaN,0.034951,-1.993133,1.985345,0.009375,-2.019664,-2.016063,-4.095890,0.100407,0.006207
21.061181,NaN,NaN,NaN,NaN,0.034919,-1.993283,1.985670,0.010429,-2.019620,-2.016503,-4.100716,0.100262,0.006439
21.080230,NaN,NaN,NaN,NaN,0.034845,-1.993725,1.986033,0.013640,-2.019468,-2.016906,-4.114899,0.099766,0.006699
21.092229,NaN,NaN,NaN,NaN,0.034799,-1.993871,1.986211,0.014695,-2.019412,-2.017105,-4.119587,0.099606,0.006824
21.100009,NaN,NaN,NaN,NaN,0.034750,-1.994018,1.986387,0.015775,-2.019355,-2.017302,-4.124210,0.099445,0.006947
21.119354,NaN,NaN,NaN,NaN,0.034540,-1.994441,1.986955,0.018962,-2.019163,-2.017873,-4.137955,0.098858,0.007378
21.132095,NaN,NaN,NaN,NaN,0.034454,-1.994583,1.987141,0.020036,-2.019096,-2.018061,-4.142460,0.098690,0.007515
21.140154,NaN,NaN,NaN,NaN,0.034358,-1.994724,1.987544,0.021101,-2.019023,-2.018419,-4.146946,0.098473,0.007812
21.150492,NaN,NaN,NaN,NaN,0.034252,-1.995008,1.987743,0.022158,-2.018875,-2.018597,-4.151413,0.098076,0.007954
21.160329,NaN,NaN,NaN,NaN,0.034136,-1.995151,1.987940,0.023206,-2.018799,-2.018773,-4.155861,0.097893,0.008095
21.170599,NaN,NaN,NaN,NaN,0.033872,-1.995300,1.988148,0.025303,-2.018734,-2.018938,-4.164673,0.097664,0.008255
21.180031,NaN,NaN,NaN,NaN,0.033724,-1.995450,1.988556,0.026352,-2.018667,-2.019266,-4.169033,0.097446,0.008560
21.191793,NaN,NaN,NaN,NaN,0.033567,-1.995750,1.988758,0.027391,-2.018532,-2.019429,-4.173378,0.097057,0.008709
21.200020,NaN,NaN,NaN,NaN,0.033400,-1.995899,1.988978,0.028422,-2.018469,-2.019572,-4.177704,0.096817,0.008877
21.210616,NaN,NaN,NaN,NaN,0.033056,-1.996048,1.989197,0.030494,-2.018406,-2.019714,-4.186237,0.096588,0.009037
21.219407,NaN,NaN,NaN,NaN,0.032870,-1.996198,1.989413,0.031517,-2.018341,-2.019856,-4.190479,0.096371,0.009197
21.230360,NaN,NaN,NaN,NaN,0.032674,-1.996484,1.989862,0.032529,-2.018207,-2.020126,-4.194706,0.095917,0.009518
21.250967,NaN,NaN,NaN,NaN,0.032128,-1.996759,1.990324,0.035573,-2.018069,-2.020383,-4.207253,0.095459,0.009823
21.259711,NaN,NaN,NaN,NaN,0.031927,-1.996898,1.990802,0.036568,-2.017999,-2.020625,-4.211399,0.095249,0.010128
21.270731,NaN,NaN,NaN,NaN,0.031751,-1.997185,1.991051,0.037577,-2.017863,-2.020739,-4.215492,0.094795,0.010284
21.279632,NaN,NaN,NaN,NaN,0.031371,-1.997330,1.991297,0.039565,-2.017794,-2.020853,-4.223625,0.094582,0.010437
21.291667,NaN,NaN,NaN,NaN,0.031166,-1.997476,1.991781,0.040544,-2.017725,-2.021081,-4.227669,0.094383,0.010731
21.300174,NaN,NaN,NaN,NaN,0.030979,-1.997621,1.992028,0.041543,-2.017654,-2.021183,-4.231655,0.094200,0.010876
21.310956,NaN,NaN,NaN,NaN,0.030783,-1.997929,1.992272,0.042531,-2.017518,-2.021285,-4.235626,0.093792,0.011021
21.330626,NaN,NaN,NaN,NaN,0.030158,-1.998237,1.992754,0.045463,-2.017380,-2.021490,-4.247406,0.093441,0.011295
21.341990,NaN,NaN,NaN,NaN,0.029946,-1.998398,1.992994,0.046440,-2.017328,-2.021578,-4.251274,0.093262,0.011436
21.350579,NaN,NaN,NaN,NaN,0.029725,-1.998719,1.993468,0.047406,-2.017221,-2.021755,-4.255127,0.092945,0.011707
21.370722,NaN,NaN,NaN,NaN,0.029044,-1.999059,1.993920,0.050271,-2.017126,-2.021911,-4.266563,0.092651,0.011990
21.392527,NaN,NaN,NaN,NaN,0.028556,-1.999414,1.994566,0.052137,-2.017043,-2.022117,-4.274086,0.092384,0.012402
21.399808,NaN,NaN,NaN,NaN,0.028322,-1.999789,1.994772,0.053066,-2.016968,-2.022171,-4.277798,0.092155,0.012531
21.410946,NaN,NaN,NaN,NaN,0.027826,-1.999987,1.994975,0.054890,-2.016935,-2.022226,-4.285172,0.092052,0.012657
21.430610,NaN,NaN,NaN,NaN,0.027296,-2.000380,1.995571,0.056669,-2.016864,-2.022382,-4.292488,0.091885,0.012943
21.440639,NaN,NaN,NaN,NaN,0.027045,-2.000786,1.995762,0.057549,-2.016808,-2.022427,-4.296097,0.091743,0.013027
21.450328,NaN,NaN,NaN,NaN,0.026518,-2.000989,1.995952,0.059275,-2.016778,-2.022472,-4.303280,0.091686,0.013107
21.461426,NaN,NaN,NaN,NaN,0.026242,-2.001191,1.996337,0.060120,-2.016746,-2.022561,-4.306847,0.091656,0.013260
21.471495,NaN,NaN,NaN,NaN,0.025960,-2.001604,1.996532,0.060950,-2.016715,-2.022605,-4.310379,0.091610,0.013329
21.479348,NaN,NaN,NaN,NaN,0.025370,-2.001810,1.996726,0.062575,-2.016697,-2.022650,-4.317413,0.091599,0.013390
21.501442,NaN,NaN,NaN,NaN,0.025063,-2.002226,1.997269,0.063372,-2.016658,-2.022761,-4.320908,0.091591,0.013565
21.510652,NaN,NaN,NaN,NaN,0.024456,-2.002647,1.997443,0.064931,-2.016617,-2.022795,-4.327816,0.091602,0.013622
21.519174,NaN,NaN,NaN,NaN,0.024141,-2.002858,1.997617,0.065693,-2.016594,-2.022831,-4.331249,0.091633,0.013676
21.530712,NaN,NaN,NaN,NaN,0.023494,-2.003075,1.997774,0.067194,-2.016565,-2.022855,-4.338058,0.091656,0.013725
21.540615,NaN,NaN,NaN,NaN,0.023163,-2.003292,1.998087,0.067931,-2.016535,-2.022908,-4.341431,0.091686,0.013847
21.551018,NaN,NaN,NaN,NaN,0.022824,-2.003508,1.998242,0.068657,-2.016503,-2.022936,-4.344791,0.091724,0.013908
21.560553,NaN,NaN,NaN,NaN,0.022478,-2.003939,1.998396,0.069373,-2.016435,-2.022966,-4.348137,0.091824,0.013966
21.570655,NaN,NaN,NaN,NaN,0.021762,-2.004158,1.998520,0.070787,-2.016408,-2.022989,-4.354763,0.091862,0.014015
21.579595,NaN,NaN,NaN,NaN,0.021394,-2.004376,1.998767,0.071477,-2.016380,-2.023039,-4.358051,0.091904,0.014111
21.592840,NaN,NaN,NaN,NaN,0.021019,-2.004812,1.998902,0.072155,-2.016320,-2.023059,-4.361328,0.092007,0.014164
21.610830,NaN,NaN,NaN,NaN,0.019879,-2.005230,1.999142,0.074130,-2.016300,-2.023099,-4.371017,0.092075,0.014271
21.619652,NaN,NaN,NaN,NaN,0.019487,-2.005648,1.999344,0.074766,-2.016272,-2.023167,-4.374218,0.092182,0.014347
21.630666,NaN,NaN,NaN,NaN,0.019088,-2.005835,1.999375,0.075390,-2.016273,-2.023226,-4.377407,0.092216,0.014404
21.640021,NaN,NaN,NaN,NaN,0.018683,-2.006023,1.999433,0.076003,-2.016271,-2.023272,-4.380585,0.092270,0.014442
21.660219,NaN,NaN,NaN,NaN,0.017425,-2.006400,1.999615,0.077778,-2.016263,-2.023395,-4.390026,0.092407,0.014503
21.670701,NaN,NaN,NaN,NaN,0.016989,-2.006728,1.999658,0.078351,-2.016279,-2.023437,-4.393147,0.092545,0.014519
21.679741,NaN,NaN,NaN,NaN,0.016100,-2.006894,1.999701,0.079464,-2.016283,-2.023481,-4.399345,0.092625,0.014538
21.691697,NaN,NaN,NaN,NaN,0.015647,-2.007060,1.999758,0.080004,-2.016285,-2.023557,-4.402424,0.092712,0.014584
21.710503,NaN,NaN,NaN,NaN,0.014728,-2.007482,1.999786,0.081067,-2.016326,-2.023624,-4.408524,0.092968,0.014633
21.727578,NaN,NaN,NaN,NaN,0.014261,-2.007625,1.999802,0.081582,-2.016335,-2.023660,-4.411560,0.093067,0.014645
21.737012,NaN,NaN,NaN,NaN,0.013315,-2.007758,1.999784,0.082595,-2.016355,-2.023679,-4.417572,0.093151,0.014671
21.759684,NaN,NaN,NaN,NaN,0.012352,-2.008165,1.999741,0.083580,-2.016402,-2.023745,-4.423515,0.093437,0.014744
21.777704,NaN,NaN,NaN,NaN,0.010860,-2.008392,1.999670,0.084990,-2.016463,-2.023767,-4.432289,0.093624,0.014828
21.787513,NaN,NaN,NaN,NaN,0.010353,-2.008508,1.999607,0.085441,-2.016489,-2.023795,-4.435177,0.093727,0.014896
21.798298,NaN,NaN,NaN,NaN,0.009841,-2.008625,1.999561,0.085881,-2.016513,-2.023806,-4.438057,0.093838,0.014950
21.816667,NaN,NaN,NaN,NaN,0.008276,-2.008884,1.999477,0.087197,-2.016585,-2.023831,-4.446598,0.094093,0.015053
21.826485,NaN,NaN,NaN,NaN,0.007746,-2.009067,1.999401,0.087614,-2.016622,-2.023864,-4.449421,0.094349,0.015144
21.836898,NaN,NaN,NaN,NaN,0.007205,-2.009132,1.999358,0.088038,-2.016663,-2.023877,-4.452225,0.094448,0.015213
21.846423,NaN,NaN,NaN,NaN,0.006113,-2.009200,1.999317,0.088853,-2.016702,-2.023892,-4.457817,0.094555,0.015270
21.858920,NaN,NaN,NaN,NaN,0.005563,-2.009270,1.999278,0.089245,-2.016738,-2.023909,-4.460598,0.094666,0.015327
21.866520,NaN,NaN,NaN,NaN,0.005006,-2.009342,1.999242,0.089632,-2.016772,-2.023926,-4.463333,0.094788,0.015381
21.876756,NaN,NaN,NaN,NaN,0.004447,-2.009423,1.999159,0.090009,-2.016904,-2.023954,-4.466061,0.094948,0.015530
21.885389,NaN,NaN,NaN,NaN,0.003885,-2.009467,1.999121,0.090376,-2.016965,-2.023971,-4.468773,0.095043,0.015598
21.907160,NaN,NaN,NaN,NaN,0.002135,-2.009527,1.998976,0.091412,-2.017114,-2.023996,-4.476799,0.095211,0.015812
21.916689,NaN,NaN,NaN,NaN,0.001540,-2.009565,1.998925,0.091736,-2.017285,-2.024001,-4.479443,0.095360,0.015884
21.926222,NaN,NaN,NaN,NaN,0.000942,-2.009588,1.998876,0.092050,-2.017366,-2.024007,-4.482075,0.095444,0.015949
21.936687,NaN,NaN,NaN,NaN,-0.000291,-2.009572,1.998820,0.092652,-2.017477,-2.023990,-4.487270,0.095490,0.016041
21.945921,NaN,NaN,NaN,NaN,-0.000910,-2.009560,1.998713,0.092937,-2.017585,-2.023960,-4.489849,0.095554,0.016220
21.957907,NaN,NaN,NaN,NaN,-0.001531,-2.009551,1.998663,0.093212,-2.017690,-2.023948,-4.492416,0.095627,0.016304
21.976924,NaN,NaN,NaN,NaN,-0.003448,-2.009467,1.998508,0.093979,-2.018070,-2.023906,-4.500038,0.095840,0.016495
21.996774,NaN,NaN,NaN,NaN,-0.004747,-2.009347,1.998257,0.094442,-2.018493,-2.023840,-4.505043,0.096066,0.016792
22.016645,NaN,NaN,NaN,NaN,-0.006768,-2.009247,1.998055,0.095111,-2.018802,-2.023784,-4.512363,0.096241,0.017006
22.036752,NaN,NaN,NaN,NaN,-0.008150,-2.009056,1.997739,0.095522,-2.019302,-2.023708,-4.517147,0.096485,0.017273
22.045976,NaN,NaN,NaN,NaN,-0.009565,-2.008990,1.997634,0.095906,-2.019472,-2.023686,-4.521851,0.096569,0.017361
22.056926,NaN,NaN,NaN,NaN,-0.010272,-2.008927,1.997531,0.096084,-2.019638,-2.023665,-4.524185,0.096664,0.017445
22.065986,NaN,NaN,NaN,NaN,-0.011003,-2.008749,1.997306,0.096263,-2.020028,-2.023611,-4.526474,0.096817,0.017632
22.076737,NaN,NaN,NaN,NaN,-0.011733,-2.008666,1.997198,0.096432,-2.020217,-2.023586,-4.528755,0.096905,0.017719
22.096769,NaN,NaN,NaN,NaN,-0.013958,-2.008514,1.996990,0.096893,-2.020583,-2.023542,-4.535507,0.097103,0.017891
22.105996,NaN,NaN,NaN,NaN,-0.014723,-2.008442,1.996772,0.097035,-2.020797,-2.023476,-4.537720,0.097179,0.018066
22.116757,NaN,NaN,NaN,NaN,-0.015487,-2.008309,1.996667,0.097167,-2.021211,-2.023445,-4.539925,0.097359,0.018154
22.137068,NaN,NaN,NaN,NaN,-0.017856,-2.008179,1.996451,0.097518,-2.021629,-2.023360,-4.546436,0.097576,0.018322
22.147441,NaN,NaN,NaN,NaN,-0.018656,-2.008114,1.996233,0.097619,-2.021841,-2.023255,-4.548580,0.097679,0.018490
22.167917,NaN,NaN,NaN,NaN,-0.019454,-2.007929,1.995996,0.097711,-2.022469,-2.023124,-4.550716,0.097988,0.018665
22.177199,NaN,NaN,NaN,NaN,-0.021151,-2.007867,1.995867,0.097869,-2.022680,-2.023045,-4.554913,0.098080,0.018757
22.185573,NaN,NaN,NaN,NaN,-0.021996,-2.007809,1.995740,0.097936,-2.022887,-2.022968,-4.556999,0.098179,0.018845
22.197188,NaN,NaN,NaN,NaN,-0.022839,-2.007681,1.995485,0.097994,-2.023301,-2.022795,-4.559082,0.098358,0.019028
22.206723,NaN,NaN,NaN,NaN,-0.023728,-2.007611,1.995357,0.098047,-2.023508,-2.022700,-4.561123,0.098442,0.019123
22.216808,NaN,NaN,NaN,NaN,-0.025497,-2.007546,1.995231,0.098130,-2.023711,-2.022607,-4.565193,0.098530,0.019215
22.227451,NaN,NaN,NaN,NaN,-0.027254,-2.007485,1.995109,0.098179,-2.023911,-2.022517,-4.569233,0.098625,0.019302
22.236962,NaN,NaN,NaN,NaN,-0.028160,-2.007351,1.994862,0.098198,-2.024339,-2.022329,-4.571220,0.098751,0.019520
22.258983,NaN,NaN,NaN,NaN,-0.030854,-2.007234,1.994507,0.098203,-2.024751,-2.022049,-4.577145,0.098911,0.019840
22.266262,NaN,NaN,NaN,NaN,-0.031791,-2.007168,1.994391,0.098215,-2.024967,-2.021949,-4.579090,0.098957,0.019951
22.285349,NaN,NaN,NaN,NaN,-0.032723,-2.007049,1.994166,0.098219,-2.025389,-2.021754,-4.581028,0.099072,0.020172
22.296923,NaN,NaN,NaN,NaN,-0.035531,-2.006929,1.994058,0.098196,-2.025809,-2.021654,-4.586803,0.099174,0.020302
22.316620,NaN,NaN,NaN,NaN,-0.037431,-2.006756,1.993753,0.098156,-2.026431,-2.021369,-4.590611,0.099323,0.020672
22.326424,NaN,NaN,NaN,NaN,-0.039337,-2.006686,1.993658,0.098113,-2.026635,-2.021277,-4.594383,0.099346,0.020821
22.337383,NaN,NaN,NaN,NaN,-0.040295,-2.006621,1.993564,0.098093,-2.026836,-2.021188,-4.596260,0.099377,0.020966
22.345607,NaN,NaN,NaN,NaN,-0.041248,-2.006560,1.993383,0.098066,-2.027034,-2.021017,-4.598129,0.099415,0.021240
22.358703,NaN,NaN,NaN,NaN,-0.043161,-2.006450,1.993297,0.098017,-2.027419,-2.020936,-4.601841,0.099514,0.021374
22.376713,NaN,NaN,NaN,NaN,-0.044121,-2.006316,1.993145,0.097994,-2.027788,-2.020772,-4.603683,0.099594,0.021679
22.396663,NaN,NaN,NaN,NaN,-0.046997,-2.006114,1.992932,0.097895,-2.028317,-2.020543,-4.609184,0.099709,0.022125
22.406223,NaN,NaN,NaN,NaN,-0.048929,-2.006034,1.992864,0.097811,-2.028486,-2.020469,-4.612816,0.099720,0.022285
22.417522,NaN,NaN,NaN,NaN,-0.049886,-2.005959,1.992798,0.097758,-2.028652,-2.020397,-4.614620,0.099743,0.022442
22.426933,NaN,NaN,NaN,NaN,-0.050856,-2.005887,1.992735,0.097715,-2.028815,-2.020327,-4.616417,0.099762,0.022591
22.437593,NaN,NaN,NaN,NaN,-0.051820,-2.005712,1.992638,0.097664,-2.029092,-2.020189,-4.618210,0.099689,0.022945
22.457834,NaN,NaN,NaN,NaN,-0.054712,-2.005556,1.992551,0.097480,-2.029358,-2.020060,-4.623535,0.099651,0.023304
22.476783,NaN,NaN,NaN,NaN,-0.056658,-2.005270,1.992403,0.097338,-2.029685,-2.019869,-4.627041,0.099483,0.023872
22.485633,NaN,NaN,NaN,NaN,-0.058575,-2.005185,1.992357,0.097167,-2.029790,-2.019811,-4.630531,0.099457,0.024052
22.496978,NaN,NaN,NaN,NaN,-0.059551,-2.005078,1.992301,0.097083,-2.029878,-2.019752,-4.632252,0.099388,0.024246
22.505872,NaN,NaN,NaN,NaN,-0.060520,-2.004975,1.992247,0.096991,-2.029963,-2.019696,-4.633984,0.099331,0.024429
22.528304,NaN,NaN,NaN,NaN,-0.063404,-2.004675,1.992092,0.096688,-2.030190,-2.019538,-4.639145,0.099152,0.024975
22.537949,NaN,NaN,NaN,NaN,-0.064363,-2.004573,1.992042,0.096583,-2.030250,-2.019488,-4.640854,0.099075,0.025162
22.546367,NaN,NaN,NaN,NaN,-0.065315,-2.004475,1.991947,0.096470,-2.030308,-2.019393,-4.642559,0.099003,0.025520
22.557172,NaN,NaN,NaN,NaN,-0.066259,-2.004382,1.991905,0.096350,-2.030366,-2.019333,-4.644257,0.098942,0.025723
22.567061,NaN,NaN,NaN,NaN,-0.068148,-2.004166,1.991866,0.096102,-2.030448,-2.019275,-4.647614,0.098743,0.025917
22.576792,NaN,NaN,NaN,NaN,-0.069080,-2.004066,1.991828,0.095967,-2.030488,-2.019219,-4.649281,0.098660,0.026104
22.586580,NaN,NaN,NaN,NaN,-0.070004,-2.003971,1.991791,0.095824,-2.030527,-2.019165,-4.650944,0.098587,0.026291
22.606142,NaN,NaN,NaN,NaN,-0.071814,-2.003651,1.991720,0.095537,-2.030601,-2.018980,-4.654217,0.098293,0.026924
22.617832,NaN,NaN,NaN,NaN,-0.073592,-2.003554,1.991678,0.095222,-2.030625,-2.018869,-4.657467,0.098228,0.027317
22.627586,NaN,NaN,NaN,NaN,-0.074462,-2.003462,1.991662,0.095062,-2.030649,-2.018809,-4.659073,0.098175,0.027538
22.636691,NaN,NaN,NaN,NaN,-0.075324,-2.003250,1.991647,0.094895,-2.030676,-2.018752,-4.660667,0.097992,0.027752
22.645565,NaN,NaN,NaN,NaN,-0.076177,-2.003152,1.991633,0.094722,-2.030690,-2.018696,-4.662262,0.097916,0.027962
22.657767,NaN,NaN,NaN,NaN,-0.077862,-2.003059,1.991620,0.094366,-2.030702,-2.018644,-4.665409,0.097847,0.028168
22.676661,NaN,NaN,NaN,NaN,-0.079515,-2.002716,1.991568,0.093995,-2.030729,-2.018472,-4.668518,0.097500,0.028866
22.685651,NaN,NaN,NaN,NaN,-0.080329,-2.002612,1.991553,0.093800,-2.030738,-2.018419,-4.670071,0.097404,0.029095
22.696687,NaN,NaN,NaN,NaN,-0.081938,-2.002489,1.991546,0.093403,-2.030732,-2.018368,-4.673134,0.097267,0.029350
22.706761,NaN,NaN,NaN,NaN,-0.082730,-2.002372,1.991539,0.093196,-2.030725,-2.018319,-4.674660,0.097141,0.029606
22.727620,NaN,NaN,NaN,NaN,-0.083512,-2.002031,1.991534,0.092983,-2.030684,-2.018177,-4.676182,0.096794,0.030365
22.736777,NaN,NaN,NaN,NaN,-0.085082,-2.001913,1.991541,0.092560,-2.030655,-2.018128,-4.679203,0.096680,0.030632
22.745425,NaN,NaN,NaN,NaN,-0.086615,-2.001801,1.991557,0.092114,-2.030627,-2.018036,-4.682205,0.096577,0.031143
22.758464,NaN,NaN,NaN,NaN,-0.087367,-2.001695,1.991559,0.091882,-2.030599,-2.017975,-4.683701,0.096481,0.031422
22.766087,NaN,NaN,NaN,NaN,-0.088139,-2.001454,1.991561,0.091654,-2.030526,-2.017916,-4.685188,0.096210,0.031696
22.776735,NaN,NaN,NaN,NaN,-0.089655,-2.001343,1.991565,0.091182,-2.030491,-2.017860,-4.688148,0.096088,0.031963
22.796652,NaN,NaN,NaN,NaN,-0.091160,-2.000965,1.991549,0.090697,-2.030351,-2.017674,-4.691090,0.095688,0.032776
22.818235,NaN,NaN,NaN,NaN,-0.093381,-2.000717,1.991516,0.089941,-2.030251,-2.017497,-4.695499,0.095436,0.033546
22.826206,NaN,NaN,NaN,NaN,-0.094138,-2.000571,1.991500,0.089690,-2.030200,-2.017444,-4.696960,0.095276,0.033798
22.836842,NaN,NaN,NaN,NaN,-0.094885,-2.000297,1.991485,0.089434,-2.030101,-2.017393,-4.698418,0.094990,0.034042
22.856887,NaN,NaN,NaN,NaN,-0.097097,-2.000031,1.991430,0.088639,-2.029998,-2.017292,-4.702759,0.094734,0.034531
22.876806,NaN,NaN,NaN,NaN,-0.098567,-1.999654,1.991318,0.088089,-2.029836,-2.017149,-4.705620,0.094360,0.035263
22.885958,NaN,NaN,NaN,NaN,-0.099285,-1.999541,1.991285,0.087807,-2.029783,-2.017104,-4.707043,0.094257,0.035496
22.896849,NaN,NaN,NaN,NaN,-0.100735,-1.999415,1.991213,0.087190,-2.029735,-2.017060,-4.709881,0.094120,0.035740
22.917254,NaN,NaN,NaN,NaN,-0.102141,-1.999072,1.991012,0.086556,-2.029595,-2.016935,-4.712696,0.093792,0.036438
22.936546,NaN,NaN,NaN,NaN,-0.104240,-1.998836,1.990819,0.085545,-2.029495,-2.016846,-4.716969,0.093555,0.036938
22.970135,NaN,NaN,NaN,NaN,-0.105600,-1.998502,1.990515,0.084843,-2.029347,-2.016708,-4.719788,0.093246,0.037674
22.990428,NaN,NaN,NaN,NaN,-0.107582,-1.998277,1.990279,0.083751,-2.029245,-2.016604,-4.723976,0.093025,0.038162
22.999831,NaN,NaN,NaN,NaN,-0.108230,-1.998173,1.990024,0.083376,-2.029196,-2.016485,-4.725365,0.092930,0.038662
23.010501,NaN,NaN,NaN,NaN,-0.108867,-1.998052,1.989886,0.082998,-2.029162,-2.016418,-4.726746,0.092831,0.038910
23.019422,NaN,NaN,NaN,NaN,-0.109492,-1.997829,1.989750,0.082616,-2.029094,-2.016353,-4.728119,0.092663,0.039150
23.031648,NaN,NaN,NaN,NaN,-0.110708,-1.997728,1.989618,0.081843,-2.029061,-2.016291,-4.730850,0.092590,0.039391
23.039709,NaN,NaN,NaN,NaN,-0.111312,-1.997617,1.989325,0.081443,-2.029026,-2.016114,-4.732193,0.092533,0.039879
23.049955,NaN,NaN,NaN,NaN,-0.111906,-1.997414,1.989184,0.081040,-2.028958,-2.016028,-4.733532,0.092445,0.040115
23.069954,NaN,NaN,NaN,NaN,-0.113060,-1.997231,1.988897,0.080228,-2.028882,-2.015845,-4.736191,0.092377,0.040562
23.078065,NaN,NaN,NaN,NaN,-0.114197,-1.997146,1.988753,0.079370,-2.028840,-2.015747,-4.738785,0.092354,0.040783
23.091219,NaN,NaN,NaN,NaN,-0.114748,-1.997068,1.988473,0.078937,-2.028797,-2.015559,-4.740074,0.092335,0.041218
23.099786,NaN,NaN,NaN,NaN,-0.115288,-1.996903,1.988335,0.078501,-2.028700,-2.015468,-4.741356,0.092316,0.041451
23.110934,NaN,NaN,NaN,NaN,-0.116303,-1.996817,1.988199,0.077614,-2.028646,-2.015380,-4.743851,0.092316,0.041683
23.119074,NaN,NaN,NaN,NaN,-0.116794,-1.996737,1.987938,0.077168,-2.028592,-2.015210,-4.745098,0.092319,0.042099
23.131324,NaN,NaN,NaN,NaN,-0.117276,-1.996567,1.987803,0.076720,-2.028478,-2.015127,-4.746334,0.092342,0.042324
23.150048,NaN,NaN,NaN,NaN,-0.118620,-1.996393,1.987543,0.075371,-2.028357,-2.014966,-4.749928,0.092388,0.042763
23.159467,NaN,NaN,NaN,NaN,-0.119046,-1.996241,1.987294,0.074917,-2.028240,-2.014813,-4.751118,0.092464,0.043186
23.170140,NaN,NaN,NaN,NaN,-0.119454,-1.996144,1.987159,0.074447,-2.028175,-2.014734,-4.752270,0.092480,0.043400
23.179669,NaN,NaN,NaN,NaN,-0.119851,-1.996053,1.987027,0.073975,-2.028111,-2.014657,-4.753422,0.092503,0.043583
23.191079,NaN,NaN,NaN,NaN,-0.120613,-1.995968,1.986773,0.073028,-2.028049,-2.014509,-4.755707,0.092533,0.043941
23.199653,NaN,NaN,NaN,NaN,-0.120951,-1.995889,1.986629,0.072543,-2.027987,-2.014407,-4.756817,0.092567,0.044140
23.220096,NaN,NaN,NaN,NaN,-0.121596,-1.995658,1.986350,0.071570,-2.027803,-2.014210,-4.759029,0.092628,0.044525
23.229923,NaN,NaN,NaN,NaN,-0.122172,-1.995575,1.986215,0.070594,-2.027736,-2.014115,-4.761208,0.092640,0.044716
23.249899,NaN,NaN,NaN,NaN,-0.122681,-1.995334,1.985796,0.069614,-2.027476,-2.013751,-4.763374,0.092575,0.045273
23.270238,NaN,NaN,NaN,NaN,-0.123311,-1.995203,1.985522,0.068154,-2.027321,-2.013498,-4.766548,0.092529,0.045643
23.291349,NaN,NaN,NaN,NaN,-0.123666,-1.995096,1.985115,0.067182,-2.027181,-2.013104,-4.768627,0.092499,0.046188
23.300112,NaN,NaN,NaN,NaN,-0.123830,-1.995017,1.984966,0.066695,-2.027068,-2.012941,-4.769676,0.092472,0.046371
23.310247,NaN,NaN,NaN,NaN,-0.124106,-1.994989,1.984821,0.065705,-2.027023,-2.012781,-4.771721,0.092453,0.046555
23.330271,NaN,NaN,NaN,NaN,-0.124346,-1.994948,1.984391,0.064714,-2.026937,-2.012272,-4.773754,0.092445,0.047089
23.350138,NaN,NaN,NaN,NaN,-0.124554,-1.994952,1.984103,0.063715,-2.026872,-2.011886,-4.775742,0.092388,0.047440
23.360237,NaN,NaN,NaN,NaN,-0.124727,-1.994969,1.983821,0.062714,-2.026830,-2.011484,-4.777718,0.092354,0.047798
23.370118,NaN,NaN,NaN,NaN,-0.124800,-1.994980,1.983682,0.062204,-2.026810,-2.011273,-4.778679,0.092327,0.047974
23.379549,NaN,NaN,NaN,NaN,-0.124864,-1.994996,1.983545,0.061694,-2.026790,-2.011065,-4.779636,0.092312,0.048149
23.391722,NaN,NaN,NaN,NaN,-0.124969,-1.995015,1.983265,0.060673,-2.026771,-2.010632,-4.781548,0.092304,0.048485
23.399720,NaN,NaN,NaN,NaN,-0.125015,-1.995040,1.983123,0.060168,-2.026753,-2.010408,-4.782478,0.092266,0.048653
23.410023,NaN,NaN,NaN,NaN,-0.125054,-1.995102,1.982984,0.059663,-2.026719,-2.010187,-4.783409,0.092220,0.048817
23.418662,NaN,NaN,NaN,NaN,-0.125085,-1.995139,1.982848,0.059158,-2.026704,-2.009971,-4.784336,0.092209,0.048962
23.430367,NaN,NaN,NaN,NaN,-0.125125,-1.995180,1.982714,0.058158,-2.026688,-2.009757,-4.786167,0.092205,0.049107
23.449890,NaN,NaN,NaN,NaN,-0.125136,-1.995280,1.982322,0.057166,-2.026610,-2.009033,-4.787971,0.092136,0.049496
23.460485,NaN,NaN,NaN,NaN,-0.125105,-1.995321,1.982197,0.056183,-2.026585,-2.008799,-4.789749,0.092144,0.049622
23.478779,NaN,NaN,NaN,NaN,-0.125034,-1.995369,1.981828,0.055210,-2.026505,-2.008069,-4.791527,0.092106,0.049988
23.491505,NaN,NaN,NaN,NaN,-0.124926,-1.995433,1.981710,0.054242,-2.026429,-2.007833,-4.793293,0.092102,0.050106
23.500413,NaN,NaN,NaN,NaN,-0.124857,-1.995431,1.981595,0.053760,-2.026374,-2.007577,-4.794163,0.092064,0.050217
23.510184,NaN,NaN,NaN,NaN,-0.124781,-1.995433,1.981482,0.053278,-2.026321,-2.007324,-4.795033,0.092037,0.050323
23.530231,NaN,NaN,NaN,NaN,-0.124604,-1.995430,1.981152,0.052317,-2.026136,-2.006577,-4.796745,0.091957,0.050613
23.539902,NaN,NaN,NaN,NaN,-0.124503,-1.995415,1.981042,0.051838,-2.026057,-2.006327,-4.797588,0.091923,0.050690
23.549991,NaN,NaN,NaN,NaN,-0.124283,-1.995404,1.980935,0.050881,-2.025980,-2.006082,-4.799274,0.091896,0.050766
23.560445,NaN,NaN,NaN,NaN,-0.124165,-1.995355,1.980829,0.050404,-2.025801,-2.005840,-4.800114,0.091827,0.050838
23.570328,NaN,NaN,NaN,NaN,-0.124026,-1.995318,1.980595,0.049918,-2.025700,-2.005342,-4.800941,0.091789,0.050941
23.579075,NaN,NaN,NaN,NaN,-0.123882,-1.995285,1.980482,0.049433,-2.025601,-2.005098,-4.801765,0.091763,0.050991
23.591561,NaN,NaN,NaN,NaN,-0.123578,-1.995255,1.980371,0.048465,-2.025502,-2.004856,-4.803410,0.091747,0.051044
23.610006,NaN,NaN,NaN,NaN,-0.123232,-1.995039,1.980019,0.047462,-2.025145,-2.004095,-4.805046,0.091602,0.051083
23.619186,NaN,NaN,NaN,NaN,-0.122868,-1.994976,1.979905,0.046465,-2.025029,-2.003847,-4.806679,0.091572,0.051098
23.630173,NaN,NaN,NaN,NaN,-0.122671,-1.994886,1.979788,0.045957,-2.024904,-2.003594,-4.807487,0.091507,0.051109
23.638992,NaN,NaN,NaN,NaN,-0.122470,-1.994799,1.979559,0.045449,-2.024780,-2.003098,-4.808296,0.091465,0.051128
23.650157,NaN,NaN,NaN,NaN,-0.122264,-1.994641,1.979448,0.044944,-2.024538,-2.002855,-4.809105,0.091400,0.051140
23.659234,NaN,NaN,NaN,NaN,-0.122053,-1.994520,1.979325,0.044440,-2.024414,-2.002597,-4.809917,0.091339,0.051144
23.670095,NaN,NaN,NaN,NaN,-0.121594,-1.994405,1.979204,0.043428,-2.024292,-2.002343,-4.811535,0.091282,0.051144
23.679393,NaN,NaN,NaN,NaN,-0.121357,-1.994187,1.978968,0.042924,-2.024053,-2.001844,-4.812344,0.091202,0.051151
23.698782,NaN,NaN,NaN,NaN,-0.120869,-1.993944,1.978723,0.041916,-2.023815,-2.001349,-4.813961,0.091141,0.051155
23.710338,NaN,NaN,NaN,NaN,-0.120359,-1.993808,1.978594,0.040909,-2.023696,-2.001103,-4.815578,0.091118,0.051155
23.719364,NaN,NaN,NaN,NaN,-0.120099,-1.993677,1.978468,0.040409,-2.023578,-2.000859,-4.816383,0.091103,0.051144
23.739548,NaN,NaN,NaN,NaN,-0.119534,-1.993200,1.978069,0.039409,-2.023244,-2.000087,-4.817986,0.091057,0.051136
23.751593,NaN,NaN,NaN,NaN,-0.118954,-1.993033,1.977929,0.038419,-2.023137,-1.999829,-4.819584,0.091045,0.051136
23.761709,NaN,NaN,NaN,NaN,-0.118649,-1.992871,1.977587,0.037929,-2.023030,-1.999315,-4.820374,0.091042,0.051117
23.770039,NaN,NaN,NaN,NaN,-0.118341,-1.992476,1.977398,0.037440,-2.022830,-1.999053,-4.821163,0.091003,0.051109
23.791675,NaN,NaN,NaN,NaN,-0.117395,-1.992102,1.976991,0.035976,-2.022638,-1.998557,-4.823517,0.090992,0.051102
23.799130,NaN,NaN,NaN,NaN,-0.117072,-1.991674,1.976581,0.035483,-2.022449,-1.998031,-4.824299,0.090977,0.051075
23.810596,NaN,NaN,NaN,NaN,-0.116746,-1.991469,1.976386,0.034992,-2.022357,-1.997770,-4.825077,0.090977,0.051060
23.830031,NaN,NaN,NaN,NaN,-0.116084,-1.991030,1.975983,0.034021,-2.022179,-1.997235,-4.826630,0.090984,0.051029
23.839431,NaN,NaN,NaN,NaN,-0.115755,-1.990796,1.975774,0.033525,-2.022094,-1.996962,-4.827404,0.090996,0.051010
23.851321,NaN,NaN,NaN,NaN,-0.115090,-1.990346,1.975365,0.032541,-2.021928,-1.996426,-4.828957,0.091042,0.050983
23.869991,NaN,NaN,NaN,NaN,-0.114077,-1.989881,1.974936,0.031047,-2.021771,-1.995869,-4.831284,0.091076,0.050964
23.878683,NaN,NaN,NaN,NaN,-0.113734,-1.989657,1.974725,0.030549,-2.021695,-1.995595,-4.832054,0.091118,0.050957
23.890179,NaN,NaN,NaN,NaN,-0.113390,-1.989211,1.974297,0.030055,-2.021550,-1.995041,-4.832825,0.091194,0.050941
23.899262,NaN,NaN,NaN,NaN,-0.113024,-1.988989,1.974080,0.029551,-2.021481,-1.994760,-4.833595,0.091228,0.050930
23.910019,NaN,NaN,NaN,NaN,-0.112284,-1.988773,1.973866,0.028555,-2.021413,-1.994483,-4.835133,0.091267,0.050926
23.929919,NaN,NaN,NaN,NaN,-0.111516,-1.988141,1.973213,0.027560,-2.021229,-1.993621,-4.836662,0.091377,0.050892
23.961586,NaN,NaN,NaN,NaN,-0.110323,-1.987738,1.972570,0.026077,-2.021115,-1.992765,-4.838951,0.091438,0.050858
23.970302,NaN,NaN,NaN,NaN,-0.109910,-1.987543,1.972350,0.025575,-2.021059,-1.992473,-4.839710,0.091476,0.050831
23.979884,NaN,NaN,NaN,NaN,-0.109497,-1.987149,1.972132,0.025077,-2.020934,-1.992184,-4.840469,0.091511,0.050804
23.988822,NaN,NaN,NaN,NaN,-0.109082,-1.986959,1.971916,0.024583,-2.020874,-1.991898,-4.841225,0.091537,0.050781
24.009363,NaN,NaN,NaN,NaN,-0.107823,-1.986585,1.971276,0.023107,-2.020756,-1.991028,-4.843513,0.091595,0.050697
24.019677,NaN,NaN,NaN,NaN,-0.107401,-1.986223,1.971067,0.022620,-2.020643,-1.990739,-4.844276,0.091660,0.050667
24.029401,NaN,NaN,NaN,NaN,-0.106978,-1.986047,1.970859,0.022138,-2.020588,-1.990452,-4.845051,0.091702,0.050625
24.040006,NaN,NaN,NaN,NaN,-0.106159,-1.985881,1.970648,0.021202,-2.020540,-1.990162,-4.846645,0.091724,0.050579
24.048613,NaN,NaN,NaN,NaN,-0.105748,-1.985720,1.970234,0.020741,-2.020493,-1.989591,-4.847439,0.091751,0.050495
24.061221,NaN,NaN,NaN,NaN,-0.104932,-1.985561,1.970030,0.019839,-2.020448,-1.989310,-4.849041,0.091785,0.050457
24.068468,NaN,NaN,NaN,NaN,-0.104527,-1.985269,1.969825,0.019398,-2.020368,-1.989040,-4.849850,0.091869,0.050411
24.088789,NaN,NaN,NaN,NaN,-0.103714,-1.985004,1.969421,0.018529,-2.020302,-1.988507,-4.851456,0.091965,0.050331
24.100489,NaN,NaN,NaN,NaN,-0.103306,-1.984877,1.969023,0.018101,-2.020270,-1.987998,-4.852249,0.092026,0.050259
24.109209,NaN,NaN,NaN,NaN,-0.102476,-1.984662,1.968825,0.017236,-2.020220,-1.987755,-4.853882,0.092117,0.050224
24.119629,NaN,NaN,NaN,NaN,-0.102060,-1.984559,1.968628,0.016810,-2.020196,-1.987514,-4.854691,0.092175,0.050194
24.140344,NaN,NaN,NaN,NaN,-0.101215,-1.984286,1.968033,0.015949,-2.020142,-1.986805,-4.856319,0.092293,0.050110
24.149669,NaN,NaN,NaN,NaN,-0.100786,-1.984203,1.967835,0.015515,-2.020128,-1.986574,-4.857159,0.092331,0.050087
24.161477,NaN,NaN,NaN,NaN,-0.099924,-1.984123,1.967640,0.014661,-2.020114,-1.986344,-4.858818,0.092381,0.050068
24.170241,NaN,NaN,NaN,NaN,-0.099475,-1.984045,1.967430,0.014212,-2.020101,-1.986122,-4.859657,0.092396,0.050049
24.180327,NaN,NaN,NaN,NaN,-0.099026,-1.983899,1.967018,0.013768,-2.020077,-1.985684,-4.860489,0.092453,0.050011
24.200652,NaN,NaN,NaN,NaN,-0.097671,-1.983772,1.966597,0.012425,-2.020055,-1.985254,-4.862980,0.092487,0.049980
24.219704,NaN,NaN,NaN,NaN,-0.096759,-1.983615,1.965955,0.011499,-2.020024,-1.984626,-4.864651,0.092548,0.049957
24.239897,NaN,NaN,NaN,NaN,-0.095389,-1.983522,1.965528,0.010097,-2.020003,-1.984225,-4.867165,0.092587,0.049950
24.248926,NaN,NaN,NaN,NaN,-0.094933,-1.983479,1.965100,0.009632,-2.019991,-1.983839,-4.867996,0.092598,0.049950
24.268900,NaN,NaN,NaN,NaN,-0.094026,-1.983375,1.964674,0.008683,-2.019957,-1.983472,-4.869671,0.092632,0.049961
24.279769,NaN,NaN,NaN,NaN,-0.093123,-1.983350,1.964461,0.007724,-2.019946,-1.983297,-4.871349,0.092632,0.049976
24.299860,NaN,NaN,NaN,NaN,-0.092222,-1.983302,1.963833,0.006773,-2.019914,-1.982797,-4.873005,0.092644,0.050011
24.319574,NaN,NaN,NaN,NaN,-0.090875,-1.983297,1.963422,0.005369,-2.019895,-1.982491,-4.875454,0.092659,0.050037
24.340140,NaN,NaN,NaN,NaN,-0.089969,-1.983307,1.962819,0.004475,-2.019868,-1.982086,-4.877094,0.092625,0.050060
24.361334,NaN,NaN,NaN,NaN,-0.088615,-1.983322,1.962429,0.003184,-2.019849,-1.981834,-4.879490,0.092606,0.050076
24.369341,NaN,NaN,NaN,NaN,-0.088165,-1.983332,1.962071,0.002771,-2.019838,-1.981646,-4.880280,0.092567,0.050106
24.388722,NaN,NaN,NaN,NaN,-0.086823,-1.983372,1.961722,0.001572,-2.019800,-1.981457,-4.882622,0.092506,0.050144
24.399947,NaN,NaN,NaN,NaN,-0.086364,-1.983385,1.961554,0.001169,-2.019769,-1.981391,-4.883408,0.092468,0.050171
24.409465,NaN,NaN,NaN,NaN,-0.085906,-1.983398,1.961225,0.000772,-2.019738,-1.981256,-4.884186,0.092438,0.050228
24.420857,NaN,NaN,NaN,NaN,-0.085449,-1.983431,1.961063,0.000382,-2.019676,-1.981187,-4.884956,0.092403,0.050259
24.428644,NaN,NaN,NaN,NaN,-0.084993,-1.983436,1.960907,-0.000000,-2.019627,-1.981145,-4.885715,0.092369,0.050289
24.439707,NaN,NaN,NaN,NaN,-0.084071,-1.983444,1.960753,-0.000751,-2.019579,-1.981102,-4.887245,0.092342,0.050320
24.448507,NaN,NaN,NaN,NaN,-0.083612,-1.983452,1.960449,-0.001117,-2.019531,-1.981011,-4.888000,0.092327,0.050365
24.460606,NaN,NaN,NaN,NaN,-0.083155,-1.983446,1.960307,-0.001476,-2.019428,-1.981005,-4.888748,0.092285,0.050392
24.469471,NaN,NaN,NaN,NaN,-0.082230,-1.983432,1.960167,-0.002191,-2.019373,-1.980996,-4.890266,0.092262,0.050419
24.479605,NaN,NaN,NaN,NaN,-0.081771,-1.983419,1.960029,-0.002539,-2.019319,-1.980986,-4.891014,0.092243,0.050442
24.499650,NaN,NaN,NaN,NaN,-0.080859,-1.983369,1.959622,-0.003235,-2.019158,-1.980988,-4.892517,0.092205,0.050514
24.509523,NaN,NaN,NaN,NaN,-0.080407,-1.983341,1.959490,-0.003583,-2.019104,-1.981014,-4.893276,0.092178,0.050529
24.520969,NaN,NaN,NaN,NaN,-0.079508,-1.983314,1.959229,-0.004257,-2.019050,-1.981060,-4.894760,0.092163,0.050560
24.539836,NaN,NaN,NaN,NaN,-0.078625,-1.983239,1.958955,-0.004918,-2.018899,-1.981165,-4.896297,0.092091,0.050564
24.560015,NaN,NaN,NaN,NaN,-0.077319,-1.983198,1.958686,-0.005852,-2.018801,-1.981259,-4.898586,0.092075,0.050575
24.569699,NaN,NaN,NaN,NaN,-0.076888,-1.983175,1.958383,-0.006147,-2.018771,-1.981426,-4.899361,0.092045,0.050587
24.579577,NaN,NaN,NaN,NaN,-0.076459,-1.983136,1.958233,-0.006435,-2.018709,-1.981506,-4.900124,0.092010,0.050591
24.588693,NaN,NaN,NaN,NaN,-0.076032,-1.983120,1.958084,-0.006717,-2.018677,-1.981582,-4.900875,0.092003,0.050602
24.600405,NaN,NaN,NaN,NaN,-0.075189,-1.983112,1.957924,-0.007272,-2.018662,-1.981705,-4.902431,0.091999,0.050602
24.620631,NaN,NaN,NaN,NaN,-0.073941,-1.983096,1.957452,-0.008060,-2.018616,-1.982053,-4.904697,0.091988,0.050610
24.639772,NaN,NaN,NaN,NaN,-0.073134,-1.983120,1.957149,-0.008566,-2.018605,-1.982359,-4.906223,0.091984,0.050613
24.648424,NaN,NaN,NaN,NaN,-0.072733,-1.983134,1.956852,-0.008809,-2.018600,-1.982651,-4.906971,0.091991,0.050629
24.669430,NaN,NaN,NaN,NaN,-0.072334,-1.983227,1.956584,-0.009046,-2.018589,-1.982993,-4.907707,0.092072,0.050640
24.679559,NaN,NaN,NaN,NaN,-0.071134,-1.983268,1.956451,-0.009801,-2.018586,-1.983159,-4.909901,0.092117,0.050652
24.688966,NaN,NaN,NaN,NaN,-0.070739,-1.983309,1.956320,-0.010041,-2.018582,-1.983321,-4.910610,0.092171,0.050652
24.709384,NaN,NaN,NaN,NaN,-0.069590,-1.983511,1.955998,-0.010796,-2.018562,-1.983868,-4.912735,0.092323,0.050686
24.720733,NaN,NaN,NaN,NaN,-0.069212,-1.983579,1.955795,-0.011035,-2.018554,-1.984239,-4.913425,0.092388,0.050705
24.730283,NaN,NaN,NaN,NaN,-0.068848,-1.983677,1.955699,-0.011288,-2.018529,-1.984431,-4.914127,0.092434,0.050716
24.739919,NaN,NaN,NaN,NaN,-0.068486,-1.983872,1.955603,-0.011534,-2.018478,-1.984619,-4.914818,0.092548,0.050728
24.760729,NaN,NaN,NaN,NaN,-0.068127,-1.984066,1.955413,-0.011775,-2.018427,-1.984984,-4.915508,0.092686,0.050766
24.769119,NaN,NaN,NaN,NaN,-0.067110,-1.984199,1.955235,-0.012490,-2.018399,-1.985362,-4.917599,0.092758,0.050770
24.779604,NaN,NaN,NaN,NaN,-0.066782,-1.984461,1.955147,-0.012721,-2.018341,-1.985544,-4.918289,0.092918,0.050774
24.799558,NaN,NaN,NaN,NaN,-0.066172,-1.984760,1.954964,-0.013172,-2.018272,-1.985902,-4.919666,0.093102,0.050774
24.809307,NaN,NaN,NaN,NaN,-0.065888,-1.984927,1.954778,-0.013392,-2.018232,-1.986247,-4.920357,0.093197,0.050751
24.820804,NaN,NaN,NaN,NaN,-0.065326,-1.985258,1.954686,-0.013814,-2.018151,-1.986414,-4.921707,0.093407,0.050743
24.829114,NaN,NaN,NaN,NaN,-0.065085,-1.985446,1.954584,-0.014030,-2.018116,-1.986569,-4.922390,0.093513,0.050724
24.839659,NaN,NaN,NaN,NaN,-0.064605,-1.985633,1.954483,-0.014443,-2.018080,-1.986721,-4.923721,0.093628,0.050709
24.848659,NaN,NaN,NaN,NaN,-0.064366,-1.985820,1.954282,-0.014641,-2.018045,-1.987015,-4.924374,0.093742,0.050678
24.860980,NaN,NaN,NaN,NaN,-0.064153,-1.986199,1.954178,-0.014860,-2.017974,-1.987158,-4.925026,0.093971,0.050667
24.879602,NaN,NaN,NaN,NaN,-0.063515,-1.986583,1.953972,-0.015478,-2.017901,-1.987433,-4.926929,0.094208,0.050667
24.888417,NaN,NaN,NaN,NaN,-0.063303,-1.986773,1.953772,-0.015672,-2.017864,-1.987698,-4.927544,0.094334,0.050667
24.899663,NaN,NaN,NaN,NaN,-0.063108,-1.987171,1.953674,-0.015891,-2.017789,-1.987828,-4.928169,0.094566,0.050667
24.909210,NaN,NaN,NaN,NaN,-0.062914,-1.987367,1.953577,-0.016104,-2.017751,-1.987954,-4.928783,0.094704,0.050671
24.921011,NaN,NaN,NaN,NaN,-0.062525,-1.987562,1.953385,-0.016510,-2.017713,-1.988186,-4.929985,0.094845,0.050652
24.930065,NaN,NaN,NaN,NaN,-0.062360,-1.987762,1.953291,-0.016708,-2.017682,-1.988293,-4.930592,0.094978,0.050632
24.939990,NaN,NaN,NaN,NaN,-0.062195,-1.988158,1.953196,-0.016901,-2.017617,-1.988397,-4.931190,0.095257,0.050613
24.962295,NaN,NaN,NaN,NaN,-0.061718,-1.988544,1.953010,-0.017431,-2.017567,-1.988593,-4.932961,0.095531,0.050568
24.969643,NaN,NaN,NaN,NaN,-0.061570,-1.988732,1.952825,-0.017589,-2.017549,-1.988776,-4.933556,0.095669,0.050507
24.990342,NaN,NaN,NaN,NaN,-0.061275,-1.989293,1.952650,-0.017888,-2.017515,-1.988949,-4.934719,0.096085,0.050465
25.009356,NaN,NaN,NaN,NaN,-0.060981,-1.989668,1.952400,-0.018160,-2.017516,-1.989192,-4.935913,0.096352,0.050419
25.022003,NaN,NaN,NaN,NaN,-0.060834,-1.990037,1.952317,-0.018287,-2.017512,-1.989268,-4.936497,0.096634,0.050407
25.029019,NaN,NaN,NaN,NaN,-0.060534,-1.990214,1.952242,-0.018527,-2.017522,-1.989334,-4.937664,0.096748,0.050396
25.039768,NaN,NaN,NaN,NaN,-0.060227,-1.990390,1.952166,-0.018747,-2.017529,-1.989397,-4.938824,0.096870,0.050388
25.059718,NaN,NaN,NaN,NaN,-0.059915,-1.990904,1.951950,-0.018942,-2.017568,-1.989569,-4.939964,0.097218,0.050365
25.068748,NaN,NaN,NaN,NaN,-0.059756,-1.991069,1.951885,-0.019031,-2.017593,-1.989619,-4.940529,0.097317,0.050350
25.080395,NaN,NaN,NaN,NaN,-0.059439,-1.991233,1.951754,-0.019193,-2.017617,-1.989712,-4.941628,0.097424,0.050323
25.089991,NaN,NaN,NaN,NaN,-0.059268,-1.991397,1.951686,-0.019277,-2.017640,-1.989749,-4.942196,0.097523,0.050301
25.100203,NaN,NaN,NaN,NaN,-0.059098,-1.991699,1.951619,-0.019356,-2.017693,-1.989784,-4.942753,0.097668,0.050282
25.108920,NaN,NaN,NaN,NaN,-0.058757,-1.991849,1.951551,-0.019497,-2.017717,-1.989817,-4.943836,0.097748,0.050243
25.121096,NaN,NaN,NaN,NaN,-0.058584,-1.991997,1.951483,-0.019558,-2.017741,-1.989847,-4.944389,0.097836,0.050205
25.129037,NaN,NaN,NaN,NaN,-0.058411,-1.992129,1.951363,-0.019614,-2.017777,-1.989947,-4.944939,0.097897,0.050098
25.139797,NaN,NaN,NaN,NaN,-0.058239,-1.992390,1.951303,-0.019664,-2.017844,-1.989993,-4.945473,0.098034,0.050049
25.149278,NaN,NaN,NaN,NaN,-0.058067,-1.992520,1.951243,-0.019709,-2.017876,-1.990037,-4.945995,0.098095,0.050003
25.159877,NaN,NaN,NaN,NaN,-0.057727,-1.992614,1.951193,-0.019786,-2.017922,-1.990100,-4.947033,0.098141,0.049938
25.180517,NaN,NaN,NaN,NaN,-0.057226,-1.992893,1.951042,-0.019867,-2.018052,-1.990271,-4.948574,0.098316,0.049717
25.199629,NaN,NaN,NaN,NaN,-0.056882,-1.993019,1.950955,-0.019908,-2.018147,-1.990410,-4.949589,0.098419,0.049564
25.219598,NaN,NaN,NaN,NaN,-0.056538,-1.993194,1.950830,-0.019928,-2.018283,-1.990595,-4.950565,0.098568,0.049347
25.228778,NaN,NaN,NaN,NaN,-0.056213,-1.993204,1.950793,-0.019948,-2.018309,-1.990651,-4.951534,0.098640,0.049267
25.239783,NaN,NaN,NaN,NaN,-0.056051,-1.993240,1.950756,-0.019950,-2.018346,-1.990705,-4.952007,0.098705,0.049191
25.260066,NaN,NaN,NaN,NaN,-0.055747,-1.993386,1.950662,-0.019939,-2.018455,-1.990851,-4.952927,0.098858,0.048958
25.281044,NaN,NaN,NaN,NaN,-0.055319,-1.993483,1.950602,-0.019886,-2.018518,-1.990936,-4.954250,0.098969,0.048809
25.289286,NaN,NaN,NaN,NaN,-0.055211,-1.993531,1.950571,-0.019855,-2.018547,-1.990975,-4.954693,0.099033,0.048748
25.299648,NaN,NaN,NaN,NaN,-0.055102,-1.993601,1.950541,-0.019820,-2.018622,-1.991046,-4.955128,0.099155,0.048626
25.319868,NaN,NaN,NaN,NaN,-0.054795,-1.993724,1.950507,-0.019681,-2.018714,-1.991107,-4.956371,0.099327,0.048512
25.331024,NaN,NaN,NaN,NaN,-0.054706,-1.993730,1.950500,-0.019623,-2.018751,-1.991151,-4.956768,0.099373,0.048374
25.340934,NaN,NaN,NaN,NaN,-0.054615,-1.993744,1.950495,-0.019559,-2.018821,-1.991171,-4.957157,0.099487,0.048309
25.360062,NaN,NaN,NaN,NaN,-0.054394,-1.993737,1.950498,-0.019314,-2.018890,-1.991210,-4.958275,0.099598,0.048176
25.380836,NaN,NaN,NaN,NaN,-0.054212,-1.993712,1.950517,-0.019002,-2.018958,-1.991262,-4.959324,0.099705,0.047974
25.390740,NaN,NaN,NaN,NaN,-0.054162,-1.993649,1.950541,-0.018881,-2.019022,-1.991289,-4.959663,0.099804,0.047894
25.399864,NaN,NaN,NaN,NaN,-0.054111,-1.993599,1.950564,-0.018756,-2.019054,-1.991312,-4.959999,0.099850,0.047817
25.409195,NaN,NaN,NaN,NaN,-0.054058,-1.993550,1.950585,-0.018627,-2.019084,-1.991334,-4.960323,0.099899,0.047749
25.419809,NaN,NaN,NaN,NaN,-0.054005,-1.993423,1.950640,-0.018496,-2.019147,-1.991389,-4.960644,0.099998,0.047596
25.439668,NaN,NaN,NaN,NaN,-0.053877,-1.993269,1.950705,-0.018005,-2.019212,-1.991452,-4.961552,0.100109,0.047428
25.461018,NaN,NaN,NaN,NaN,-0.053832,-1.993014,1.950814,-0.017836,-2.019315,-1.991587,-4.961842,0.100300,0.047153
25.468400,NaN,NaN,NaN,NaN,-0.053719,-1.992925,1.950851,-0.017246,-2.019349,-1.991637,-4.962723,0.100368,0.047047
25.482188,NaN,NaN,NaN,NaN,-0.053679,-1.992839,1.950887,-0.017044,-2.019382,-1.991684,-4.963009,0.100445,0.046940
25.500040,NaN,NaN,NaN,NaN,-0.053591,-1.992515,1.951009,-0.016580,-2.019511,-1.991821,-4.963585,0.100655,0.046593
25.520038,NaN,NaN,NaN,NaN,-0.053463,-1.992303,1.951079,-0.015838,-2.019588,-1.991898,-4.964409,0.100815,0.046368
25.539659,NaN,NaN,NaN,NaN,-0.053389,-1.991990,1.951170,-0.015295,-2.019689,-1.991994,-4.964924,0.101067,0.046036
25.560585,NaN,NaN,NaN,NaN,-0.053262,-1.991783,1.951208,-0.014401,-2.019744,-1.992053,-4.965668,0.101234,0.045818
25.581945,NaN,NaN,NaN,NaN,-0.053103,-1.991477,1.951236,-0.013419,-2.019809,-1.992134,-4.966373,0.101486,0.045498
25.599697,NaN,NaN,NaN,NaN,-0.052968,-1.991252,1.951235,-0.012702,-2.019849,-1.992209,-4.966820,0.101631,0.045277
25.620236,NaN,NaN,NaN,NaN,-0.052819,-1.990925,1.951218,-0.011960,-2.019892,-1.992333,-4.967258,0.101856,0.044960
25.639547,NaN,NaN,NaN,NaN,-0.052573,-1.990707,1.951189,-0.010810,-2.019906,-1.992440,-4.967892,0.101990,0.044746
25.668754,NaN,NaN,NaN,NaN,-0.052467,-1.990602,1.951147,-0.010435,-2.019913,-1.992556,-4.968113,0.102066,0.044579
25.679798,NaN,NaN,NaN,NaN,-0.052362,-1.990372,1.951120,-0.010059,-2.019913,-1.992620,-4.968327,0.102180,0.044491
25.700322,NaN,NaN,NaN,NaN,-0.052042,-1.990153,1.951065,-0.008928,-2.019911,-1.992740,-4.968952,0.102314,0.044327
25.710171,NaN,NaN,NaN,NaN,-0.051932,-1.989919,1.951017,-0.008557,-2.019904,-1.992878,-4.969158,0.102444,0.044182
25.720636,NaN,NaN,NaN,NaN,-0.051822,-1.989806,1.950993,-0.008186,-2.019900,-1.992943,-4.969357,0.102516,0.044113
25.739935,NaN,NaN,NaN,NaN,-0.051484,-1.989577,1.950960,-0.007096,-2.019890,-1.993084,-4.969975,0.102650,0.043987
25.748941,NaN,NaN,NaN,NaN,-0.051366,-1.989461,1.950939,-0.006750,-2.019885,-1.993232,-4.970184,0.102711,0.043873
25.760619,NaN,NaN,NaN,NaN,-0.051247,-1.989234,1.950928,-0.006404,-2.019874,-1.993302,-4.970390,0.102848,0.043819
25.769336,NaN,NaN,NaN,NaN,-0.051129,-1.989129,1.950921,-0.006057,-2.019872,-1.993389,-4.970592,0.102901,0.043774
25.780155,NaN,NaN,NaN,NaN,-0.050874,-1.989026,1.950913,-0.005390,-2.019869,-1.993473,-4.971043,0.102959,0.043732
25.800976,NaN,NaN,NaN,NaN,-0.050619,-1.988825,1.950902,-0.004719,-2.019862,-1.993742,-4.971478,0.103092,0.043659
25.809928,NaN,NaN,NaN,NaN,-0.050490,-1.988655,1.950909,-0.004391,-2.019853,-1.993847,-4.971695,0.103165,0.043644
25.819587,NaN,NaN,NaN,NaN,-0.050230,-1.988573,1.950914,-0.003735,-2.019848,-1.993949,-4.972122,0.103207,0.043629
25.839821,NaN,NaN,NaN,NaN,-0.049973,-1.988347,1.950929,-0.003089,-2.019811,-1.994274,-4.972542,0.103371,0.043594
25.848758,NaN,NaN,NaN,NaN,-0.049846,-1.988281,1.950935,-0.002770,-2.019786,-1.994402,-4.972755,0.103413,0.043606
25.870745,NaN,NaN,NaN,NaN,-0.049468,-1.988155,1.950956,-0.001822,-2.019736,-1.994797,-4.973370,0.103516,0.043655
25.879659,NaN,NaN,NaN,NaN,-0.049344,-1.988068,1.950965,-0.001512,-2.019651,-1.994944,-4.973572,0.103558,0.043682
25.888563,NaN,NaN,NaN,NaN,-0.049220,-1.988026,1.950974,-0.001201,-2.019608,-1.995086,-4.973770,0.103577,0.043705
25.900066,NaN,NaN,NaN,NaN,-0.048984,-1.987986,1.950983,-0.000587,-2.019564,-1.995224,-4.974171,0.103603,0.043732
25.919572,NaN,NaN,NaN,NaN,-0.048760,-1.987894,1.951075,0.000019,-2.019452,-1.995696,-4.974583,0.103619,0.043858
25.939858,NaN,NaN,NaN,NaN,-0.048423,-1.987849,1.951094,0.000945,-2.019400,-1.996038,-4.975204,0.103622,0.043934
25.949125,NaN,NaN,NaN,NaN,-0.048311,-1.987835,1.951106,0.001255,-2.019385,-1.996392,-4.975407,0.103630,0.044022
25.960631,NaN,NaN,NaN,NaN,-0.048085,-1.987821,1.951111,0.001877,-2.019368,-1.996563,-4.975803,0.103642,0.044067
25.979857,NaN,NaN,NaN,NaN,-0.047874,-1.987819,1.951121,0.002516,-2.019338,-1.996934,-4.976212,0.103649,0.044170
25.999685,NaN,NaN,NaN,NaN,-0.047661,-1.987855,1.951118,0.003154,-2.019314,-1.997474,-4.976608,0.103642,0.044331
26.010061,NaN,NaN,NaN,NaN,-0.047475,-1.987877,1.951109,0.003799,-2.019307,-1.997654,-4.977024,0.103619,0.044388
26.028680,NaN,NaN,NaN,NaN,-0.047288,-1.987900,1.951089,0.004442,-2.019299,-1.998003,-4.977421,0.103607,0.044491
26.039693,NaN,NaN,NaN,NaN,-0.047203,-1.987989,1.951019,0.004771,-2.019277,-1.998391,-4.977627,0.103550,0.044621
26.060670,NaN,NaN,NaN,NaN,-0.046950,-1.988056,1.950996,0.005752,-2.019259,-1.998734,-4.978214,0.103527,0.044720
26.069690,NaN,NaN,NaN,NaN,-0.046872,-1.988109,1.950960,0.006079,-2.019261,-1.999116,-4.978416,0.103512,0.044785
26.079786,NaN,NaN,NaN,NaN,-0.046794,-1.988214,1.950942,0.006406,-2.019260,-1.999300,-4.978615,0.103497,0.044819
26.099644,NaN,NaN,NaN,NaN,-0.046566,-1.988318,1.950902,0.007390,-2.019251,-1.999655,-4.979183,0.103508,0.044865
26.109701,NaN,NaN,NaN,NaN,-0.046494,-1.988387,1.950885,0.007721,-2.019266,-2.000028,-4.979362,0.103489,0.044880
26.129870,NaN,NaN,NaN,NaN,-0.046351,-1.988593,1.950864,0.008378,-2.019297,-2.000383,-4.979713,0.103481,0.044899
26.149717,NaN,NaN,NaN,NaN,-0.046202,-1.988746,1.950852,0.009031,-2.019339,-2.000750,-4.980030,0.103451,0.044880
26.161710,NaN,NaN,NaN,NaN,-0.046055,-1.988896,1.950834,0.009679,-2.019372,-2.001100,-4.980354,0.103451,0.044857
26.179929,NaN,NaN,NaN,NaN,-0.045778,-1.989072,1.950823,0.010607,-2.019449,-2.001444,-4.980770,0.103416,0.044769
26.199821,NaN,NaN,NaN,NaN,-0.045569,-1.989245,1.950809,0.011213,-2.019516,-2.001949,-4.981026,0.103405,0.044609
26.210290,NaN,NaN,NaN,NaN,-0.045337,-1.989440,1.950809,0.011805,-2.019635,-2.002122,-4.981300,0.103371,0.044533
26.219616,NaN,NaN,NaN,NaN,-0.045223,-1.989536,1.950808,0.012099,-2.019691,-2.002291,-4.981430,0.103363,0.044456
26.240595,NaN,NaN,NaN,NaN,-0.044974,-1.989852,1.950830,0.012694,-2.019916,-2.002818,-4.981689,0.103329,0.044159
26.261181,NaN,NaN,NaN,NaN,-0.044573,-1.990069,1.950847,0.013590,-2.020075,-2.003162,-4.982056,0.103321,0.043949
26.279625,NaN,NaN,NaN,NaN,-0.044265,-1.990459,1.950945,0.014169,-2.020419,-2.003692,-4.982323,0.103302,0.043556
26.299776,NaN,NaN,NaN,NaN,-0.043965,-1.990731,1.951026,0.014742,-2.020674,-2.004038,-4.982578,0.103306,0.043289
26.319654,NaN,NaN,NaN,NaN,-0.043482,-1.991160,1.951173,0.015538,-2.021090,-2.004547,-4.982971,0.103382,0.042877
26.330137,NaN,NaN,NaN,NaN,-0.043325,-1.991327,1.951249,0.015800,-2.021273,-2.004715,-4.983097,0.103401,0.042717
26.340119,NaN,NaN,NaN,NaN,-0.043027,-1.991493,1.951323,0.016260,-2.021451,-2.004879,-4.983341,0.103428,0.042564
26.361447,NaN,NaN,NaN,NaN,-0.042882,-1.991820,1.951528,0.016488,-2.021793,-2.005346,-4.983459,0.103500,0.042126
26.369626,NaN,NaN,NaN,NaN,-0.042738,-1.992159,1.951621,0.016715,-2.022164,-2.005502,-4.983578,0.103600,0.041962
26.379743,NaN,NaN,NaN,NaN,-0.042321,-1.992334,1.951711,0.017264,-2.022365,-2.005655,-4.983906,0.103657,0.041805
26.399947,NaN,NaN,NaN,NaN,-0.042047,-1.992863,1.951991,0.017596,-2.022984,-2.006101,-4.984158,0.103855,0.041286
26.420951,NaN,NaN,NaN,NaN,-0.041645,-1.993224,1.952295,0.018046,-2.023431,-2.006531,-4.984516,0.104000,0.040752
26.440425,NaN,NaN,NaN,NaN,-0.041373,-1.993799,1.952552,0.018266,-2.024169,-2.006795,-4.984753,0.104244,0.040363
26.461489,NaN,NaN,NaN,NaN,-0.040977,-1.994188,1.952948,0.018569,-2.024670,-2.007164,-4.985096,0.104427,0.039799
26.468666,NaN,NaN,NaN,NaN,-0.040848,-1.994387,1.953096,0.018652,-2.024957,-2.007277,-4.985207,0.104507,0.039600
26.479774,NaN,NaN,NaN,NaN,-0.040721,-1.994779,1.953240,0.018736,-2.025516,-2.007387,-4.985313,0.104679,0.039410
26.499671,NaN,NaN,NaN,NaN,-0.040364,-1.995181,1.953529,0.018970,-2.026087,-2.007594,-4.985607,0.104858,0.039013
26.508479,NaN,NaN,NaN,NaN,-0.040255,-1.995388,1.953814,0.019037,-2.026383,-2.007787,-4.985714,0.104950,0.038593
26.539844,NaN,NaN,NaN,NaN,-0.040149,-1.995592,1.953951,0.019104,-2.026673,-2.007879,-4.985813,0.105045,0.038391
26.559701,NaN,NaN,NaN,NaN,-0.039835,-1.996229,1.954220,0.019289,-2.027586,-2.008065,-4.986103,0.105328,0.037956
26.579037,NaN,NaN,NaN,NaN,-0.039733,-1.996860,1.954608,0.019348,-2.028524,-2.008333,-4.986191,0.105618,0.037323
26.587682,NaN,NaN,NaN,NaN,-0.039504,-1.997063,1.954737,0.019470,-2.028849,-2.008423,-4.986374,0.105709,0.037113
26.597648,NaN,NaN,NaN,NaN,-0.039253,-1.997265,1.954861,0.019596,-2.029169,-2.008510,-4.986549,0.105808,0.036903
26.618643,NaN,NaN,NaN,NaN,-0.038994,-1.997891,1.955228,0.019727,-2.030178,-2.008772,-4.986721,0.106075,0.036285
26.627557,NaN,NaN,NaN,NaN,-0.038728,-1.998100,1.955346,0.019862,-2.030516,-2.008857,-4.986893,0.106171,0.036087
26.638776,NaN,NaN,NaN,NaN,-0.038598,-1.998308,1.955460,0.019928,-2.030849,-2.008939,-4.986977,0.106266,0.035889
26.659164,NaN,NaN,NaN,NaN,-0.038214,-1.998953,1.955783,0.020134,-2.031882,-2.009190,-4.987247,0.106518,0.035294
26.677725,NaN,NaN,NaN,NaN,-0.037969,-1.999384,1.955982,0.020257,-2.032564,-2.009350,-4.987431,0.106686,0.034901
26.686865,NaN,NaN,NaN,NaN,-0.037848,-1.999608,1.956062,0.020314,-2.032930,-2.009439,-4.987526,0.106762,0.034687
26.697507,NaN,NaN,NaN,NaN,-0.037730,-2.000050,1.956212,0.020370,-2.033643,-2.009609,-4.987621,0.106934,0.034271
26.707362,NaN,NaN,NaN,NaN,-0.037615,-2.000267,1.956284,0.020425,-2.033990,-2.009691,-4.987717,0.107025,0.034061
26.717700,NaN,NaN,NaN,NaN,-0.037406,-2.000500,1.956341,0.020503,-2.034347,-2.009770,-4.987896,0.107090,0.033825
26.738437,NaN,NaN,NaN,NaN,-0.037205,-2.001184,1.956498,0.020579,-2.035381,-2.009991,-4.988068,0.107319,0.033142
26.757690,NaN,NaN,NaN,NaN,-0.036986,-2.001639,1.956588,0.020639,-2.036021,-2.010133,-4.988235,0.107445,0.032696
26.766294,NaN,NaN,NaN,NaN,-0.036778,-2.001863,1.956669,0.020697,-2.036333,-2.010265,-4.988396,0.107513,0.032272
26.778083,NaN,NaN,NaN,NaN,-0.036678,-2.002085,1.956713,0.020726,-2.036640,-2.010342,-4.988476,0.107594,0.032055
26.787102,NaN,NaN,NaN,NaN,-0.036571,-2.002524,1.956754,0.020735,-2.037239,-2.010417,-4.988541,0.107719,0.031845
26.797458,NaN,NaN,NaN,NaN,-0.036365,-2.002739,1.956793,0.020752,-2.037530,-2.010489,-4.988674,0.107792,0.031639
26.817524,NaN,NaN,NaN,NaN,-0.036157,-2.003371,1.956899,0.020742,-2.038357,-2.010734,-4.988796,0.107937,0.031048
26.827222,NaN,NaN,NaN,NaN,-0.036050,-2.003576,1.956930,0.020723,-2.038620,-2.010817,-4.988853,0.107986,0.030869
26.838432,NaN,NaN,NaN,NaN,-0.035846,-2.003780,1.956959,0.020686,-2.038878,-2.010897,-4.988972,0.108044,0.030697
26.846967,NaN,NaN,NaN,NaN,-0.035736,-2.003977,1.957014,0.020647,-2.039129,-2.011112,-4.989021,0.108078,0.030361
26.857592,NaN,NaN,NaN,NaN,-0.035629,-2.004366,1.957038,0.020608,-2.039618,-2.011214,-4.989071,0.108158,0.030197
26.877772,NaN,NaN,NaN,NaN,-0.035524,-2.004743,1.957084,0.020570,-2.040084,-2.011440,-4.989120,0.108227,0.029892
26.887027,NaN,NaN,NaN,NaN,-0.035237,-2.004927,1.957125,0.020441,-2.040307,-2.011682,-4.989250,0.108250,0.029621
26.897461,NaN,NaN,NaN,NaN,-0.035148,-2.005290,1.957142,0.020395,-2.040742,-2.011798,-4.989288,0.108315,0.029488
26.907438,NaN,NaN,NaN,NaN,-0.035062,-2.005469,1.957157,0.020350,-2.040953,-2.011911,-4.989326,0.108356,0.029358
26.917691,NaN,NaN,NaN,NaN,-0.034931,-2.005640,1.957158,0.020274,-2.041138,-2.012053,-4.989395,0.108360,0.029232
26.927385,NaN,NaN,NaN,NaN,-0.034869,-2.005808,1.957155,0.020237,-2.041320,-2.012327,-4.989429,0.108364,0.028980
26.947667,NaN,NaN,NaN,NaN,-0.034773,-2.006297,1.957146,0.020175,-2.041829,-2.012607,-4.989502,0.108372,0.028713
26.957762,NaN,NaN,NaN,NaN,-0.034705,-2.006452,1.957140,0.020124,-2.041980,-2.012752,-4.989590,0.108364,0.028564
26.977631,NaN,NaN,NaN,NaN,-0.034654,-2.006898,1.957111,0.020093,-2.042395,-2.013185,-4.989670,0.108349,0.028152
26.997443,NaN,NaN,NaN,NaN,-0.034609,-2.007174,1.957086,0.020074,-2.042629,-2.013480,-4.989780,0.108379,0.027901
27.018066,NaN,NaN,NaN,NaN,-0.034588,-2.007545,1.957024,0.020105,-2.042935,-2.013932,-4.989857,0.108406,0.027527
27.026425,NaN,NaN,NaN,NaN,-0.034581,-2.007660,1.956998,0.020120,-2.043028,-2.014082,-4.989891,0.108418,0.027409
27.038613,NaN,NaN,NaN,NaN,-0.034573,-2.007776,1.956971,0.020150,-2.043119,-2.014229,-4.989967,0.108433,0.027290
27.046896,NaN,NaN,NaN,NaN,-0.034570,-2.007868,1.956929,0.020173,-2.043204,-2.014382,-4.990005,0.108440,0.027176
27.057620,NaN,NaN,NaN,NaN,-0.034570,-2.007960,1.956842,0.020197,-2.043287,-2.014679,-4.990044,0.108456,0.026955
27.066784,NaN,NaN,NaN,NaN,-0.034572,-2.008144,1.956796,0.020219,-2.043446,-2.014823,-4.990097,0.108501,0.026855
27.077559,NaN,NaN,NaN,NaN,-0.034585,-2.008193,1.956736,0.020263,-2.043529,-2.014977,-4.990200,0.108517,0.026760
27.087117,NaN,NaN,NaN,NaN,-0.034595,-2.008243,1.956610,0.020285,-2.043610,-2.015278,-4.990250,0.108543,0.026577
27.098135,NaN,NaN,NaN,NaN,-0.034623,-2.008344,1.956546,0.020328,-2.043764,-2.015423,-4.990353,0.108608,0.026489
27.107086,NaN,NaN,NaN,NaN,-0.034643,-2.008350,1.956471,0.020357,-2.043851,-2.015585,-4.990395,0.108624,0.026394
27.126455,NaN,NaN,NaN,NaN,-0.034688,-2.008366,1.956240,0.020414,-2.044016,-2.016053,-4.990490,0.108673,0.026081
27.138997,NaN,NaN,NaN,NaN,-0.034714,-2.008367,1.956151,0.020442,-2.044174,-2.016222,-4.990540,0.108711,0.025974
27.157651,NaN,NaN,NaN,NaN,-0.034795,-2.008352,1.955968,0.020574,-2.044327,-2.016550,-4.990658,0.108738,0.025772
27.177755,NaN,NaN,NaN,NaN,-0.034869,-2.008312,1.955686,0.020673,-2.044541,-2.017046,-4.990730,0.108772,0.025467
27.198395,NaN,NaN,NaN,NaN,-0.035008,-2.008256,1.955401,0.020835,-2.044677,-2.017566,-4.990860,0.108768,0.025105
27.207034,NaN,NaN,NaN,NaN,-0.035058,-2.008230,1.955315,0.020914,-2.044742,-2.017763,-4.990891,0.108776,0.024982
27.217749,NaN,NaN,NaN,NaN,-0.035111,-2.008129,1.955228,0.020992,-2.044878,-2.017956,-4.990925,0.108730,0.024864
27.237504,NaN,NaN,NaN,NaN,-0.035274,-2.008033,1.955051,0.021255,-2.045007,-2.018333,-4.991024,0.108742,0.024632
27.258406,NaN,NaN,NaN,NaN,-0.035383,-2.007810,1.954768,0.021465,-2.045239,-2.018935,-4.991100,0.108727,0.024292
27.277680,NaN,NaN,NaN,NaN,-0.035545,-2.007642,1.954568,0.021847,-2.045387,-2.019336,-4.991211,0.108738,0.024071
27.286525,NaN,NaN,NaN,NaN,-0.035600,-2.007455,1.954355,0.021984,-2.045531,-2.019738,-4.991249,0.108753,0.023853
27.298297,NaN,NaN,NaN,NaN,-0.035658,-2.007364,1.954248,0.022120,-2.045600,-2.019934,-4.991283,0.108772,0.023746
27.307486,NaN,NaN,NaN,NaN,-0.035717,-2.007255,1.954133,0.022254,-2.045678,-2.020145,-4.991333,0.108780,0.023632
27.317891,NaN,NaN,NaN,NaN,-0.035846,-2.007147,1.954018,0.022585,-2.045755,-2.020353,-4.991444,0.108791,0.023521
27.327330,NaN,NaN,NaN,NaN,-0.035914,-2.007040,1.953786,0.022747,-2.045830,-2.020761,-4.991501,0.108814,0.023300
27.347479,NaN,NaN,NaN,NaN,-0.035984,-2.006727,1.953559,0.022907,-2.046063,-2.021185,-4.991554,0.108887,0.023083
27.358087,NaN,NaN,NaN,NaN,-0.036102,-2.006625,1.953444,0.023293,-2.046140,-2.021392,-4.991684,0.108921,0.022980
27.378477,NaN,NaN,NaN,NaN,-0.036290,-2.006281,1.953115,0.023880,-2.046382,-2.022020,-4.991894,0.109043,0.022648
27.398725,NaN,NaN,NaN,NaN,-0.036484,-2.006043,1.952898,0.024494,-2.046543,-2.022431,-4.992111,0.109150,0.022427
27.408175,NaN,NaN,NaN,NaN,-0.036546,-2.005904,1.952681,0.024718,-2.046632,-2.022853,-4.992188,0.109219,0.022209
27.426531,NaN,NaN,NaN,NaN,-0.036678,-2.005496,1.952461,0.025158,-2.046887,-2.023263,-4.992340,0.109459,0.022003
27.439347,NaN,NaN,NaN,NaN,-0.036817,-2.005364,1.952350,0.025606,-2.046970,-2.023463,-4.992489,0.109547,0.021904
27.457614,NaN,NaN,NaN,NaN,-0.036962,-2.004943,1.952022,0.026062,-2.047201,-2.024075,-4.992641,0.109821,0.021595
27.477607,NaN,NaN,NaN,NaN,-0.037038,-2.004658,1.951788,0.026286,-2.047358,-2.024461,-4.992718,0.110012,0.021393
27.486598,NaN,NaN,NaN,NaN,-0.037287,-2.004511,1.951539,0.027044,-2.047438,-2.024828,-4.992924,0.110111,0.021172
27.498690,NaN,NaN,NaN,NaN,-0.037374,-2.004224,1.951414,0.027290,-2.047595,-2.025009,-4.992996,0.110321,0.021061
27.507943,NaN,NaN,NaN,NaN,-0.037461,-2.004081,1.951279,0.027567,-2.047673,-2.025166,-4.993053,0.110413,0.020931
27.517712,NaN,NaN,NaN,NaN,-0.037643,-2.003940,1.951145,0.028112,-2.047749,-2.025321,-4.993172,0.110508,0.020805
27.526497,NaN,NaN,NaN,NaN,-0.037736,-2.003800,1.951010,0.028379,-2.047825,-2.025476,-4.993233,0.110626,0.020683
27.538535,NaN,NaN,NaN,NaN,-0.037828,-2.003507,1.950739,0.028663,-2.047979,-2.025765,-4.993275,0.110847,0.020432
27.547191,NaN,NaN,NaN,NaN,-0.038016,-2.003354,1.950603,0.029218,-2.048059,-2.025900,-4.993397,0.110950,0.020309
27.557636,NaN,NaN,NaN,NaN,-0.038113,-2.003203,1.950467,0.029490,-2.048137,-2.026034,-4.993458,0.111057,0.020191
27.566868,NaN,NaN,NaN,NaN,-0.038210,-2.002892,1.950330,0.029757,-2.048283,-2.026166,-4.993519,0.111259,0.020073
27.577683,NaN,NaN,NaN,NaN,-0.038290,-2.002734,1.950060,0.030041,-2.048352,-2.026383,-4.993580,0.111351,0.019821
27.598294,NaN,NaN,NaN,NaN,-0.038540,-2.002422,1.949788,0.030868,-2.048486,-2.026596,-4.993752,0.111572,0.019577
27.617462,NaN,NaN,NaN,NaN,-0.038610,-2.002076,1.949382,0.031136,-2.048593,-2.026834,-4.993824,0.111759,0.019138
27.626694,NaN,NaN,NaN,NaN,-0.038833,-2.001713,1.949247,0.031917,-2.048685,-2.026912,-4.994041,0.112007,0.019001
27.637876,NaN,NaN,NaN,NaN,-0.038897,-2.001525,1.949119,0.032185,-2.048718,-2.026952,-4.994110,0.112068,0.018856
27.647761,NaN,NaN,NaN,NaN,-0.038963,-2.001339,1.948862,0.032448,-2.048750,-2.027031,-4.994179,0.112129,0.018581
27.667154,NaN,NaN,NaN,NaN,-0.039155,-2.000776,1.948606,0.033232,-2.048843,-2.027080,-4.994385,0.112297,0.018291
27.678221,NaN,NaN,NaN,NaN,-0.039212,-2.000581,1.948479,0.033495,-2.048869,-2.027091,-4.994457,0.112339,0.018143
27.686771,NaN,NaN,NaN,NaN,-0.039272,-2.000388,1.948222,0.033755,-2.048895,-2.027114,-4.994526,0.112389,0.017849
27.698351,NaN,NaN,NaN,NaN,-0.039333,-2.000007,1.948094,0.034010,-2.048947,-2.027125,-4.994598,0.112507,0.017708
27.717560,NaN,NaN,NaN,NaN,-0.039472,-1.999583,1.947827,0.034778,-2.048991,-2.027098,-4.994862,0.112591,0.017403
27.737908,NaN,NaN,NaN,NaN,-0.039540,-1.998945,1.947425,0.035289,-2.049049,-2.027040,-4.995071,0.112732,0.016960
27.759775,NaN,NaN,NaN,NaN,-0.039582,-1.998508,1.947158,0.035803,-2.049079,-2.026974,-4.995285,0.112816,0.016659
27.767556,NaN,NaN,NaN,NaN,-0.039606,-1.998293,1.947024,0.036053,-2.049093,-2.026943,-4.995392,0.112843,0.016514
27.777847,NaN,NaN,NaN,NaN,-0.039600,-1.997864,1.946764,0.036575,-2.049080,-2.026843,-4.995621,0.112858,0.016209
27.786740,NaN,NaN,NaN,NaN,-0.039603,-1.997652,1.946633,0.037078,-2.049073,-2.026795,-4.995842,0.112873,0.016068
27.798854,NaN,NaN,NaN,NaN,-0.039590,-1.997443,1.946364,0.037337,-2.049066,-2.026681,-4.995960,0.112896,0.015793
27.807082,NaN,NaN,NaN,NaN,-0.039579,-1.997257,1.946226,0.037591,-2.049037,-2.026617,-4.996075,0.112900,0.015659
27.817525,NaN,NaN,NaN,NaN,-0.039570,-1.996889,1.946087,0.037840,-2.048982,-2.026553,-4.996193,0.112926,0.015530
27.837691,NaN,NaN,NaN,NaN,-0.039549,-1.996538,1.945809,0.038564,-2.048899,-2.026406,-4.996536,0.112980,0.015270
27.859216,NaN,NaN,NaN,NaN,-0.039528,-1.996034,1.945388,0.039256,-2.048737,-2.026159,-4.996883,0.113064,0.014908
27.877774,NaN,NaN,NaN,NaN,-0.039520,-1.995713,1.945102,0.039699,-2.048604,-2.025969,-4.997116,0.113102,0.014687
27.897950,NaN,NaN,NaN,NaN,-0.039524,-1.995270,1.944686,0.040125,-2.048395,-2.025680,-4.997341,0.113232,0.014359
27.917562,NaN,NaN,NaN,NaN,-0.039541,-1.995017,1.944426,0.040735,-2.048239,-2.025479,-4.997734,0.113331,0.014111
27.937937,NaN,NaN,NaN,NaN,-0.039564,-1.994700,1.944029,0.041111,-2.047982,-2.025168,-4.998005,0.113468,0.013767
27.946730,NaN,NaN,NaN,NaN,-0.039599,-1.994605,1.943896,0.041461,-2.047894,-2.025064,-4.998280,0.113518,0.013660
27.959381,NaN,NaN,NaN,NaN,-0.039619,-1.994510,1.943628,0.041630,-2.047806,-2.024862,-4.998417,0.113575,0.013435
27.977742,NaN,NaN,NaN,NaN,-0.039697,-1.994269,1.943348,0.041930,-2.047546,-2.024645,-4.998726,0.113712,0.013252
27.986331,NaN,NaN,NaN,NaN,-0.039783,-1.994196,1.943208,0.042215,-2.047461,-2.024539,-4.999027,0.113762,0.013157
27.997898,NaN,NaN,NaN,NaN,-0.039822,-1.994122,1.943067,0.042353,-2.047376,-2.024434,-4.999191,0.113815,0.013065
28.006590,NaN,NaN,NaN,NaN,-0.039863,-1.994060,1.942784,0.042489,-2.047294,-2.024212,-4.999348,0.113819,0.012909
28.018573,NaN,NaN,NaN,NaN,-0.039950,-1.993935,1.942641,0.042747,-2.047131,-2.024103,-4.999668,0.113842,0.012833
28.026628,NaN,NaN,NaN,NaN,-0.039988,-1.993872,1.942498,0.042863,-2.047051,-2.023996,-4.999840,0.113865,0.012753
28.037679,NaN,NaN,NaN,NaN,-0.040028,-1.993829,1.942353,0.042976,-2.046971,-2.023888,-5.000011,0.113873,0.012669
28.059070,NaN,NaN,NaN,NaN,-0.040160,-1.993695,1.941928,0.043279,-2.046738,-2.023563,-5.000504,0.113934,0.012432
28.068037,NaN,NaN,NaN,NaN,-0.040205,-1.993659,1.941813,0.043365,-2.046667,-2.023438,-5.000660,0.113949,0.012363
28.077612,NaN,NaN,NaN,NaN,-0.040252,-1.993621,1.941659,0.043446,-2.046596,-2.023333,-5.000816,0.113968,0.012272
28.086548,NaN,NaN,NaN,NaN,-0.040301,-1.993584,1.941351,0.043524,-2.046526,-2.023129,-5.000969,0.113991,0.012081
28.097739,NaN,NaN,NaN,NaN,-0.040352,-1.993505,1.941197,0.043598,-2.046381,-2.023023,-5.001118,0.114040,0.011993
28.106952,NaN,NaN,NaN,NaN,-0.040447,-1.993463,1.941044,0.043728,-2.046305,-2.022917,-5.001415,0.114063,0.011909
28.117619,NaN,NaN,NaN,NaN,-0.040497,-1.993421,1.940889,0.043787,-2.046230,-2.022813,-5.001560,0.114094,0.011826
28.137749,NaN,NaN,NaN,NaN,-0.040549,-1.993298,1.940395,0.043842,-2.046024,-2.022466,-5.001701,0.114098,0.011593
28.147757,NaN,NaN,NaN,NaN,-0.040641,-1.993255,1.940224,0.043957,-2.045957,-2.022347,-5.002140,0.114105,0.011524
28.167150,NaN,NaN,NaN,NaN,-0.040677,-1.993157,1.939722,0.044008,-2.045827,-2.021953,-5.002426,0.114090,0.011349
28.187118,NaN,NaN,NaN,NaN,-0.040698,-1.992989,1.939388,0.044047,-2.045639,-2.021683,-5.002846,0.114048,0.011238
28.208342,NaN,NaN,NaN,NaN,-0.040665,-1.992871,1.938873,0.044062,-2.045542,-2.021268,-5.003124,0.113953,0.011166
28.226234,NaN,NaN,NaN,NaN,-0.040641,-1.992753,1.938562,0.044064,-2.045446,-2.020981,-5.003387,0.113888,0.011101
28.237789,NaN,NaN,NaN,NaN,-0.040556,-1.992644,1.938432,0.044029,-2.045372,-2.020823,-5.003674,0.113800,0.011070
28.246341,NaN,NaN,NaN,NaN,-0.040518,-1.992594,1.938169,0.044007,-2.045347,-2.020513,-5.003815,0.113754,0.011009
28.267066,NaN,NaN,NaN,NaN,-0.040362,-1.992445,1.937917,0.043874,-2.045293,-2.020205,-5.004253,0.113594,0.010963
28.277497,NaN,NaN,NaN,NaN,-0.040308,-1.992397,1.937797,0.043817,-2.045290,-2.020050,-5.004402,0.113518,0.010952
28.286343,NaN,NaN,NaN,NaN,-0.040257,-1.992349,1.937552,0.043757,-2.045286,-2.019745,-5.004547,0.113445,0.010921
28.297911,NaN,NaN,NaN,NaN,-0.040186,-1.992256,1.937457,0.043683,-2.045306,-2.019582,-5.004711,0.113270,0.010906
28.307626,NaN,NaN,NaN,NaN,-0.040057,-1.992211,1.937360,0.043527,-2.045328,-2.019421,-5.005032,0.113167,0.010887
28.317469,NaN,NaN,NaN,NaN,-0.039998,-1.992166,1.937261,0.043446,-2.045350,-2.019261,-5.005184,0.113071,0.010868
28.338147,NaN,NaN,NaN,NaN,-0.039859,-1.992067,1.936991,0.043233,-2.045475,-2.018758,-5.005573,0.112736,0.010807
28.360020,NaN,NaN,NaN,NaN,-0.039736,-1.992009,1.936753,0.043012,-2.045575,-2.018231,-5.005943,0.112518,0.010746
28.367094,NaN,NaN,NaN,NaN,-0.039610,-1.991994,1.936693,0.042776,-2.045657,-2.018042,-5.006329,0.112354,0.010731
28.377598,NaN,NaN,NaN,NaN,-0.039545,-1.991962,1.936630,0.042651,-2.045816,-2.017855,-5.006538,0.112057,0.010712
28.397569,NaN,NaN,NaN,NaN,-0.039351,-1.991935,1.936540,0.042260,-2.045996,-2.017460,-5.007149,0.111755,0.010654
28.406549,NaN,NaN,NaN,NaN,-0.039281,-1.991924,1.936482,0.042125,-2.046097,-2.017046,-5.007355,0.111595,0.010609
28.418455,NaN,NaN,NaN,NaN,-0.039151,-1.991899,1.936449,0.041849,-2.046292,-2.016843,-5.007755,0.111305,0.010582
28.429062,NaN,NaN,NaN,NaN,-0.039075,-1.991891,1.936454,0.041700,-2.046425,-2.016614,-5.007957,0.111145,0.010559
28.437891,NaN,NaN,NaN,NaN,-0.039003,-1.991882,1.936456,0.041550,-2.046555,-2.016388,-5.008152,0.110992,0.010536
28.446646,NaN,NaN,NaN,NaN,-0.038935,-1.991872,1.936449,0.041399,-2.046683,-2.015944,-5.008350,0.110855,0.010502
28.467309,NaN,NaN,NaN,NaN,-0.038708,-1.991849,1.936494,0.040921,-2.047113,-2.015447,-5.008915,0.110409,0.010464
28.477958,NaN,NaN,NaN,NaN,-0.038632,-1.991841,1.936510,0.040756,-2.047260,-2.015203,-5.009090,0.110268,0.010445
28.486405,NaN,NaN,NaN,NaN,-0.038560,-1.991823,1.936532,0.040590,-2.047548,-2.014723,-5.009262,0.110031,0.010395
28.497528,NaN,NaN,NaN,NaN,-0.038482,-1.991814,1.936561,0.040415,-2.047705,-2.014456,-5.009418,0.109886,0.010372
28.507365,NaN,NaN,NaN,NaN,-0.038338,-1.991803,1.936586,0.040060,-2.047860,-2.014192,-5.009720,0.109749,0.010342
28.519341,NaN,NaN,NaN,NaN,-0.038272,-1.991791,1.936626,0.039881,-2.048013,-2.013672,-5.009861,0.109623,0.010277
28.538002,NaN,NaN,NaN,NaN,-0.038131,-1.991763,1.936668,0.039508,-2.048463,-2.013113,-5.010147,0.109207,0.010246
28.547672,NaN,NaN,NaN,NaN,-0.038003,-1.991754,1.936684,0.039131,-2.048610,-2.012839,-5.010410,0.109081,0.010227
28.558992,NaN,NaN,NaN,NaN,-0.037942,-1.991743,1.936696,0.038938,-2.048755,-2.012567,-5.010540,0.108963,0.010208
28.577834,NaN,NaN,NaN,NaN,-0.037827,-1.991719,1.936794,0.038550,-2.049062,-2.011710,-5.010780,0.108658,0.010143
28.586666,NaN,NaN,NaN,NaN,-0.037731,-1.991691,1.936820,0.038162,-2.049359,-2.011431,-5.011002,0.108387,0.010120
28.607521,NaN,NaN,NaN,NaN,-0.037655,-1.991654,1.936916,0.037773,-2.049642,-2.010522,-5.011200,0.108093,0.010056
28.618828,NaN,NaN,NaN,NaN,-0.037587,-1.991612,1.936941,0.037381,-2.049917,-2.010225,-5.011391,0.107841,0.010029
28.628573,NaN,NaN,NaN,NaN,-0.037559,-1.991610,1.936971,0.037186,-2.050052,-2.009919,-5.011478,0.107693,0.010006
28.637611,NaN,NaN,NaN,NaN,-0.037533,-1.991607,1.936998,0.036990,-2.050184,-2.009616,-5.011562,0.107552,0.009979
28.646323,NaN,NaN,NaN,NaN,-0.037508,-1.991602,1.937040,0.036794,-2.050315,-2.009021,-5.011642,0.107422,0.009922
28.659529,NaN,NaN,NaN,NaN,-0.037485,-1.991613,1.937059,0.036596,-2.050569,-2.008725,-5.011719,0.107162,0.009892
28.667209,NaN,NaN,NaN,NaN,-0.037439,-1.991629,1.937074,0.036215,-2.050693,-2.008433,-5.011875,0.107052,0.009865
28.677533,NaN,NaN,NaN,NaN,-0.037419,-1.991644,1.937086,0.036023,-2.050814,-2.008144,-5.011951,0.106953,0.009830
28.698589,NaN,NaN,NaN,NaN,-0.037383,-1.991690,1.937118,0.035650,-2.051140,-2.007284,-5.012154,0.106667,0.009697
28.707735,NaN,NaN,NaN,NaN,-0.037354,-1.991704,1.937124,0.035289,-2.051241,-2.007001,-5.012352,0.106583,0.009651
28.720095,NaN,NaN,NaN,NaN,-0.037342,-1.991717,1.937134,0.035107,-2.051339,-2.006441,-5.012447,0.106506,0.009571
28.739042,NaN,NaN,NaN,NaN,-0.037299,-1.991794,1.937140,0.034574,-2.051608,-2.005891,-5.012707,0.106209,0.009499
28.746299,NaN,NaN,NaN,NaN,-0.037288,-1.991816,1.937138,0.034395,-2.051695,-2.005620,-5.012787,0.106125,0.009434
28.767260,NaN,NaN,NaN,NaN,-0.037267,-1.991840,1.937128,0.034224,-2.051876,-2.004821,-5.012852,0.105968,0.009270
28.777676,NaN,NaN,NaN,NaN,-0.037232,-1.991843,1.937121,0.033878,-2.052060,-2.004559,-5.012974,0.105835,0.009220
28.797489,NaN,NaN,NaN,NaN,-0.037153,-1.991844,1.937115,0.033355,-2.052247,-2.004043,-5.013123,0.105732,0.009125
28.806465,NaN,NaN,NaN,NaN,-0.037124,-1.991844,1.937113,0.033180,-2.052342,-2.003537,-5.013184,0.105686,0.009071
28.818798,NaN,NaN,NaN,NaN,-0.037048,-1.991839,1.937108,0.032831,-2.052526,-2.003286,-5.013298,0.105614,0.009045
28.827359,NaN,NaN,NaN,NaN,-0.037000,-1.991854,1.937120,0.032657,-2.052626,-2.003045,-5.013351,0.105587,0.009018
28.837711,NaN,NaN,NaN,NaN,-0.036956,-1.991866,1.937129,0.032483,-2.052724,-2.002805,-5.013401,0.105568,0.008987
28.858095,NaN,NaN,NaN,NaN,-0.036854,-1.991897,1.937164,0.032138,-2.053024,-2.002124,-5.013496,0.105499,0.008877
28.877589,NaN,NaN,NaN,NaN,-0.036693,-1.991916,1.937207,0.031626,-2.053237,-2.001712,-5.013641,0.105492,0.008781
28.887679,NaN,NaN,NaN,NaN,-0.036644,-1.991932,1.937265,0.031456,-2.053473,-2.001314,-5.013687,0.105503,0.008671
28.897648,NaN,NaN,NaN,NaN,-0.036586,-1.991941,1.937302,0.031288,-2.053603,-2.001122,-5.013733,0.105511,0.008606
28.906494,NaN,NaN,NaN,NaN,-0.036477,-1.991947,1.937336,0.030954,-2.053731,-2.000932,-5.013824,0.105541,0.008545
28.919892,NaN,NaN,NaN,NaN,-0.036426,-1.991951,1.937410,0.030787,-2.053856,-2.000560,-5.013863,0.105576,0.008396
28.928455,NaN,NaN,NaN,NaN,-0.036369,-1.991969,1.937450,0.030630,-2.054005,-2.000377,-5.013912,0.105606,0.008308
28.937726,NaN,NaN,NaN,NaN,-0.036313,-1.991999,1.937487,0.030473,-2.054295,-2.000195,-5.013954,0.105686,0.008224
28.947078,NaN,NaN,NaN,NaN,-0.036209,-1.992011,1.937522,0.030158,-2.054436,-2.000014,-5.014034,0.105732,0.008137
28.967256,NaN,NaN,NaN,NaN,-0.036094,-1.992062,1.937691,0.029845,-2.054770,-1.999509,-5.014149,0.105858,0.007874
28.977521,NaN,NaN,NaN,NaN,-0.036041,-1.992105,1.937741,0.029688,-2.055093,-1.999343,-5.014202,0.106010,0.007786
28.997699,NaN,NaN,NaN,NaN,-0.035847,-1.992182,1.937899,0.029264,-2.055431,-1.999032,-5.014416,0.106171,0.007610
29.018867,NaN,NaN,NaN,NaN,-0.035646,-1.992282,1.938106,0.028882,-2.055920,-1.998570,-5.014648,0.106449,0.007355
29.027700,NaN,NaN,NaN,NaN,-0.035581,-1.992315,1.938213,0.028770,-2.056082,-1.998435,-5.014729,0.106533,0.007275
29.047229,NaN,NaN,NaN,NaN,-0.035460,-1.992401,1.938510,0.028545,-2.056553,-1.998032,-5.014889,0.106804,0.007050
29.058125,NaN,NaN,NaN,NaN,-0.035406,-1.992425,1.938646,0.028448,-2.056697,-1.997922,-5.014984,0.106892,0.006989
29.067051,NaN,NaN,NaN,NaN,-0.035304,-1.992448,1.938778,0.028253,-2.056839,-1.997812,-5.015163,0.106987,0.006927
29.078549,NaN,NaN,NaN,NaN,-0.035257,-1.992468,1.939027,0.028155,-2.056979,-1.997591,-5.015247,0.107086,0.006802
29.087109,NaN,NaN,NaN,NaN,-0.035225,-1.992502,1.939203,0.028067,-2.057253,-1.997494,-5.015327,0.107296,0.006748
29.097599,NaN,NaN,NaN,NaN,-0.035195,-1.992515,1.939374,0.027979,-2.057387,-1.997397,-5.015404,0.107399,0.006691
29.119211,NaN,NaN,NaN,NaN,-0.035133,-1.992535,1.939909,0.027724,-2.057649,-1.997109,-5.015648,0.107620,0.006531
29.137855,NaN,NaN,NaN,NaN,-0.035122,-1.992571,1.940310,0.027569,-2.058047,-1.996923,-5.015766,0.107903,0.006447
29.146840,NaN,NaN,NaN,NaN,-0.035117,-1.992579,1.940503,0.027410,-2.058176,-1.996829,-5.015873,0.108009,0.006405
29.157751,NaN,NaN,NaN,NaN,-0.035131,-1.992585,1.940751,0.027353,-2.058301,-1.996753,-5.015907,0.108086,0.006363
29.166790,NaN,NaN,NaN,NaN,-0.035146,-1.992590,1.941228,0.027295,-2.058425,-1.996598,-5.015938,0.108173,0.006325
29.179303,NaN,NaN,NaN,NaN,-0.035179,-1.992593,1.941459,0.027173,-2.058547,-1.996520,-5.015995,0.108261,0.006302
29.186883,NaN,NaN,NaN,NaN,-0.035212,-1.992604,1.941735,0.027132,-2.058795,-1.996458,-5.016022,0.108437,0.006290
29.197498,NaN,NaN,NaN,NaN,-0.035247,-1.992612,1.942006,0.027090,-2.058922,-1.996394,-5.016041,0.108521,0.006275
29.217553,NaN,NaN,NaN,NaN,-0.035319,-1.992642,1.942818,0.027002,-2.059309,-1.996214,-5.016079,0.108810,0.006233
29.226889,NaN,NaN,NaN,NaN,-0.035397,-1.992659,1.943102,0.026939,-2.059444,-1.996161,-5.016098,0.108894,0.006233
29.238605,NaN,NaN,NaN,NaN,-0.035438,-1.992674,1.943650,0.026906,-2.059578,-1.996051,-5.016106,0.108978,0.006229
29.246495,NaN,NaN,NaN,NaN,-0.035481,-1.992712,1.943943,0.026871,-2.059842,-1.996009,-5.016113,0.109135,0.006218
29.268070,NaN,NaN,NaN,NaN,-0.035574,-1.992753,1.944510,0.026836,-2.060099,-1.995920,-5.016132,0.109276,0.006187
29.278577,NaN,NaN,NaN,NaN,-0.035672,-1.992772,1.945054,0.026793,-2.060226,-1.995827,-5.016144,0.109356,0.006149
29.286922,NaN,NaN,NaN,NaN,-0.035726,-1.992790,1.945333,0.026785,-2.060351,-1.995781,-5.016174,0.109436,0.006123
29.297613,NaN,NaN,NaN,NaN,-0.035781,-1.992812,1.945606,0.026775,-2.060468,-1.995734,-5.016197,0.109489,0.006092
29.307217,NaN,NaN,NaN,NaN,-0.035896,-1.992854,1.945873,0.026748,-2.060699,-1.995686,-5.016243,0.109612,0.006065
29.327779,NaN,NaN,NaN,NaN,-0.036013,-1.992903,1.946656,0.026770,-2.060915,-1.995528,-5.016270,0.109737,0.005947
29.337803,NaN,NaN,NaN,NaN,-0.036073,-1.992959,1.946907,0.026778,-2.061117,-1.995472,-5.016285,0.109863,0.005901
29.347410,NaN,NaN,NaN,NaN,-0.036199,-1.992984,1.947152,0.026804,-2.061217,-1.995415,-5.016327,0.109936,0.005875
29.367142,NaN,NaN,NaN,NaN,-0.036333,-1.993046,1.947914,0.026840,-2.061396,-1.995239,-5.016365,0.110043,0.005760
29.378828,NaN,NaN,NaN,NaN,-0.036481,-1.993102,1.948155,0.026890,-2.061570,-1.995178,-5.016403,0.110172,0.005722
29.387324,NaN,NaN,NaN,NaN,-0.036561,-1.993154,1.948418,0.026922,-2.061649,-1.995125,-5.016418,0.110199,0.005672
29.397567,NaN,NaN,NaN,NaN,-0.036643,-1.993204,1.948674,0.026952,-2.061728,-1.995071,-5.016438,0.110229,0.005623
29.406984,NaN,NaN,NaN,NaN,-0.036724,-1.993253,1.949169,0.026978,-2.061806,-1.994959,-5.016430,0.110264,0.005497
29.417746,NaN,NaN,NaN,NaN,-0.036807,-1.993374,1.949435,0.027002,-2.061953,-1.994908,-5.016422,0.110321,0.005421
29.427200,NaN,NaN,NaN,NaN,-0.036983,-1.993445,1.949694,0.027078,-2.062022,-1.994856,-5.016392,0.110340,0.005348
29.437521,NaN,NaN,NaN,NaN,-0.037072,-1.993514,1.949948,0.027112,-2.062090,-1.994803,-5.016376,0.110367,0.005276
29.446911,NaN,NaN,NaN,NaN,-0.037161,-1.993671,1.950463,0.027144,-2.062220,-1.994709,-5.016361,0.110413,0.005127
29.458004,NaN,NaN,NaN,NaN,-0.037254,-1.993758,1.950723,0.027195,-2.062282,-1.994669,-5.016354,0.110432,0.005054
29.466482,NaN,NaN,NaN,NaN,-0.037441,-1.993843,1.950977,0.027288,-2.062344,-1.994627,-5.016304,0.110455,0.004997
29.478752,NaN,NaN,NaN,NaN,-0.037535,-1.993926,1.951483,0.027331,-2.062405,-1.994549,-5.016281,0.110485,0.004883
29.487723,NaN,NaN,NaN,NaN,-0.037651,-1.994022,1.951735,0.027400,-2.062463,-1.994514,-5.016258,0.110500,0.004829
29.506273,NaN,NaN,NaN,NaN,-0.037767,-1.994298,1.952221,0.027465,-2.062634,-1.994438,-5.016235,0.110565,0.004711
29.517920,NaN,NaN,NaN,NaN,-0.038139,-1.994402,1.952468,0.027683,-2.062681,-1.994412,-5.016174,0.110577,0.004658
29.527830,NaN,NaN,NaN,NaN,-0.038279,-1.994504,1.952943,0.027774,-2.062728,-1.994354,-5.016129,0.110596,0.004528
29.547005,NaN,NaN,NaN,NaN,-0.038702,-1.994797,1.953396,0.028065,-2.062870,-1.994290,-5.015999,0.110683,0.004395
29.558134,NaN,NaN,NaN,NaN,-0.038847,-1.994900,1.953631,0.028180,-2.062914,-1.994271,-5.015961,0.110706,0.004333
29.566380,NaN,NaN,NaN,NaN,-0.038991,-1.995000,1.954083,0.028291,-2.062958,-1.994229,-5.015923,0.110729,0.004211
29.579397,NaN,NaN,NaN,NaN,-0.039263,-1.995196,1.954301,0.028538,-2.063048,-1.994205,-5.015862,0.110802,0.004150
29.586391,NaN,NaN,NaN,NaN,-0.039391,-1.995302,1.954542,0.028672,-2.063092,-1.994185,-5.015839,0.110825,0.004101
29.597622,NaN,NaN,NaN,NaN,-0.039519,-1.995407,1.954778,0.028804,-2.063135,-1.994164,-5.015816,0.110851,0.004051
29.606353,NaN,NaN,NaN,NaN,-0.039646,-1.995611,1.955231,0.028931,-2.063223,-1.994116,-5.015793,0.110924,0.003948
29.618309,NaN,NaN,NaN,NaN,-0.039763,-1.995722,1.955479,0.029093,-2.063270,-1.994100,-5.015785,0.110943,0.003883
29.627338,NaN,NaN,NaN,NaN,-0.039996,-1.995832,1.955722,0.029406,-2.063318,-1.994083,-5.015766,0.110954,0.003822
29.637679,NaN,NaN,NaN,NaN,-0.040112,-1.995940,1.955959,0.029557,-2.063366,-1.994064,-5.015755,0.110966,0.003757
29.646530,NaN,NaN,NaN,NaN,-0.040219,-1.996167,1.956441,0.029733,-2.063457,-1.994035,-5.015766,0.110992,0.003616
29.657794,NaN,NaN,NaN,NaN,-0.040324,-1.996285,1.956686,0.029906,-2.063498,-1.994024,-5.015774,0.111004,0.003544
29.679016,NaN,NaN,NaN,NaN,-0.040638,-1.996516,1.957426,0.030402,-2.063583,-1.993993,-5.015800,0.111046,0.003323
29.686506,NaN,NaN,NaN,NaN,-0.040735,-1.996628,1.957687,0.030586,-2.063619,-1.993988,-5.015835,0.111042,0.003246
29.707068,NaN,NaN,NaN,NaN,-0.041020,-1.996954,1.958191,0.031117,-2.063731,-1.993972,-5.015934,0.111073,0.003098
29.717803,NaN,NaN,NaN,NaN,-0.041098,-1.997043,1.958462,0.031302,-2.063774,-1.993969,-5.015984,0.111076,0.003025
29.737739,NaN,NaN,NaN,NaN,-0.041250,-1.997305,1.959242,0.031661,-2.063907,-1.993949,-5.016087,0.111130,0.002808
29.747447,NaN,NaN,NaN,NaN,-0.041376,-1.997374,1.959518,0.032029,-2.063963,-1.993940,-5.016197,0.111134,0.002739
29.758581,NaN,NaN,NaN,NaN,-0.041426,-1.997441,1.959788,0.032218,-2.064019,-1.993929,-5.016258,0.111141,0.002670
29.767896,NaN,NaN,NaN,NaN,-0.041475,-1.997508,1.960310,0.032403,-2.064077,-1.993901,-5.016319,0.111156,0.002552
29.779323,NaN,NaN,NaN,NaN,-0.041575,-1.997631,1.960587,0.032771,-2.064203,-1.993897,-5.016445,0.111183,0.002491
29.787716,NaN,NaN,NaN,NaN,-0.041625,-1.997686,1.960859,0.032955,-2.064272,-1.993891,-5.016510,0.111198,0.002430
29.797957,NaN,NaN,NaN,NaN,-0.041674,-1.997740,1.961124,0.033134,-2.064340,-1.993883,-5.016575,0.111217,0.002369
29.806994,NaN,NaN,NaN,NaN,-0.041723,-1.997848,1.961639,0.033310,-2.064478,-1.993860,-5.016632,0.111271,0.002247
29.827384,NaN,NaN,NaN,NaN,-0.041841,-1.997928,1.962156,0.033876,-2.064654,-1.993856,-5.016872,0.111320,0.002125
29.839747,NaN,NaN,NaN,NaN,-0.041880,-1.997968,1.962652,0.034056,-2.064742,-1.993843,-5.016953,0.111351,0.002010
29.847422,NaN,NaN,NaN,NaN,-0.041903,-1.998007,1.962886,0.034240,-2.064829,-1.993851,-5.017044,0.111389,0.001949
29.857912,NaN,NaN,NaN,NaN,-0.041926,-1.998051,1.963115,0.034419,-2.065019,-1.993857,-5.017128,0.111458,0.001888
29.866293,NaN,NaN,NaN,NaN,-0.041970,-1.998072,1.963340,0.034767,-2.065114,-1.993860,-5.017292,0.111504,0.001827
29.877775,NaN,NaN,NaN,NaN,-0.041978,-1.998094,1.963560,0.034950,-2.065210,-1.993860,-5.017387,0.111553,0.001766
29.887097,NaN,NaN,NaN,NaN,-0.041985,-1.998110,1.963989,0.035130,-2.065306,-1.993919,-5.017483,0.111603,0.001652
29.897530,NaN,NaN,NaN,NaN,-0.041991,-1.998143,1.964197,0.035305,-2.065501,-1.993945,-5.017574,0.111725,0.001595
29.907431,NaN,NaN,NaN,NaN,-0.041994,-1.998159,1.964401,0.035654,-2.065598,-1.993967,-5.017769,0.111794,0.001537
29.926655,NaN,NaN,NaN,NaN,-0.041986,-1.998179,1.964986,0.035998,-2.065771,-1.994087,-5.017967,0.111935,0.001328
29.938769,NaN,NaN,NaN,NaN,-0.041978,-1.998165,1.965173,0.036325,-2.065929,-1.994121,-5.018150,0.112099,0.001255
29.957863,NaN,NaN,NaN,NaN,-0.041920,-1.998165,1.965541,0.036637,-2.066044,-1.994231,-5.018341,0.112240,0.001060
29.966278,NaN,NaN,NaN,NaN,-0.041892,-1.998166,1.965893,0.036786,-2.066103,-1.994328,-5.018433,0.112320,0.000870
29.986398,NaN,NaN,NaN,NaN,-0.041864,-1.998170,1.966240,0.036931,-2.066228,-1.994459,-5.018520,0.112560,0.000645
29.997639,NaN,NaN,NaN,NaN,-0.041719,-1.998172,1.966408,0.037329,-2.066263,-1.994519,-5.018776,0.112644,0.000534
30.017470,NaN,NaN,NaN,NaN,-0.041619,-1.998196,1.966889,0.037580,-2.066309,-1.994702,-5.018967,0.112904,0.000175
30.027580,NaN,NaN,NaN,NaN,-0.041514,-1.998206,1.967043,0.037820,-2.066316,-1.994761,-5.019146,0.112999,0.000053
30.038455,NaN,NaN,NaN,NaN,-0.041463,-1.998216,1.967193,0.037935,-2.066324,-1.994817,-5.019234,0.113098,-0.000065
30.047626,NaN,NaN,NaN,NaN,-0.041409,-1.998228,1.967493,0.038052,-2.066314,-1.994913,-5.019318,0.113186,-0.000317
30.066763,NaN,NaN,NaN,NaN,-0.041355,-1.998265,1.967782,0.038166,-2.066294,-1.994998,-5.019398,0.113476,-0.000557
30.077835,NaN,NaN,NaN,NaN,-0.041203,-1.998278,1.967922,0.038498,-2.066291,-1.995037,-5.019566,0.113583,-0.000675
30.086704,NaN,NaN,NaN,NaN,-0.041158,-1.998291,1.968080,0.038611,-2.066263,-1.995073,-5.019611,0.113678,-0.000786
30.097555,NaN,NaN,NaN,NaN,-0.041112,-1.998317,1.968386,0.038720,-2.066212,-1.995138,-5.019650,0.113884,-0.001007
30.118085,NaN,NaN,NaN,NaN,-0.040984,-1.998328,1.968700,0.039053,-2.066143,-1.995199,-5.019722,0.114090,-0.001213
30.139251,NaN,NaN,NaN,NaN,-0.040943,-1.998326,1.969179,0.039162,-2.066054,-1.995284,-5.019737,0.114300,-0.001465
30.147707,NaN,NaN,NaN,NaN,-0.040866,-1.998306,1.969356,0.039382,-2.065946,-1.995315,-5.019737,0.114513,-0.001549
30.166963,NaN,NaN,NaN,NaN,-0.040756,-1.998271,1.969699,0.039701,-2.065822,-1.995369,-5.019684,0.114735,-0.001713
30.177807,NaN,NaN,NaN,NaN,-0.040720,-1.998208,1.970052,0.039809,-2.065678,-1.995422,-5.019646,0.114971,-0.001884
30.186878,NaN,NaN,NaN,NaN,-0.040647,-1.998163,1.970234,0.040013,-2.065596,-1.995448,-5.019527,0.115093,-0.001991
30.197570,NaN,NaN,NaN,NaN,-0.040611,-1.998119,1.970413,0.040110,-2.065516,-1.995472,-5.019466,0.115219,-0.002098
30.208121,NaN,NaN,NaN,NaN,-0.040574,-1.998077,1.970840,0.040204,-2.065438,-1.995495,-5.019405,0.115349,-0.002274
30.218660,NaN,NaN,NaN,NaN,-0.040541,-1.997945,1.971037,0.040312,-2.065244,-1.995521,-5.019325,0.115612,-0.002373
30.226492,NaN,NaN,NaN,NaN,-0.040507,-1.997881,1.971194,0.040417,-2.065151,-1.995566,-5.019241,0.115749,-0.002445
30.239500,NaN,NaN,NaN,NaN,-0.040440,-1.997819,1.971374,0.040618,-2.065061,-1.995593,-5.019081,0.115891,-0.002537
30.257752,NaN,NaN,NaN,NaN,-0.040413,-1.997611,1.971998,0.040751,-2.064746,-1.995672,-5.018967,0.116302,-0.002800
30.266241,NaN,NaN,NaN,NaN,-0.040385,-1.997544,1.972200,0.040881,-2.064647,-1.995693,-5.018856,0.116447,-0.002888
30.277705,NaN,NaN,NaN,NaN,-0.040317,-1.997479,1.972425,0.041286,-2.064545,-1.995718,-5.018513,0.116589,-0.002960
30.297455,NaN,NaN,NaN,NaN,-0.040290,-1.997293,1.973079,0.041585,-2.064256,-1.995776,-5.018265,0.117031,-0.003174
30.307677,NaN,NaN,NaN,NaN,-0.040276,-1.997244,1.973310,0.041730,-2.064160,-1.995794,-5.018139,0.117161,-0.003212
30.326545,NaN,NaN,NaN,NaN,-0.040257,-1.997149,1.973763,0.042044,-2.063975,-1.995819,-5.017860,0.117439,-0.003288
30.339015,NaN,NaN,NaN,NaN,-0.040235,-1.997060,1.974202,0.042346,-2.063797,-1.995833,-5.017593,0.117729,-0.003365
30.357554,NaN,NaN,NaN,NaN,-0.040227,-1.997007,1.974656,0.042675,-2.063590,-1.995823,-5.017311,0.117939,-0.003391
30.366899,NaN,NaN,NaN,NaN,-0.040217,-1.996973,1.974879,0.042991,-2.063353,-1.995814,-5.017048,0.118153,-0.003391
30.377957,NaN,NaN,NaN,NaN,-0.040213,-1.996978,1.975334,0.043162,-2.063216,-1.995763,-5.016895,0.118221,-0.003365
30.386624,NaN,NaN,NaN,NaN,-0.040208,-1.996993,1.975566,0.043330,-2.063064,-1.995722,-5.016750,0.118290,-0.003342
30.398323,NaN,NaN,NaN,NaN,-0.040198,-1.997019,1.976022,0.043658,-2.062897,-1.995635,-5.016464,0.118355,-0.003296
30.407764,NaN,NaN,NaN,NaN,-0.040184,-1.997057,1.976253,0.043827,-2.062715,-1.995553,-5.016308,0.118401,-0.003258
30.417661,NaN,NaN,NaN,NaN,-0.040171,-1.997105,1.976482,0.043994,-2.062504,-1.995469,-5.016155,0.118401,-0.003223
30.438800,NaN,NaN,NaN,NaN,-0.040121,-1.997319,1.976931,0.044493,-2.061775,-1.995298,-5.015701,0.118240,-0.003166
30.446615,NaN,NaN,NaN,NaN,-0.040096,-1.997422,1.977376,0.044665,-2.061474,-1.995069,-5.015537,0.118069,-0.003063
30.457902,NaN,NaN,NaN,NaN,-0.040072,-1.997663,1.977595,0.044834,-2.060828,-1.994953,-5.015377,0.117584,-0.003014
30.466427,NaN,NaN,NaN,NaN,-0.040049,-1.997802,1.977812,0.045000,-2.060481,-1.994835,-5.015221,0.117256,-0.002968
30.486480,NaN,NaN,NaN,NaN,-0.039998,-1.998129,1.978447,0.045341,-2.059653,-1.994428,-5.014885,0.116314,-0.002754
30.498306,NaN,NaN,NaN,NaN,-0.039947,-1.998505,1.978655,0.045687,-2.058767,-1.994289,-5.014561,0.115093,-0.002686
30.517649,NaN,NaN,NaN,NaN,-0.039860,-1.998949,1.979036,0.046216,-2.057742,-1.993958,-5.014034,0.113411,-0.002537
30.528041,NaN,NaN,NaN,NaN,-0.039830,-1.999189,1.979224,0.046390,-2.057210,-1.993791,-5.013851,0.112442,-0.002468
30.537774,NaN,NaN,NaN,NaN,-0.039800,-1.999441,1.979581,0.046562,-2.056665,-1.993446,-5.013676,0.111385,-0.002331
30.547686,NaN,NaN,NaN,NaN,-0.039735,-1.999991,1.979750,0.046946,-2.055409,-1.993266,-5.013294,0.108810,-0.002262
30.558087,NaN,NaN,NaN,NaN,-0.039703,-2.000285,1.979919,0.047133,-2.054764,-1.993086,-5.013111,0.107376,-0.002197
30.567238,NaN,NaN,NaN,NaN,-0.039673,-2.000591,1.980086,0.047316,-2.054108,-1.992905,-5.012932,0.105846,-0.002132
30.586610,NaN,NaN,NaN,NaN,-0.039591,-2.001629,1.980557,0.047906,-2.051933,-1.992326,-5.012310,0.100277,-0.001881
30.598481,NaN,NaN,NaN,NaN,-0.039566,-2.001999,1.980865,0.048096,-2.051189,-1.991938,-5.012112,0.098206,-0.001709
30.608276,NaN,NaN,NaN,NaN,-0.039546,-2.002381,1.981007,0.048302,-2.050436,-1.991737,-5.011890,0.096024,-0.001602
30.617683,NaN,NaN,NaN,NaN,-0.039527,-2.003155,1.981148,0.048504,-2.048782,-1.991535,-5.011677,0.091068,-0.001503
30.626517,NaN,NaN,NaN,NaN,-0.039509,-2.003560,1.981288,0.048702,-2.047944,-1.991333,-5.011467,0.088417,-0.001404
30.638142,NaN,NaN,NaN,NaN,-0.039478,-2.003976,1.981427,0.049092,-2.047098,-1.991130,-5.011055,0.085651,-0.001308
30.646789,NaN,NaN,NaN,NaN,-0.039465,-2.004376,1.981685,0.049282,-2.046185,-1.990701,-5.010853,0.082615,-0.001122
30.657598,NaN,NaN,NaN,NaN,-0.039453,-2.005212,1.981812,0.049470,-2.044340,-1.990485,-5.010658,0.076187,-0.001034
30.677984,NaN,NaN,NaN,NaN,-0.039410,-2.006067,1.982068,0.050043,-2.042413,-1.990055,-5.010117,0.069134,-0.000870
30.686415,NaN,NaN,NaN,NaN,-0.039396,-2.006496,1.982325,0.050232,-2.041414,-1.989625,-5.009941,0.065353,-0.000713
30.698870,NaN,NaN,NaN,NaN,-0.039382,-2.006938,1.982453,0.050418,-2.040410,-1.989409,-5.009769,0.061451,-0.000641
30.708796,NaN,NaN,NaN,NaN,-0.039364,-2.007809,1.982591,0.050620,-2.038333,-1.989210,-5.009590,0.053123,-0.000565
30.717643,NaN,NaN,NaN,NaN,-0.039331,-2.008241,1.982727,0.051013,-2.037261,-1.989011,-5.009239,0.048698,-0.000496
30.726390,NaN,NaN,NaN,NaN,-0.039317,-2.008683,1.982863,0.051205,-2.036186,-1.988811,-5.009083,0.044147,-0.000420
30.739008,NaN,NaN,NaN,NaN,-0.039303,-2.009137,1.983142,0.051392,-2.035110,-1.988426,-5.008926,0.039467,-0.000271
30.757568,NaN,NaN,NaN,NaN,-0.039276,-2.010444,1.983427,0.052007,-2.031694,-1.988054,-5.008446,0.024170,-0.000137
30.777679,NaN,NaN,NaN,NaN,-0.039250,-2.011775,1.983899,0.052403,-2.028167,-1.987522,-5.008125,0.007347,0.000023
30.786354,NaN,NaN,NaN,NaN,-0.039217,-2.012228,1.984062,0.052788,-2.026975,-1.987348,-5.007797,0.001427,0.000050
30.798287,NaN,NaN,NaN,NaN,-0.039202,-2.012691,1.984223,0.052975,-2.025782,-1.987173,-5.007641,-0.004620,0.000072
30.807198,NaN,NaN,NaN,NaN,-0.039197,-2.013128,1.984585,0.053141,-2.024538,-1.986864,-5.007473,-0.010979,0.000095
30.817682,NaN,NaN,NaN,NaN,-0.039193,-2.014031,1.984765,0.053304,-2.022054,-1.986708,-5.007309,-0.024075,0.000103
30.837691,NaN,NaN,NaN,NaN,-0.039189,-2.014927,1.985135,0.053765,-2.019513,-1.986422,-5.006824,-0.037868,0.000099
30.857773,NaN,NaN,NaN,NaN,-0.039194,-2.016275,1.985705,0.054043,-2.015622,-1.986020,-5.006489,-0.059792,0.000061
30.867900,NaN,NaN,NaN,NaN,-0.039198,-2.016743,1.985893,0.054178,-2.014331,-1.985882,-5.006329,-0.067360,0.000050
30.877704,NaN,NaN,NaN,NaN,-0.039191,-2.017169,1.986068,0.054425,-2.012965,-1.985767,-5.006004,-0.075226,0.000019
30.886427,NaN,NaN,NaN,NaN,-0.039189,-2.017605,1.986414,0.054545,-2.011603,-1.985529,-5.005848,-0.083221,-0.000038
30.898137,NaN,NaN,NaN,NaN,-0.039188,-2.018502,1.986585,0.054663,-2.008892,-1.985407,-5.005699,-0.099602,-0.000069
30.907067,NaN,NaN,NaN,NaN,-0.039185,-2.018908,1.986717,0.054759,-2.007470,-1.985320,-5.005527,-0.108166,-0.000122
30.918253,NaN,NaN,NaN,NaN,-0.039181,-2.019323,1.986848,0.054945,-2.006053,-1.985230,-5.005203,-0.116859,-0.000175
30.927697,NaN,NaN,NaN,NaN,-0.039181,-2.019746,1.987110,0.055035,-2.004641,-1.985043,-5.005043,-0.125679,-0.000282
30.947730,NaN,NaN,NaN,NaN,-0.039180,-2.020177,1.987328,0.055099,-2.003235,-1.984921,-5.004887,-0.134624,-0.000420
30.957960,NaN,NaN,NaN,NaN,-0.039184,-2.021333,1.987436,0.055281,-1.998817,-1.984855,-5.004436,-0.162811,-0.000488
30.966796,NaN,NaN,NaN,NaN,-0.039176,-2.022079,1.987545,0.055313,-1.995830,-1.984787,-5.004257,-0.182419,-0.000572
30.977875,NaN,NaN,NaN,NaN,-0.039170,-2.022429,1.987687,0.055344,-1.994308,-1.984722,-5.004086,-0.192501,-0.000755
30.999049,NaN,NaN,NaN,NaN,-0.039160,-2.023156,1.987831,0.055403,-1.991287,-1.984644,-5.003750,-0.213039,-0.000935
31.007571,NaN,NaN,NaN,NaN,-0.039157,-2.023479,1.987896,0.055430,-1.989714,-1.984626,-5.003586,-0.223675,-0.001106
31.017576,NaN,NaN,NaN,NaN,-0.039158,-2.024149,1.987930,0.055420,-1.986598,-1.984612,-5.003265,-0.245308,-0.001194
31.026537,NaN,NaN,NaN,NaN,-0.039160,-2.024497,1.987965,0.055414,-1.985053,-1.984595,-5.003113,-0.256306,-0.001282
31.037790,NaN,NaN,NaN,NaN,-0.039174,-2.024826,1.987981,0.055387,-1.983436,-1.984613,-5.002819,-0.267601,-0.001366
31.046651,NaN,NaN,NaN,NaN,-0.039186,-2.025159,1.988017,0.055367,-1.981826,-1.984641,-5.002674,-0.278999,-0.001530
31.059651,NaN,NaN,NaN,NaN,-0.039199,-2.025501,1.988037,0.055347,-1.980226,-1.984649,-5.002529,-0.290501,-0.001610
31.078905,NaN,NaN,NaN,NaN,-0.039212,-2.026512,1.988052,0.055326,-1.975323,-1.984708,-5.002392,-0.325893,-0.001766
31.086412,NaN,NaN,NaN,NaN,-0.039266,-2.026854,1.988072,0.055234,-1.973682,-1.984753,-5.001953,-0.337898,-0.001904
31.107684,NaN,NaN,NaN,NaN,-0.039296,-2.027849,1.988037,0.055159,-1.968675,-1.984827,-5.001667,-0.374588,-0.002022
31.117448,NaN,NaN,NaN,NaN,-0.039318,-2.028181,1.988021,0.055073,-1.966998,-1.984858,-5.001369,-0.386971,-0.002079
31.126390,NaN,NaN,NaN,NaN,-0.039331,-2.028870,1.987995,0.055030,-1.963674,-1.984910,-5.001225,-0.411869,-0.002197
31.137443,NaN,NaN,NaN,NaN,-0.039347,-2.029203,1.987947,0.054973,-1.961966,-1.984956,-5.001057,-0.424503,-0.002254
31.163274,NaN,NaN,NaN,NaN,-0.039400,-2.029894,1.987815,0.054800,-1.958581,-1.985074,-5.000599,-0.449852,-0.002472
31.166725,NaN,NaN,NaN,NaN,-0.039433,-2.030252,1.987745,0.054727,-1.956904,-1.985133,-5.000423,-0.462551,-0.002541
31.177780,NaN,NaN,NaN,NaN,-0.039465,-2.030973,1.987677,0.054654,-1.953505,-1.985188,-5.000248,-0.488201,-0.002609
31.186517,NaN,NaN,NaN,NaN,-0.039499,-2.031344,1.987611,0.054581,-1.951817,-1.985239,-5.000080,-0.501026,-0.002678
31.197526,NaN,NaN,NaN,NaN,-0.039570,-2.031723,1.987548,0.054418,-1.950139,-1.985286,-4.999729,-0.513847,-0.002747
31.206604,NaN,NaN,NaN,NaN,-0.039609,-2.032102,1.987444,0.054328,-1.948423,-1.985366,-4.999554,-0.526756,-0.002804
31.217455,NaN,NaN,NaN,NaN,-0.039648,-2.032884,1.987246,0.054240,-1.945023,-1.985513,-4.999378,-0.552567,-0.002918
31.237680,NaN,NaN,NaN,NaN,-0.039768,-2.033708,1.987026,0.053915,-1.941617,-1.985670,-4.998825,-0.578419,-0.003040
31.246468,NaN,NaN,NaN,NaN,-0.039809,-2.034137,1.986787,0.053799,-1.939908,-1.985836,-4.998642,-0.591358,-0.003170
31.258770,NaN,NaN,NaN,NaN,-0.039851,-2.035012,1.986671,0.053685,-1.936515,-1.985913,-4.998463,-0.617184,-0.003231
31.266709,NaN,NaN,NaN,NaN,-0.039892,-2.035469,1.986534,0.053571,-1.934798,-1.986010,-4.998280,-0.630112,-0.003315
31.287260,NaN,NaN,NaN,NaN,-0.040009,-2.036401,1.986270,0.053203,-1.931393,-1.986192,-4.997688,-0.655872,-0.003483
31.297494,NaN,NaN,NaN,NaN,-0.040049,-2.036878,1.986005,0.053082,-1.929706,-1.986369,-4.997501,-0.668701,-0.003662
31.306872,NaN,NaN,NaN,NaN,-0.040142,-2.037865,1.985871,0.052826,-1.926274,-1.986456,-4.997108,-0.694336,-0.003754
31.317465,NaN,NaN,NaN,NaN,-0.040189,-2.038368,1.985740,0.052700,-1.924574,-1.986539,-4.996922,-0.707111,-0.003845
31.326976,NaN,NaN,NaN,NaN,-0.040237,-2.038874,1.985613,0.052575,-1.922882,-1.986617,-4.996738,-0.719856,-0.003929
31.337723,NaN,NaN,NaN,NaN,-0.040313,-2.039881,1.985336,0.052453,-1.919425,-1.986793,-4.996559,-0.745312,-0.004101
31.345829,NaN,NaN,NaN,NaN,-0.040389,-2.040393,1.985202,0.052332,-1.917714,-1.986875,-4.996384,-0.757988,-0.004189
31.367569,NaN,NaN,NaN,NaN,-0.040625,-2.040912,1.984930,0.051979,-1.916013,-1.987036,-4.995876,-0.770634,-0.004356
31.377649,NaN,NaN,NaN,NaN,-0.040709,-2.042467,1.984657,0.051865,-1.910851,-1.987191,-4.995708,-0.808365,-0.004524
31.397966,NaN,NaN,NaN,NaN,-0.040958,-2.043533,1.984397,0.051528,-1.907463,-1.987332,-4.995262,-0.833302,-0.004677
31.417660,NaN,NaN,NaN,NaN,-0.041122,-2.045129,1.983951,0.051307,-1.902377,-1.987539,-4.994991,-0.870434,-0.004868
31.438487,NaN,NaN,NaN,NaN,-0.041203,-2.046200,1.983661,0.051198,-1.899016,-1.987669,-4.994862,-0.895016,-0.004990
31.447638,NaN,NaN,NaN,NaN,-0.041436,-2.046732,1.983374,0.050848,-1.897338,-1.987794,-4.994511,-0.907249,-0.005119
31.458948,NaN,NaN,NaN,NaN,-0.041512,-2.047816,1.983235,0.050735,-1.894017,-1.987852,-4.994392,-0.931595,-0.005184
31.466995,NaN,NaN,NaN,NaN,-0.041590,-2.048325,1.983091,0.050589,-1.892340,-1.987910,-4.994297,-0.943707,-0.005241
31.477811,NaN,NaN,NaN,NaN,-0.041745,-2.048840,1.982949,0.050304,-1.890674,-1.987965,-4.994114,-0.955769,-0.005299
31.486500,NaN,NaN,NaN,NaN,-0.041822,-2.049362,1.982676,0.050164,-1.889019,-1.988066,-4.994022,-0.967781,-0.005413
31.507482,NaN,NaN,NaN,NaN,-0.041994,-2.050887,1.982406,0.049824,-1.884025,-1.988168,-4.993900,-1.003555,-0.005508
31.517496,NaN,NaN,NaN,NaN,-0.042164,-2.051395,1.982276,0.049492,-1.882367,-1.988213,-4.993790,-1.015400,-0.005558
31.537907,NaN,NaN,NaN,NaN,-0.042351,-2.052901,1.981890,0.049152,-1.877362,-1.988311,-4.993694,-1.050697,-0.005672
31.546851,NaN,NaN,NaN,NaN,-0.042452,-2.053404,1.981764,0.048977,-1.875698,-1.988334,-4.993656,-1.062382,-0.005707
31.559543,NaN,NaN,NaN,NaN,-0.042650,-2.053913,1.981525,0.048633,-1.874047,-1.988364,-4.993580,-1.074020,-0.005772
31.566841,NaN,NaN,NaN,NaN,-0.042760,-2.054427,1.981410,0.048448,-1.872370,-1.988371,-4.993557,-1.085621,-0.005798
31.577976,NaN,NaN,NaN,NaN,-0.042868,-2.055474,1.981298,0.048265,-1.869052,-1.988374,-4.993530,-1.108673,-0.005829
31.586448,NaN,NaN,NaN,NaN,-0.042975,-2.056006,1.981189,0.048084,-1.867411,-1.988375,-4.993504,-1.120129,-0.005859
31.597544,NaN,NaN,NaN,NaN,-0.043185,-2.056529,1.981080,0.047715,-1.865758,-1.988373,-4.993465,-1.131535,-0.005882
31.617751,NaN,NaN,NaN,NaN,-0.043389,-2.058119,1.980770,0.047340,-1.860862,-1.988350,-4.993439,-1.165512,-0.005955
31.637509,NaN,NaN,NaN,NaN,-0.043708,-2.059170,1.980566,0.046790,-1.857601,-1.988342,-4.993420,-1.187965,-0.006012
31.646799,NaN,NaN,NaN,NaN,-0.043814,-2.059705,1.980372,0.046610,-1.855989,-1.988325,-4.993412,-1.199131,-0.006077
31.667745,NaN,NaN,NaN,NaN,-0.043920,-2.060789,1.980278,0.046433,-1.852800,-1.988313,-4.993404,-1.221340,-0.006107
31.675684,NaN,NaN,NaN,NaN,-0.044169,-2.061315,1.980176,0.046094,-1.851191,-1.988293,-4.993401,-1.232376,-0.006134
31.686127,NaN,NaN,NaN,NaN,-0.044291,-2.061841,1.980077,0.045927,-1.849588,-1.988271,-4.993401,-1.243366,-0.006165
31.695713,NaN,NaN,NaN,NaN,-0.044411,-2.062911,1.979885,0.045763,-1.846419,-1.988222,-4.993385,-1.265209,-0.006210
31.706144,NaN,NaN,NaN,NaN,-0.044546,-2.063430,1.979797,0.045615,-1.844812,-1.988180,-4.993378,-1.276058,-0.006222
31.728168,NaN,NaN,NaN,NaN,-0.044938,-2.064483,1.979546,0.045182,-1.841634,-1.988042,-4.993359,-1.297638,-0.006260
31.746240,NaN,NaN,NaN,NaN,-0.045202,-2.066044,1.979384,0.044924,-1.836887,-1.987936,-4.993362,-1.329727,-0.006256
31.757932,NaN,NaN,NaN,NaN,-0.045457,-2.066561,1.979306,0.044672,-1.835313,-1.987879,-4.993404,-1.340343,-0.006268
31.767841,NaN,NaN,NaN,NaN,-0.045590,-2.067082,1.979229,0.044561,-1.833751,-1.987821,-4.993443,-1.350925,-0.006275
31.776321,NaN,NaN,NaN,NaN,-0.045721,-2.067576,1.979147,0.044452,-1.832168,-1.987750,-4.993477,-1.361465,-0.006264
31.786145,NaN,NaN,NaN,NaN,-0.045850,-2.068577,1.978992,0.044343,-1.829038,-1.987603,-4.993511,-1.382420,-0.006241
31.795635,NaN,NaN,NaN,NaN,-0.045977,-2.069084,1.978917,0.044236,-1.827492,-1.987527,-4.993542,-1.392845,-0.006233
31.814780,NaN,NaN,NaN,NaN,-0.046340,-2.070073,1.978691,0.043941,-1.824348,-1.987272,-4.993645,-1.413589,-0.006195
31.833084,NaN,NaN,NaN,NaN,-0.046455,-2.070574,1.978620,0.043849,-1.822796,-1.987184,-4.993668,-1.423920,-0.006184
31.841797,NaN,NaN,NaN,NaN,-0.046569,-2.071573,1.978533,0.043757,-1.819663,-1.987083,-4.993690,-1.444489,-0.006168
31.851142,NaN,NaN,NaN,NaN,-0.046784,-2.072076,1.978448,0.043573,-1.818089,-1.986980,-4.993748,-1.454723,-0.006157
31.871278,NaN,NaN,NaN,NaN,-0.046993,-2.073613,1.978198,0.043392,-1.813402,-1.986642,-4.993801,-1.485222,-0.006130
31.891235,NaN,NaN,NaN,NaN,-0.047315,-2.074664,1.978032,0.043146,-1.810291,-1.986384,-4.993954,-1.505367,-0.006111
31.911692,NaN,NaN,NaN,NaN,-0.047533,-2.076278,1.977784,0.042998,-1.805677,-1.985967,-4.994061,-1.535305,-0.006069
31.932184,NaN,NaN,NaN,NaN,-0.047864,-2.077377,1.977623,0.042798,-1.802655,-1.985675,-4.994232,-1.555107,-0.006042
31.942107,NaN,NaN,NaN,NaN,-0.047996,-2.077931,1.977460,0.042742,-1.801163,-1.985382,-4.994308,-1.564964,-0.006023
31.951142,NaN,NaN,NaN,NaN,-0.048126,-2.079076,1.977376,0.042687,-1.798199,-1.985235,-4.994381,-1.584576,-0.006008
31.971448,NaN,NaN,NaN,NaN,-0.048529,-2.080230,1.977212,0.042529,-1.795283,-1.984939,-4.994598,-1.604053,-0.005985
31.981034,NaN,NaN,NaN,NaN,-0.048677,-2.081426,1.977047,0.042480,-1.792398,-1.984643,-4.994675,-1.623421,-0.005936
32.000039,NaN,NaN,NaN,NaN,-0.048965,-2.082630,1.976889,0.042383,-1.789560,-1.984342,-4.994823,-1.642639,-0.005905
32.011337,NaN,NaN,NaN,NaN,-0.049303,-2.083242,1.976809,0.042311,-1.788159,-1.984195,-4.994980,-1.652199,-0.005875
32.020169,NaN,NaN,NaN,NaN,-0.049466,-2.083856,1.976654,0.042276,-1.786769,-1.983897,-4.995056,-1.661728,-0.005825
32.040802,NaN,NaN,NaN,NaN,-0.049984,-2.085707,1.976509,0.042222,-1.782662,-1.983614,-4.995300,-1.690155,-0.005764
32.060263,NaN,NaN,NaN,NaN,-0.050156,-2.086951,1.976372,0.042212,-1.779974,-1.983347,-4.995380,-1.708965,-0.005688
32.071471,NaN,NaN,NaN,NaN,-0.050492,-2.087576,1.976235,0.042191,-1.778646,-1.983101,-4.995522,-1.718327,-0.005600
32.080184,NaN,NaN,NaN,NaN,-0.050679,-2.088819,1.976165,0.042195,-1.776018,-1.982989,-4.995602,-1.736935,-0.005547
32.091294,NaN,NaN,NaN,NaN,-0.051042,-2.089443,1.976096,0.042202,-1.774720,-1.982876,-4.995762,-1.746189,-0.005497
32.111122,NaN,NaN,NaN,NaN,-0.051219,-2.091342,1.975889,0.042206,-1.770857,-1.982603,-4.995834,-1.773727,-0.005341
32.120320,NaN,NaN,NaN,NaN,-0.051415,-2.091981,1.975821,0.042229,-1.769586,-1.982521,-4.995911,-1.782852,-0.005287
32.132776,NaN,NaN,NaN,NaN,-0.051982,-2.092623,1.975755,0.042295,-1.768325,-1.982437,-4.996078,-1.791950,-0.005238
32.141480,NaN,NaN,NaN,NaN,-0.052197,-2.093249,1.975613,0.042341,-1.767064,-1.982342,-4.996132,-1.801010,-0.005138
32.151404,NaN,NaN,NaN,NaN,-0.052408,-2.094506,1.975545,0.042386,-1.764571,-1.982291,-4.996185,-1.819057,-0.005096
32.171543,NaN,NaN,NaN,NaN,-0.053055,-2.095762,1.975402,0.042538,-1.762107,-1.982221,-4.996346,-1.837006,-0.005024
32.180800,NaN,NaN,NaN,NaN,-0.053286,-2.096387,1.975327,0.042601,-1.760884,-1.982201,-4.996407,-1.845936,-0.005001
32.191885,NaN,NaN,NaN,NaN,-0.053514,-2.097642,1.975184,0.042664,-1.758468,-1.982155,-4.996464,-1.863705,-0.004967
32.200736,NaN,NaN,NaN,NaN,-0.053737,-2.098273,1.975115,0.042726,-1.757275,-1.982128,-4.996521,-1.872543,-0.004955
32.211384,NaN,NaN,NaN,NaN,-0.054230,-2.098896,1.975044,0.042909,-1.756060,-1.982133,-4.996643,-1.881344,-0.004944
32.220148,NaN,NaN,NaN,NaN,-0.054469,-2.099521,1.974907,0.042999,-1.754856,-1.982134,-4.996700,-1.890125,-0.004929
32.232901,NaN,NaN,NaN,NaN,-0.054703,-2.100776,1.974842,0.043086,-1.752478,-1.982129,-4.996758,-1.907623,-0.004925
32.240756,NaN,NaN,NaN,NaN,-0.055221,-2.101401,1.974769,0.043317,-1.751277,-1.982159,-4.996895,-1.916332,-0.004932
32.251452,NaN,NaN,NaN,NaN,-0.055472,-2.102028,1.974699,0.043431,-1.750085,-1.982186,-4.996960,-1.925018,-0.004944
32.272697,NaN,NaN,NaN,NaN,-0.055990,-2.103916,1.974487,0.043687,-1.746542,-1.982279,-4.997078,-1.950912,-0.004978
32.280050,NaN,NaN,NaN,NaN,-0.056255,-2.104546,1.974410,0.043830,-1.745362,-1.982324,-4.997135,-1.959476,-0.004993
32.291173,NaN,NaN,NaN,NaN,-0.056771,-2.105177,1.974335,0.044109,-1.744192,-1.982366,-4.997242,-1.968010,-0.005013
32.311360,NaN,NaN,NaN,NaN,-0.057340,-2.107065,1.974102,0.044446,-1.740688,-1.982506,-4.997337,-1.993393,-0.005104
32.332309,NaN,NaN,NaN,NaN,-0.057887,-2.108323,1.973950,0.044772,-1.738385,-1.982594,-4.997425,-2.010197,-0.005173
32.351205,NaN,NaN,NaN,NaN,-0.058714,-2.110186,1.973731,0.045289,-1.734966,-1.982757,-4.997574,-2.035187,-0.005257
32.360186,NaN,NaN,NaN,NaN,-0.058986,-2.110808,1.973662,0.045463,-1.733844,-1.982804,-4.997604,-2.043480,-0.005268
32.380113,NaN,NaN,NaN,NaN,-0.059530,-2.112042,1.973522,0.045826,-1.731585,-1.982914,-4.997669,-2.059971,-0.005287
32.392091,NaN,NaN,NaN,NaN,-0.060068,-2.112660,1.973426,0.046200,-1.730469,-1.982990,-4.997742,-2.068180,-0.005291
32.399916,NaN,NaN,NaN,NaN,-0.060330,-2.113911,1.973363,0.046383,-1.728253,-1.983040,-4.997776,-2.084530,-0.005280
32.420422,NaN,NaN,NaN,NaN,-0.060849,-2.115176,1.973206,0.046792,-1.726063,-1.983149,-4.997875,-2.100796,-0.005260
32.431844,NaN,NaN,NaN,NaN,-0.061347,-2.115810,1.973020,0.047190,-1.724981,-1.983269,-4.997971,-2.108902,-0.005211
32.440227,NaN,NaN,NaN,NaN,-0.061586,-2.117116,1.972942,0.047400,-1.722823,-1.983318,-4.998032,-2.125027,-0.005196
32.451155,NaN,NaN,NaN,NaN,-0.062048,-2.117768,1.972867,0.047809,-1.721755,-1.983364,-4.998146,-2.133060,-0.005180
32.471284,NaN,NaN,NaN,NaN,-0.062272,-2.119746,1.972629,0.048010,-1.718602,-1.983498,-4.998199,-2.157024,-0.005138
32.480599,NaN,NaN,NaN,NaN,-0.062493,-2.120421,1.972538,0.048221,-1.717568,-1.983547,-4.998260,-2.164959,-0.005108
32.492958,NaN,NaN,NaN,NaN,-0.063131,-2.121094,1.972363,0.048837,-1.716540,-1.983634,-4.998436,-2.172867,-0.005058
32.499974,NaN,NaN,NaN,NaN,-0.063347,-2.121768,1.972253,0.049040,-1.715521,-1.983700,-4.998493,-2.180748,-0.005024
32.511339,NaN,NaN,NaN,NaN,-0.063559,-2.122458,1.972146,0.049241,-1.714506,-1.983762,-4.998550,-2.188606,-0.004993
32.531315,NaN,NaN,NaN,NaN,-0.063765,-2.124525,1.971939,0.049438,-1.711506,-1.983876,-4.998608,-2.212082,-0.004944
32.541933,NaN,NaN,NaN,NaN,-0.064173,-2.125231,1.971716,0.049837,-1.710510,-1.984003,-4.998734,-2.219872,-0.004913
32.551448,NaN,NaN,NaN,NaN,-0.064572,-2.126639,1.971608,0.050237,-1.708539,-1.984062,-4.998859,-2.235401,-0.004906
32.560977,NaN,NaN,NaN,NaN,-0.064765,-2.127341,1.971502,0.050432,-1.707563,-1.984116,-4.998917,-2.243141,-0.004894
32.571278,NaN,NaN,NaN,NaN,-0.065170,-2.128068,1.971399,0.050817,-1.706587,-1.984165,-4.999065,-2.250854,-0.004875
32.581094,NaN,NaN,NaN,NaN,-0.065367,-2.128793,1.971203,0.051005,-1.705618,-1.984254,-4.999138,-2.258553,-0.004845
32.592103,NaN,NaN,NaN,NaN,-0.065560,-2.130240,1.971108,0.051189,-1.703697,-1.984293,-4.999207,-2.273884,-0.004833
32.601025,NaN,NaN,NaN,NaN,-0.065748,-2.130992,1.971021,0.051370,-1.702746,-1.984337,-4.999275,-2.281509,-0.004803
32.611321,NaN,NaN,NaN,NaN,-0.066140,-2.131742,1.970936,0.051728,-1.701800,-1.984378,-4.999439,-2.289120,-0.004772
32.631321,NaN,NaN,NaN,NaN,-0.066516,-2.134018,1.970710,0.052074,-1.698991,-1.984497,-4.999596,-2.311848,-0.004696
32.641973,NaN,NaN,NaN,NaN,-0.066701,-2.134796,1.970647,0.052240,-1.698061,-1.984542,-4.999676,-2.319389,-0.004673
32.660077,NaN,NaN,NaN,NaN,-0.067234,-2.136345,1.970527,0.052719,-1.696220,-1.984619,-4.999912,-2.334419,-0.004608
32.680544,NaN,NaN,NaN,NaN,-0.067730,-2.138754,1.970394,0.053163,-1.693467,-1.984754,-5.000126,-2.356834,-0.004471
32.701879,NaN,NaN,NaN,NaN,-0.068044,-2.140370,1.970308,0.053443,-1.691652,-1.984894,-5.000252,-2.371674,-0.004372
32.711415,NaN,NaN,NaN,NaN,-0.068198,-2.141185,1.970287,0.053578,-1.690749,-1.984940,-5.000309,-2.379066,-0.004345
32.731342,NaN,NaN,NaN,NaN,-0.068635,-2.143609,1.970251,0.053959,-1.688077,-1.985024,-5.000496,-2.401146,-0.004288
32.741151,NaN,NaN,NaN,NaN,-0.068771,-2.144443,1.970240,0.054077,-1.687188,-1.985109,-5.000549,-2.408474,-0.004295
32.751028,NaN,NaN,NaN,NaN,-0.068905,-2.146099,1.970237,0.054193,-1.685426,-1.985148,-5.000599,-2.423073,-0.004303
32.760813,NaN,NaN,NaN,NaN,-0.069167,-2.146921,1.970235,0.054411,-1.684553,-1.985183,-5.000690,-2.430344,-0.004311
32.771463,NaN,NaN,NaN,NaN,-0.069297,-2.147764,1.970232,0.054513,-1.683675,-1.985211,-5.000732,-2.437599,-0.004345
32.779986,NaN,NaN,NaN,NaN,-0.069424,-2.148603,1.970229,0.054614,-1.682802,-1.985259,-5.000782,-2.444828,-0.004478
32.792316,NaN,NaN,NaN,NaN,-0.069549,-2.150268,1.970230,0.054712,-1.681073,-1.985278,-5.000824,-2.459221,-0.004543
32.801040,NaN,NaN,NaN,NaN,-0.069800,-2.151112,1.970233,0.054907,-1.680216,-1.985281,-5.000904,-2.466370,-0.004631
32.811150,NaN,NaN,NaN,NaN,-0.069923,-2.151953,1.970239,0.055000,-1.679364,-1.985282,-5.000942,-2.473503,-0.004719
32.820526,NaN,NaN,NaN,NaN,-0.070044,-2.152789,1.970253,0.055091,-1.678517,-1.985277,-5.000980,-2.480633,-0.004890
32.832180,NaN,NaN,NaN,NaN,-0.070169,-2.153620,1.970269,0.055189,-1.677676,-1.985273,-5.001030,-2.487747,-0.005005
32.851168,NaN,NaN,NaN,NaN,-0.070532,-2.156172,1.970303,0.055469,-1.675194,-1.985256,-5.001148,-2.508938,-0.005184
32.871421,NaN,NaN,NaN,NaN,-0.070774,-2.158716,1.970362,0.055656,-1.672792,-1.985249,-5.001221,-2.529907,-0.005478
32.892847,NaN,NaN,NaN,NaN,-0.071019,-2.160402,1.970407,0.055845,-1.671225,-1.985244,-5.001293,-2.543770,-0.005680
32.900025,NaN,NaN,NaN,NaN,-0.071138,-2.161252,1.970461,0.055937,-1.670472,-1.985249,-5.001328,-2.550644,-0.005939
32.911125,NaN,NaN,NaN,NaN,-0.071377,-2.162940,1.970490,0.056143,-1.668977,-1.985247,-5.001385,-2.564339,-0.006065
32.931468,NaN,NaN,NaN,NaN,-0.071720,-2.164625,1.970546,0.056454,-1.667522,-1.985230,-5.001465,-2.577961,-0.006325
32.941910,NaN,NaN,NaN,NaN,-0.071830,-2.165469,1.970602,0.056566,-1.666811,-1.985197,-5.001484,-2.584740,-0.006584
32.951295,NaN,NaN,NaN,NaN,-0.071938,-2.167142,1.970632,0.056675,-1.665399,-1.985178,-5.001503,-2.598259,-0.006714
32.971279,NaN,NaN,NaN,NaN,-0.072245,-2.168798,1.970679,0.057021,-1.664071,-1.985139,-5.001549,-2.611698,-0.006985
32.980682,NaN,NaN,NaN,NaN,-0.072343,-2.169619,1.970734,0.057138,-1.663410,-1.985092,-5.001560,-2.618389,-0.007259
32.992814,NaN,NaN,NaN,NaN,-0.072439,-2.171248,1.970764,0.057252,-1.662098,-1.985065,-5.001572,-2.631718,-0.007393
33.011199,NaN,NaN,NaN,NaN,-0.072703,-2.172887,1.970814,0.057642,-1.660841,-1.984989,-5.001556,-2.644951,-0.007660
33.020495,NaN,NaN,NaN,NaN,-0.072788,-2.174508,1.970869,0.057767,-1.659593,-1.984905,-5.001526,-2.658119,-0.007889
33.031266,NaN,NaN,NaN,NaN,-0.072860,-2.175321,1.970863,0.057901,-1.658995,-1.984854,-5.001484,-2.664665,-0.008003
33.051692,NaN,NaN,NaN,NaN,-0.073069,-2.176932,1.970856,0.058292,-1.657806,-1.984748,-5.001366,-2.677704,-0.008240
33.072520,NaN,NaN,NaN,NaN,-0.073179,-2.179362,1.970797,0.058574,-1.656068,-1.984589,-5.001293,-2.697098,-0.008572
33.092656,NaN,NaN,NaN,NaN,-0.073320,-2.180975,1.970749,0.058988,-1.654926,-1.984479,-5.001255,-2.709919,-0.008774
33.111183,NaN,NaN,NaN,NaN,-0.073391,-2.183434,1.970608,0.059267,-1.653294,-1.984324,-5.001225,-2.728985,-0.009018
33.131252,NaN,NaN,NaN,NaN,-0.073470,-2.185074,1.970500,0.059684,-1.652245,-1.984216,-5.001175,-2.741623,-0.009171
33.152355,NaN,NaN,NaN,NaN,-0.073505,-2.186722,1.970320,0.060105,-1.651230,-1.984050,-5.001106,-2.754211,-0.009335
33.162551,NaN,NaN,NaN,NaN,-0.073507,-2.188364,1.970252,0.060254,-1.650251,-1.984010,-5.001080,-2.766731,-0.009377
33.171245,NaN,NaN,NaN,NaN,-0.073509,-2.189184,1.970187,0.060400,-1.649779,-1.983968,-5.001053,-2.772961,-0.009418
33.179917,NaN,NaN,NaN,NaN,-0.073510,-2.189999,1.970065,0.060543,-1.649306,-1.983879,-5.001026,-2.779175,-0.009510
33.193293,NaN,NaN,NaN,NaN,-0.073510,-2.190809,1.970010,0.060684,-1.648833,-1.983847,-5.000999,-2.785374,-0.009544
33.212685,NaN,NaN,NaN,NaN,-0.073519,-2.193235,1.969907,0.061179,-1.647490,-1.983777,-5.000893,-2.803825,-0.009628
33.220563,NaN,NaN,NaN,NaN,-0.073521,-2.194033,1.969859,0.061337,-1.647041,-1.983740,-5.000858,-2.809948,-0.009674
33.231667,NaN,NaN,NaN,NaN,-0.073532,-2.195634,1.969773,0.061516,-1.646169,-1.983686,-5.000824,-2.822140,-0.009747
33.240517,NaN,NaN,NaN,NaN,-0.073542,-2.196426,1.969733,0.061691,-1.645732,-1.983657,-5.000790,-2.828217,-0.009789
33.251873,NaN,NaN,NaN,NaN,-0.073558,-2.197213,1.969660,0.062032,-1.645293,-1.983593,-5.000725,-2.834286,-0.009865
33.260567,NaN,NaN,NaN,NaN,-0.073568,-2.197995,1.969638,0.062212,-1.644854,-1.983570,-5.000702,-2.840336,-0.009880
33.280207,NaN,NaN,NaN,NaN,-0.073583,-2.200307,1.969599,0.062563,-1.643571,-1.983518,-5.000652,-2.858356,-0.009918
33.292764,NaN,NaN,NaN,NaN,-0.073604,-2.201068,1.969583,0.062921,-1.643140,-1.983491,-5.000599,-2.864330,-0.009937
33.300346,NaN,NaN,NaN,NaN,-0.073617,-2.201835,1.969581,0.063104,-1.642711,-1.983433,-5.000568,-2.870266,-0.009975
33.311218,NaN,NaN,NaN,NaN,-0.073629,-2.203356,1.969583,0.063285,-1.641847,-1.983402,-5.000542,-2.882095,-0.009998
33.320992,NaN,NaN,NaN,NaN,-0.073656,-2.204109,1.969585,0.063658,-1.641414,-1.983369,-5.000465,-2.887993,-0.010014
33.341394,NaN,NaN,NaN,NaN,-0.073686,-2.205614,1.969647,0.064042,-1.640543,-1.983274,-5.000393,-2.899719,-0.010052
33.353056,NaN,NaN,NaN,NaN,-0.073699,-2.206359,1.969670,0.064229,-1.640105,-1.983239,-5.000359,-2.905563,-0.010071
33.371315,NaN,NaN,NaN,NaN,-0.073752,-2.208579,1.969736,0.064810,-1.638819,-1.983168,-5.000259,-2.922966,-0.010094
33.392627,NaN,NaN,NaN,NaN,-0.073782,-2.210777,1.969853,0.065182,-1.637566,-1.983046,-5.000217,-2.940186,-0.010109
33.411061,NaN,NaN,NaN,NaN,-0.073842,-2.212241,1.969952,0.065702,-1.636764,-1.982952,-5.000172,-2.951565,-0.010113
33.420613,NaN,NaN,NaN,NaN,-0.073860,-2.212966,1.970002,0.065870,-1.636361,-1.982903,-5.000160,-2.957241,-0.010120
33.431134,NaN,NaN,NaN,NaN,-0.073894,-2.214438,1.970126,0.066013,-1.635614,-1.982802,-5.000153,-2.968502,-0.010105
33.453275,NaN,NaN,NaN,NaN,-0.073987,-2.215892,1.970255,0.066426,-1.634859,-1.982696,-5.000114,-2.979725,-0.010101
33.471826,NaN,NaN,NaN,NaN,-0.074078,-2.218057,1.970498,0.066668,-1.633773,-1.982571,-5.000107,-2.996407,-0.010067
33.479780,NaN,NaN,NaN,NaN,-0.074122,-2.218770,1.970580,0.066785,-1.633407,-1.982525,-5.000099,-3.001938,-0.010059
33.500568,NaN,NaN,NaN,NaN,-0.074314,-2.220194,1.970888,0.067086,-1.632707,-1.982429,-5.000118,-3.012905,-0.009991
33.511066,NaN,NaN,NaN,NaN,-0.074386,-2.221601,1.970991,0.067176,-1.631999,-1.982393,-5.000130,-3.023819,-0.009972
33.520844,NaN,NaN,NaN,NaN,-0.074457,-2.222298,1.971095,0.067264,-1.631643,-1.982355,-5.000141,-3.029263,-0.009956
33.531939,NaN,NaN,NaN,NaN,-0.074684,-2.223002,1.971205,0.067400,-1.631303,-1.982339,-5.000187,-3.034672,-0.009914
33.540300,NaN,NaN,NaN,NaN,-0.074794,-2.223701,1.971316,0.067466,-1.630962,-1.982320,-5.000210,-3.040073,-0.009872
33.552571,NaN,NaN,NaN,NaN,-0.074900,-2.225086,1.971538,0.067530,-1.630273,-1.982276,-5.000233,-3.050838,-0.009800
33.561042,NaN,NaN,NaN,NaN,-0.075053,-2.225776,1.971648,0.067579,-1.629942,-1.982266,-5.000271,-3.056198,-0.009739
33.571101,NaN,NaN,NaN,NaN,-0.075349,-2.226462,1.971758,0.067674,-1.629608,-1.982253,-5.000343,-3.061539,-0.009682
33.579925,NaN,NaN,NaN,NaN,-0.075492,-2.227823,1.971980,0.067719,-1.628935,-1.982221,-5.000378,-3.072186,-0.009579
33.591343,NaN,NaN,NaN,NaN,-0.075670,-2.228502,1.972085,0.067755,-1.628612,-1.982213,-5.000412,-3.077484,-0.009506
33.611255,NaN,NaN,NaN,NaN,-0.076015,-2.229850,1.972295,0.067824,-1.627961,-1.982189,-5.000477,-3.088039,-0.009369
33.620987,NaN,NaN,NaN,NaN,-0.076389,-2.230519,1.972494,0.067890,-1.627633,-1.982170,-5.000519,-3.093300,-0.009239
33.640436,NaN,NaN,NaN,NaN,-0.076790,-2.232506,1.972683,0.067954,-1.626730,-1.982156,-5.000534,-3.109032,-0.009098
33.652127,NaN,NaN,NaN,NaN,-0.077176,-2.233161,1.972778,0.068013,-1.626424,-1.982145,-5.000553,-3.114254,-0.009037
33.671221,NaN,NaN,NaN,NaN,-0.077649,-2.235092,1.973019,0.068071,-1.625601,-1.982126,-5.000549,-3.129852,-0.008778
33.680114,NaN,NaN,NaN,NaN,-0.078104,-2.235729,1.973101,0.068123,-1.625321,-1.982116,-5.000542,-3.135025,-0.008717
33.692828,NaN,NaN,NaN,NaN,-0.078370,-2.236357,1.973179,0.068152,-1.625074,-1.982101,-5.000530,-3.140179,-0.008633
33.712087,NaN,NaN,NaN,NaN,-0.078888,-2.237604,1.973416,0.068204,-1.624571,-1.982048,-5.000511,-3.150448,-0.008408
33.721637,NaN,NaN,NaN,NaN,-0.079140,-2.238834,1.973493,0.068228,-1.624088,-1.982015,-5.000500,-3.160671,-0.008335
33.731601,NaN,NaN,NaN,NaN,-0.079704,-2.239441,1.973571,0.068257,-1.623857,-1.981980,-5.000481,-3.165768,-0.008266
33.741238,NaN,NaN,NaN,NaN,-0.079978,-2.240046,1.973649,0.068270,-1.623624,-1.981942,-5.000473,-3.170853,-0.008209
33.753661,NaN,NaN,NaN,NaN,-0.080246,-2.240647,1.973807,0.068282,-1.623387,-1.981862,-5.000465,-3.175930,-0.008110
33.761384,NaN,NaN,NaN,NaN,-0.080545,-2.241848,1.973886,0.068283,-1.622919,-1.981819,-5.000462,-3.186062,-0.008068
33.771295,NaN,NaN,NaN,NaN,-0.081127,-2.242444,1.973965,0.068286,-1.622680,-1.981775,-5.000458,-3.191109,-0.008030
33.780605,NaN,NaN,NaN,NaN,-0.081409,-2.243629,1.974125,0.068286,-1.622192,-1.981681,-5.000454,-3.201172,-0.007957
33.800407,NaN,NaN,NaN,NaN,-0.082053,-2.244813,1.974311,0.068256,-1.621700,-1.981609,-5.000427,-3.211155,-0.007904
33.812365,NaN,NaN,NaN,NaN,-0.082673,-2.245401,1.974404,0.068224,-1.621450,-1.981571,-5.000381,-3.216133,-0.007877
33.831323,NaN,NaN,NaN,NaN,-0.083350,-2.247146,1.974683,0.068139,-1.620670,-1.981468,-5.000343,-3.230999,-0.007809
33.851392,NaN,NaN,NaN,NaN,-0.084356,-2.248296,1.974868,0.067986,-1.620134,-1.981397,-5.000294,-3.240887,-0.007778
33.861003,NaN,NaN,NaN,NaN,-0.084703,-2.248860,1.975083,0.067919,-1.619863,-1.981399,-5.000278,-3.245815,-0.007755
33.880244,NaN,NaN,NaN,NaN,-0.085044,-2.250535,1.975298,0.067853,-1.619035,-1.981391,-5.000263,-3.260521,-0.007744
33.891481,NaN,NaN,NaN,NaN,-0.086130,-2.251088,1.975431,0.067612,-1.618761,-1.981411,-5.000202,-3.265400,-0.007740
33.912274,NaN,NaN,NaN,NaN,-0.086854,-2.252187,1.975826,0.067440,-1.618206,-1.981458,-5.000160,-3.275112,-0.007740
33.921658,NaN,NaN,NaN,NaN,-0.087206,-2.253268,1.975965,0.067354,-1.617641,-1.981494,-5.000156,-3.284782,-0.007751
33.931302,NaN,NaN,NaN,NaN,-0.087996,-2.253800,1.976104,0.067154,-1.617355,-1.981528,-5.000153,-3.289604,-0.007763
33.940078,NaN,NaN,NaN,NaN,-0.088380,-2.254330,1.976381,0.067056,-1.617067,-1.981587,-5.000149,-3.294415,-0.007790
33.951633,NaN,NaN,NaN,NaN,-0.088757,-2.255378,1.976527,0.066958,-1.616485,-1.981623,-5.000145,-3.303997,-0.007797
33.960428,NaN,NaN,NaN,NaN,-0.089170,-2.255895,1.976672,0.066848,-1.616191,-1.981656,-5.000145,-3.308773,-0.007809
33.971032,NaN,NaN,NaN,NaN,-0.089975,-2.256411,1.976818,0.066629,-1.615895,-1.981687,-5.000137,-3.313538,-0.007820
33.991476,NaN,NaN,NaN,NaN,-0.090794,-2.257922,1.977219,0.066409,-1.615022,-1.981826,-5.000137,-3.327728,-0.007854
34.011908,NaN,NaN,NaN,NaN,-0.092029,-2.258912,1.977477,0.066079,-1.614438,-1.981925,-5.000126,-3.337112,-0.007881
34.021754,NaN,NaN,NaN,NaN,-0.092460,-2.259400,1.977695,0.065973,-1.614182,-1.982061,-5.000134,-3.341789,-0.007874
34.031143,NaN,NaN,NaN,NaN,-0.092883,-2.260370,1.977806,0.065867,-1.613662,-1.982125,-5.000141,-3.351109,-0.007874
34.052053,NaN,NaN,NaN,NaN,-0.094118,-2.261331,1.978026,0.065554,-1.613132,-1.982245,-5.000164,-3.360390,-0.007881
34.061016,NaN,NaN,NaN,NaN,-0.094524,-2.261802,1.978214,0.065451,-1.612897,-1.982398,-5.000179,-3.365002,-0.007843
34.071249,NaN,NaN,NaN,NaN,-0.094922,-2.262740,1.978309,0.065349,-1.612418,-1.982470,-5.000195,-3.374191,-0.007824
34.080129,NaN,NaN,NaN,NaN,-0.095312,-2.263206,1.978404,0.065248,-1.612174,-1.982539,-5.000210,-3.378765,-0.007809
34.091722,NaN,NaN,NaN,NaN,-0.096111,-2.263676,1.978496,0.065059,-1.611949,-1.982614,-5.000252,-3.383320,-0.007778
34.112211,NaN,NaN,NaN,NaN,-0.096881,-2.265076,1.978775,0.064874,-1.611255,-1.982823,-5.000305,-3.396908,-0.007668
34.122731,NaN,NaN,NaN,NaN,-0.097284,-2.265541,1.978855,0.064789,-1.611033,-1.982895,-5.000332,-3.401402,-0.007622
34.131344,NaN,NaN,NaN,NaN,-0.098069,-2.266003,1.978936,0.064621,-1.610807,-1.982965,-5.000385,-3.405884,-0.007576
34.151439,NaN,NaN,NaN,NaN,-0.098450,-2.266921,1.979173,0.064538,-1.610345,-1.983179,-5.000412,-3.414818,-0.007454
34.161615,NaN,NaN,NaN,NaN,-0.099222,-2.267843,1.979248,0.064387,-1.609851,-1.983258,-5.000454,-3.423668,-0.007416
34.171248,NaN,NaN,NaN,NaN,-0.099963,-2.268301,1.979323,0.064239,-1.609599,-1.983334,-5.000504,-3.428078,-0.007381
34.191377,NaN,NaN,NaN,NaN,-0.100686,-2.269668,1.979561,0.064092,-1.608808,-1.983567,-5.000542,-3.441162,-0.007271
34.212620,NaN,NaN,NaN,NaN,-0.101730,-2.270570,1.979727,0.063875,-1.608261,-1.983716,-5.000584,-3.449833,-0.007202
34.220696,NaN,NaN,NaN,NaN,-0.102079,-2.271025,1.979892,0.063805,-1.607981,-1.983870,-5.000595,-3.454128,-0.007122
34.231107,NaN,NaN,NaN,NaN,-0.102420,-2.271927,1.979976,0.063736,-1.607414,-1.983943,-5.000607,-3.462704,-0.007088
34.253025,NaN,NaN,NaN,NaN,-0.103423,-2.272841,1.980139,0.063535,-1.606835,-1.984096,-5.000645,-3.471233,-0.007019
34.260251,NaN,NaN,NaN,NaN,-0.103760,-2.273304,1.980297,0.063471,-1.606541,-1.984254,-5.000664,-3.475479,-0.006950
34.280496,NaN,NaN,NaN,NaN,-0.104411,-2.274703,1.980470,0.063344,-1.605649,-1.984415,-5.000702,-3.488140,-0.006912
34.292996,NaN,NaN,NaN,NaN,-0.105074,-2.275180,1.980656,0.063221,-1.605350,-1.984576,-5.000751,-3.492329,-0.006897
34.300550,NaN,NaN,NaN,NaN,-0.105395,-2.275655,1.980750,0.063161,-1.605049,-1.984653,-5.000774,-3.496506,-0.006893
34.312975,NaN,NaN,NaN,NaN,-0.105709,-2.276597,1.980845,0.063102,-1.604440,-1.984727,-5.000797,-3.504826,-0.006889
34.331182,NaN,NaN,NaN,NaN,-0.106665,-2.277565,1.981066,0.062908,-1.603842,-1.984900,-5.000862,-3.513126,-0.006912
34.340219,NaN,NaN,NaN,NaN,-0.106970,-2.278045,1.981290,0.062846,-1.603540,-1.985062,-5.000877,-3.517262,-0.006966
34.351587,NaN,NaN,NaN,NaN,-0.107295,-2.278523,1.981429,0.062775,-1.603236,-1.985160,-5.000896,-3.521389,-0.006996
34.371883,NaN,NaN,NaN,NaN,-0.108226,-2.280012,1.981846,0.062569,-1.602325,-1.985433,-5.000946,-3.533741,-0.007099
34.381663,NaN,NaN,NaN,NaN,-0.108557,-2.280503,1.982019,0.062507,-1.602017,-1.985543,-5.000977,-3.537842,-0.007145
34.391441,NaN,NaN,NaN,NaN,-0.108881,-2.281514,1.982192,0.062446,-1.601409,-1.985650,-5.001003,-3.546021,-0.007191
34.400404,NaN,NaN,NaN,NaN,-0.109198,-2.282015,1.982365,0.062386,-1.601102,-1.985753,-5.001038,-3.550091,-0.007252
34.411945,NaN,NaN,NaN,NaN,-0.109852,-2.282512,1.982538,0.062261,-1.600792,-1.985853,-5.001118,-3.554153,-0.007313
34.420845,NaN,NaN,NaN,NaN,-0.110190,-2.283034,1.982905,0.062195,-1.600494,-1.986077,-5.001163,-3.558220,-0.007462
34.431133,NaN,NaN,NaN,NaN,-0.110520,-2.284069,1.983088,0.062131,-1.599890,-1.986184,-5.001205,-3.566326,-0.007538
34.440158,NaN,NaN,NaN,NaN,-0.111159,-2.284580,1.983272,0.062004,-1.599586,-1.986287,-5.001286,-3.570370,-0.007610
34.451278,NaN,NaN,NaN,NaN,-0.111498,-2.285118,1.983454,0.061932,-1.599289,-1.986405,-5.001343,-3.574402,-0.007702
34.460493,NaN,NaN,NaN,NaN,-0.111829,-2.285651,1.983637,0.061860,-1.598990,-1.986520,-5.001408,-3.578426,-0.007782
34.472061,NaN,NaN,NaN,NaN,-0.112470,-2.286180,1.984002,0.061721,-1.598688,-1.986740,-5.001534,-3.582439,-0.007950
34.491356,NaN,NaN,NaN,NaN,-0.113143,-2.287820,1.984314,0.061555,-1.597791,-1.986963,-5.001701,-3.594406,-0.008121
34.512305,NaN,NaN,NaN,NaN,-0.113787,-2.288917,1.984762,0.061393,-1.597190,-1.987272,-5.001858,-3.602329,-0.008392
34.531598,NaN,NaN,NaN,NaN,-0.114803,-2.290626,1.985070,0.061137,-1.596357,-1.987442,-5.002090,-3.614113,-0.008583
34.551774,NaN,NaN,NaN,NaN,-0.115469,-2.292330,1.985455,0.060963,-1.595566,-1.987702,-5.002254,-3.625809,-0.008896
34.561655,NaN,NaN,NaN,NaN,-0.116128,-2.292895,1.985574,0.060785,-1.595308,-1.987786,-5.002434,-3.629681,-0.009003
34.572182,NaN,NaN,NaN,NaN,-0.116446,-2.293455,1.985817,0.060698,-1.595046,-1.987943,-5.002518,-3.633545,-0.009209
34.581137,NaN,NaN,NaN,NaN,-0.116771,-2.294010,1.985914,0.060609,-1.594783,-1.988028,-5.002644,-3.637398,-0.009319
34.591523,NaN,NaN,NaN,NaN,-0.117088,-2.295178,1.986013,0.060520,-1.594319,-1.988110,-5.002766,-3.645042,-0.009426
34.599945,NaN,NaN,NaN,NaN,-0.117399,-2.295754,1.986114,0.060433,-1.594083,-1.988190,-5.002884,-3.648846,-0.009533
34.611416,NaN,NaN,NaN,NaN,-0.118029,-2.296325,1.986216,0.060265,-1.593843,-1.988266,-5.003139,-3.652641,-0.009640
34.620848,NaN,NaN,NaN,NaN,-0.118348,-2.296922,1.986369,0.060183,-1.593638,-1.988423,-5.003277,-3.656422,-0.009857
34.642493,NaN,NaN,NaN,NaN,-0.118660,-2.298680,1.986484,0.060102,-1.593003,-1.988591,-5.003410,-3.667713,-0.010033
34.651205,NaN,NaN,NaN,NaN,-0.119582,-2.299295,1.986529,0.059854,-1.592805,-1.988663,-5.003868,-3.671452,-0.010128
34.660239,NaN,NaN,NaN,NaN,-0.119880,-2.299905,1.986576,0.059772,-1.592603,-1.988732,-5.004017,-3.675179,-0.010223
34.672311,NaN,NaN,NaN,NaN,-0.120172,-2.300509,1.986676,0.059690,-1.592398,-1.988860,-5.004166,-3.678894,-0.010414
34.681449,NaN,NaN,NaN,NaN,-0.120473,-2.301740,1.986695,0.059592,-1.592002,-1.988917,-5.004345,-3.686295,-0.010513
34.699747,NaN,NaN,NaN,NaN,-0.121055,-2.302989,1.986774,0.059400,-1.591617,-1.989071,-5.004684,-3.693638,-0.010792
34.711391,NaN,NaN,NaN,NaN,-0.121613,-2.304250,1.986778,0.059212,-1.591246,-1.989115,-5.005013,-3.700947,-0.010880
34.731010,NaN,NaN,NaN,NaN,-0.122193,-2.305521,1.986794,0.059008,-1.590887,-1.989196,-5.005402,-3.708221,-0.011059
34.741491,NaN,NaN,NaN,NaN,-0.122751,-2.306147,1.986806,0.058810,-1.590703,-1.989233,-5.005768,-3.711864,-0.011147
34.751261,NaN,NaN,NaN,NaN,-0.123040,-2.307430,1.986767,0.058711,-1.590383,-1.989301,-5.005981,-3.719082,-0.011322
34.772529,NaN,NaN,NaN,NaN,-0.123871,-2.308687,1.986739,0.058420,-1.590047,-1.989359,-5.006592,-3.726257,-0.011494
34.782270,NaN,NaN,NaN,NaN,-0.124149,-2.309317,1.986641,0.058328,-1.589901,-1.989391,-5.006813,-3.729813,-0.011658
34.791313,NaN,NaN,NaN,NaN,-0.124421,-2.310559,1.986597,0.058238,-1.589598,-1.989404,-5.007030,-3.736889,-0.011742
34.811358,NaN,NaN,NaN,NaN,-0.125209,-2.311780,1.986474,0.057975,-1.589310,-1.989419,-5.007664,-3.743904,-0.011890
34.820920,NaN,NaN,NaN,NaN,-0.125465,-2.312383,1.986322,0.057889,-1.589176,-1.989423,-5.007900,-3.747391,-0.012012
34.832103,NaN,NaN,NaN,NaN,-0.125714,-2.313571,1.986252,0.057805,-1.588895,-1.989421,-5.008133,-3.754349,-0.012077
34.840365,NaN,NaN,NaN,NaN,-0.126209,-2.314157,1.986187,0.057635,-1.588749,-1.989417,-5.008579,-3.757820,-0.012142
34.860907,NaN,NaN,NaN,NaN,-0.126453,-2.315330,1.985899,0.057549,-1.588520,-1.989392,-5.008797,-3.764694,-0.012280
34.872155,NaN,NaN,NaN,NaN,-0.126924,-2.316479,1.985811,0.057383,-1.588274,-1.989379,-5.009216,-3.771542,-0.012325
34.891707,NaN,NaN,NaN,NaN,-0.127609,-2.317635,1.985567,0.057110,-1.588052,-1.989344,-5.009758,-3.778290,-0.012333
34.900135,NaN,NaN,NaN,NaN,-0.127827,-2.318203,1.985342,0.057021,-1.587934,-1.989301,-5.009926,-3.781654,-0.012352
34.911767,NaN,NaN,NaN,NaN,-0.128039,-2.318766,1.985194,0.056930,-1.587812,-1.989273,-5.010101,-3.785011,-0.012352
34.920953,NaN,NaN,NaN,NaN,-0.128246,-2.319886,1.985050,0.056840,-1.587598,-1.989243,-5.010269,-3.791656,-0.012352
34.931196,NaN,NaN,NaN,NaN,-0.128645,-2.320437,1.984912,0.056663,-1.587483,-1.989210,-5.010593,-3.794971,-0.012352
34.951771,NaN,NaN,NaN,NaN,-0.129007,-2.322061,1.984429,0.056470,-1.587154,-1.989094,-5.010899,-3.804863,-0.012337
34.961570,NaN,NaN,NaN,NaN,-0.129181,-2.322591,1.984263,0.056375,-1.587042,-1.989050,-5.011044,-3.808144,-0.012333
34.973256,NaN,NaN,NaN,NaN,-0.129518,-2.323117,1.984103,0.056190,-1.586925,-1.989004,-5.011326,-3.811417,-0.012329
34.981992,NaN,NaN,NaN,NaN,-0.129680,-2.323625,1.983704,0.056099,-1.586806,-1.988910,-5.011467,-3.814674,-0.012306
34.991204,NaN,NaN,NaN,NaN,-0.129837,-2.324625,1.983513,0.056009,-1.586555,-1.988859,-5.011608,-3.821167,-0.012299
35.012028,NaN,NaN,NaN,NaN,-0.130279,-2.325601,1.983108,0.055741,-1.586297,-1.988738,-5.012016,-3.827637,-0.012245
35.020341,NaN,NaN,NaN,NaN,-0.130416,-2.326078,1.982686,0.055653,-1.586168,-1.988595,-5.012154,-3.830868,-0.012184
35.041311,NaN,NaN,NaN,NaN,-0.130679,-2.326551,1.982252,0.055480,-1.586034,-1.988429,-5.012413,-3.834091,-0.012112
35.052770,NaN,NaN,NaN,NaN,-0.130914,-2.327923,1.982027,0.055297,-1.585633,-1.988334,-5.012676,-3.843716,-0.012066
35.060282,NaN,NaN,NaN,NaN,-0.131026,-2.328368,1.981807,0.055208,-1.585494,-1.988239,-5.012798,-3.846909,-0.012039
35.073025,NaN,NaN,NaN,NaN,-0.131135,-2.329242,1.981353,0.055121,-1.585216,-1.988033,-5.012917,-3.853279,-0.011982
35.091389,NaN,NaN,NaN,NaN,-0.131413,-2.330096,1.980890,0.054849,-1.584931,-1.987812,-5.013245,-3.859619,-0.011921
35.100443,NaN,NaN,NaN,NaN,-0.131500,-2.330517,1.980452,0.054761,-1.584783,-1.987586,-5.013351,-3.862778,-0.011871
35.111380,NaN,NaN,NaN,NaN,-0.131561,-2.331358,1.980197,0.054671,-1.584483,-1.987478,-5.013447,-3.869076,-0.011833
35.120256,NaN,NaN,NaN,NaN,-0.131676,-2.331779,1.979949,0.054495,-1.584330,-1.987368,-5.013618,-3.872223,-0.011810
35.132205,NaN,NaN,NaN,NaN,-0.131731,-2.332195,1.979472,0.054409,-1.584173,-1.987146,-5.013699,-3.875362,-0.011765
35.141754,NaN,NaN,NaN,NaN,-0.131750,-2.332608,1.979218,0.054324,-1.584012,-1.987050,-5.013783,-3.878494,-0.011726
35.151181,NaN,NaN,NaN,NaN,-0.131767,-2.333471,1.978969,0.054240,-1.583708,-1.986951,-5.013863,-3.884735,-0.011688
35.171263,NaN,NaN,NaN,NaN,-0.131793,-2.334318,1.978491,0.054004,-1.583386,-1.986749,-5.014084,-3.890942,-0.011627
35.180877,NaN,NaN,NaN,NaN,-0.131787,-2.334753,1.977991,0.053932,-1.583250,-1.986613,-5.014160,-3.894020,-0.011547
35.192430,NaN,NaN,NaN,NaN,-0.131780,-2.335612,1.977749,0.053861,-1.582964,-1.986541,-5.014240,-3.900143,-0.011513
35.211339,NaN,NaN,NaN,NaN,-0.131718,-2.336473,1.977257,0.053655,-1.582685,-1.986430,-5.014450,-3.906212,-0.011444
35.231951,NaN,NaN,NaN,NaN,-0.131663,-2.337765,1.976522,0.053523,-1.582272,-1.986300,-5.014580,-3.915253,-0.011356
35.240960,NaN,NaN,NaN,NaN,-0.131634,-2.338200,1.976267,0.053459,-1.582141,-1.986278,-5.014645,-3.918236,-0.011333
35.251248,NaN,NaN,NaN,NaN,-0.131569,-2.338632,1.976018,0.053341,-1.582005,-1.986254,-5.014725,-3.921215,-0.011314
35.271196,NaN,NaN,NaN,NaN,-0.131535,-2.339917,1.975290,0.053283,-1.581585,-1.986179,-5.014763,-3.930092,-0.011272
35.280708,NaN,NaN,NaN,NaN,-0.131479,-2.340345,1.975048,0.053180,-1.581448,-1.986158,-5.014816,-3.933022,-0.011269
35.291234,NaN,NaN,NaN,NaN,-0.131434,-2.340770,1.974811,0.053090,-1.581305,-1.986135,-5.014847,-3.935947,-0.011261
35.311402,NaN,NaN,NaN,NaN,-0.131411,-2.342023,1.974076,0.053047,-1.580909,-1.986092,-5.014870,-3.944637,-0.011253
35.320391,NaN,NaN,NaN,NaN,-0.131383,-2.342434,1.973833,0.052984,-1.580776,-1.986080,-5.014893,-3.947514,-0.011257
35.332800,NaN,NaN,NaN,NaN,-0.131352,-2.342843,1.973351,0.052924,-1.580638,-1.986076,-5.014915,-3.950390,-0.011265
35.342623,NaN,NaN,NaN,NaN,-0.131353,-2.343239,1.973113,0.052903,-1.580530,-1.986084,-5.014912,-3.953278,-0.011272
35.351507,NaN,NaN,NaN,NaN,-0.131354,-2.344025,1.972881,0.052882,-1.580295,-1.986090,-5.014904,-3.959038,-0.011280
35.372876,NaN,NaN,NaN,NaN,-0.131378,-2.344802,1.972432,0.052830,-1.580037,-1.986092,-5.014847,-3.964771,-0.011322
35.380600,NaN,NaN,NaN,NaN,-0.131402,-2.345180,1.972011,0.052816,-1.579914,-1.986137,-5.014820,-3.967613,-0.011356
35.391242,NaN,NaN,NaN,NaN,-0.131425,-2.345930,1.971809,0.052802,-1.579651,-1.986154,-5.014797,-3.973274,-0.011379
35.400638,NaN,NaN,NaN,NaN,-0.131448,-2.346303,1.971611,0.052790,-1.579511,-1.986169,-5.014774,-3.976089,-0.011398
35.411444,NaN,NaN,NaN,NaN,-0.131518,-2.346649,1.971417,0.052803,-1.579398,-1.986203,-5.014713,-3.978889,-0.011410
35.420006,NaN,NaN,NaN,NaN,-0.131552,-2.346995,1.971043,0.052810,-1.579280,-1.986261,-5.014683,-3.981686,-0.011436
35.432164,NaN,NaN,NaN,NaN,-0.131585,-2.347681,1.970863,0.052817,-1.579023,-1.986285,-5.014652,-3.987259,-0.011452
35.441664,NaN,NaN,NaN,NaN,-0.131627,-2.347989,1.970697,0.052825,-1.578902,-1.986322,-5.014606,-3.990028,-0.011459
35.451220,NaN,NaN,NaN,NaN,-0.131708,-2.348295,1.970535,0.052842,-1.578775,-1.986356,-5.014511,-3.992790,-0.011471
35.472332,NaN,NaN,NaN,NaN,-0.131789,-2.349177,1.970081,0.052861,-1.578379,-1.986452,-5.014423,-4.001034,-0.011513
35.480834,NaN,NaN,NaN,NaN,-0.131829,-2.349449,1.969942,0.052872,-1.578249,-1.986488,-5.014378,-4.003757,-0.011528
35.491192,NaN,NaN,NaN,NaN,-0.131907,-2.349720,1.969808,0.052894,-1.578113,-1.986521,-5.014294,-4.006477,-0.011547
35.511248,NaN,NaN,NaN,NaN,-0.131995,-2.350494,1.969456,0.052928,-1.577716,-1.986636,-5.014206,-4.014557,-0.011585
35.533273,NaN,NaN,NaN,NaN,-0.132145,-2.350995,1.969248,0.052998,-1.577437,-1.986707,-5.014076,-4.019905,-0.011612
35.541194,NaN,NaN,NaN,NaN,-0.132215,-2.351229,1.969077,0.053029,-1.577317,-1.986808,-5.014030,-4.022549,-0.011600
35.551051,NaN,NaN,NaN,NaN,-0.132283,-2.351697,1.968997,0.053060,-1.577060,-1.986853,-5.013988,-4.027817,-0.011600
35.560031,NaN,NaN,NaN,NaN,-0.132350,-2.351931,1.968919,0.053091,-1.576922,-1.986895,-5.013950,-4.030445,-0.011597
35.572828,NaN,NaN,NaN,NaN,-0.132505,-2.352151,1.968848,0.053178,-1.576796,-1.986954,-5.013863,-4.033035,-0.011570
35.580401,NaN,NaN,NaN,NaN,-0.132591,-2.352371,1.968715,0.053233,-1.576663,-1.987063,-5.013821,-4.035622,-0.011520
35.591195,NaN,NaN,NaN,NaN,-0.132677,-2.352811,1.968652,0.053287,-1.576382,-1.987112,-5.013779,-4.040771,-0.011501
35.611133,NaN,NaN,NaN,NaN,-0.132929,-2.353207,1.968524,0.053480,-1.576115,-1.987252,-5.013645,-4.045845,-0.011436
35.620645,NaN,NaN,NaN,NaN,-0.133012,-2.353405,1.968407,0.053549,-1.575973,-1.987377,-5.013603,-4.048374,-0.011379
35.632191,NaN,NaN,NaN,NaN,-0.133093,-2.353605,1.968353,0.053617,-1.575825,-1.987434,-5.013561,-4.050900,-0.011353
35.651204,NaN,NaN,NaN,NaN,-0.133336,-2.354157,1.968215,0.053839,-1.575377,-1.987585,-5.013424,-4.058411,-0.011276
35.660308,NaN,NaN,NaN,NaN,-0.133415,-2.354334,1.968089,0.053912,-1.575222,-1.987722,-5.013390,-4.060898,-0.011211
35.671313,NaN,NaN,NaN,NaN,-0.133482,-2.354659,1.968013,0.053992,-1.574924,-1.987797,-5.013348,-4.065834,-0.011162
35.681326,NaN,NaN,NaN,NaN,-0.133548,-2.354808,1.967940,0.054071,-1.574781,-1.987868,-5.013302,-4.068287,-0.011116
35.692640,NaN,NaN,NaN,NaN,-0.133678,-2.354957,1.967871,0.054227,-1.574633,-1.987936,-5.013214,-4.070732,-0.011074
35.699740,NaN,NaN,NaN,NaN,-0.133742,-2.355108,1.967805,0.054301,-1.574481,-1.988000,-5.013180,-4.073174,-0.011032
35.711862,NaN,NaN,NaN,NaN,-0.133804,-2.355354,1.967627,0.054374,-1.574243,-1.988159,-5.013142,-4.077991,-0.010948
35.751119,NaN,NaN,NaN,NaN,-0.133992,-2.355606,1.967461,0.054594,-1.573983,-1.988304,-5.013035,-4.082798,-0.010891
35.769077,NaN,NaN,NaN,NaN,-0.134120,-2.355932,1.967148,0.054739,-1.573695,-1.988541,-5.012974,-4.089958,-0.010784
35.788929,NaN,NaN,NaN,NaN,-0.134245,-2.356132,1.966935,0.054881,-1.573532,-1.988690,-5.012913,-4.094700,-0.010704
35.798352,NaN,NaN,NaN,NaN,-0.134354,-2.356221,1.966823,0.055034,-1.573470,-1.988763,-5.012878,-4.097061,-0.010662
35.809697,NaN,NaN,NaN,NaN,-0.134407,-2.356312,1.966610,0.055110,-1.573402,-1.988900,-5.012871,-4.099415,-0.010590
35.818578,NaN,NaN,NaN,NaN,-0.134459,-2.356491,1.966488,0.055185,-1.573300,-1.988968,-5.012863,-4.104092,-0.010540
35.828882,NaN,NaN,NaN,NaN,-0.134560,-2.356579,1.966370,0.055355,-1.573265,-1.989032,-5.012859,-4.106415,-0.010494
35.837544,NaN,NaN,NaN,NaN,-0.134609,-2.356668,1.966145,0.055439,-1.573224,-1.989152,-5.012859,-4.108734,-0.010406
35.848914,NaN,NaN,NaN,NaN,-0.134657,-2.356848,1.966021,0.055523,-1.573159,-1.989202,-5.012859,-4.113358,-0.010353
35.869064,NaN,NaN,NaN,NaN,-0.134796,-2.357032,1.965783,0.055826,-1.573106,-1.989293,-5.012856,-4.117954,-0.010273
35.888926,NaN,NaN,NaN,NaN,-0.134880,-2.357323,1.965406,0.056026,-1.573029,-1.989433,-5.012852,-4.124771,-0.010143
35.909830,NaN,NaN,NaN,NaN,-0.134996,-2.357527,1.965037,0.056322,-1.572965,-1.989558,-5.012844,-4.129284,-0.010017
35.918230,NaN,NaN,NaN,NaN,-0.135038,-2.357631,1.964890,0.056418,-1.572924,-1.989609,-5.012863,-4.131538,-0.009972
35.929806,NaN,NaN,NaN,NaN,-0.135079,-2.357854,1.964747,0.056513,-1.572884,-1.989658,-5.012878,-4.135979,-0.009926
35.937308,NaN,NaN,NaN,NaN,-0.135118,-2.357968,1.964608,0.056607,-1.572856,-1.989703,-5.012894,-4.138199,-0.009884
35.949973,NaN,NaN,NaN,NaN,-0.135207,-2.358083,1.964472,0.056784,-1.572820,-1.989744,-5.012924,-4.140419,-0.009846
35.958755,NaN,NaN,NaN,NaN,-0.135256,-2.358195,1.964133,0.056867,-1.572811,-1.989839,-5.012943,-4.142605,-0.009754
35.968737,NaN,NaN,NaN,NaN,-0.135303,-2.358424,1.963970,0.056949,-1.572772,-1.989882,-5.012959,-4.146973,-0.009712
35.977939,NaN,NaN,NaN,NaN,-0.135388,-2.358542,1.963810,0.057098,-1.572743,-1.989922,-5.012970,-4.149155,-0.009670
35.990095,NaN,NaN,NaN,NaN,-0.135426,-2.358650,1.963607,0.057166,-1.572726,-1.989967,-5.012970,-4.151310,-0.009628
35.997830,NaN,NaN,NaN,NaN,-0.135463,-2.358759,1.963216,0.057234,-1.572702,-1.990050,-5.012974,-4.153465,-0.009544
36.009842,NaN,NaN,NaN,NaN,-0.135499,-2.358984,1.963026,0.057301,-1.572637,-1.990088,-5.012974,-4.157764,-0.009506
36.019003,NaN,NaN,NaN,NaN,-0.135552,-2.359081,1.962806,0.057396,-1.572609,-1.990124,-5.012978,-4.159885,-0.009468
36.028931,NaN,NaN,NaN,NaN,-0.135577,-2.359180,1.962589,0.057443,-1.572575,-1.990157,-5.012978,-4.162006,-0.009434
36.037518,NaN,NaN,NaN,NaN,-0.135600,-2.359281,1.962170,0.057490,-1.572535,-1.990218,-5.012978,-4.164124,-0.009365
36.048881,NaN,NaN,NaN,NaN,-0.135623,-2.359385,1.961935,0.057537,-1.572489,-1.990254,-5.012978,-4.166245,-0.009315
36.058849,NaN,NaN,NaN,NaN,-0.135641,-2.359539,1.961705,0.057576,-1.572397,-1.990286,-5.012974,-4.170437,-0.009270
36.070060,NaN,NaN,NaN,NaN,-0.135673,-2.359619,1.961480,0.057655,-1.572343,-1.990316,-5.012962,-4.172535,-0.009224
36.088729,NaN,NaN,NaN,NaN,-0.135700,-2.359739,1.960799,0.057724,-1.572229,-1.990434,-5.012943,-4.176708,-0.009064
36.109883,NaN,NaN,NaN,NaN,-0.135731,-2.359869,1.960357,0.057813,-1.572031,-1.990513,-5.012833,-4.182938,-0.008999
36.119023,NaN,NaN,NaN,NaN,-0.135725,-2.359903,1.959911,0.057826,-1.571976,-1.990617,-5.012787,-4.184998,-0.008923
36.128896,NaN,NaN,NaN,NaN,-0.135719,-2.359976,1.959695,0.057839,-1.571847,-1.990664,-5.012745,-4.189117,-0.008884
36.138910,NaN,NaN,NaN,NaN,-0.135712,-2.360017,1.959483,0.057852,-1.571774,-1.990709,-5.012703,-4.191181,-0.008854
36.149136,NaN,NaN,NaN,NaN,-0.135688,-2.360041,1.959268,0.057849,-1.571702,-1.990769,-5.012608,-4.193218,-0.008823
36.168857,NaN,NaN,NaN,NaN,-0.135654,-2.360130,1.958649,0.057821,-1.571451,-1.990934,-5.012497,-4.199329,-0.008747
36.188986,NaN,NaN,NaN,NaN,-0.135614,-2.360186,1.958261,0.057766,-1.571263,-1.991053,-5.012302,-4.203362,-0.008705
36.198396,NaN,NaN,NaN,NaN,-0.135602,-2.360211,1.957891,0.057745,-1.571164,-1.991184,-5.012234,-4.205360,-0.008671
36.210460,NaN,NaN,NaN,NaN,-0.135590,-2.360267,1.957712,0.057725,-1.570952,-1.991245,-5.012165,-4.209358,-0.008659
36.229564,NaN,NaN,NaN,NaN,-0.135554,-2.360300,1.957188,0.057591,-1.570744,-1.991472,-5.011944,-4.213284,-0.008671
36.237379,NaN,NaN,NaN,NaN,-0.135542,-2.360343,1.957019,0.057548,-1.570517,-1.991542,-5.011871,-4.217209,-0.008678
36.251692,NaN,NaN,NaN,NaN,-0.135524,-2.360338,1.956869,0.057482,-1.570416,-1.991628,-5.011795,-4.219124,-0.008690
36.268718,NaN,NaN,NaN,NaN,-0.135507,-2.360337,1.956578,0.057416,-1.570201,-1.991791,-5.011723,-4.222958,-0.008717
36.289187,NaN,NaN,NaN,NaN,-0.135452,-2.360305,1.956159,0.057202,-1.569878,-1.992094,-5.011517,-4.228607,-0.008762
36.297601,NaN,NaN,NaN,NaN,-0.135389,-2.360292,1.956024,0.056954,-1.569767,-1.992202,-5.011341,-4.230473,-0.008781
36.310413,NaN,NaN,NaN,NaN,-0.135367,-2.360283,1.955892,0.056873,-1.569650,-1.992308,-5.011284,-4.232338,-0.008801
36.328719,NaN,NaN,NaN,NaN,-0.135349,-2.360248,1.955489,0.056776,-1.569360,-1.992737,-5.011219,-4.237774,-0.008869
36.349011,NaN,NaN,NaN,NaN,-0.135279,-2.360224,1.955229,0.056374,-1.569177,-1.993050,-5.010963,-4.241337,-0.008919
36.358543,NaN,NaN,NaN,NaN,-0.135266,-2.360209,1.954955,0.056260,-1.569096,-1.993380,-5.010906,-4.243088,-0.008991
36.369360,NaN,NaN,NaN,NaN,-0.135252,-2.360187,1.954809,0.056147,-1.568917,-1.993530,-5.010853,-4.246586,-0.009052
36.388859,NaN,NaN,NaN,NaN,-0.135222,-2.360174,1.954493,0.055775,-1.568801,-1.993841,-5.010731,-4.249973,-0.009243
36.397884,NaN,NaN,NaN,NaN,-0.135214,-2.360172,1.954322,0.055646,-1.568734,-1.993966,-5.010696,-4.251663,-0.009396
36.410426,NaN,NaN,NaN,NaN,-0.135205,-2.360172,1.953945,0.055519,-1.568661,-1.994176,-5.010662,-4.253353,-0.009834
36.417617,NaN,NaN,NaN,NaN,-0.135238,-2.360164,1.953741,0.055233,-1.568594,-1.994261,-5.010609,-4.256626,-0.010132
36.428774,NaN,NaN,NaN,NaN,-0.135253,-2.360164,1.953528,0.055091,-1.568551,-1.994328,-5.010586,-4.258274,-0.010487
36.437897,NaN,NaN,NaN,NaN,-0.135267,-2.360167,1.953079,0.054951,-1.568503,-1.994412,-5.010563,-4.259926,-0.011402
36.458203,NaN,NaN,NaN,NaN,-0.135343,-2.360164,1.952598,0.054642,-1.568388,-1.994430,-5.010536,-4.264782,-0.012661
36.478066,NaN,NaN,NaN,NaN,-0.135412,-2.360167,1.952089,0.054339,-1.568303,-1.994392,-5.010521,-4.268005,-0.014256
36.488891,NaN,NaN,NaN,NaN,-0.135533,-2.360157,1.951535,0.054034,-1.568255,-1.994268,-5.010509,-4.271141,-0.016289
36.497456,NaN,NaN,NaN,NaN,-0.135591,-2.360157,1.951250,0.053884,-1.568222,-1.994190,-5.010502,-4.272732,-0.017452
36.509222,NaN,NaN,NaN,NaN,-0.135721,-2.360159,1.950960,0.053591,-1.568184,-1.994102,-5.010490,-4.274326,-0.018715
36.518001,NaN,NaN,NaN,NaN,-0.135791,-2.360144,1.950659,0.053448,-1.568161,-1.993988,-5.010498,-4.275887,-0.020138
36.528831,NaN,NaN,NaN,NaN,-0.135859,-2.360122,1.950046,0.053307,-1.568099,-1.993740,-5.010506,-4.279034,-0.023300
36.538352,NaN,NaN,NaN,NaN,-0.135926,-2.360116,1.949733,0.053167,-1.568061,-1.993606,-5.010513,-4.280617,-0.025047
36.549115,NaN,NaN,NaN,NaN,-0.136112,-2.360101,1.949426,0.052923,-1.568034,-1.993444,-5.010506,-4.282173,-0.026981
36.570220,NaN,NaN,NaN,NaN,-0.136289,-2.360072,1.948486,0.052684,-1.567921,-1.992935,-5.010498,-4.286888,-0.033478
36.589338,NaN,NaN,NaN,NaN,-0.136613,-2.360025,1.947892,0.052356,-1.567836,-1.992529,-5.010468,-4.290012,-0.038593
36.609664,NaN,NaN,NaN,NaN,-0.136843,-2.359973,1.947007,0.052148,-1.567685,-1.991903,-5.010433,-4.294712,-0.047310
36.628704,NaN,NaN,NaN,NaN,-0.137270,-2.359947,1.946440,0.051834,-1.567578,-1.991472,-5.010349,-4.297844,-0.053886
36.637820,NaN,NaN,NaN,NaN,-0.137407,-2.359931,1.945883,0.051732,-1.567463,-1.991044,-5.010319,-4.300968,-0.061092
36.658669,NaN,NaN,NaN,NaN,-0.137578,-2.359923,1.945341,0.051626,-1.567341,-1.990616,-5.010281,-4.304092,-0.068913
36.669857,NaN,NaN,NaN,NaN,-0.138071,-2.359922,1.945068,0.051317,-1.567272,-1.990407,-5.010170,-4.305660,-0.073025
36.679517,NaN,NaN,NaN,NaN,-0.138246,-2.359918,1.944547,0.051219,-1.567211,-1.989971,-5.010132,-4.307194,-0.081852
36.689103,NaN,NaN,NaN,NaN,-0.138418,-2.359918,1.944284,0.051123,-1.567073,-1.989760,-5.010094,-4.310272,-0.086472
36.697388,NaN,NaN,NaN,NaN,-0.138586,-2.359923,1.944021,0.051027,-1.566996,-1.989553,-5.010036,-4.311817,-0.091240
36.709174,NaN,NaN,NaN,NaN,-0.138925,-2.359930,1.943756,0.050842,-1.566914,-1.989351,-5.009926,-4.313370,-0.096149
36.728712,NaN,NaN,NaN,NaN,-0.139263,-2.359942,1.943059,0.050663,-1.566658,-1.988743,-5.009819,-4.317955,-0.112022
36.749068,NaN,NaN,NaN,NaN,-0.139762,-2.359965,1.942612,0.050389,-1.566479,-1.988353,-5.009651,-4.321011,-0.123409
36.770075,NaN,NaN,NaN,NaN,-0.140083,-2.360020,1.941965,0.050209,-1.566199,-1.987794,-5.009525,-4.325600,-0.141701
36.788884,NaN,NaN,NaN,NaN,-0.140550,-2.360083,1.941600,0.049935,-1.566004,-1.987418,-5.009312,-4.328617,-0.154816
36.797763,NaN,NaN,NaN,NaN,-0.140700,-2.360118,1.941235,0.049847,-1.565899,-1.987061,-5.009243,-4.330132,-0.168488
36.809400,NaN,NaN,NaN,NaN,-0.140845,-2.360213,1.941089,0.049761,-1.565676,-1.986881,-5.009163,-4.333138,-0.175629
36.817815,NaN,NaN,NaN,NaN,-0.140987,-2.360271,1.940942,0.049676,-1.565557,-1.986707,-5.009075,-4.334633,-0.182907
36.837542,NaN,NaN,NaN,NaN,-0.141399,-2.360332,1.940642,0.049430,-1.565434,-1.986377,-5.008820,-4.336132,-0.197853
36.848843,NaN,NaN,NaN,NaN,-0.141532,-2.360574,1.940420,0.049356,-1.565026,-1.986052,-5.008739,-4.340595,-0.213512
36.858133,NaN,NaN,NaN,NaN,-0.141791,-2.360666,1.940310,0.049213,-1.564881,-1.985893,-5.008583,-4.342083,-0.221516
36.870133,NaN,NaN,NaN,NaN,-0.141917,-2.360761,1.940198,0.049143,-1.564731,-1.985738,-5.008511,-4.343575,-0.229626
36.877714,NaN,NaN,NaN,NaN,-0.142053,-2.360876,1.940020,0.049084,-1.564579,-1.985416,-5.008411,-4.345036,-0.246338
36.888856,NaN,NaN,NaN,NaN,-0.142187,-2.360992,1.939927,0.049025,-1.564425,-1.985263,-5.008320,-4.346504,-0.254829
36.897569,NaN,NaN,NaN,NaN,-0.142318,-2.361230,1.939831,0.048968,-1.564105,-1.985114,-5.008228,-4.349457,-0.263401
36.909043,NaN,NaN,NaN,NaN,-0.142597,-2.361354,1.939759,0.048867,-1.563958,-1.984947,-5.008053,-4.350941,-0.272144
36.918229,NaN,NaN,NaN,NaN,-0.142745,-2.361478,1.939604,0.048823,-1.563812,-1.984628,-5.007965,-4.352451,-0.289829
36.930032,NaN,NaN,NaN,NaN,-0.142891,-2.361727,1.939525,0.048779,-1.563523,-1.984469,-5.007881,-4.355560,-0.298767
36.939566,NaN,NaN,NaN,NaN,-0.143035,-2.361855,1.939462,0.048736,-1.563408,-1.984285,-5.007809,-4.357132,-0.307850
36.949249,NaN,NaN,NaN,NaN,-0.143347,-2.361982,1.939395,0.048674,-1.563300,-1.984106,-5.007664,-4.358730,-0.316994
36.970793,NaN,NaN,NaN,NaN,-0.143647,-2.362353,1.939169,0.048614,-1.563038,-1.983592,-5.007526,-4.363682,-0.344715
36.979581,NaN,NaN,NaN,NaN,-0.143794,-2.362471,1.939094,0.048580,-1.562992,-1.983401,-5.007462,-4.365356,-0.354115
36.989173,NaN,NaN,NaN,NaN,-0.144081,-2.362585,1.939014,0.048514,-1.562966,-1.983215,-5.007343,-4.367046,-0.363552
37.010201,NaN,NaN,NaN,NaN,-0.144353,-2.362894,1.938762,0.048437,-1.563055,-1.982626,-5.007252,-4.372177,-0.392094
37.029371,NaN,NaN,NaN,NaN,-0.144734,-2.363064,1.938574,0.048306,-1.563294,-1.982208,-5.007114,-4.375637,-0.411339
37.049627,NaN,NaN,NaN,NaN,-0.144962,-2.363269,1.938250,0.048213,-1.563985,-1.981541,-5.007000,-4.380867,-0.440483
37.057896,NaN,NaN,NaN,NaN,-0.145181,-2.363323,1.938132,0.048121,-1.564307,-1.981314,-5.006859,-4.382614,-0.450253
37.070082,NaN,NaN,NaN,NaN,-0.145270,-2.363371,1.938013,0.048085,-1.564674,-1.981086,-5.006783,-4.384361,-0.460037
37.088800,NaN,NaN,NaN,NaN,-0.145443,-2.363480,1.937622,0.048014,-1.566155,-1.980332,-5.006630,-4.389587,-0.489548
37.111632,NaN,NaN,NaN,NaN,-0.145528,-2.363501,1.937483,0.047979,-1.566749,-1.980087,-5.006557,-4.391327,-0.499390
37.122393,NaN,NaN,NaN,NaN,-0.145669,-2.363508,1.937330,0.047924,-1.567447,-1.979828,-5.006401,-4.393070,-0.509258
37.131718,NaN,NaN,NaN,NaN,-0.145726,-2.363508,1.937008,0.047903,-1.568199,-1.979319,-5.006329,-4.394810,-0.529003
37.142872,NaN,NaN,NaN,NaN,-0.145782,-2.363499,1.936841,0.047882,-1.569006,-1.979068,-5.006260,-4.396545,-0.538872
37.162171,NaN,NaN,NaN,NaN,-0.145837,-2.363422,1.936462,0.047861,-1.571913,-1.978537,-5.006195,-4.401752,-0.558640
37.170637,NaN,NaN,NaN,NaN,-0.145967,-2.363378,1.936067,0.047788,-1.573024,-1.978016,-5.005974,-4.403496,-0.578396
37.182186,NaN,NaN,NaN,NaN,-0.146009,-2.363265,1.935841,0.047764,-1.575495,-1.977739,-5.005905,-4.406971,-0.588276
37.191910,NaN,NaN,NaN,NaN,-0.146093,-2.363196,1.935611,0.047689,-1.576856,-1.977464,-5.005772,-4.408699,-0.598152
37.202111,NaN,NaN,NaN,NaN,-0.146133,-2.363119,1.935378,0.047652,-1.578280,-1.977192,-5.005711,-4.410423,-0.608017
37.222711,NaN,NaN,NaN,NaN,-0.146210,-2.362842,1.934607,0.047571,-1.583097,-1.976329,-5.005585,-4.415569,-0.637566
37.230955,NaN,NaN,NaN,NaN,-0.146281,-2.362733,1.934337,0.047483,-1.584856,-1.976034,-5.005466,-4.417271,-0.647404
37.251547,NaN,NaN,NaN,NaN,-0.146345,-2.362484,1.933787,0.047369,-1.588561,-1.975451,-5.005348,-4.420647,-0.667057
37.262976,NaN,NaN,NaN,NaN,-0.146373,-2.362237,1.933199,0.047299,-1.592670,-1.974794,-5.005287,-4.423969,-0.686707
37.282439,NaN,NaN,NaN,NaN,-0.146466,-2.361953,1.932598,0.047069,-1.597030,-1.974149,-5.005104,-4.427254,-0.706306
37.302182,NaN,NaN,NaN,NaN,-0.146504,-2.361552,1.931617,0.046976,-1.604272,-1.973095,-5.005035,-4.432045,-0.735619
37.322604,NaN,NaN,NaN,NaN,-0.146662,-2.361280,1.930947,0.046595,-1.609488,-1.972381,-5.004730,-4.435169,-0.755074
37.343970,NaN,NaN,NaN,NaN,-0.146743,-2.361011,1.929921,0.046400,-1.615027,-1.971298,-5.004574,-4.438229,-0.784176
37.352142,NaN,NaN,NaN,NaN,-0.146784,-2.360761,1.929568,0.046278,-1.620895,-1.970914,-5.004505,-4.441223,-0.793854
37.364303,NaN,NaN,NaN,NaN,-0.146864,-2.360650,1.929216,0.046040,-1.623961,-1.970528,-5.004372,-4.442688,-0.803516
37.382539,NaN,NaN,NaN,NaN,-0.146942,-2.360394,1.928129,0.045811,-1.630271,-1.969354,-5.004234,-4.445595,-0.832397
37.402094,NaN,NaN,NaN,NaN,-0.147050,-2.360089,1.927374,0.045428,-1.640381,-1.968540,-5.004089,-4.449780,-0.851540
37.412487,NaN,NaN,NaN,NaN,-0.147085,-2.359962,1.926584,0.045305,-1.643862,-1.967697,-5.004044,-4.451164,-0.870579
37.430863,NaN,NaN,NaN,NaN,-0.147100,-2.359726,1.925764,0.045047,-1.654808,-1.966820,-5.003986,-4.455173,-0.889542
37.451755,NaN,NaN,NaN,NaN,-0.147103,-2.359610,1.924927,0.044659,-1.662428,-1.965914,-5.003925,-4.457787,-0.908421
37.470797,NaN,NaN,NaN,NaN,-0.147090,-2.359484,1.923640,0.044521,-1.674315,-1.964525,-5.003918,-4.461617,-0.936588
37.482562,NaN,NaN,NaN,NaN,-0.147028,-2.359536,1.923192,0.044111,-1.678424,-1.964055,-5.003906,-4.462852,-0.945927
37.502240,NaN,NaN,NaN,NaN,-0.146956,-2.359612,1.921845,0.043835,-1.691039,-1.962665,-5.003963,-4.466530,-0.973808
37.522405,NaN,NaN,NaN,NaN,-0.146797,-2.359743,1.920916,0.043419,-1.699730,-1.961738,-5.004055,-4.468929,-0.992264
37.543446,NaN,NaN,NaN,NaN,-0.146676,-2.360032,1.919471,0.043150,-1.713155,-1.960356,-5.004120,-4.472466,-1.019810
37.562683,NaN,NaN,NaN,NaN,-0.146421,-2.360448,1.918446,0.042770,-1.722411,-1.959417,-5.004250,-4.474728,-1.038048
37.571126,NaN,NaN,NaN,NaN,-0.146339,-2.360810,1.917426,0.042649,-1.731832,-1.958484,-5.004292,-4.476994,-1.056232
37.582292,NaN,NaN,NaN,NaN,-0.146228,-2.361108,1.916874,0.042526,-1.736636,-1.958014,-5.004341,-4.478077,-1.065277
37.591266,NaN,NaN,NaN,NaN,-0.146118,-2.361394,1.916322,0.042406,-1.741479,-1.957548,-5.004387,-4.479160,-1.074306
37.602100,NaN,NaN,NaN,NaN,-0.145902,-2.361658,1.915771,0.042173,-1.746356,-1.957085,-5.004478,-4.480244,-1.083313
37.610963,NaN,NaN,NaN,NaN,-0.145756,-2.361909,1.914636,0.042067,-1.751269,-1.956156,-5.004543,-4.481327,-1.101250
37.622428,NaN,NaN,NaN,NaN,-0.145611,-2.362641,1.914054,0.041964,-1.761243,-1.955690,-5.004608,-4.483398,-1.110188
37.645039,NaN,NaN,NaN,NaN,-0.145468,-2.363321,1.912897,0.041864,-1.771358,-1.954763,-5.004669,-4.485477,-1.128029
37.651026,NaN,NaN,NaN,NaN,-0.145187,-2.363777,1.912293,0.041672,-1.776490,-1.954287,-5.004787,-4.486492,-1.136913
37.662130,NaN,NaN,NaN,NaN,-0.144853,-2.364653,1.911091,0.041520,-1.786853,-1.953345,-5.004929,-4.488522,-1.154652
37.671569,NaN,NaN,NaN,NaN,-0.144688,-2.365065,1.910491,0.041447,-1.792077,-1.952879,-5.004986,-4.489540,-1.163528
37.682591,NaN,NaN,NaN,NaN,-0.144345,-2.365602,1.909879,0.041312,-1.797359,-1.952412,-5.005112,-4.490536,-1.172367
37.703122,NaN,NaN,NaN,NaN,-0.143989,-2.367142,1.908050,0.041191,-1.813379,-1.951029,-5.005238,-4.493530,-1.198784
37.723242,NaN,NaN,NaN,NaN,-0.143423,-2.368381,1.906838,0.041036,-1.824243,-1.950106,-5.005409,-4.495499,-1.216267
37.731729,NaN,NaN,NaN,NaN,-0.143231,-2.368984,1.906234,0.040990,-1.829714,-1.949649,-5.005466,-4.496487,-1.224995
37.744125,NaN,NaN,NaN,NaN,-0.143041,-2.369577,1.905033,0.040946,-1.835211,-1.948732,-5.005524,-4.497478,-1.242393
37.762402,NaN,NaN,NaN,NaN,-0.142415,-2.371697,1.903840,0.040798,-1.851908,-1.947812,-5.005672,-4.500420,-1.259724
37.782328,NaN,NaN,NaN,NaN,-0.142001,-2.373862,1.902056,0.040708,-1.868843,-1.946444,-5.005760,-4.503372,-1.285603
37.791931,NaN,NaN,NaN,NaN,-0.141793,-2.374659,1.901459,0.040665,-1.874551,-1.945987,-5.005795,-4.504349,-1.294186
37.803990,NaN,NaN,NaN,NaN,-0.141384,-2.375445,1.900270,0.040587,-1.880279,-1.945079,-5.005859,-4.505325,-1.311302
37.812398,NaN,NaN,NaN,NaN,-0.141166,-2.376213,1.899675,0.040546,-1.886023,-1.944610,-5.005878,-4.506310,-1.319805
37.830661,NaN,NaN,NaN,NaN,-0.140951,-2.378805,1.898489,0.040507,-1.903471,-1.943679,-5.005901,-4.509212,-1.336781
37.842316,NaN,NaN,NaN,NaN,-0.140311,-2.379646,1.897898,0.040401,-1.909321,-1.943218,-5.005955,-4.510189,-1.345253
37.862146,NaN,NaN,NaN,NaN,-0.139886,-2.382468,1.896122,0.040337,-1.927060,-1.941750,-5.005985,-4.513054,-1.370544
37.871617,NaN,NaN,NaN,NaN,-0.139676,-2.383385,1.895534,0.040307,-1.933000,-1.941266,-5.006001,-4.514015,-1.378952
37.882281,NaN,NaN,NaN,NaN,-0.139228,-2.384396,1.894926,0.040252,-1.938979,-1.940758,-5.006023,-4.514954,-1.387321
37.891614,NaN,NaN,NaN,NaN,-0.139009,-2.385394,1.893716,0.040226,-1.944969,-1.939751,-5.006035,-4.515896,-1.404011
37.903307,NaN,NaN,NaN,NaN,-0.138792,-2.387350,1.893114,0.040203,-1.956983,-1.939251,-5.006042,-4.517792,-1.412331
37.922301,NaN,NaN,NaN,NaN,-0.138120,-2.389490,1.891911,0.040134,-1.969082,-1.938223,-5.006176,-4.519650,-1.428898
37.942911,NaN,NaN,NaN,NaN,-0.137675,-2.392697,1.890134,0.040092,-1.987317,-1.936691,-5.006268,-4.522438,-1.453674
37.951089,NaN,NaN,NaN,NaN,-0.137444,-2.393799,1.889553,0.040075,-1.993424,-1.936182,-5.006329,-4.523361,-1.461906
37.971413,NaN,NaN,NaN,NaN,-0.136766,-2.394886,1.888394,0.040034,-1.999536,-1.935172,-5.006508,-4.524284,-1.478344
37.982158,NaN,NaN,NaN,NaN,-0.136541,-2.398239,1.887268,0.040019,-2.017947,-1.934180,-5.006577,-4.527020,-1.494701
38.002861,NaN,NaN,NaN,NaN,-0.135884,-2.400452,1.886152,0.039984,-2.030252,-1.933189,-5.006771,-4.528843,-1.511005
38.012100,NaN,NaN,NaN,NaN,-0.135667,-2.402763,1.885090,0.039978,-2.042588,-1.932163,-5.006824,-4.530628,-1.527203
38.022422,NaN,NaN,NaN,NaN,-0.135453,-2.403889,1.884561,0.039972,-2.048756,-1.931655,-5.006878,-4.531528,-1.535282
38.042589,NaN,NaN,NaN,NaN,-0.134814,-2.406081,1.883504,0.039971,-2.061089,-1.930647,-5.007008,-4.533348,-1.551418
38.062205,NaN,NaN,NaN,NaN,-0.134383,-2.409470,1.881963,0.039984,-2.079604,-1.929146,-5.007072,-4.536007,-1.575497
38.072049,NaN,NaN,NaN,NaN,-0.134173,-2.410557,1.881453,0.039993,-2.085771,-1.928649,-5.007103,-4.536903,-1.583500
38.082354,NaN,NaN,NaN,NaN,-0.133751,-2.411701,1.880940,0.040016,-2.091935,-1.928151,-5.007141,-4.537777,-1.591480
38.091565,NaN,NaN,NaN,NaN,-0.133546,-2.412823,1.879918,0.040029,-2.098096,-1.927165,-5.007164,-4.538651,-1.607395
38.102904,NaN,NaN,NaN,NaN,-0.133344,-2.414998,1.879409,0.040043,-2.110407,-1.926676,-5.007191,-4.540413,-1.615330
38.122591,NaN,NaN,NaN,NaN,-0.132707,-2.417246,1.878399,0.040071,-2.122688,-1.925708,-5.007244,-4.542118,-1.631145
38.142554,NaN,NaN,NaN,NaN,-0.132289,-2.419395,1.876920,0.040094,-2.134950,-1.924263,-5.007271,-4.543877,-1.654800
38.152112,NaN,NaN,NaN,NaN,-0.131875,-2.421600,1.876440,0.040121,-2.147171,-1.923787,-5.007294,-4.545586,-1.662666
38.162317,NaN,NaN,NaN,NaN,-0.131673,-2.422665,1.875961,0.040135,-2.153270,-1.923314,-5.007305,-4.546448,-1.670521
38.172778,NaN,NaN,NaN,NaN,-0.131474,-2.423703,1.875481,0.040150,-2.159363,-1.922843,-5.007313,-4.547314,-1.678364
38.182302,NaN,NaN,NaN,NaN,-0.131272,-2.425856,1.874547,0.040167,-2.171527,-1.921921,-5.007313,-4.549026,-1.694004
38.203931,NaN,NaN,NaN,NaN,-0.130683,-2.427897,1.873616,0.040222,-2.183658,-1.921010,-5.007301,-4.550785,-1.709591
38.211722,NaN,NaN,NaN,NaN,-0.130467,-2.429941,1.872700,0.040251,-2.195724,-1.920150,-5.007275,-4.552532,-1.725101
38.230667,NaN,NaN,NaN,NaN,-0.130254,-2.431873,1.871786,0.040281,-2.207756,-1.919300,-5.007248,-4.554291,-1.740566
38.242363,NaN,NaN,NaN,NaN,-0.129612,-2.432847,1.871326,0.040377,-2.213740,-1.918885,-5.007168,-4.555168,-1.748280
38.262614,NaN,NaN,NaN,NaN,-0.129168,-2.435590,1.869949,0.040448,-2.231635,-1.917655,-5.007114,-4.557861,-1.771362
38.271288,NaN,NaN,NaN,NaN,-0.128707,-2.436501,1.869472,0.040522,-2.237552,-1.917261,-5.007065,-4.558758,-1.779018
38.282433,NaN,NaN,NaN,NaN,-0.128467,-2.437380,1.868996,0.040562,-2.243458,-1.916869,-5.007042,-4.559658,-1.786663
38.291248,NaN,NaN,NaN,NaN,-0.128232,-2.438228,1.868046,0.040601,-2.249355,-1.916092,-5.007019,-4.560562,-1.801907
38.311265,NaN,NaN,NaN,NaN,-0.127730,-2.440651,1.867086,0.040689,-2.266942,-1.915329,-5.006973,-4.563274,-1.817066
38.331259,NaN,NaN,NaN,NaN,-0.126944,-2.442903,1.865633,0.040837,-2.284357,-1.914211,-5.006912,-4.565998,-1.839699
38.342456,NaN,NaN,NaN,NaN,-0.126647,-2.443630,1.865146,0.040893,-2.290121,-1.913853,-5.006889,-4.566898,-1.847198
38.351585,NaN,NaN,NaN,NaN,-0.126354,-2.444325,1.864661,0.040950,-2.295872,-1.913498,-5.006870,-4.567799,-1.854694
38.371818,NaN,NaN,NaN,NaN,-0.125471,-2.445623,1.863221,0.041128,-2.307339,-1.912457,-5.006802,-4.569603,-1.877094
38.382248,NaN,NaN,NaN,NaN,-0.125166,-2.446874,1.862750,0.041193,-2.318756,-1.912123,-5.006779,-4.571388,-1.884525
38.403985,NaN,NaN,NaN,NaN,-0.124244,-2.447995,1.861811,0.041390,-2.330119,-1.911458,-5.006718,-4.573177,-1.899342
38.422428,NaN,NaN,NaN,NaN,-0.123604,-2.449559,1.860480,0.041522,-2.347037,-1.910496,-5.006676,-4.575829,-1.921364
38.442190,NaN,NaN,NaN,NaN,-0.122660,-2.450491,1.859617,0.041724,-2.358232,-1.909870,-5.006603,-4.577599,-1.935978
38.462775,NaN,NaN,NaN,NaN,-0.121718,-2.451345,1.858359,0.041933,-2.369356,-1.908954,-5.006489,-4.579369,-1.957817
38.482207,NaN,NaN,NaN,NaN,-0.121081,-2.452462,1.857581,0.042083,-2.385892,-1.908391,-5.006416,-4.582012,-1.972290
38.491182,NaN,NaN,NaN,NaN,-0.120771,-2.452782,1.857191,0.042157,-2.391367,-1.908111,-5.006382,-4.582893,-1.979507
38.511553,NaN,NaN,NaN,NaN,-0.120464,-2.453627,1.856074,0.042231,-2.407667,-1.907312,-5.006348,-4.585506,-2.001072
38.522319,NaN,NaN,NaN,NaN,-0.119483,-2.453863,1.855711,0.042460,-2.413064,-1.907053,-5.006168,-4.586376,-2.008232
38.542595,NaN,NaN,NaN,NaN,-0.118824,-2.454441,1.854682,0.042616,-2.429108,-1.906309,-5.006058,-4.588966,-2.029644
38.552727,NaN,NaN,NaN,NaN,-0.118488,-2.454581,1.854349,0.042696,-2.434416,-1.906065,-5.006004,-4.589828,-2.036762
38.570586,NaN,NaN,NaN,NaN,-0.117832,-2.454690,1.854015,0.042853,-2.439708,-1.905821,-5.005905,-4.590694,-2.043873
38.579053,NaN,NaN,NaN,NaN,-0.117495,-2.454768,1.853681,0.042923,-2.444985,-1.905576,-5.005871,-4.591557,-2.050980
38.590090,NaN,NaN,NaN,NaN,-0.117164,-2.454892,1.853089,0.042992,-2.455449,-1.905142,-5.005836,-4.593277,-2.065147
38.599427,NaN,NaN,NaN,NaN,-0.116838,-2.454913,1.852791,0.043060,-2.460658,-1.904924,-5.005806,-4.594139,-2.072212
38.618906,NaN,NaN,NaN,NaN,-0.115862,-2.454900,1.852223,0.043242,-2.471008,-1.904500,-5.005726,-4.595852,-2.086273
38.629046,NaN,NaN,NaN,NaN,-0.115542,-2.454805,1.851682,0.043298,-2.481275,-1.904086,-5.005703,-4.597557,-2.100258
38.650378,NaN,NaN,NaN,NaN,-0.114599,-2.454610,1.850903,0.043468,-2.491455,-1.903493,-5.005573,-4.599270,-2.121113
38.658578,NaN,NaN,NaN,NaN,-0.114293,-2.454489,1.850647,0.043524,-2.496511,-1.903298,-5.005531,-4.600128,-2.128040
38.670723,NaN,NaN,NaN,NaN,-0.113991,-2.454159,1.850390,0.043579,-2.506574,-1.903101,-5.005486,-4.601849,-2.134956
38.689141,NaN,NaN,NaN,NaN,-0.113059,-2.453747,1.849909,0.043756,-2.516492,-1.902732,-5.005379,-4.603592,-2.148701
38.709304,NaN,NaN,NaN,NaN,-0.112462,-2.452930,1.849189,0.043869,-2.531210,-1.902171,-5.005306,-4.606190,-2.169201
38.729023,NaN,NaN,NaN,NaN,-0.111550,-2.452275,1.848721,0.044025,-2.540891,-1.901791,-5.005211,-4.607910,-2.182789
38.738924,NaN,NaN,NaN,NaN,-0.111256,-2.451913,1.848484,0.044076,-2.545708,-1.901599,-5.005177,-4.608772,-2.189575
38.749166,NaN,NaN,NaN,NaN,-0.110955,-2.451123,1.848049,0.044125,-2.555242,-1.901228,-5.005154,-4.610481,-2.203121
38.757928,NaN,NaN,NaN,NaN,-0.110660,-2.450690,1.847829,0.044172,-2.559985,-1.901040,-5.005146,-4.611336,-2.209881
38.770151,NaN,NaN,NaN,NaN,-0.110083,-2.450232,1.847396,0.044265,-2.564712,-1.900671,-5.005131,-4.612190,-2.223385
38.779382,NaN,NaN,NaN,NaN,-0.109798,-2.449771,1.847185,0.044309,-2.569410,-1.900490,-5.005135,-4.613026,-2.230122
38.789014,NaN,NaN,NaN,NaN,-0.109517,-2.448776,1.846971,0.044352,-2.578758,-1.900306,-5.005135,-4.614700,-2.236847
38.797587,NaN,NaN,NaN,NaN,-0.109241,-2.448253,1.846755,0.044395,-2.583410,-1.900120,-5.005135,-4.615536,-2.243557
38.817930,NaN,NaN,NaN,NaN,-0.108708,-2.447173,1.846330,0.044482,-2.592629,-1.899738,-5.005135,-4.617157,-2.256966
38.828983,NaN,NaN,NaN,NaN,-0.108196,-2.446000,1.845896,0.044569,-2.601784,-1.899348,-5.005131,-4.618778,-2.270344
38.849063,NaN,NaN,NaN,NaN,-0.107474,-2.444753,1.845465,0.044692,-2.610861,-1.898954,-5.005119,-4.620380,-2.283699
38.858517,NaN,NaN,NaN,NaN,-0.107244,-2.444104,1.845034,0.044731,-2.615368,-1.898556,-5.005116,-4.621178,-2.297028
38.870574,NaN,NaN,NaN,NaN,-0.107018,-2.442751,1.844816,0.044769,-2.624337,-1.898354,-5.005112,-4.622768,-2.303677
38.889038,NaN,NaN,NaN,NaN,-0.106423,-2.441340,1.844362,0.044894,-2.633229,-1.897950,-5.005089,-4.624317,-2.316948
38.897540,NaN,NaN,NaN,NaN,-0.106232,-2.440604,1.843898,0.044934,-2.637651,-1.897539,-5.005081,-4.625092,-2.330170
38.909655,NaN,NaN,NaN,NaN,-0.106063,-2.439085,1.843657,0.044989,-2.646435,-1.897324,-5.005062,-4.626621,-2.336758
38.918342,NaN,NaN,NaN,NaN,-0.105897,-2.438302,1.843413,0.045043,-2.650797,-1.897108,-5.005043,-4.627380,-2.343334
38.929105,NaN,NaN,NaN,NaN,-0.105575,-2.437499,1.843167,0.045148,-2.655142,-1.896890,-5.005005,-4.628143,-2.349895
38.949259,NaN,NaN,NaN,NaN,-0.105306,-2.435047,1.842371,0.045249,-2.668087,-1.896202,-5.004913,-4.630405,-2.369514
38.960576,NaN,NaN,NaN,NaN,-0.105049,-2.434199,1.842094,0.045344,-2.672370,-1.895966,-5.004826,-4.631157,-2.376030
38.978936,NaN,NaN,NaN,NaN,-0.104827,-2.432463,1.841236,0.045424,-2.680884,-1.895240,-5.004719,-4.632645,-2.395473
38.989148,NaN,NaN,NaN,NaN,-0.104734,-2.430671,1.840943,0.045458,-2.689331,-1.894994,-5.004654,-4.634117,-2.401920
38.998262,NaN,NaN,NaN,NaN,-0.104642,-2.429750,1.840647,0.045491,-2.693529,-1.894747,-5.004604,-4.634853,-2.408352
39.017804,NaN,NaN,NaN,NaN,-0.104398,-2.427886,1.839727,0.045578,-2.701876,-1.893991,-5.004417,-4.636337,-2.427513
39.029528,NaN,NaN,NaN,NaN,-0.104323,-2.426929,1.839418,0.045604,-2.706024,-1.893735,-5.004349,-4.637081,-2.433880
39.038392,NaN,NaN,NaN,NaN,-0.104250,-2.424962,1.839109,0.045629,-2.714257,-1.893482,-5.004284,-4.638554,-2.440201
39.057963,NaN,NaN,NaN,NaN,-0.104044,-2.422928,1.838488,0.045713,-2.722409,-1.892970,-5.004047,-4.640011,-2.452820
39.070609,NaN,NaN,NaN,NaN,-0.103980,-2.420832,1.837869,0.045739,-2.730477,-1.892462,-5.003971,-4.641449,-2.465366
39.089026,NaN,NaN,NaN,NaN,-0.103800,-2.418692,1.837252,0.045828,-2.738466,-1.891958,-5.003685,-4.642864,-2.477844
39.098068,NaN,NaN,NaN,NaN,-0.103744,-2.416499,1.836629,0.045856,-2.746389,-1.891446,-5.003593,-4.644279,-2.490269
39.118340,NaN,NaN,NaN,NaN,-0.103639,-2.414252,1.836047,0.045992,-2.754171,-1.890944,-5.003300,-4.645645,-2.502560
39.129980,NaN,NaN,NaN,NaN,-0.103608,-2.413110,1.835753,0.046034,-2.758037,-1.890690,-5.003204,-4.646332,-2.508694
39.139907,NaN,NaN,NaN,NaN,-0.103584,-2.411956,1.835193,0.046092,-2.761886,-1.890182,-5.003109,-4.647018,-2.520897
39.157934,NaN,NaN,NaN,NaN,-0.103561,-2.408416,1.834656,0.046149,-2.773217,-1.889672,-5.003014,-4.649010,-2.533028
39.169095,NaN,NaN,NaN,NaN,-0.103517,-2.407216,1.834385,0.046324,-2.776963,-1.889414,-5.002747,-4.649673,-2.539085
39.178657,NaN,NaN,NaN,NaN,-0.103514,-2.405997,1.833915,0.046389,-2.780668,-1.888906,-5.002674,-4.650318,-2.551064
39.189607,NaN,NaN,NaN,NaN,-0.103511,-2.403528,1.833676,0.046452,-2.788032,-1.888649,-5.002602,-4.651611,-2.557037
39.209163,NaN,NaN,NaN,NaN,-0.103542,-2.401012,1.833238,0.046668,-2.795312,-1.888135,-5.002377,-4.652889,-2.568893
39.217842,NaN,NaN,NaN,NaN,-0.103559,-2.399743,1.832833,0.046742,-2.798920,-1.887618,-5.002304,-4.653522,-2.580650
39.229696,NaN,NaN,NaN,NaN,-0.103577,-2.397176,1.832627,0.046814,-2.806091,-1.887358,-5.002232,-4.654797,-2.586525
39.238601,NaN,NaN,NaN,NaN,-0.103596,-2.395869,1.832456,0.046884,-2.809642,-1.887093,-5.002171,-4.655430,-2.592346
39.248874,NaN,NaN,NaN,NaN,-0.103644,-2.394553,1.832282,0.047079,-2.813177,-1.886827,-5.002041,-4.656067,-2.598160
39.258394,NaN,NaN,NaN,NaN,-0.103668,-2.393228,1.832105,0.047174,-2.816698,-1.886560,-5.001980,-4.656708,-2.603973
39.288537,NaN,NaN,NaN,NaN,-0.103693,-2.390547,1.831768,0.047267,-2.823677,-1.886013,-5.001915,-4.657982,-2.615528
39.297507,NaN,NaN,NaN,NaN,-0.103717,-2.389191,1.831608,0.047391,-2.827135,-1.885734,-5.001862,-4.658623,-2.621273
39.308808,NaN,NaN,NaN,NaN,-0.103765,-2.387834,1.831445,0.047635,-2.830581,-1.885453,-5.001755,-4.659260,-2.627010
39.328733,NaN,NaN,NaN,NaN,-0.103791,-2.383713,1.830961,0.047753,-2.840800,-1.884575,-5.001709,-4.661171,-2.644112
39.338377,NaN,NaN,NaN,NaN,-0.103819,-2.382324,1.830798,0.048040,-2.844172,-1.884276,-5.001637,-4.661812,-2.649788
39.349588,NaN,NaN,NaN,NaN,-0.103849,-2.380928,1.830632,0.048318,-2.847530,-1.883975,-5.001568,-4.662449,-2.655460
39.369179,NaN,NaN,NaN,NaN,-0.103841,-2.376687,1.830140,0.048651,-2.857499,-1.883028,-5.001511,-4.664337,-2.672314
39.377350,NaN,NaN,NaN,NaN,-0.103839,-2.375267,1.829970,0.048814,-2.860795,-1.882710,-5.001484,-4.664970,-2.677921
39.397876,NaN,NaN,NaN,NaN,-0.103817,-2.372379,1.829617,0.049161,-2.867335,-1.882064,-5.001431,-4.666218,-2.689068
39.408684,NaN,NaN,NaN,NaN,-0.103779,-2.369441,1.829249,0.049526,-2.873808,-1.881408,-5.001377,-4.667454,-2.700127
39.418175,NaN,NaN,NaN,NaN,-0.103760,-2.367964,1.829061,0.049705,-2.877023,-1.881078,-5.001354,-4.668072,-2.705647
39.428878,NaN,NaN,NaN,NaN,-0.103689,-2.366438,1.828847,0.050095,-2.880213,-1.880718,-5.001297,-4.668674,-2.711117
39.437413,NaN,NaN,NaN,NaN,-0.103654,-2.364908,1.828415,0.050287,-2.883388,-1.879997,-5.001297,-4.669277,-2.722054
39.449699,NaN,NaN,NaN,NaN,-0.103577,-2.363374,1.828196,0.050677,-2.886549,-1.879635,-5.001293,-4.669884,-2.727520
39.459342,NaN,NaN,NaN,NaN,-0.103534,-2.360269,1.827957,0.050876,-2.892810,-1.879270,-5.001289,-4.671085,-2.732937
39.468740,NaN,NaN,NaN,NaN,-0.103492,-2.358692,1.827718,0.051072,-2.895909,-1.878904,-5.001286,-4.671677,-2.738358
39.488866,NaN,NaN,NaN,NaN,-0.103406,-2.355529,1.826967,0.051464,-2.902066,-1.877815,-5.001270,-4.672874,-2.754528
39.497653,NaN,NaN,NaN,NaN,-0.103362,-2.352268,1.826701,0.051659,-2.908113,-1.877456,-5.001266,-4.674057,-2.759872
39.508631,NaN,NaN,NaN,NaN,-0.103276,-2.350634,1.826433,0.052042,-2.911115,-1.877096,-5.001263,-4.674648,-2.765213
39.528931,NaN,NaN,NaN,NaN,-0.103185,-2.345697,1.825576,0.052411,-2.919987,-1.876022,-5.001266,-4.676388,-2.781109
39.550267,NaN,NaN,NaN,NaN,-0.103043,-2.342385,1.824986,0.052940,-2.925813,-1.875306,-5.001282,-4.677544,-2.791668
39.558193,NaN,NaN,NaN,NaN,-0.102982,-2.340711,1.824355,0.053098,-2.928674,-1.874606,-5.001286,-4.678093,-2.802113
39.568548,NaN,NaN,NaN,NaN,-0.102923,-2.337360,1.824039,0.053255,-2.934360,-1.874256,-5.001286,-4.679207,-2.807331
39.577543,NaN,NaN,NaN,NaN,-0.102805,-2.335682,1.823722,0.053562,-2.937184,-1.873904,-5.001286,-4.679764,-2.812546
39.588755,NaN,NaN,NaN,NaN,-0.102720,-2.334004,1.823392,0.053679,-2.939971,-1.873570,-5.001289,-4.680309,-2.817711
39.597290,NaN,NaN,NaN,NaN,-0.102637,-2.332324,1.822728,0.053793,-2.942746,-1.872901,-5.001289,-4.680862,-2.828026
39.617420,NaN,NaN,NaN,NaN,-0.102474,-2.328964,1.822049,0.054017,-2.948259,-1.872261,-5.001297,-4.681980,-2.838272
39.628620,NaN,NaN,NaN,NaN,-0.102307,-2.325628,1.821702,0.054149,-2.953682,-1.871956,-5.001308,-4.683056,-2.843372
39.637296,NaN,NaN,NaN,NaN,-0.102226,-2.323960,1.821355,0.054214,-2.956375,-1.871649,-5.001316,-4.683598,-2.848473
39.649201,NaN,NaN,NaN,NaN,-0.102145,-2.320623,1.820660,0.054277,-2.961725,-1.871032,-5.001320,-4.684685,-2.858681
39.669148,NaN,NaN,NaN,NaN,-0.101878,-2.317319,1.819930,0.054333,-2.967000,-1.870472,-5.001339,-4.685738,-2.868816
39.677515,NaN,NaN,NaN,NaN,-0.101792,-2.314016,1.819200,0.054351,-2.972229,-1.869904,-5.001335,-4.686798,-2.878952
39.688724,NaN,NaN,NaN,NaN,-0.101708,-2.312389,1.818818,0.054351,-2.974811,-1.869655,-5.001347,-4.687309,-2.883991
39.697408,NaN,NaN,NaN,NaN,-0.101624,-2.310763,1.818436,0.054351,-2.977380,-1.869405,-5.001358,-4.687820,-2.889027
39.709401,NaN,NaN,NaN,NaN,-0.101461,-2.309136,1.818054,0.054351,-2.979937,-1.869152,-5.001377,-4.688339,-2.894058
39.718318,NaN,NaN,NaN,NaN,-0.101380,-2.307511,1.817673,0.054324,-2.982483,-1.868898,-5.001392,-4.688858,-2.899082
39.728930,NaN,NaN,NaN,NaN,-0.101302,-2.304313,1.816872,0.054297,-2.987527,-1.868469,-5.001404,-4.689854,-2.909061
39.751239,NaN,NaN,NaN,NaN,-0.101064,-2.301122,1.816075,0.054197,-2.992528,-1.868032,-5.001465,-4.690865,-2.919048
39.760848,NaN,NaN,NaN,NaN,-0.100981,-2.299550,1.815232,0.054151,-2.995006,-1.867657,-5.001488,-4.691334,-2.928986
39.768972,NaN,NaN,NaN,NaN,-0.100899,-2.296409,1.814812,0.054105,-2.999928,-1.867466,-5.001514,-4.692287,-2.933952
39.789316,NaN,NaN,NaN,NaN,-0.100650,-2.293298,1.813963,0.053956,-3.004798,-1.867108,-5.001591,-4.693211,-2.943863
39.809434,NaN,NaN,NaN,NaN,-0.100476,-2.290223,1.812682,0.053840,-3.009619,-1.866596,-5.001682,-4.694111,-2.958729
39.818513,NaN,NaN,NaN,NaN,-0.100391,-2.287167,1.812250,0.053783,-3.014391,-1.866445,-5.001724,-4.694992,-2.963646
39.837068,NaN,NaN,NaN,NaN,-0.100223,-2.284132,1.810967,0.053652,-3.019116,-1.865974,-5.001846,-4.695873,-2.978397
39.848681,NaN,NaN,NaN,NaN,-0.100059,-2.281109,1.810540,0.053522,-3.023790,-1.865841,-5.001961,-4.696743,-2.983284
39.859289,NaN,NaN,NaN,NaN,-0.099979,-2.279603,1.810115,0.053455,-3.026106,-1.865705,-5.002037,-4.697166,-2.988171
39.877608,NaN,NaN,NaN,NaN,-0.099747,-2.278102,1.809269,0.053258,-3.028414,-1.865422,-5.002266,-4.697594,-2.997948
39.888770,NaN,NaN,NaN,NaN,-0.099670,-2.273582,1.808421,0.053191,-3.035253,-1.865192,-5.002354,-4.698811,-3.007648
39.897440,NaN,NaN,NaN,NaN,-0.099595,-2.272075,1.807999,0.053124,-3.037507,-1.865072,-5.002438,-4.699215,-3.012497
39.909420,NaN,NaN,NaN,NaN,-0.099445,-2.270570,1.807580,0.052994,-3.039750,-1.864949,-5.002598,-4.699619,-3.017338
39.918160,NaN,NaN,NaN,NaN,-0.099368,-2.269067,1.807162,0.052921,-3.041983,-1.864823,-5.002686,-4.700031,-3.022171
39.937170,NaN,NaN,NaN,NaN,-0.099291,-2.264562,1.805913,0.052849,-3.048615,-1.864466,-5.002769,-4.701172,-3.036537
39.948880,NaN,NaN,NaN,NaN,-0.099058,-2.263067,1.805501,0.052633,-3.050804,-1.864341,-5.003010,-4.701565,-3.041325
39.968465,NaN,NaN,NaN,NaN,-0.098900,-2.258552,1.804266,0.052487,-3.057283,-1.863953,-5.003159,-4.702625,-3.055565
39.988656,NaN,NaN,NaN,NaN,-0.098693,-2.255531,1.803455,0.052269,-3.061530,-1.863670,-5.003391,-4.703323,-3.065018
39.997149,NaN,NaN,NaN,NaN,-0.098630,-2.254013,1.802654,0.052198,-3.063628,-1.863365,-5.003464,-4.703659,-3.074413
40.009731,NaN,NaN,NaN,NaN,-0.098567,-2.252498,1.802256,0.052128,-3.065716,-1.863209,-5.003536,-4.703999,-3.079102
40.017987,NaN,NaN,NaN,NaN,-0.098526,-2.249459,1.801845,0.052057,-3.069852,-1.863070,-5.003605,-4.704662,-3.083748
40.028668,NaN,NaN,NaN,NaN,-0.098445,-2.247931,1.801436,0.051920,-3.071897,-1.862929,-5.003735,-4.704987,-3.088390
40.037571,NaN,NaN,NaN,NaN,-0.098404,-2.246408,1.801030,0.051853,-3.073932,-1.862785,-5.003788,-4.705315,-3.093033
40.048503,NaN,NaN,NaN,NaN,-0.098363,-2.243358,1.800222,0.051788,-3.077960,-1.862502,-5.003845,-4.705948,-3.102287
40.057863,NaN,NaN,NaN,NaN,-0.098342,-2.241833,1.799821,0.051723,-3.079954,-1.862362,-5.003899,-4.706253,-3.106895
40.068631,NaN,NaN,NaN,NaN,-0.098299,-2.240311,1.799421,0.051598,-3.081936,-1.862221,-5.004005,-4.706570,-3.111500
40.077515,NaN,NaN,NaN,NaN,-0.098277,-2.238796,1.799024,0.051537,-3.083911,-1.862077,-5.004055,-4.706909,-3.116104
40.089360,NaN,NaN,NaN,NaN,-0.098275,-2.235736,1.798256,0.051484,-3.087842,-1.861803,-5.004120,-4.707531,-3.125252
40.109649,NaN,NaN,NaN,NaN,-0.098266,-2.232692,1.797496,0.051331,-3.091732,-1.861520,-5.004364,-4.708183,-3.134392
40.117851,NaN,NaN,NaN,NaN,-0.098284,-2.231160,1.796723,0.051290,-3.093666,-1.861268,-5.004448,-4.708488,-3.143448
40.137800,NaN,NaN,NaN,NaN,-0.098301,-2.226590,1.795958,0.051251,-3.099405,-1.861006,-5.004532,-4.709442,-3.152493
40.148617,NaN,NaN,NaN,NaN,-0.098318,-2.225062,1.795575,0.051212,-3.101306,-1.860886,-5.004612,-4.709759,-3.156986
40.159357,NaN,NaN,NaN,NaN,-0.098408,-2.223539,1.794815,0.051109,-3.103197,-1.860639,-5.004829,-4.710083,-3.165970
40.168795,NaN,NaN,NaN,NaN,-0.098444,-2.220506,1.794438,0.051078,-3.106949,-1.860510,-5.004898,-4.710747,-3.170456
40.188799,NaN,NaN,NaN,NaN,-0.098589,-2.217477,1.793695,0.050996,-3.110666,-1.860264,-5.005081,-4.711426,-3.179382
40.197363,NaN,NaN,NaN,NaN,-0.098643,-2.215964,1.792964,0.050971,-3.112512,-1.860022,-5.005138,-4.711773,-3.188255
40.210848,NaN,NaN,NaN,NaN,-0.098696,-2.212952,1.792600,0.050947,-3.116173,-1.859897,-5.005192,-4.712490,-3.192680
40.228501,NaN,NaN,NaN,NaN,-0.098880,-2.209955,1.791880,0.050874,-3.119832,-1.859666,-5.005386,-4.713207,-3.201443
40.248865,NaN,NaN,NaN,NaN,-0.099015,-2.205477,1.790802,0.050833,-3.125251,-1.859303,-5.005512,-4.714317,-3.214558
40.258375,NaN,NaN,NaN,NaN,-0.099090,-2.203980,1.790441,0.050815,-3.127042,-1.859179,-5.005577,-4.714687,-3.218906
40.268446,NaN,NaN,NaN,NaN,-0.099234,-2.202488,1.790081,0.050783,-3.128823,-1.859053,-5.005699,-4.715061,-3.223255
40.277850,NaN,NaN,NaN,NaN,-0.099324,-2.201001,1.789723,0.050781,-3.130594,-1.858925,-5.005760,-4.715439,-3.227600
40.290044,NaN,NaN,NaN,NaN,-0.099413,-2.199510,1.789019,0.050780,-3.132365,-1.858669,-5.005821,-4.715805,-3.236217
40.310002,NaN,NaN,NaN,NaN,-0.099671,-2.195072,1.788323,0.050781,-3.137623,-1.858402,-5.005997,-4.716938,-3.244816
40.317900,NaN,NaN,NaN,NaN,-0.099768,-2.193576,1.787977,0.050796,-3.139377,-1.858266,-5.006058,-4.717300,-3.249073
40.338183,NaN,NaN,NaN,NaN,-0.100048,-2.189125,1.786948,0.050843,-3.144574,-1.857845,-5.006222,-4.718426,-3.261852
40.358263,NaN,NaN,NaN,NaN,-0.100232,-2.186133,1.785975,0.050917,-3.148028,-1.857409,-5.006329,-4.719154,-3.274567
40.369494,NaN,NaN,NaN,NaN,-0.100322,-2.184646,1.785653,0.050955,-3.149739,-1.857260,-5.006382,-4.719528,-3.278801
40.388792,NaN,NaN,NaN,NaN,-0.100557,-2.180183,1.785058,0.051104,-3.154875,-1.856957,-5.006538,-4.720650,-3.287209
40.397564,NaN,NaN,NaN,NaN,-0.100628,-2.178701,1.784466,0.051159,-3.156575,-1.856644,-5.006588,-4.721027,-3.295612
40.411188,NaN,NaN,NaN,NaN,-0.100698,-2.177225,1.784189,0.051214,-3.158265,-1.856487,-5.006634,-4.721409,-3.299770
40.428639,NaN,NaN,NaN,NaN,-0.100900,-2.172716,1.783635,0.051462,-3.163348,-1.856168,-5.006805,-4.722534,-3.308075
40.437316,NaN,NaN,NaN,NaN,-0.100965,-2.169746,1.783359,0.051545,-3.166684,-1.856004,-5.006859,-4.723309,-3.312225
40.448533,NaN,NaN,NaN,NaN,-0.101023,-2.168237,1.782826,0.051641,-3.168359,-1.855662,-5.006924,-4.723682,-3.320484
40.469617,NaN,NaN,NaN,NaN,-0.101192,-2.165240,1.782052,0.051929,-3.171677,-1.855119,-5.007107,-4.724442,-3.332813
40.477533,NaN,NaN,NaN,NaN,-0.101238,-2.163753,1.781798,0.052042,-3.173318,-1.854946,-5.007172,-4.724831,-3.336868
40.488528,NaN,NaN,NaN,NaN,-0.101284,-2.160747,1.781545,0.052154,-3.176628,-1.854772,-5.007233,-4.725578,-3.340919
40.509063,NaN,NaN,NaN,NaN,-0.101418,-2.157776,1.781039,0.052501,-3.179898,-1.854415,-5.007423,-4.726345,-3.349003
40.518715,NaN,NaN,NaN,NaN,-0.101463,-2.156273,1.780579,0.052621,-3.181537,-1.854064,-5.007492,-4.726719,-3.356987
40.529092,NaN,NaN,NaN,NaN,-0.101506,-2.153292,1.780348,0.052742,-3.184782,-1.853886,-5.007557,-4.727482,-3.360977
40.548710,NaN,NaN,NaN,NaN,-0.101634,-2.150311,1.779923,0.053095,-3.188010,-1.853533,-5.007793,-4.728256,-3.368912
40.583448,NaN,NaN,NaN,NaN,-0.101716,-2.147332,1.779336,0.053325,-3.191221,-1.853003,-5.007957,-4.729050,-3.380760
40.592664,NaN,NaN,NaN,NaN,-0.101755,-2.144363,1.779181,0.053440,-3.194413,-1.852817,-5.008049,-4.729851,-3.384670
40.602776,NaN,NaN,NaN,NaN,-0.101834,-2.142879,1.779024,0.053660,-3.196004,-1.852628,-5.008293,-4.730251,-3.388577
40.623254,NaN,NaN,NaN,NaN,-0.101910,-2.138444,1.778587,0.053879,-3.200725,-1.852039,-5.008522,-4.731449,-3.400246
40.631529,NaN,NaN,NaN,NaN,-0.101975,-2.136958,1.778465,0.054077,-3.202288,-1.851831,-5.008778,-4.731838,-3.404106
40.642560,NaN,NaN,NaN,NaN,-0.102007,-2.135483,1.778341,0.054175,-3.203838,-1.851621,-5.008900,-4.732235,-3.407970
40.651659,NaN,NaN,NaN,NaN,-0.102037,-2.134018,1.778216,0.054274,-3.205379,-1.851410,-5.009018,-4.732635,-3.411831
40.671455,NaN,NaN,NaN,NaN,-0.102067,-2.129569,1.777926,0.054357,-3.209991,-1.850738,-5.009144,-4.733795,-3.423279
40.683463,NaN,NaN,NaN,NaN,-0.102151,-2.128108,1.777826,0.054609,-3.211505,-1.850510,-5.009502,-4.734188,-3.427090
40.702805,NaN,NaN,NaN,NaN,-0.102180,-2.125144,1.777588,0.054670,-3.214557,-1.849779,-5.009636,-4.734955,-3.438354
40.711225,NaN,NaN,NaN,NaN,-0.102234,-2.122225,1.777504,0.054794,-3.217564,-1.849534,-5.009872,-4.735737,-3.442101
40.723350,NaN,NaN,NaN,NaN,-0.102291,-2.120783,1.777418,0.054895,-3.219052,-1.849287,-5.010105,-4.736134,-3.445843
40.732324,NaN,NaN,NaN,NaN,-0.102322,-2.119305,1.777297,0.054935,-3.220556,-1.848774,-5.010223,-4.736519,-3.453251
40.742521,NaN,NaN,NaN,NaN,-0.102352,-2.116384,1.777234,0.054975,-3.223529,-1.848516,-5.010338,-4.737301,-3.456955
40.752600,NaN,NaN,NaN,NaN,-0.102381,-2.114941,1.777167,0.055017,-3.224997,-1.848256,-5.010452,-4.737717,-3.460663
40.762652,NaN,NaN,NaN,NaN,-0.102446,-2.113465,1.777125,0.055035,-3.226470,-1.847994,-5.010696,-4.738132,-3.464329
40.783185,NaN,NaN,NaN,NaN,-0.102506,-2.109109,1.776982,0.055058,-3.230819,-1.847199,-5.010956,-4.739403,-3.475346
40.792299,NaN,NaN,NaN,NaN,-0.102536,-2.107645,1.776950,0.055059,-3.232258,-1.846939,-5.011097,-4.739819,-3.478966
40.802627,NaN,NaN,NaN,NaN,-0.102593,-2.106193,1.776914,0.055066,-3.233685,-1.846676,-5.011372,-4.740238,-3.482582
40.824542,NaN,NaN,NaN,NaN,-0.102648,-2.103325,1.776807,0.055080,-3.236505,-1.845898,-5.011646,-4.741089,-3.493374
40.843249,NaN,NaN,NaN,NaN,-0.102725,-2.099022,1.776742,0.055114,-3.240659,-1.845395,-5.012089,-4.742329,-3.500523
40.851241,NaN,NaN,NaN,NaN,-0.102748,-2.097614,1.776671,0.055126,-3.242022,-1.844901,-5.012230,-4.742752,-3.507637
40.863723,NaN,NaN,NaN,NaN,-0.102770,-2.094794,1.776633,0.055144,-3.244728,-1.844659,-5.012386,-4.743538,-3.511173
40.871440,NaN,NaN,NaN,NaN,-0.102792,-2.093404,1.776593,0.055162,-3.246065,-1.844416,-5.012539,-4.743935,-3.514709
40.892006,NaN,NaN,NaN,NaN,-0.102833,-2.090636,1.776526,0.055200,-3.248714,-1.843956,-5.012833,-4.744701,-3.521725
40.902575,NaN,NaN,NaN,NaN,-0.102878,-2.087896,1.776468,0.055251,-3.251324,-1.843520,-5.013176,-4.745438,-3.528687
40.922895,NaN,NaN,NaN,NaN,-0.102900,-2.085169,1.776422,0.055277,-3.253890,-1.843104,-5.013344,-4.746151,-3.535595
40.932404,NaN,NaN,NaN,NaN,-0.102994,-2.083806,1.776408,0.055362,-3.255160,-1.842906,-5.013863,-4.746506,-3.539028
40.942707,NaN,NaN,NaN,NaN,-0.103028,-2.081121,1.776368,0.055392,-3.257666,-1.842505,-5.014038,-4.747227,-3.545902
40.962979,NaN,NaN,NaN,NaN,-0.103163,-2.078441,1.776335,0.055484,-3.260138,-1.842139,-5.014549,-4.747898,-3.552734
40.972678,NaN,NaN,NaN,NaN,-0.103211,-2.077122,1.776288,0.055516,-3.261358,-1.841764,-5.014713,-4.748241,-3.559570
40.984067,NaN,NaN,NaN,NaN,-0.103258,-2.074522,1.776259,0.055548,-3.263767,-1.841574,-5.014877,-4.748940,-3.562988
41.002466,NaN,NaN,NaN,NaN,-0.103464,-2.071913,1.776198,0.055684,-3.266153,-1.841208,-5.015358,-4.749611,-3.569759
41.011695,NaN,NaN,NaN,NaN,-0.103529,-2.069359,1.776122,0.055729,-3.268501,-1.840835,-5.015518,-4.750305,-3.576519
41.022842,NaN,NaN,NaN,NaN,-0.103605,-2.068066,1.776079,0.055764,-3.269681,-1.840650,-5.015682,-4.750641,-3.579880
41.031922,NaN,NaN,NaN,NaN,-0.103749,-2.066786,1.776032,0.055835,-3.270851,-1.840463,-5.015995,-4.750980,-3.583244
41.043245,NaN,NaN,NaN,NaN,-0.103819,-2.065520,1.775930,0.055870,-3.272011,-1.840084,-5.016148,-4.751328,-3.589981
41.052358,NaN,NaN,NaN,NaN,-0.103913,-2.064269,1.775874,0.055893,-3.273161,-1.839897,-5.016293,-4.751678,-3.593346
41.063189,NaN,NaN,NaN,NaN,-0.104004,-2.061726,1.775815,0.055917,-3.275465,-1.839709,-5.016438,-4.752369,-3.596714
41.083946,NaN,NaN,NaN,NaN,-0.104181,-2.059239,1.775687,0.055966,-3.277730,-1.839327,-5.016705,-4.753075,-3.603455
41.092328,NaN,NaN,NaN,NaN,-0.104395,-2.057982,1.775627,0.056031,-3.278862,-1.839153,-5.016968,-4.753418,-3.606808
41.102724,NaN,NaN,NaN,NaN,-0.104498,-2.055512,1.775499,0.056063,-3.281094,-1.838801,-5.017094,-4.754120,-3.613506
41.111704,NaN,NaN,NaN,NaN,-0.104696,-2.054298,1.775430,0.056127,-3.282195,-1.838622,-5.017330,-4.754482,-3.616856
41.122773,NaN,NaN,NaN,NaN,-0.104824,-2.053056,1.775368,0.056173,-3.283306,-1.838465,-5.017441,-4.754845,-3.620193
41.131278,NaN,NaN,NaN,NaN,-0.104948,-2.051828,1.775232,0.056218,-3.284406,-1.838146,-5.017559,-4.755215,-3.626888
41.143362,NaN,NaN,NaN,NaN,-0.105070,-2.050615,1.775159,0.056264,-3.285495,-1.837983,-5.017673,-4.755589,-3.630238
41.152451,NaN,NaN,NaN,NaN,-0.105189,-2.048185,1.775097,0.056309,-3.287656,-1.837837,-5.017788,-4.756344,-3.633564
41.171152,NaN,NaN,NaN,NaN,-0.105565,-2.045769,1.774962,0.056473,-3.289784,-1.837538,-5.018093,-4.757130,-3.640221
41.182509,NaN,NaN,NaN,NaN,-0.105685,-2.044582,1.774823,0.056527,-3.290832,-1.837242,-5.018188,-4.757538,-3.646854
41.203257,NaN,NaN,NaN,NaN,-0.105815,-2.040956,1.774680,0.056604,-3.293911,-1.836949,-5.018276,-4.758739,-3.653469
41.222880,NaN,NaN,NaN,NaN,-0.106312,-2.037392,1.774433,0.056911,-3.296879,-1.836504,-5.018593,-4.759937,-3.663357
41.243554,NaN,NaN,NaN,NaN,-0.106669,-2.035064,1.774251,0.057150,-3.298801,-1.836201,-5.018791,-4.760742,-3.669937
41.262845,NaN,NaN,NaN,NaN,-0.106917,-2.031614,1.773928,0.057324,-3.301586,-1.835743,-5.018940,-4.761925,-3.679790
41.271898,NaN,NaN,NaN,NaN,-0.107037,-2.030482,1.773811,0.057409,-3.302491,-1.835588,-5.019012,-4.762318,-3.683067
41.283387,NaN,NaN,NaN,NaN,-0.107291,-2.029364,1.773692,0.057584,-3.303388,-1.835432,-5.019150,-4.762714,-3.686340
41.291564,NaN,NaN,NaN,NaN,-0.107424,-2.028230,1.773422,0.057673,-3.304259,-1.835105,-5.019218,-4.763100,-3.692852
41.302533,NaN,NaN,NaN,NaN,-0.107555,-2.026004,1.773283,0.057762,-3.305974,-1.834938,-5.019279,-4.763878,-3.696102
41.311402,NaN,NaN,NaN,NaN,-0.107683,-2.024912,1.773143,0.057850,-3.306819,-1.834771,-5.019333,-4.764275,-3.699352
41.324997,NaN,NaN,NaN,NaN,-0.107950,-2.023807,1.772809,0.058022,-3.307630,-1.834444,-5.019447,-4.764664,-3.705830
41.344087,NaN,NaN,NaN,NaN,-0.108080,-2.021640,1.772469,0.058106,-3.309226,-1.834110,-5.019501,-4.765457,-3.712303
41.352765,NaN,NaN,NaN,NaN,-0.108343,-2.019507,1.772282,0.058267,-3.310758,-1.833927,-5.019608,-4.766262,-3.715527
41.372313,NaN,NaN,NaN,NaN,-0.108739,-2.017407,1.771709,0.058495,-3.312228,-1.833371,-5.019775,-4.767075,-3.725193
41.384398,NaN,NaN,NaN,NaN,-0.108866,-2.016378,1.771496,0.058568,-3.312951,-1.833158,-5.019836,-4.767487,-3.728386
41.393079,NaN,NaN,NaN,NaN,-0.109121,-2.014295,1.771281,0.058700,-3.314321,-1.832945,-5.019943,-4.768284,-3.731571
41.412002,NaN,NaN,NaN,NaN,-0.109369,-2.012267,1.770848,0.058827,-3.315662,-1.832518,-5.020046,-4.769112,-3.737926
41.431091,NaN,NaN,NaN,NaN,-0.109494,-2.009223,1.770181,0.058889,-3.317571,-1.831837,-5.020088,-4.770332,-3.747334
41.443501,NaN,NaN,NaN,NaN,-0.109855,-2.008236,1.769956,0.059067,-3.318195,-1.831609,-5.020317,-4.770748,-3.750462
41.462606,NaN,NaN,NaN,NaN,-0.110077,-2.005219,1.769245,0.059150,-3.320013,-1.830907,-5.020451,-4.771946,-3.759747
41.484131,NaN,NaN,NaN,NaN,-0.110404,-2.003231,1.768757,0.059261,-3.321174,-1.830436,-5.020615,-4.772724,-3.765892
41.492017,NaN,NaN,NaN,NaN,-0.110515,-2.001253,1.768256,0.059292,-3.322292,-1.829960,-5.020683,-4.773476,-3.771996
41.502477,NaN,NaN,NaN,NaN,-0.110623,-2.000286,1.768005,0.059322,-3.322842,-1.829721,-5.020748,-4.773853,-3.775040
41.512095,NaN,NaN,NaN,NaN,-0.110730,-1.999333,1.767753,0.059352,-3.323386,-1.829481,-5.020809,-4.774235,-3.778080
41.522893,NaN,NaN,NaN,NaN,-0.110930,-1.998354,1.767484,0.059412,-3.323907,-1.829253,-5.020901,-4.774582,-3.781090
41.531258,NaN,NaN,NaN,NaN,-0.111028,-1.996440,1.766945,0.059441,-3.324933,-1.828794,-5.020943,-4.775307,-3.787109
41.544536,NaN,NaN,NaN,NaN,-0.111125,-1.995505,1.766675,0.059468,-3.325437,-1.828563,-5.020985,-4.775673,-3.790119
41.551673,NaN,NaN,NaN,NaN,-0.111222,-1.994556,1.766386,0.059492,-3.325918,-1.828345,-5.021034,-4.776009,-3.793110
41.562562,NaN,NaN,NaN,NaN,-0.111412,-1.993620,1.766095,0.059537,-3.326395,-1.828127,-5.021126,-4.776344,-3.796097
41.582594,NaN,NaN,NaN,NaN,-0.111583,-1.990881,1.765199,0.059575,-3.327780,-1.827487,-5.021198,-4.777340,-3.805023
41.602426,NaN,NaN,NaN,NaN,-0.111812,-1.989100,1.764568,0.059624,-3.328659,-1.827086,-5.021275,-4.777946,-3.810928
41.611271,NaN,NaN,NaN,NaN,-0.111873,-1.988231,1.764253,0.059643,-3.329091,-1.826884,-5.021259,-4.778259,-3.813873
41.624090,NaN,NaN,NaN,NaN,-0.111933,-1.986470,1.763570,0.059662,-3.329910,-1.826515,-5.021244,-4.778824,-3.819702
41.643617,NaN,NaN,NaN,NaN,-0.112107,-1.984767,1.762524,0.059711,-3.330714,-1.825964,-5.021194,-4.779408,-3.828403
41.651574,NaN,NaN,NaN,NaN,-0.112158,-1.983891,1.762158,0.059739,-3.331080,-1.825787,-5.021152,-4.779709,-3.831280
41.662482,NaN,NaN,NaN,NaN,-0.112207,-1.982184,1.761794,0.059765,-3.331800,-1.825608,-5.021114,-4.780319,-3.834156
41.682460,NaN,NaN,NaN,NaN,-0.112332,-1.980488,1.761056,0.059854,-3.332474,-1.825264,-5.020962,-4.780933,-3.839878
41.703196,NaN,NaN,NaN,NaN,-0.112392,-1.978804,1.759938,0.059930,-3.333104,-1.824760,-5.020840,-4.781548,-3.848396
41.741443,NaN,NaN,NaN,NaN,-0.112473,-1.976310,1.759161,0.060058,-3.333956,-1.824447,-5.020645,-4.782501,-3.853996
41.762364,NaN,NaN,NaN,NaN,-0.112520,-1.973881,1.757991,0.060145,-3.334714,-1.823985,-5.020538,-4.783482,-3.862354
41.771812,NaN,NaN,NaN,NaN,-0.112546,-1.973083,1.757592,0.060189,-3.334940,-1.823842,-5.020466,-4.783813,-3.865116
41.789932,NaN,NaN,NaN,NaN,-0.112618,-1.970774,1.756408,0.060315,-3.335609,-1.823403,-5.020256,-4.784843,-3.873394
41.810857,NaN,NaN,NaN,NaN,-0.112653,-1.969255,1.755579,0.060455,-3.335989,-1.823143,-5.020081,-4.785530,-3.878826
41.822243,NaN,NaN,NaN,NaN,-0.112663,-1.968517,1.755168,0.060500,-3.336178,-1.823009,-5.020031,-4.785877,-3.881542
41.841313,NaN,NaN,NaN,NaN,-0.112657,-1.966370,1.753911,0.060595,-3.336664,-1.822640,-5.019924,-4.786922,-3.889645
41.849517,NaN,NaN,NaN,NaN,-0.112654,-1.965681,1.753491,0.060641,-3.336813,-1.822520,-5.019871,-4.787270,-3.892334
41.861151,NaN,NaN,NaN,NaN,-0.112646,-1.965004,1.753074,0.060731,-3.336963,-1.822398,-5.019753,-4.787617,-3.895023
41.870182,NaN,NaN,NaN,NaN,-0.112642,-1.964338,1.752194,0.060775,-3.337083,-1.822184,-5.019707,-4.787964,-3.900345
41.880858,NaN,NaN,NaN,NaN,-0.112636,-1.963047,1.751759,0.060818,-3.337323,-1.822074,-5.019661,-4.788666,-3.903004
41.890471,NaN,NaN,NaN,NaN,-0.112629,-1.962421,1.751326,0.060861,-3.337443,-1.821961,-5.019619,-4.789017,-3.905659
41.901047,NaN,NaN,NaN,NaN,-0.112618,-1.961787,1.750863,0.060929,-3.337546,-1.821880,-5.019516,-4.789368,-3.908276
41.910299,NaN,NaN,NaN,NaN,-0.112610,-1.961167,1.749945,0.060963,-3.337649,-1.821708,-5.019470,-4.789688,-3.913506
41.930787,NaN,NaN,NaN,NaN,-0.112601,-1.959357,1.749020,0.060995,-3.337926,-1.821542,-5.019421,-4.790661,-3.918701
41.942287,NaN,NaN,NaN,NaN,-0.112591,-1.958761,1.748553,0.061028,-3.337998,-1.821464,-5.019360,-4.790985,-3.921284
41.949398,NaN,NaN,NaN,NaN,-0.112564,-1.958179,1.747629,0.061081,-3.338071,-1.821299,-5.019249,-4.791317,-3.926453
41.963256,NaN,NaN,NaN,NaN,-0.112550,-1.957021,1.747146,0.061108,-3.338195,-1.821239,-5.019196,-4.791988,-3.929008
41.970496,NaN,NaN,NaN,NaN,-0.112507,-1.956445,1.746667,0.061156,-3.338247,-1.821176,-5.019096,-4.792339,-3.931568
41.980916,NaN,NaN,NaN,NaN,-0.112447,-1.955884,1.746192,0.061200,-3.338300,-1.821110,-5.019009,-4.792694,-3.934120
42.000927,NaN,NaN,NaN,NaN,-0.112373,-1.954205,1.744757,0.061238,-3.338431,-1.820932,-5.018932,-4.793751,-3.941727
42.009870,NaN,NaN,NaN,NaN,-0.112287,-1.953659,1.744281,0.061270,-3.338472,-1.820873,-5.018856,-4.794102,-3.944252
42.021673,NaN,NaN,NaN,NaN,-0.112244,-1.953128,1.743809,0.061286,-3.338515,-1.820811,-5.018818,-4.794456,-3.946774
42.041110,NaN,NaN,NaN,NaN,-0.112162,-1.951472,1.742407,0.061319,-3.338597,-1.820700,-5.018734,-4.795494,-3.954285
42.049693,NaN,NaN,NaN,NaN,-0.112120,-1.950946,1.741947,0.061334,-3.338628,-1.820656,-5.018684,-4.795845,-3.956791
42.061174,NaN,NaN,NaN,NaN,-0.112037,-1.950434,1.741490,0.061357,-3.338660,-1.820609,-5.018597,-4.796196,-3.959297
42.080917,NaN,NaN,NaN,NaN,-0.111954,-1.948866,1.740127,0.061370,-3.338727,-1.820510,-5.018513,-4.797211,-3.966724
42.101247,NaN,NaN,NaN,NaN,-0.111827,-1.947852,1.739233,0.061375,-3.338764,-1.820456,-5.018387,-4.797882,-3.971619
42.122707,NaN,NaN,NaN,NaN,-0.111742,-1.946377,1.737913,0.061373,-3.338814,-1.820393,-5.018326,-4.798878,-3.978870
42.131579,NaN,NaN,NaN,NaN,-0.111704,-1.945887,1.737479,0.061367,-3.338821,-1.820397,-5.018295,-4.799198,-3.981239
42.141708,NaN,NaN,NaN,NaN,-0.111627,-1.945409,1.737050,0.061353,-3.338832,-1.820398,-5.018230,-4.799519,-3.983608
42.150667,NaN,NaN,NaN,NaN,-0.111587,-1.944944,1.736623,0.061346,-3.338845,-1.820395,-5.018200,-4.799831,-3.985981
42.162499,NaN,NaN,NaN,NaN,-0.111541,-1.944494,1.735784,0.061342,-3.338861,-1.820407,-5.018173,-4.800148,-3.990665
42.170792,NaN,NaN,NaN,NaN,-0.111493,-1.943549,1.735370,0.061337,-3.338852,-1.820422,-5.018150,-4.800758,-3.992989
42.181195,NaN,NaN,NaN,NaN,-0.111398,-1.943098,1.734959,0.061327,-3.338853,-1.820434,-5.018105,-4.801067,-3.995312
42.190584,NaN,NaN,NaN,NaN,-0.111350,-1.942659,1.734551,0.061321,-3.338856,-1.820442,-5.018082,-4.801376,-3.997635
42.201550,NaN,NaN,NaN,NaN,-0.111300,-1.941743,1.733716,0.061310,-3.338840,-1.820477,-5.018066,-4.801987,-4.002197
42.209628,NaN,NaN,NaN,NaN,-0.111198,-1.941304,1.733303,0.061289,-3.338838,-1.820488,-5.018032,-4.802299,-4.004478
42.222283,NaN,NaN,NaN,NaN,-0.111147,-1.940879,1.732893,0.061278,-3.338840,-1.820495,-5.018013,-4.802620,-4.006760
42.240991,NaN,NaN,NaN,NaN,-0.111050,-1.939559,1.731642,0.061239,-3.338811,-1.820520,-5.017963,-4.803596,-4.013500
42.261122,NaN,NaN,NaN,NaN,-0.110952,-1.938697,1.730807,0.061199,-3.338800,-1.820516,-5.017914,-4.804264,-4.017971
42.270050,NaN,NaN,NaN,NaN,-0.110904,-1.938262,1.729968,0.061165,-3.338795,-1.820497,-5.017887,-4.804585,-4.022408
42.280841,NaN,NaN,NaN,NaN,-0.110805,-1.937840,1.729554,0.061098,-3.338793,-1.820483,-5.017826,-4.804909,-4.024632
42.300927,NaN,NaN,NaN,NaN,-0.110645,-1.936565,1.728704,0.060944,-3.338793,-1.820480,-5.017693,-4.805901,-4.029015
42.309563,NaN,NaN,NaN,NaN,-0.110590,-1.936152,1.727869,0.060884,-3.338797,-1.820463,-5.017647,-4.806236,-4.033405
42.322455,NaN,NaN,NaN,NaN,-0.110533,-1.935366,1.727456,0.060825,-3.338814,-1.820449,-5.017601,-4.806911,-4.035606
42.330496,NaN,NaN,NaN,NaN,-0.110482,-1.934949,1.727039,0.060737,-3.338822,-1.820436,-5.017536,-4.807243,-4.037773
42.350221,NaN,NaN,NaN,NaN,-0.110327,-1.934544,1.725810,0.060479,-3.338832,-1.820378,-5.017361,-4.807575,-4.044312
42.369993,NaN,NaN,NaN,NaN,-0.110213,-1.932921,1.725003,0.060151,-3.338902,-1.820340,-5.017208,-4.808903,-4.048637
42.381546,NaN,NaN,NaN,NaN,-0.110174,-1.932514,1.724605,0.060044,-3.338925,-1.820316,-5.017162,-4.809231,-4.050804
42.390057,NaN,NaN,NaN,NaN,-0.110143,-1.932121,1.724210,0.059918,-3.338952,-1.820288,-5.017117,-4.809563,-4.052975
42.400855,NaN,NaN,NaN,NaN,-0.110110,-1.931224,1.723434,0.059792,-3.339006,-1.820258,-5.017075,-4.810219,-4.057251
42.422623,NaN,NaN,NaN,NaN,-0.110022,-1.930384,1.722670,0.059413,-3.339073,-1.820215,-5.016941,-4.810875,-4.061539
42.429746,NaN,NaN,NaN,NaN,-0.109998,-1.929904,1.721941,0.059282,-3.339094,-1.820200,-5.016903,-4.811195,-4.065804
42.441786,NaN,NaN,NaN,NaN,-0.109974,-1.928987,1.721582,0.059152,-3.339147,-1.820188,-5.016865,-4.811836,-4.067940
42.461017,NaN,NaN,NaN,NaN,-0.109896,-1.928057,1.720888,0.058773,-3.339195,-1.820167,-5.016762,-4.812447,-4.072205
42.470777,NaN,NaN,NaN,NaN,-0.109869,-1.927580,1.720222,0.058651,-3.339215,-1.820146,-5.016735,-4.812740,-4.076454
42.490705,NaN,NaN,NaN,NaN,-0.109813,-1.926164,1.719584,0.058411,-3.339281,-1.820118,-5.016682,-4.813610,-4.080688
42.500835,NaN,NaN,NaN,NaN,-0.109787,-1.925673,1.719277,0.058202,-3.339300,-1.820102,-5.016651,-4.813889,-4.082798
42.521324,NaN,NaN,NaN,NaN,-0.109756,-1.924234,1.718386,0.057997,-3.339361,-1.820037,-5.016624,-4.814716,-4.089123
42.531340,NaN,NaN,NaN,NaN,-0.109757,-1.923746,1.718103,0.057816,-3.339379,-1.820011,-5.016624,-4.814976,-4.091232
42.550284,NaN,NaN,NaN,NaN,-0.109756,-1.922337,1.717543,0.057726,-3.339443,-1.819948,-5.016624,-4.815746,-4.095455
42.561671,NaN,NaN,NaN,NaN,-0.109765,-1.921875,1.717033,0.057540,-3.339467,-1.819893,-5.016621,-4.815998,-4.099693
42.581781,NaN,NaN,NaN,NaN,-0.109789,-1.920997,1.716280,0.057255,-3.339522,-1.819783,-5.016621,-4.816498,-4.106060
42.591553,NaN,NaN,NaN,NaN,-0.109810,-1.920580,1.716059,0.057159,-3.339554,-1.819754,-5.016632,-4.816750,-4.108170
42.600928,NaN,NaN,NaN,NaN,-0.109829,-1.919729,1.715840,0.057064,-3.339609,-1.819721,-5.016647,-4.817230,-4.110283
42.621221,NaN,NaN,NaN,NaN,-0.109847,-1.918937,1.715404,0.056971,-3.339675,-1.819645,-5.016659,-4.817715,-4.114498
42.630088,NaN,NaN,NaN,NaN,-0.109905,-1.918528,1.715205,0.056775,-3.339706,-1.819625,-5.016697,-4.817944,-4.116581
42.640929,NaN,NaN,NaN,NaN,-0.109982,-1.917755,1.714810,0.056573,-3.339776,-1.819573,-5.016750,-4.818401,-4.120754
42.650086,NaN,NaN,NaN,NaN,-0.110018,-1.917389,1.714614,0.056474,-3.339816,-1.819542,-5.016781,-4.818638,-4.122849
42.661010,NaN,NaN,NaN,NaN,-0.110131,-1.917013,1.714428,0.056233,-3.339838,-1.819526,-5.016861,-4.818851,-4.124912
42.681958,NaN,NaN,NaN,NaN,-0.110236,-1.915972,1.713871,0.056000,-3.339923,-1.819459,-5.016937,-4.819508,-4.131115
42.701311,NaN,NaN,NaN,NaN,-0.110458,-1.915304,1.713535,0.055623,-3.339944,-1.819426,-5.017078,-4.819897,-4.135162
42.723227,NaN,NaN,NaN,NaN,-0.110528,-1.914376,1.713032,0.055501,-3.339973,-1.819361,-5.017128,-4.820488,-4.141186
42.730361,NaN,NaN,NaN,NaN,-0.110597,-1.914075,1.712865,0.055381,-3.339971,-1.819338,-5.017178,-4.820675,-4.143173
42.740921,NaN,NaN,NaN,NaN,-0.110813,-1.913787,1.712699,0.055002,-3.339973,-1.819311,-5.017349,-4.820869,-4.145157
42.762021,NaN,NaN,NaN,NaN,-0.110970,-1.912931,1.712207,0.054745,-3.339950,-1.819227,-5.017467,-4.821465,-4.151066
42.781623,NaN,NaN,NaN,NaN,-0.111220,-1.912403,1.711881,0.054350,-3.339938,-1.819159,-5.017586,-4.821861,-4.154991
42.791812,NaN,NaN,NaN,NaN,-0.111333,-1.912136,1.711589,0.054214,-3.339905,-1.819112,-5.017632,-4.822044,-4.158852
42.801121,NaN,NaN,NaN,NaN,-0.111444,-1.911640,1.711442,0.054080,-3.339850,-1.819084,-5.017673,-4.822418,-4.160782
42.821166,NaN,NaN,NaN,NaN,-0.111790,-1.911187,1.711158,0.053688,-3.339760,-1.819036,-5.017796,-4.822792,-4.164600
42.841096,NaN,NaN,NaN,NaN,-0.112047,-1.910584,1.710744,0.053433,-3.339581,-1.818968,-5.017845,-4.823345,-4.170288
42.860881,NaN,NaN,NaN,NaN,-0.112171,-1.910226,1.710476,0.053309,-3.339456,-1.818939,-5.017868,-4.823708,-4.174046
42.870083,NaN,NaN,NaN,NaN,-0.112652,-1.910058,1.710346,0.052951,-3.339385,-1.818935,-5.017971,-4.823875,-4.175903
42.881571,NaN,NaN,NaN,NaN,-0.112806,-1.909757,1.710086,0.052835,-3.339257,-1.818918,-5.018002,-4.824226,-4.179630
42.900866,NaN,NaN,NaN,NaN,-0.113326,-1.909447,1.709834,0.052488,-3.339109,-1.818949,-5.018124,-4.824554,-4.183270
42.921151,NaN,NaN,NaN,NaN,-0.113672,-1.909040,1.709473,0.052258,-3.338903,-1.818996,-5.018196,-4.825058,-4.188679
42.930869,NaN,NaN,NaN,NaN,-0.114020,-1.908908,1.709364,0.052026,-3.338829,-1.819026,-5.018261,-4.825211,-4.190445
42.941207,NaN,NaN,NaN,NaN,-0.114189,-1.908788,1.709255,0.051914,-3.338760,-1.819051,-5.018291,-4.825367,-4.192219
42.951386,NaN,NaN,NaN,NaN,-0.114365,-1.908679,1.709146,0.051801,-3.338696,-1.819072,-5.018314,-4.825523,-4.194008
42.970313,NaN,NaN,NaN,NaN,-0.114708,-1.908306,1.708868,0.051582,-3.338471,-1.819235,-5.018356,-4.825954,-4.199238
42.982247,NaN,NaN,NaN,NaN,-0.115039,-1.908205,1.708774,0.051370,-3.338407,-1.819280,-5.018394,-4.826103,-4.200989
42.991700,NaN,NaN,NaN,NaN,-0.115219,-1.908069,1.708598,0.051257,-3.338331,-1.819445,-5.018414,-4.826248,-4.204422
43.000858,NaN,NaN,NaN,NaN,-0.115396,-1.907945,1.708509,0.051145,-3.338260,-1.819521,-5.018429,-4.826397,-4.206146
43.022349,NaN,NaN,NaN,NaN,-0.115925,-1.907606,1.708250,0.050810,-3.338075,-1.819790,-5.018517,-4.826847,-4.211304
43.029986,NaN,NaN,NaN,NaN,-0.116105,-1.907491,1.708164,0.050694,-3.338021,-1.819882,-5.018547,-4.826988,-4.213024
43.041578,NaN,NaN,NaN,NaN,-0.116282,-1.907299,1.708078,0.050579,-3.337927,-1.819970,-5.018578,-4.827282,-4.214748
43.050450,NaN,NaN,NaN,NaN,-0.116454,-1.907184,1.708000,0.050467,-3.337882,-1.820062,-5.018604,-4.827423,-4.216442
43.061752,NaN,NaN,NaN,NaN,-0.116813,-1.907082,1.707921,0.050230,-3.337842,-1.820150,-5.018654,-4.827568,-4.218136
43.082148,NaN,NaN,NaN,NaN,-0.117158,-1.906911,1.707686,0.050002,-3.337776,-1.820391,-5.018646,-4.827869,-4.223267
43.090734,NaN,NaN,NaN,NaN,-0.117340,-1.906704,1.707608,0.049874,-3.337727,-1.820465,-5.018639,-4.828140,-4.224964
43.100914,NaN,NaN,NaN,NaN,-0.117694,-1.906619,1.707529,0.049627,-3.337709,-1.820534,-5.018623,-4.828281,-4.226662
43.109709,NaN,NaN,NaN,NaN,-0.117865,-1.906481,1.707372,0.049507,-3.337686,-1.820660,-5.018616,-4.828552,-4.230068
43.120927,NaN,NaN,NaN,NaN,-0.118051,-1.906391,1.707282,0.049374,-3.337682,-1.820719,-5.018612,-4.828671,-4.231758
43.130332,NaN,NaN,NaN,NaN,-0.118232,-1.906312,1.707192,0.049243,-3.337682,-1.820774,-5.018600,-4.828793,-4.233452
43.141998,NaN,NaN,NaN,NaN,-0.118585,-1.906244,1.707102,0.048988,-3.337687,-1.820825,-5.018581,-4.828918,-4.235153
43.151723,NaN,NaN,NaN,NaN,-0.118768,-1.906188,1.707012,0.048846,-3.337695,-1.820872,-5.018566,-4.829052,-4.236858
43.161104,NaN,NaN,NaN,NaN,-0.118946,-1.906027,1.706774,0.048706,-3.337707,-1.820955,-5.018555,-4.829285,-4.240265
43.169396,NaN,NaN,NaN,NaN,-0.119293,-1.905964,1.706655,0.048436,-3.337719,-1.820990,-5.018532,-4.829388,-4.241970
43.181239,NaN,NaN,NaN,NaN,-0.119467,-1.905912,1.706536,0.048300,-3.337735,-1.821022,-5.018520,-4.829498,-4.243683
43.200945,NaN,NaN,NaN,NaN,-0.119805,-1.905655,1.706137,0.048036,-3.337803,-1.821104,-5.018486,-4.829803,-4.248844
43.221079,NaN,NaN,NaN,NaN,-0.120269,-1.905490,1.705870,0.047619,-3.337873,-1.821154,-5.018444,-4.830006,-4.252296
43.229767,NaN,NaN,NaN,NaN,-0.120414,-1.905401,1.705604,0.047479,-3.337916,-1.821203,-5.018429,-4.830101,-4.255764
43.250265,NaN,NaN,NaN,NaN,-0.120556,-1.905168,1.705328,0.047342,-3.338057,-1.821246,-5.018414,-4.830387,-4.259224
43.261099,NaN,NaN,NaN,NaN,-0.120984,-1.905090,1.705185,0.046896,-3.338105,-1.821268,-5.018333,-4.830475,-4.260948
43.280898,NaN,NaN,NaN,NaN,-0.121263,-1.904898,1.704751,0.046595,-3.338263,-1.821317,-5.018280,-4.830727,-4.266113
43.290107,NaN,NaN,NaN,NaN,-0.121398,-1.904841,1.704603,0.046430,-3.338318,-1.821331,-5.018261,-4.830788,-4.267826
43.300832,NaN,NaN,NaN,NaN,-0.121661,-1.904796,1.704454,0.046109,-3.338377,-1.821342,-5.018227,-4.830853,-4.269539
43.321085,NaN,NaN,NaN,NaN,-0.121900,-1.904692,1.704016,0.045781,-3.338572,-1.821361,-5.018223,-4.831005,-4.274654
43.330756,NaN,NaN,NaN,NaN,-0.122009,-1.904673,1.703872,0.045612,-3.338643,-1.821365,-5.018227,-4.831055,-4.276382
43.343011,NaN,NaN,NaN,NaN,-0.122219,-1.904665,1.703730,0.045284,-3.338718,-1.821369,-5.018234,-4.831112,-4.278122
43.350957,NaN,NaN,NaN,NaN,-0.122312,-1.904647,1.703444,0.045104,-3.338786,-1.821431,-5.018253,-4.831150,-4.281612
43.363196,NaN,NaN,NaN,NaN,-0.122403,-1.904643,1.703304,0.044926,-3.338934,-1.821467,-5.018272,-4.831245,-4.283382
43.381187,NaN,NaN,NaN,NaN,-0.122672,-1.904681,1.703032,0.044398,-3.339095,-1.821556,-5.018330,-4.831367,-4.286968
43.392055,NaN,NaN,NaN,NaN,-0.122762,-1.904693,1.702760,0.044219,-3.339173,-1.821747,-5.018364,-4.831402,-4.290543
43.410325,NaN,NaN,NaN,NaN,-0.123039,-1.904793,1.702507,0.043698,-3.339431,-1.821992,-5.018486,-4.831554,-4.294144
43.429497,NaN,NaN,NaN,NaN,-0.123138,-1.904858,1.702222,0.043526,-3.339589,-1.822369,-5.018543,-4.831635,-4.297726
43.441725,NaN,NaN,NaN,NaN,-0.123329,-1.904966,1.701966,0.043192,-3.339762,-1.822835,-5.018654,-4.831738,-4.301319
43.450587,NaN,NaN,NaN,NaN,-0.123432,-1.905017,1.701847,0.043029,-3.339822,-1.823142,-5.018730,-4.831779,-4.303120
43.460974,NaN,NaN,NaN,NaN,-0.123631,-1.905079,1.701737,0.042713,-3.339885,-1.823476,-5.018871,-4.831825,-4.304924
43.469572,NaN,NaN,NaN,NaN,-0.123726,-1.905150,1.701542,0.042560,-3.339954,-1.824237,-5.018940,-4.831882,-4.308529
43.481123,NaN,NaN,NaN,NaN,-0.123832,-1.905299,1.701468,0.042409,-3.340075,-1.824710,-5.019024,-4.831997,-4.310322
43.490956,NaN,NaN,NaN,NaN,-0.123935,-1.905377,1.701404,0.042260,-3.340128,-1.825217,-5.019119,-4.832058,-4.312111
43.500771,NaN,NaN,NaN,NaN,-0.124133,-1.905465,1.701350,0.041972,-3.340185,-1.825761,-5.019302,-4.832123,-4.313900
43.511419,NaN,NaN,NaN,NaN,-0.124227,-1.905564,1.701306,0.041832,-3.340246,-1.826341,-5.019394,-4.832195,-4.315685
43.521133,NaN,NaN,NaN,NaN,-0.124331,-1.905743,1.701260,0.041687,-3.340344,-1.827747,-5.019485,-4.832329,-4.319248
43.529631,NaN,NaN,NaN,NaN,-0.124431,-1.905849,1.701253,0.041545,-3.340400,-1.828511,-5.019577,-4.832394,-4.321022
43.542955,NaN,NaN,NaN,NaN,-0.124626,-1.905964,1.701277,0.041269,-3.340461,-1.830237,-5.019753,-4.832466,-4.324566
43.561961,NaN,NaN,NaN,NaN,-0.124836,-1.906272,1.701351,0.040992,-3.340644,-1.832209,-5.019951,-4.832680,-4.328098
43.569566,NaN,NaN,NaN,NaN,-0.125036,-1.906395,1.701405,0.040726,-3.340714,-1.833262,-5.020138,-4.832760,-4.329857
43.581015,NaN,NaN,NaN,NaN,-0.125151,-1.906496,1.701472,0.040583,-3.340793,-1.834426,-5.020229,-4.832844,-4.331596
43.590339,NaN,NaN,NaN,NaN,-0.125264,-1.906608,1.701641,0.040442,-3.340877,-1.836892,-5.020317,-4.832939,-4.335056
43.600904,NaN,NaN,NaN,NaN,-0.125373,-1.906861,1.701743,0.040303,-3.341057,-1.838195,-5.020405,-4.833145,-4.336773
43.622129,NaN,NaN,NaN,NaN,-0.125750,-1.907081,1.701964,0.039883,-3.341254,-1.841108,-5.020607,-4.833363,-4.340168
43.630104,NaN,NaN,NaN,NaN,-0.125880,-1.907207,1.702232,0.039744,-3.341357,-1.844211,-5.020668,-4.833477,-4.343540
43.643411,NaN,NaN,NaN,NaN,-0.126008,-1.907488,1.702384,0.039609,-3.341576,-1.845834,-5.020729,-4.833725,-4.345215
43.649699,NaN,NaN,NaN,NaN,-0.126155,-1.907628,1.702534,0.039456,-3.341681,-1.847595,-5.020775,-4.833858,-4.346874
43.661010,NaN,NaN,NaN,NaN,-0.126438,-1.907779,1.702696,0.039159,-3.341790,-1.849402,-5.020859,-4.833996,-4.348526
43.670151,NaN,NaN,NaN,NaN,-0.126574,-1.907939,1.703057,0.039014,-3.341903,-1.853160,-5.020901,-4.834137,-4.351822
43.680884,NaN,NaN,NaN,NaN,-0.126733,-1.908109,1.703250,0.038853,-3.342020,-1.855200,-5.020927,-4.834282,-4.353428
43.701373,NaN,NaN,NaN,NaN,-0.127039,-1.908615,1.703904,0.038541,-3.342365,-1.861598,-5.020981,-4.834747,-4.358204
43.709724,NaN,NaN,NaN,NaN,-0.127380,-1.908802,1.704128,0.038228,-3.342488,-1.863914,-5.021023,-4.834892,-4.359753
43.721128,NaN,NaN,NaN,NaN,-0.127569,-1.909133,1.704368,0.038069,-3.342700,-1.866272,-5.021038,-4.835213,-4.361298
43.743779,NaN,NaN,NaN,NaN,-0.128148,-1.909502,1.704888,0.037591,-3.342930,-1.871123,-5.021049,-4.835545,-4.364376
43.751019,NaN,NaN,NaN,NaN,-0.128355,-1.909686,1.705380,0.037426,-3.343018,-1.876295,-5.021053,-4.835709,-4.367374
43.761767,NaN,NaN,NaN,NaN,-0.128557,-1.910080,1.705645,0.037264,-3.343207,-1.878947,-5.021053,-4.836048,-4.368866
43.771141,NaN,NaN,NaN,NaN,-0.128950,-1.910291,1.705922,0.036947,-3.343309,-1.881644,-5.021061,-4.836201,-4.370358
43.781509,NaN,NaN,NaN,NaN,-0.129170,-1.910495,1.706167,0.036791,-3.343385,-1.884460,-5.021072,-4.836357,-4.371822
43.801718,NaN,NaN,NaN,NaN,-0.129803,-1.910931,1.706991,0.036335,-3.343553,-1.893151,-5.021133,-4.836674,-4.376194
43.811501,NaN,NaN,NaN,NaN,-0.130034,-1.911368,1.707237,0.036195,-3.343703,-1.896231,-5.021156,-4.837006,-4.377628
43.820905,NaN,NaN,NaN,NaN,-0.130260,-1.911582,1.707496,0.036057,-3.343768,-1.899351,-5.021175,-4.837173,-4.379063
43.841205,NaN,NaN,NaN,NaN,-0.130699,-1.912248,1.708276,0.035787,-3.343963,-1.909055,-5.021217,-4.837696,-4.383331
43.850056,NaN,NaN,NaN,NaN,-0.130941,-1.912467,1.708513,0.035677,-3.344019,-1.912436,-5.021236,-4.837875,-4.384743
43.861575,NaN,NaN,NaN,NaN,-0.131411,-1.912695,1.708767,0.035463,-3.344079,-1.915852,-5.021271,-4.838062,-4.386154
43.881194,NaN,NaN,NaN,NaN,-0.131889,-1.913378,1.709443,0.035291,-3.344207,-1.926544,-5.021313,-4.838631,-4.390327
43.890377,NaN,NaN,NaN,NaN,-0.132374,-1.913614,1.709666,0.035161,-3.344247,-1.930216,-5.021362,-4.838825,-4.391708
43.901368,NaN,NaN,NaN,NaN,-0.132609,-1.913860,1.709901,0.035097,-3.344293,-1.933920,-5.021385,-4.839024,-4.393085
43.909541,NaN,NaN,NaN,NaN,-0.132866,-1.914114,1.710147,0.035074,-3.344344,-1.937657,-5.021400,-4.839226,-4.394466
43.920820,NaN,NaN,NaN,NaN,-0.133118,-1.914622,1.710489,0.035051,-3.344363,-1.945434,-5.021416,-4.839619,-4.397182
43.929331,NaN,NaN,NaN,NaN,-0.133609,-1.914888,1.710681,0.035005,-3.344381,-1.949364,-5.021446,-4.839817,-4.398540
43.970605,NaN,NaN,NaN,NaN,-0.134129,-1.915425,1.711122,0.035026,-3.344382,-1.961519,-5.021469,-4.840210,-4.402565
43.989833,NaN,NaN,NaN,NaN,-0.134631,-1.916262,1.711402,0.035048,-3.344349,-1.969824,-5.021496,-4.840790,-4.405243
44.000781,NaN,NaN,NaN,NaN,-0.135153,-1.916528,1.711447,0.035129,-3.344308,-1.974094,-5.021523,-4.840977,-4.406548
44.022072,NaN,NaN,NaN,NaN,-0.135656,-1.917085,1.711642,0.035209,-3.344247,-1.987052,-5.021545,-4.841351,-4.410458
44.029586,NaN,NaN,NaN,NaN,-0.135906,-1.917649,1.711626,0.035264,-3.344166,-1.991486,-5.021564,-4.841717,-4.411728
44.049549,NaN,NaN,NaN,NaN,-0.136392,-1.918222,1.711620,0.035372,-3.344065,-2.000422,-5.021606,-4.842072,-4.414268
44.061018,NaN,NaN,NaN,NaN,-0.136859,-1.918800,1.711529,0.035477,-3.343949,-2.009497,-5.021683,-4.842407,-4.416771
44.080975,NaN,NaN,NaN,NaN,-0.137562,-1.919382,1.711352,0.035691,-3.343816,-2.018704,-5.021793,-4.842724,-4.419243
44.100920,NaN,NaN,NaN,NaN,-0.138012,-1.920260,1.710941,0.035864,-3.343585,-2.032743,-5.021870,-4.843163,-4.422897
44.110340,NaN,NaN,NaN,NaN,-0.138232,-1.920560,1.710782,0.035967,-3.343509,-2.037473,-5.021904,-4.843304,-4.424107
44.132025,NaN,NaN,NaN,NaN,-0.138872,-1.921152,1.710175,0.036310,-3.343353,-2.051869,-5.022007,-4.843563,-4.427677
44.141140,NaN,NaN,NaN,NaN,-0.139081,-1.921744,1.709956,0.036448,-3.343198,-2.056715,-5.022049,-4.843796,-4.428864
44.150210,NaN,NaN,NaN,NaN,-0.139285,-1.922052,1.709743,0.036585,-3.343133,-2.061577,-5.022087,-4.843925,-4.430050
44.161018,NaN,NaN,NaN,NaN,-0.139688,-1.922332,1.709462,0.036883,-3.343035,-2.066496,-5.022171,-4.844036,-4.431210
44.180751,NaN,NaN,NaN,NaN,-0.140082,-1.923218,1.708650,0.037202,-3.342788,-2.081330,-5.022305,-4.844391,-4.434704
44.201308,NaN,NaN,NaN,NaN,-0.140674,-1.923821,1.708073,0.037720,-3.342638,-2.091310,-5.022511,-4.844624,-4.437008
44.222457,NaN,NaN,NaN,NaN,-0.141058,-1.924747,1.707150,0.038071,-3.342435,-2.106402,-5.022644,-4.844963,-4.440434
44.240833,NaN,NaN,NaN,NaN,-0.141636,-1.925335,1.706442,0.038668,-3.342294,-2.116579,-5.022858,-4.845177,-4.442677
44.249305,NaN,NaN,NaN,NaN,-0.141820,-1.925640,1.705750,0.038861,-3.342236,-2.126786,-5.022926,-4.845287,-4.444927
44.270405,NaN,NaN,NaN,NaN,-0.142189,-1.926543,1.704939,0.039268,-3.342048,-2.137078,-5.023052,-4.845604,-4.447155
44.290874,NaN,NaN,NaN,NaN,-0.142725,-1.927469,1.703683,0.039879,-3.341865,-2.152589,-5.023190,-4.845921,-4.450485
44.301632,NaN,NaN,NaN,NaN,-0.142905,-1.927784,1.703223,0.040090,-3.341795,-2.157790,-5.023209,-4.846024,-4.451588
44.322490,NaN,NaN,NaN,NaN,-0.143421,-1.928435,1.701795,0.040707,-3.341681,-2.173433,-5.023262,-4.846241,-4.454876
44.330316,NaN,NaN,NaN,NaN,-0.143597,-1.928762,1.701276,0.040932,-3.341609,-2.178666,-5.023273,-4.846340,-4.455959
44.340863,NaN,NaN,NaN,NaN,-0.143769,-1.929438,1.700763,0.041154,-3.341489,-2.183900,-5.023285,-4.846558,-4.457047
44.350137,NaN,NaN,NaN,NaN,-0.143937,-1.929786,1.700258,0.041373,-3.341441,-2.189134,-5.023277,-4.846668,-4.458149
44.360799,NaN,NaN,NaN,NaN,-0.144283,-1.930144,1.699690,0.041820,-3.341377,-2.194374,-5.023262,-4.846764,-4.459232
44.369883,NaN,NaN,NaN,NaN,-0.144461,-1.930507,1.698574,0.042047,-3.341321,-2.204849,-5.023254,-4.846863,-4.461403
44.390717,NaN,NaN,NaN,NaN,-0.144977,-1.931614,1.697430,0.042743,-3.341183,-2.215321,-5.023239,-4.847172,-4.463551
44.409572,NaN,NaN,NaN,NaN,-0.145312,-1.932356,1.695693,0.043236,-3.341112,-2.231013,-5.023232,-4.847370,-4.466759
44.422425,NaN,NaN,NaN,NaN,-0.145650,-1.933109,1.695079,0.043749,-3.341061,-2.236230,-5.023228,-4.847576,-4.467812
44.441148,NaN,NaN,NaN,NaN,-0.145992,-1.933871,1.693883,0.044280,-3.341028,-2.246651,-5.023220,-4.847782,-4.469921
44.460881,NaN,NaN,NaN,NaN,-0.146332,-1.935042,1.692123,0.044830,-3.341014,-2.262238,-5.023212,-4.848137,-4.473091
44.481544,NaN,NaN,NaN,NaN,-0.146833,-1.935832,1.690373,0.045677,-3.341017,-2.277758,-5.023216,-4.848389,-4.476257
44.500815,NaN,NaN,NaN,NaN,-0.147158,-1.937032,1.689155,0.046295,-3.341030,-2.288044,-5.023220,-4.848778,-4.478359
44.521068,NaN,NaN,NaN,NaN,-0.147316,-1.937851,1.687998,0.046596,-3.341059,-2.298300,-5.023220,-4.849064,-4.480465
44.531468,NaN,NaN,NaN,NaN,-0.147779,-1.938253,1.687399,0.047547,-3.341063,-2.303378,-5.023247,-4.849216,-4.481510
44.541322,NaN,NaN,NaN,NaN,-0.147929,-1.938661,1.686255,0.047866,-3.341074,-2.313509,-5.023258,-4.849369,-4.483604
44.560919,NaN,NaN,NaN,NaN,-0.148075,-1.939897,1.685133,0.048180,-3.341115,-2.323579,-5.023270,-4.849854,-4.485699
44.571762,NaN,NaN,NaN,NaN,-0.148519,-1.940308,1.684037,0.049193,-3.341120,-2.333585,-5.023338,-4.850018,-4.487801
44.581672,NaN,NaN,NaN,NaN,-0.148802,-1.941145,1.683518,0.049841,-3.341148,-2.338573,-5.023396,-4.850353,-4.488850
44.600840,NaN,NaN,NaN,NaN,-0.149085,-1.941971,1.682432,0.050550,-3.341146,-2.348450,-5.023483,-4.850700,-4.490921
44.621468,NaN,NaN,NaN,NaN,-0.149360,-1.943240,1.680926,0.051233,-3.341173,-2.363172,-5.023567,-4.851227,-4.494022
44.629763,NaN,NaN,NaN,NaN,-0.149504,-1.943666,1.680442,0.051597,-3.341182,-2.368046,-5.023609,-4.851391,-4.495056
44.640824,NaN,NaN,NaN,NaN,-0.149784,-1.944097,1.679981,0.052304,-3.341197,-2.372910,-5.023689,-4.851559,-4.496090
44.649991,NaN,NaN,NaN,NaN,-0.149920,-1.944534,1.679542,0.052648,-3.341220,-2.377762,-5.023724,-4.851730,-4.497124
44.662135,NaN,NaN,NaN,NaN,-0.150069,-1.945413,1.678649,0.053006,-3.341214,-2.387424,-5.023750,-4.852047,-4.499168
44.681817,NaN,NaN,NaN,NaN,-0.150499,-1.946312,1.677852,0.054042,-3.341234,-2.397036,-5.023827,-4.852371,-4.501217
44.700829,NaN,NaN,NaN,NaN,-0.150807,-1.947687,1.676667,0.054730,-3.341231,-2.411389,-5.023865,-4.852837,-4.504261
44.721286,NaN,NaN,NaN,NaN,-0.151254,-1.948630,1.676003,0.055735,-3.341261,-2.420892,-5.023827,-4.853161,-4.506290
44.740812,NaN,NaN,NaN,NaN,-0.151546,-1.950081,1.675019,0.056398,-3.341252,-2.434997,-5.023808,-4.853626,-4.509296
44.761664,NaN,NaN,NaN,NaN,-0.151975,-1.951057,1.674450,0.057387,-3.341251,-2.444312,-5.023800,-4.853878,-4.511288
44.781520,NaN,NaN,NaN,NaN,-0.152253,-1.952530,1.673731,0.058029,-3.341253,-2.458151,-5.023788,-4.854256,-4.514252
44.800734,NaN,NaN,NaN,NaN,-0.152391,-1.953516,1.673289,0.058374,-3.341234,-2.467269,-5.023785,-4.854500,-4.516186
44.809833,NaN,NaN,NaN,NaN,-0.152661,-1.954015,1.672953,0.059045,-3.341234,-2.476329,-5.023777,-4.854614,-4.518124
44.821208,NaN,NaN,NaN,NaN,-0.152921,-1.954519,1.672772,0.059718,-3.341240,-2.480822,-5.023792,-4.854729,-4.519073
44.829943,NaN,NaN,NaN,NaN,-0.153046,-1.955537,1.672618,0.060059,-3.341203,-2.485300,-5.023819,-4.854935,-4.520023
44.840907,NaN,NaN,NaN,NaN,-0.153290,-1.956051,1.672492,0.060723,-3.341194,-2.489764,-5.023872,-4.855045,-4.520977
44.849430,NaN,NaN,NaN,NaN,-0.153408,-1.957085,1.672265,0.061046,-3.341173,-2.498621,-5.023899,-4.855251,-4.522861
44.860824,NaN,NaN,NaN,NaN,-0.153515,-1.957604,1.672164,0.061384,-3.341162,-2.503013,-5.023956,-4.855350,-4.523796
44.881468,NaN,NaN,NaN,NaN,-0.153823,-1.958654,1.672044,0.062365,-3.341157,-2.511753,-5.024128,-4.855507,-4.525665
44.890484,NaN,NaN,NaN,NaN,-0.153913,-1.959177,1.671967,0.062702,-3.341140,-2.516084,-5.024181,-4.855576,-4.526600
44.900801,NaN,NaN,NaN,NaN,-0.154001,-1.960232,1.671893,0.063034,-3.341122,-2.524698,-5.024231,-4.855724,-4.528461
44.923165,NaN,NaN,NaN,NaN,-0.154263,-1.961307,1.671873,0.064018,-3.341102,-2.533248,-5.024399,-4.855862,-4.530315
44.930805,NaN,NaN,NaN,NaN,-0.154352,-1.961852,1.671908,0.064351,-3.341089,-2.541730,-5.024464,-4.855927,-4.532158
44.941231,NaN,NaN,NaN,NaN,-0.154438,-1.962399,1.671965,0.064678,-3.341081,-2.545946,-5.024529,-4.855995,-4.533081
44.961098,NaN,NaN,NaN,NaN,-0.154693,-1.964045,1.672082,0.065686,-3.341041,-2.554320,-5.024742,-4.856163,-4.534912
44.970384,NaN,NaN,NaN,NaN,-0.154775,-1.964597,1.672179,0.066021,-3.341030,-2.558482,-5.024815,-4.856216,-4.535828
44.982256,NaN,NaN,NaN,NaN,-0.154855,-1.965707,1.672448,0.066352,-3.341023,-2.566757,-5.024887,-4.856335,-4.537659
45.000717,NaN,NaN,NaN,NaN,-0.155012,-1.966818,1.672751,0.067030,-3.341009,-2.574947,-5.025047,-4.856415,-4.539448
45.009537,NaN,NaN,NaN,NaN,-0.155161,-1.967941,1.673152,0.067688,-3.341017,-2.583069,-5.025196,-4.856514,-4.541267
45.021104,NaN,NaN,NaN,NaN,-0.155229,-1.968511,1.673351,0.068023,-3.341024,-2.587099,-5.025269,-4.856548,-4.542160
45.041539,NaN,NaN,NaN,NaN,-0.155295,-1.969659,1.673820,0.068353,-3.341054,-2.595109,-5.025337,-4.856636,-4.543945
45.050526,NaN,NaN,NaN,NaN,-0.155483,-1.970236,1.674090,0.069317,-3.341077,-2.599088,-5.025543,-4.856709,-4.544842
45.069261,NaN,NaN,NaN,NaN,-0.155659,-1.971988,1.674920,0.070239,-3.341198,-2.610904,-5.025734,-4.856895,-4.547504
45.082511,NaN,NaN,NaN,NaN,-0.155724,-1.972575,1.675242,0.070532,-3.341249,-2.614808,-5.025791,-4.856964,-4.548401
45.100788,NaN,NaN,NaN,NaN,-0.155849,-1.974317,1.676251,0.071107,-3.341452,-2.626383,-5.025906,-4.857113,-4.551056
45.121125,NaN,NaN,NaN,NaN,-0.156043,-1.975492,1.677003,0.071934,-3.341601,-2.634001,-5.026058,-4.857227,-4.552814
45.130001,NaN,NaN,NaN,NaN,-0.156117,-1.976085,1.677398,0.072198,-3.341679,-2.637777,-5.026096,-4.857281,-4.553696
45.141890,NaN,NaN,NaN,NaN,-0.156261,-1.976679,1.678247,0.072715,-3.341760,-2.645278,-5.026169,-4.857338,-4.555458
45.160968,NaN,NaN,NaN,NaN,-0.156427,-1.978451,1.679146,0.073181,-3.342007,-2.652679,-5.026234,-4.857521,-4.557205
45.169336,NaN,NaN,NaN,NaN,-0.156507,-1.979041,1.680120,0.073409,-3.342095,-2.660014,-5.026264,-4.857586,-4.558960
45.181177,NaN,NaN,NaN,NaN,-0.156585,-1.980209,1.680624,0.073634,-3.342262,-2.663641,-5.026295,-4.857700,-4.559826
45.190018,NaN,NaN,NaN,NaN,-0.156690,-1.980787,1.681147,0.073819,-3.342341,-2.667251,-5.026325,-4.857746,-4.560696
45.201416,NaN,NaN,NaN,NaN,-0.156891,-1.981366,1.681688,0.074182,-3.342425,-2.670844,-5.026386,-4.857800,-4.561565
45.209586,NaN,NaN,NaN,NaN,-0.156988,-1.981946,1.682246,0.074360,-3.342512,-2.674420,-5.026417,-4.857857,-4.562435
45.221331,NaN,NaN,NaN,NaN,-0.157104,-1.983077,1.683380,0.074478,-3.342664,-2.681503,-5.026451,-4.857948,-4.564171
45.241869,NaN,NaN,NaN,NaN,-0.157442,-1.984213,1.685206,0.074825,-3.342831,-2.692004,-5.026554,-4.858086,-4.566780
45.249972,NaN,NaN,NaN,NaN,-0.157582,-1.984782,1.685822,0.074886,-3.342921,-2.695457,-5.026588,-4.858158,-4.567654
45.260842,NaN,NaN,NaN,NaN,-0.157719,-1.985909,1.686455,0.074947,-3.343072,-2.698894,-5.026623,-4.858295,-4.568527
45.280809,NaN,NaN,NaN,NaN,-0.158126,-1.987039,1.687766,0.075071,-3.343238,-2.705718,-5.026733,-4.858452,-4.570274
45.289273,NaN,NaN,NaN,NaN,-0.158261,-1.987598,1.689116,0.075076,-3.343316,-2.712435,-5.026775,-4.858536,-4.572037
45.300688,NaN,NaN,NaN,NaN,-0.158394,-1.988718,1.689813,0.075081,-3.343482,-2.715769,-5.026817,-4.858719,-4.572914
45.339026,NaN,NaN,NaN,NaN,-0.158812,-1.989845,1.691258,0.075014,-3.343643,-2.722372,-5.026993,-4.858906,-4.574692
45.348824,NaN,NaN,NaN,NaN,-0.158953,-1.990412,1.692005,0.074979,-3.343719,-2.725641,-5.027054,-4.859005,-4.575584
45.360382,NaN,NaN,NaN,NaN,-0.159091,-1.990979,1.693538,0.074945,-3.343799,-2.732130,-5.027111,-4.859104,-4.577370
45.378702,NaN,NaN,NaN,NaN,-0.159247,-1.992662,1.695177,0.074881,-3.344024,-2.738531,-5.027187,-4.859398,-4.579147
45.387585,NaN,NaN,NaN,NaN,-0.159552,-1.993220,1.696014,0.074756,-3.344100,-2.741708,-5.027332,-4.859497,-4.580063
45.398585,NaN,NaN,NaN,NaN,-0.159702,-1.993779,1.697748,0.074693,-3.344181,-2.748008,-5.027412,-4.859600,-4.581886
45.418467,NaN,NaN,NaN,NaN,-0.160183,-1.995419,1.699552,0.074454,-3.344395,-2.754239,-5.027653,-4.859882,-4.583694
45.428469,NaN,NaN,NaN,NaN,-0.160506,-1.995967,1.701412,0.074281,-3.344474,-2.760407,-5.027802,-4.859985,-4.585480
45.438937,NaN,NaN,NaN,NaN,-0.160693,-1.997016,1.702365,0.074163,-3.344619,-2.763466,-5.027863,-4.860180,-4.586361
45.447301,NaN,NaN,NaN,NaN,-0.161059,-1.997541,1.703326,0.073934,-3.344698,-2.766510,-5.027969,-4.860283,-4.587254
45.459555,NaN,NaN,NaN,NaN,-0.161238,-1.998068,1.704295,0.073821,-3.344780,-2.769538,-5.028023,-4.860390,-4.588146
45.478600,NaN,NaN,NaN,NaN,-0.161642,-1.999569,1.707310,0.073537,-3.345001,-2.778568,-5.028107,-4.860703,-4.590801
45.487191,NaN,NaN,NaN,NaN,-0.161840,-2.000071,1.708330,0.073397,-3.345083,-2.781547,-5.028149,-4.860828,-4.591682
45.498792,NaN,NaN,NaN,NaN,-0.162264,-2.000549,1.709363,0.073101,-3.345152,-2.784519,-5.028221,-4.860924,-4.592560
45.508616,NaN,NaN,NaN,NaN,-0.162489,-2.001028,1.711449,0.072945,-3.345226,-2.790418,-5.028233,-4.861027,-4.594307
45.518433,NaN,NaN,NaN,NaN,-0.162711,-2.001987,1.712501,0.072791,-3.345385,-2.793346,-5.028244,-4.861240,-4.595177
45.538995,NaN,NaN,NaN,NaN,-0.163392,-2.002941,1.714633,0.072319,-3.345544,-2.799157,-5.028294,-4.861458,-4.596905
45.547156,NaN,NaN,NaN,NaN,-0.163618,-2.003415,1.716797,0.072162,-3.345622,-2.804909,-5.028313,-4.861580,-4.598621
45.560459,NaN,NaN,NaN,NaN,-0.163841,-2.004367,1.717886,0.072007,-3.345790,-2.807763,-5.028332,-4.861832,-4.599480
45.578576,NaN,NaN,NaN,NaN,-0.164515,-2.005292,1.720113,0.071513,-3.345945,-2.813425,-5.028458,-4.862099,-4.601173
45.587177,NaN,NaN,NaN,NaN,-0.164733,-2.006220,1.722355,0.071353,-3.346116,-2.819029,-5.028496,-4.862377,-4.602859
45.598771,NaN,NaN,NaN,NaN,-0.164948,-2.006668,1.723511,0.071174,-3.346199,-2.821800,-5.028549,-4.862511,-4.603703
45.608490,NaN,NaN,NaN,NaN,-0.165368,-2.007117,1.724670,0.070825,-3.346286,-2.824556,-5.028648,-4.862648,-4.604538
45.627335,NaN,NaN,NaN,NaN,-0.165781,-2.008018,1.728187,0.070476,-3.346473,-2.832725,-5.028763,-4.862930,-4.607056
45.638674,NaN,NaN,NaN,NaN,-0.165985,-2.008878,1.729381,0.070301,-3.346663,-2.835410,-5.028824,-4.863205,-4.607895
45.659549,NaN,NaN,NaN,NaN,-0.166582,-2.009741,1.733000,0.069791,-3.346869,-2.843359,-5.029007,-4.863487,-4.610416
45.668869,NaN,NaN,NaN,NaN,-0.166770,-2.010159,1.734231,0.069606,-3.346973,-2.845965,-5.029083,-4.863647,-4.611256
45.678776,NaN,NaN,NaN,NaN,-0.166956,-2.010578,1.735462,0.069426,-3.347081,-2.848557,-5.029160,-4.863811,-4.612095
45.698626,NaN,NaN,NaN,NaN,-0.167319,-2.011828,1.737947,0.069074,-3.347413,-2.853669,-5.029316,-4.864292,-4.613789
45.707457,NaN,NaN,NaN,NaN,-0.167506,-2.012240,1.739200,0.068891,-3.347522,-2.856189,-5.029408,-4.864445,-4.614639
45.719861,NaN,NaN,NaN,NaN,-0.167870,-2.012652,1.741705,0.068536,-3.347634,-2.861193,-5.029583,-4.864597,-4.616333
45.738833,NaN,NaN,NaN,NaN,-0.168438,-2.013870,1.744258,0.067986,-3.347956,-2.866090,-5.029831,-4.865047,-4.618023
45.748240,NaN,NaN,NaN,NaN,-0.168628,-2.014273,1.745533,0.067803,-3.348064,-2.868521,-5.029919,-4.865196,-4.618866
45.760542,NaN,NaN,NaN,NaN,-0.169017,-2.015066,1.748106,0.067432,-3.348288,-2.873315,-5.030083,-4.865494,-4.620537
45.768275,NaN,NaN,NaN,NaN,-0.169216,-2.015456,1.749405,0.067243,-3.348404,-2.875679,-5.030159,-4.865639,-4.621368
45.778660,NaN,NaN,NaN,NaN,-0.169411,-2.015848,1.750703,0.067058,-3.348522,-2.878032,-5.030231,-4.865788,-4.622200
45.798724,NaN,NaN,NaN,NaN,-0.169808,-2.017016,1.754609,0.066692,-3.348889,-2.884992,-5.030373,-4.866184,-4.624653
45.807738,NaN,NaN,NaN,NaN,-0.170010,-2.017400,1.755927,0.066510,-3.349012,-2.887269,-5.030441,-4.866310,-4.625458
45.820244,NaN,NaN,NaN,NaN,-0.170404,-2.017786,1.757242,0.066156,-3.349139,-2.889535,-5.030579,-4.866440,-4.626263
45.828927,NaN,NaN,NaN,NaN,-0.170613,-2.018173,1.759891,0.065985,-3.349269,-2.894005,-5.030643,-4.866570,-4.627831
45.838741,NaN,NaN,NaN,NaN,-0.170818,-2.018914,1.761223,0.065818,-3.349491,-2.896211,-5.030704,-4.866821,-4.628601
45.858699,NaN,NaN,NaN,NaN,-0.171433,-2.019660,1.763876,0.065339,-3.349728,-2.900590,-5.030891,-4.867077,-4.630135
45.867752,NaN,NaN,NaN,NaN,-0.171646,-2.020028,1.766566,0.065187,-3.349840,-2.904868,-5.030979,-4.867195,-4.631611
45.878530,NaN,NaN,NaN,NaN,-0.171853,-2.020768,1.767905,0.065039,-3.350076,-2.906992,-5.031063,-4.867447,-4.632347
45.898786,NaN,NaN,NaN,NaN,-0.172505,-2.021515,1.770585,0.064626,-3.350322,-2.911187,-5.031326,-4.867714,-4.633789
45.907516,NaN,NaN,NaN,NaN,-0.172722,-2.021892,1.771927,0.064497,-3.350450,-2.913258,-5.031414,-4.867855,-4.634495
45.929554,NaN,NaN,NaN,NaN,-0.173143,-2.023030,1.775942,0.064249,-3.350839,-2.919400,-5.031605,-4.868286,-4.636574
45.938777,NaN,NaN,NaN,NaN,-0.173588,-2.023413,1.777282,0.064015,-3.350968,-2.921420,-5.031841,-4.868435,-4.637249
45.959399,NaN,NaN,NaN,NaN,-0.173803,-2.024183,1.781290,0.063903,-3.351235,-2.927398,-5.031960,-4.868736,-4.639244
45.967777,NaN,NaN,NaN,NaN,-0.174014,-2.024985,1.782625,0.063795,-3.351489,-2.929354,-5.032070,-4.869041,-4.639893
45.978555,NaN,NaN,NaN,NaN,-0.174662,-2.025386,1.783956,0.063471,-3.351622,-2.931302,-5.032444,-4.869190,-4.640537
45.998742,NaN,NaN,NaN,NaN,-0.175079,-2.026610,1.787947,0.063256,-3.352012,-2.937044,-5.032669,-4.869675,-4.642437
46.007743,NaN,NaN,NaN,NaN,-0.175284,-2.027022,1.789272,0.063147,-3.352145,-2.938934,-5.032780,-4.869843,-4.643063
46.020062,NaN,NaN,NaN,NaN,-0.175679,-2.027434,1.791917,0.062937,-3.352280,-2.942664,-5.032993,-4.870010,-4.644291
46.027459,NaN,NaN,NaN,NaN,-0.175885,-2.027855,1.793236,0.062826,-3.352400,-2.944505,-5.033108,-4.870197,-4.644894
46.038576,NaN,NaN,NaN,NaN,-0.176087,-2.028696,1.794550,0.062718,-3.352651,-2.946338,-5.033215,-4.870583,-4.645496
46.058901,NaN,NaN,NaN,NaN,-0.176284,-2.029539,1.797162,0.062614,-3.352916,-2.949980,-5.033310,-4.870968,-4.646751
46.068394,NaN,NaN,NaN,NaN,-0.176910,-2.029979,1.799760,0.062298,-3.353031,-2.953536,-5.033627,-4.871159,-4.647957
46.078571,NaN,NaN,NaN,NaN,-0.177120,-2.030419,1.801051,0.062196,-3.353150,-2.955302,-5.033737,-4.871349,-4.648563
46.087478,NaN,NaN,NaN,NaN,-0.177325,-2.031298,1.802335,0.062097,-3.353399,-2.957060,-5.033844,-4.871727,-4.649170
46.098622,NaN,NaN,NaN,NaN,-0.177801,-2.031753,1.803611,0.061886,-3.353518,-2.958782,-5.034103,-4.871906,-4.649761
46.119925,NaN,NaN,NaN,NaN,-0.178256,-2.033116,1.807405,0.061688,-3.353897,-2.963903,-5.034363,-4.872456,-4.651535
46.138738,NaN,NaN,NaN,NaN,-0.178993,-2.034072,1.809917,0.061360,-3.354124,-2.967257,-5.034809,-4.872810,-4.652676
46.148019,NaN,NaN,NaN,NaN,-0.179228,-2.034550,1.811162,0.061257,-3.354243,-2.968923,-5.034954,-4.872997,-4.653252
46.167489,NaN,NaN,NaN,NaN,-0.179493,-2.035998,1.814906,0.061128,-3.354581,-2.973877,-5.035103,-4.873569,-4.654945
46.178479,NaN,NaN,NaN,NaN,-0.180005,-2.036482,1.816148,0.060882,-3.354695,-2.975513,-5.035400,-4.873760,-4.655510
46.198781,NaN,NaN,NaN,NaN,-0.180762,-2.037928,1.819901,0.060517,-3.355035,-2.980378,-5.035828,-4.874363,-4.657154
46.207607,NaN,NaN,NaN,NaN,-0.181026,-2.038409,1.821149,0.060388,-3.355152,-2.981987,-5.035965,-4.874580,-4.657696
46.228094,NaN,NaN,NaN,NaN,-0.181803,-2.039379,1.824921,0.060007,-3.355385,-2.986746,-5.036362,-4.875023,-4.659325
46.238567,NaN,NaN,NaN,NaN,-0.182065,-2.039868,1.826176,0.059878,-3.355501,-2.988315,-5.036488,-4.875252,-4.659874
46.247132,NaN,NaN,NaN,NaN,-0.182572,-2.040846,1.827423,0.059629,-3.355743,-2.989876,-5.036732,-4.875710,-4.660423
46.268087,NaN,NaN,NaN,NaN,-0.183104,-2.041822,1.831237,0.059373,-3.355978,-2.994492,-5.036987,-4.876160,-4.661999
46.278486,NaN,NaN,NaN,NaN,-0.183362,-2.042795,1.832490,0.059251,-3.356226,-2.996019,-5.037109,-4.876617,-4.662533
46.288501,NaN,NaN,NaN,NaN,-0.183614,-2.043283,1.833793,0.059133,-3.356351,-2.997523,-5.037220,-4.876835,-4.663033
46.300053,NaN,NaN,NaN,NaN,-0.184118,-2.043770,1.836373,0.058903,-3.356480,-3.000513,-5.037430,-4.877052,-4.664040
46.319996,NaN,NaN,NaN,NaN,-0.184362,-2.045224,1.838916,0.058793,-3.356882,-3.003477,-5.037533,-4.877705,-4.665058
46.327524,NaN,NaN,NaN,NaN,-0.184841,-2.045718,1.840236,0.058585,-3.357026,-3.004920,-5.037720,-4.877911,-4.665543
46.338569,NaN,NaN,NaN,NaN,-0.185307,-2.046210,1.841546,0.058389,-3.357172,-3.006356,-5.037895,-4.878117,-4.666035
46.348173,NaN,NaN,NaN,NaN,-0.185531,-2.047192,1.844137,0.058295,-3.357471,-3.009215,-5.037979,-4.878529,-4.667027
46.360132,NaN,NaN,NaN,NaN,-0.185756,-2.047689,1.845479,0.058195,-3.357631,-3.010611,-5.038059,-4.878731,-4.667503
46.368218,NaN,NaN,NaN,NaN,-0.186192,-2.048184,1.846812,0.058004,-3.357793,-3.012002,-5.038212,-4.878937,-4.667980
46.379323,NaN,NaN,NaN,NaN,-0.186403,-2.048678,1.848135,0.057912,-3.357958,-3.013388,-5.038288,-4.879143,-4.668465
46.388469,NaN,NaN,NaN,NaN,-0.186610,-2.049171,1.849447,0.057816,-3.358126,-3.014768,-5.038361,-4.879349,-4.668953
46.407689,NaN,NaN,NaN,NaN,-0.187202,-2.050658,1.853524,0.057544,-3.358674,-3.018813,-5.038563,-4.879971,-4.670372
46.420275,NaN,NaN,NaN,NaN,-0.187389,-2.051152,1.854860,0.057449,-3.358861,-3.020152,-5.038631,-4.880180,-4.670860
46.438598,NaN,NaN,NaN,NaN,-0.187571,-2.052681,1.858991,0.057356,-3.359500,-3.024104,-5.038696,-4.880817,-4.672283
46.447252,NaN,NaN,NaN,NaN,-0.187748,-2.053187,1.860345,0.057267,-3.359717,-3.025410,-5.038765,-4.881020,-4.672768
46.458984,NaN,NaN,NaN,NaN,-0.188243,-2.053705,1.861738,0.056988,-3.359969,-3.026697,-5.038952,-4.881218,-4.673237
46.467892,NaN,NaN,NaN,NaN,-0.188392,-2.054222,1.864487,0.056886,-3.360223,-3.029254,-5.039009,-4.881416,-4.674187
46.479315,NaN,NaN,NaN,NaN,-0.188537,-2.055252,1.865844,0.056786,-3.360735,-3.030525,-5.039059,-4.881813,-4.674671
46.488567,NaN,NaN,NaN,NaN,-0.188679,-2.055761,1.867221,0.056688,-3.361016,-3.031787,-5.039112,-4.882008,-4.675137
46.498656,NaN,NaN,NaN,NaN,-0.188944,-2.056269,1.868585,0.056477,-3.361297,-3.033043,-5.039207,-4.882198,-4.675610
46.508108,NaN,NaN,NaN,NaN,-0.189071,-2.056775,1.869937,0.056376,-3.361580,-3.034295,-5.039257,-4.882393,-4.676086
46.518991,NaN,NaN,NaN,NaN,-0.189194,-2.057279,1.872619,0.056277,-3.361863,-3.036777,-5.039307,-4.882587,-4.677036
46.538800,NaN,NaN,NaN,NaN,-0.189502,-2.058768,1.875268,0.055992,-3.362783,-3.039235,-5.039452,-4.883171,-4.677994
46.559194,NaN,NaN,NaN,NaN,-0.189683,-2.060241,1.879164,0.055811,-3.363727,-3.042909,-5.039532,-4.883747,-4.679424
46.580217,NaN,NaN,NaN,NaN,-0.189919,-2.061214,1.881704,0.055577,-3.364363,-3.045341,-5.039623,-4.884113,-4.680389
46.589407,NaN,NaN,NaN,NaN,-0.189974,-2.061698,1.882955,0.055500,-3.364682,-3.046550,-5.039635,-4.884300,-4.680878
46.607611,NaN,NaN,NaN,NaN,-0.190028,-2.063120,1.886644,0.055437,-3.365655,-3.050161,-5.039646,-4.884842,-4.682323
46.619875,NaN,NaN,NaN,NaN,-0.190133,-2.063590,1.887849,0.055355,-3.365980,-3.051353,-5.039650,-4.885025,-4.682816
46.628031,NaN,NaN,NaN,NaN,-0.190158,-2.064039,1.889055,0.055337,-3.366314,-3.052549,-5.039631,-4.885189,-4.683300
46.638571,NaN,NaN,NaN,NaN,-0.190205,-2.064932,1.891431,0.055359,-3.366982,-3.054923,-5.039577,-4.885521,-4.684284
46.658910,NaN,NaN,NaN,NaN,-0.190216,-2.065808,1.893774,0.055543,-3.367661,-3.057282,-5.039402,-4.885841,-4.685280
46.667363,NaN,NaN,NaN,NaN,-0.190209,-2.066237,1.896085,0.055652,-3.368005,-3.059623,-5.039330,-4.886002,-4.686287
46.679310,NaN,NaN,NaN,NaN,-0.190203,-2.067092,1.897222,0.055787,-3.368695,-3.060785,-5.039249,-4.886318,-4.686794
46.698704,NaN,NaN,NaN,NaN,-0.190161,-2.067961,1.899491,0.055957,-3.369409,-3.063073,-5.039146,-4.886639,-4.687794
46.707448,NaN,NaN,NaN,NaN,-0.190081,-2.068393,1.900608,0.056381,-3.369765,-3.064210,-5.038929,-4.886803,-4.688297
46.719069,NaN,NaN,NaN,NaN,-0.190004,-2.068822,1.902837,0.056926,-3.370121,-3.066471,-5.038689,-4.886963,-4.689301
46.738559,NaN,NaN,NaN,NaN,-0.189823,-2.070124,1.905050,0.058049,-3.371275,-3.068715,-5.038231,-4.887409,-4.690308
46.747805,NaN,NaN,NaN,NaN,-0.189763,-2.070554,1.906136,0.058491,-3.371658,-3.069829,-5.038074,-4.887585,-4.690815
46.759444,NaN,NaN,NaN,NaN,-0.189683,-2.071428,1.908339,0.058990,-3.372509,-3.072067,-5.037888,-4.887894,-4.691811
46.779318,NaN,NaN,NaN,NaN,-0.189609,-2.072294,1.910488,0.059521,-3.373353,-3.074291,-5.037670,-4.888203,-4.692818
46.788547,NaN,NaN,NaN,NaN,-0.189460,-2.072729,1.912672,0.060692,-3.373806,-3.076542,-5.037243,-4.888340,-4.693802
46.798617,NaN,NaN,NaN,NaN,-0.189262,-2.073162,1.913744,0.062041,-3.374257,-3.077660,-5.036774,-4.888474,-4.694302
46.807897,NaN,NaN,NaN,NaN,-0.189163,-2.074021,1.914802,0.062771,-3.375152,-3.078773,-5.036537,-4.888748,-4.694801
46.818765,NaN,NaN,NaN,NaN,-0.188945,-2.074455,1.915883,0.064351,-3.375633,-3.079911,-5.036057,-4.888859,-4.695297
46.828508,NaN,NaN,NaN,NaN,-0.188825,-2.074886,1.918004,0.065200,-3.376111,-3.082171,-5.035812,-4.888969,-4.696297
46.839902,NaN,NaN,NaN,NaN,-0.188714,-2.075741,1.919044,0.066082,-3.377059,-3.083294,-5.035572,-4.889198,-4.696804
46.847219,NaN,NaN,NaN,NaN,-0.188605,-2.076165,1.920070,0.067002,-3.377530,-3.084413,-5.035328,-4.889313,-4.697315
46.858883,NaN,NaN,NaN,NaN,-0.188319,-2.076596,1.921124,0.068948,-3.378025,-3.085559,-5.034798,-4.889416,-4.697819
46.879331,NaN,NaN,NaN,NaN,-0.188037,-2.077871,1.924203,0.071047,-3.379493,-3.088964,-5.034271,-4.889732,-4.699356
46.887814,NaN,NaN,NaN,NaN,-0.187860,-2.078294,1.925231,0.072159,-3.379995,-3.090121,-5.033970,-4.889824,-4.699879
46.898545,NaN,NaN,NaN,NaN,-0.187511,-2.078713,1.926244,0.074498,-3.380494,-3.091272,-5.033379,-4.889915,-4.700401
46.907931,NaN,NaN,NaN,NaN,-0.187350,-2.079543,1.928230,0.075718,-3.381481,-3.093560,-5.033089,-4.890102,-4.701450
46.918801,NaN,NaN,NaN,NaN,-0.187152,-2.079950,1.929234,0.076981,-3.381990,-3.094735,-5.032776,-4.890186,-4.701984
46.929190,NaN,NaN,NaN,NaN,-0.186957,-2.080355,1.930223,0.078282,-3.382496,-3.095905,-5.032471,-4.890263,-4.702522
46.938693,NaN,NaN,NaN,NaN,-0.186573,-2.080757,1.931198,0.080997,-3.382998,-3.097069,-5.031868,-4.890339,-4.703060
46.948559,NaN,NaN,NaN,NaN,-0.186340,-2.081547,1.932160,0.082414,-3.384005,-3.098227,-5.031540,-4.890469,-4.703609
46.958723,NaN,NaN,NaN,NaN,-0.186110,-2.081934,1.934090,0.083869,-3.384510,-3.100588,-5.031216,-4.890518,-4.704727
46.969580,NaN,NaN,NaN,NaN,-0.185655,-2.082319,1.935033,0.086889,-3.385012,-3.101758,-5.030582,-4.890572,-4.705288
46.979339,NaN,NaN,NaN,NaN,-0.185443,-2.082701,1.935963,0.088446,-3.385509,-3.102924,-5.030273,-4.890629,-4.705853
46.988988,NaN,NaN,NaN,NaN,-0.185185,-2.083077,1.937808,0.090038,-3.386029,-3.105286,-5.029934,-4.890652,-4.706993
46.999013,NaN,NaN,NaN,NaN,-0.184930,-2.083822,1.938709,0.091665,-3.387054,-3.106458,-5.029598,-4.890709,-4.707565
47.008117,NaN,NaN,NaN,NaN,-0.184677,-2.084192,1.939596,0.093329,-3.387560,-3.107624,-5.029266,-4.890739,-4.708141
47.018499,NaN,NaN,NaN,NaN,-0.184123,-2.084566,1.940498,0.096753,-3.388080,-3.108813,-5.028587,-4.890743,-4.708725
47.027668,NaN,NaN,NaN,NaN,-0.183822,-2.084939,1.942260,0.098514,-3.388596,-3.111173,-5.028244,-4.890747,-4.709896
47.039280,NaN,NaN,NaN,NaN,-0.183524,-2.085675,1.943119,0.100309,-3.389613,-3.112343,-5.027908,-4.890759,-4.710484
47.058911,NaN,NaN,NaN,NaN,-0.182531,-2.086416,1.944870,0.105891,-3.390654,-3.114716,-5.026894,-4.890736,-4.711670
47.067238,NaN,NaN,NaN,NaN,-0.182182,-2.086783,1.946564,0.107821,-3.391167,-3.117064,-5.026558,-4.890728,-4.712860
47.080110,NaN,NaN,NaN,NaN,-0.181837,-2.087147,1.947426,0.109784,-3.391674,-3.118255,-5.026226,-4.890724,-4.713451
47.087634,NaN,NaN,NaN,NaN,-0.181420,-2.087896,1.948273,0.111777,-3.392750,-3.119439,-5.025887,-4.890659,-4.714039
47.108045,NaN,NaN,NaN,NaN,-0.180203,-2.088999,1.950731,0.117948,-3.394320,-3.122952,-5.024914,-4.890591,-4.715801
47.118780,NaN,NaN,NaN,NaN,-0.179747,-2.089374,1.951553,0.120060,-3.394869,-3.124141,-5.024586,-4.890560,-4.716389
47.139736,NaN,NaN,NaN,NaN,-0.178416,-2.090116,1.953934,0.126575,-3.395949,-3.127671,-5.023621,-4.890507,-4.718143
47.150017,NaN,NaN,NaN,NaN,-0.177901,-2.090483,1.954738,0.128800,-3.396480,-3.128858,-5.023289,-4.890484,-4.718723
47.158755,NaN,NaN,NaN,NaN,-0.177392,-2.091238,1.955528,0.131053,-3.397595,-3.130038,-5.022968,-4.890419,-4.719303
47.178815,NaN,NaN,NaN,NaN,-0.175831,-2.091981,1.957065,0.137975,-3.398682,-3.132376,-5.022034,-4.890411,-4.720463
47.198607,NaN,NaN,NaN,NaN,-0.174746,-2.093106,1.959378,0.142706,-3.400313,-3.135875,-5.021477,-4.890377,-4.722172
47.218872,NaN,NaN,NaN,NaN,-0.173010,-2.093842,1.960861,0.149986,-3.401383,-3.138185,-5.020679,-4.890350,-4.723297
47.227662,NaN,NaN,NaN,NaN,-0.172421,-2.094207,1.962299,0.152460,-3.401916,-3.140480,-5.020428,-4.890331,-4.724411
47.247844,NaN,NaN,NaN,NaN,-0.171265,-2.095287,1.963686,0.157482,-3.403482,-3.142769,-5.019939,-4.890278,-4.725517
47.259385,NaN,NaN,NaN,NaN,-0.169990,-2.095643,1.964361,0.162543,-3.403998,-3.143915,-5.019459,-4.890251,-4.726070
47.267962,NaN,NaN,NaN,NaN,-0.169369,-2.095996,1.965022,0.165106,-3.404505,-3.145054,-5.019230,-4.890232,-4.726620
47.278924,NaN,NaN,NaN,NaN,-0.168756,-2.096684,1.966302,0.167691,-3.405500,-3.147334,-5.019009,-4.890186,-4.727703
47.298566,NaN,NaN,NaN,NaN,-0.166693,-2.097355,1.967525,0.175510,-3.406466,-3.149612,-5.018383,-4.890160,-4.728767
47.319425,NaN,NaN,NaN,NaN,-0.166023,-2.098340,1.969290,0.178160,-3.407884,-3.152995,-5.018166,-4.890110,-4.730316
47.328679,NaN,NaN,NaN,NaN,-0.164529,-2.098664,1.969858,0.183455,-3.408346,-3.154113,-5.017750,-4.890091,-4.730824
47.340156,NaN,NaN,NaN,NaN,-0.163083,-2.098985,1.970961,0.188828,-3.408800,-3.156328,-5.017361,-4.890076,-4.731823
47.348698,NaN,NaN,NaN,NaN,-0.162280,-2.099301,1.971496,0.191528,-3.409253,-3.157423,-5.017185,-4.890068,-4.732315
47.358808,NaN,NaN,NaN,NaN,-0.161486,-2.099927,1.972018,0.194248,-3.410135,-3.158513,-5.017017,-4.890057,-4.732807
47.367385,NaN,NaN,NaN,NaN,-0.160703,-2.100237,1.972528,0.196988,-3.410564,-3.159596,-5.016846,-4.890057,-4.733303
47.380052,NaN,NaN,NaN,NaN,-0.159076,-2.100543,1.973516,0.202513,-3.410986,-3.161748,-5.016533,-4.890053,-4.734276
47.398449,NaN,NaN,NaN,NaN,-0.158234,-2.101432,1.974463,0.205297,-3.412203,-3.163878,-5.016392,-4.890053,-4.735233
47.418869,NaN,NaN,NaN,NaN,-0.154828,-2.102031,1.975382,0.216564,-3.412991,-3.165987,-5.015900,-4.890041,-4.736172
47.427402,NaN,NaN,NaN,NaN,-0.153961,-2.102337,1.976274,0.219416,-3.413380,-3.168073,-5.015789,-4.890038,-4.737087
47.440211,NaN,NaN,NaN,NaN,-0.153104,-2.102640,1.976701,0.222286,-3.413761,-3.169107,-5.015682,-4.890038,-4.737549
47.449170,NaN,NaN,NaN,NaN,-0.151224,-2.103275,1.977148,0.228025,-3.414505,-3.170132,-5.015499,-4.890034,-4.737980
47.459059,NaN,NaN,NaN,NaN,-0.150300,-2.103606,1.977583,0.230920,-3.414866,-3.171151,-5.015411,-4.890034,-4.738411
47.467048,NaN,NaN,NaN,NaN,-0.149394,-2.103934,1.978416,0.233828,-3.415220,-3.173175,-5.015331,-4.890030,-4.739277
47.488164,NaN,NaN,NaN,NaN,-0.148393,-2.104964,1.979290,0.236733,-3.416252,-3.175183,-5.015247,-4.890015,-4.740067
47.498433,NaN,NaN,NaN,NaN,-0.145458,-2.105313,1.979709,0.245545,-3.416584,-3.176179,-5.015026,-4.890011,-4.740463
47.518833,NaN,NaN,NaN,NaN,-0.143438,-2.106377,1.980954,0.251477,-3.417523,-3.179125,-5.014904,-4.890011,-4.741600
47.540157,NaN,NaN,NaN,NaN,-0.140322,-2.107078,1.982157,0.260454,-3.418105,-3.182014,-5.014759,-4.890053,-4.742680
47.548032,NaN,NaN,NaN,NaN,-0.139189,-2.107450,1.982557,0.263451,-3.418389,-3.182964,-5.014725,-4.890072,-4.743015
47.558576,NaN,NaN,NaN,NaN,-0.138069,-2.108179,1.982945,0.266463,-3.418932,-3.183908,-5.014690,-4.890118,-4.743355
47.578822,NaN,NaN,NaN,NaN,-0.134671,-2.108920,1.983714,0.275559,-3.419437,-3.185766,-5.014606,-4.890152,-4.744015
47.587638,NaN,NaN,NaN,NaN,-0.133489,-2.109297,1.984465,0.278602,-3.419676,-3.187588,-5.014580,-4.890182,-4.744659
47.598451,NaN,NaN,NaN,NaN,-0.132319,-2.110035,1.984823,0.281660,-3.420126,-3.188492,-5.014561,-4.890240,-4.744987
47.607751,NaN,NaN,NaN,NaN,-0.131168,-2.110425,1.985190,0.284727,-3.420328,-3.189385,-5.014545,-4.890270,-4.745285
47.618818,NaN,NaN,NaN,NaN,-0.128700,-2.110809,1.985545,0.290856,-3.420521,-3.190273,-5.014515,-4.890301,-4.745583
47.639542,NaN,NaN,NaN,NaN,-0.126289,-2.111931,1.986536,0.297036,-3.421044,-3.192907,-5.014488,-4.890396,-4.746506
47.647267,NaN,NaN,NaN,NaN,-0.124996,-2.112316,1.986880,0.300122,-3.421200,-3.193768,-5.014469,-4.890423,-4.746811
47.658829,NaN,NaN,NaN,NaN,-0.122455,-2.112696,1.987211,0.306330,-3.421346,-3.194624,-5.014439,-4.890453,-4.747124
47.667687,NaN,NaN,NaN,NaN,-0.121208,-2.113069,1.987529,0.309452,-3.421482,-3.195474,-5.014435,-4.890480,-4.747433
47.687560,NaN,NaN,NaN,NaN,-0.119856,-2.114223,1.988507,0.312562,-3.421823,-3.197977,-5.014423,-4.890549,-4.748333
47.698994,NaN,NaN,NaN,NaN,-0.118521,-2.114607,1.989128,0.315684,-3.421915,-3.199614,-5.014412,-4.890572,-4.748940
47.708164,NaN,NaN,NaN,NaN,-0.114498,-2.114987,1.989460,0.325119,-3.421998,-3.200423,-5.014385,-4.890610,-4.749226
47.718891,NaN,NaN,NaN,NaN,-0.113116,-2.115798,1.989779,0.328285,-3.422096,-3.201226,-5.014378,-4.890667,-4.749516
47.741287,NaN,NaN,NaN,NaN,-0.108961,-2.116582,1.990379,0.337840,-3.422154,-3.202819,-5.014332,-4.890728,-4.750149
47.748764,NaN,NaN,NaN,NaN,-0.107541,-2.116993,1.990989,0.341039,-3.422159,-3.204396,-5.014320,-4.890755,-4.750732
47.758941,NaN,NaN,NaN,NaN,-0.106139,-2.117793,1.991275,0.344249,-3.422141,-3.205177,-5.014313,-4.890804,-4.751030
47.778971,NaN,NaN,NaN,NaN,-0.104754,-2.118579,1.991843,0.347469,-3.422068,-3.206710,-5.014305,-4.890850,-4.751610
47.787830,NaN,NaN,NaN,NaN,-0.100482,-2.118969,1.992393,0.357168,-3.422010,-3.208212,-5.014282,-4.890869,-4.752155
47.799613,NaN,NaN,NaN,NaN,-0.099058,-2.119728,1.992650,0.360416,-3.421863,-3.208955,-5.014275,-4.890907,-4.752434
47.818599,NaN,NaN,NaN,NaN,-0.094661,-2.120465,1.993197,0.370233,-3.421647,-3.210408,-5.014244,-4.890930,-4.752968
47.827270,NaN,NaN,NaN,NaN,-0.093196,-2.120823,1.993453,0.373525,-3.421524,-3.211129,-5.014236,-4.890930,-4.753239
47.839290,NaN,NaN,NaN,NaN,-0.091750,-2.121517,1.993964,0.376827,-3.421234,-3.212545,-5.014225,-4.890926,-4.753780
47.847722,NaN,NaN,NaN,NaN,-0.090222,-2.121855,1.994219,0.380148,-3.421068,-3.213241,-5.014206,-4.890919,-4.754044
47.858631,NaN,NaN,NaN,NaN,-0.087227,-2.122187,1.994461,0.386818,-3.420891,-3.213933,-5.014172,-4.890911,-4.754314
47.878656,NaN,NaN,NaN,NaN,-0.084217,-2.123126,1.995178,0.393532,-3.420270,-3.215968,-5.014130,-4.890862,-4.755108
47.899618,NaN,NaN,NaN,NaN,-0.079720,-2.123713,1.995617,0.403675,-3.419795,-3.217301,-5.014057,-4.890827,-4.755650
47.908942,NaN,NaN,NaN,NaN,-0.078177,-2.123995,1.996024,0.407088,-3.419544,-3.218614,-5.014038,-4.890808,-4.756165
47.919384,NaN,NaN,NaN,NaN,-0.076655,-2.124262,1.996218,0.410509,-3.419265,-3.219262,-5.014015,-4.890789,-4.756416
47.938941,NaN,NaN,NaN,NaN,-0.072150,-2.125029,1.996572,0.420829,-3.418371,-3.220548,-5.013939,-4.890739,-4.756931
47.958661,NaN,NaN,NaN,NaN,-0.070646,-2.125718,1.997071,0.424293,-3.417314,-3.222422,-5.013901,-4.890682,-4.757668
47.967731,NaN,NaN,NaN,NaN,-0.067706,-2.125934,1.997216,0.431237,-3.416942,-3.223040,-5.013817,-4.890667,-4.757927
47.978820,NaN,NaN,NaN,NaN,-0.064709,-2.126143,1.997382,0.438242,-3.416545,-3.223630,-5.013687,-4.890644,-4.758171
47.987227,NaN,NaN,NaN,NaN,-0.063244,-2.126349,1.997680,0.441753,-3.416139,-3.224801,-5.013626,-4.890629,-4.758671
48.008296,NaN,NaN,NaN,NaN,-0.060335,-2.126930,1.997957,0.448795,-3.414843,-3.225940,-5.013496,-4.890591,-4.759182
48.018602,NaN,NaN,NaN,NaN,-0.057469,-2.127114,1.998091,0.455860,-3.414381,-3.226495,-5.013359,-4.890587,-4.759441
48.038650,NaN,NaN,NaN,NaN,-0.054691,-2.127459,1.998439,0.462946,-3.413427,-3.228132,-5.013206,-4.890579,-4.760239
48.047464,NaN,NaN,NaN,NaN,-0.053288,-2.127791,1.998542,0.466500,-3.412389,-3.228663,-5.013126,-4.890583,-4.760502
48.058580,NaN,NaN,NaN,NaN,-0.050550,-2.127948,1.998633,0.473624,-3.411857,-3.229191,-5.012978,-4.890587,-4.760769
48.069175,NaN,NaN,NaN,NaN,-0.049213,-2.128097,1.998714,0.477193,-3.411315,-3.229717,-5.012909,-4.890587,-4.761040
48.078822,NaN,NaN,NaN,NaN,-0.047860,-2.128386,1.998885,0.480773,-3.410162,-3.230739,-5.012821,-4.890579,-4.761555
48.087549,NaN,NaN,NaN,NaN,-0.046527,-2.128518,1.998955,0.484357,-3.409573,-3.231248,-5.012722,-4.890579,-4.761837
48.099159,NaN,NaN,NaN,NaN,-0.043926,-2.128642,1.999015,0.491539,-3.408974,-3.231754,-5.012539,-4.890579,-4.762123
48.118780,NaN,NaN,NaN,NaN,-0.041333,-2.128971,1.999178,0.498737,-3.407068,-3.233235,-5.012348,-4.890598,-4.762978
48.138950,NaN,NaN,NaN,NaN,-0.037554,-2.129165,1.999242,0.509563,-3.405736,-3.234203,-5.012089,-4.890591,-4.763542
48.148784,NaN,NaN,NaN,NaN,-0.036305,-2.129253,1.999273,0.513178,-3.405048,-3.235154,-5.012009,-4.890587,-4.764114
48.159401,NaN,NaN,NaN,NaN,-0.035077,-2.129404,1.999273,0.516797,-3.403643,-3.235626,-5.011932,-4.890587,-4.764408
48.167999,NaN,NaN,NaN,NaN,-0.033870,-2.129467,1.999264,0.520419,-3.402926,-3.236097,-5.011864,-4.890591,-4.764702
48.178706,NaN,NaN,NaN,NaN,-0.031425,-2.129513,1.999242,0.527692,-3.402195,-3.236551,-5.011723,-4.890594,-4.764973
48.199765,NaN,NaN,NaN,NaN,-0.029063,-2.129607,1.999121,0.534981,-3.399948,-3.237902,-5.011597,-4.890644,-4.765800
48.218488,NaN,NaN,NaN,NaN,-0.025544,-2.129630,1.999032,0.545966,-3.398392,-3.238775,-5.011375,-4.890667,-4.766312
48.227268,NaN,NaN,NaN,NaN,-0.024411,-2.129630,1.998904,0.549635,-3.397600,-3.239641,-5.011311,-4.890678,-4.766838
48.239408,NaN,NaN,NaN,NaN,-0.023250,-2.129623,1.998853,0.553304,-3.396798,-3.240070,-5.011253,-4.890690,-4.767075
48.247469,NaN,NaN,NaN,NaN,-0.022110,-2.129610,1.998792,0.556977,-3.395133,-3.240498,-5.011196,-4.890682,-4.767315
48.258585,NaN,NaN,NaN,NaN,-0.019889,-2.129591,1.998721,0.564331,-3.394286,-3.240924,-5.011097,-4.890678,-4.767563
48.268164,NaN,NaN,NaN,NaN,-0.018776,-2.129569,1.998641,0.568005,-3.393431,-3.241347,-5.011063,-4.890671,-4.767799
48.287114,NaN,NaN,NaN,NaN,-0.017684,-2.129468,1.998412,0.571681,-3.390779,-3.242619,-5.011032,-4.890614,-4.768429
48.300038,NaN,NaN,NaN,NaN,-0.014525,-2.129418,1.998225,0.582727,-3.389876,-3.243465,-5.010956,-4.890594,-4.768833
48.308566,NaN,NaN,NaN,NaN,-0.013489,-2.129376,1.998125,0.586394,-3.388971,-3.243890,-5.010952,-4.890556,-4.769024
48.327617,NaN,NaN,NaN,NaN,-0.010494,-2.129266,1.997896,0.597411,-3.387131,-3.244733,-5.010929,-4.890488,-4.769405
48.338693,NaN,NaN,NaN,NaN,-0.009499,-2.129125,1.997806,0.601058,-3.385257,-3.245155,-5.010933,-4.890404,-4.769577
48.347954,NaN,NaN,NaN,NaN,-0.008522,-2.129044,1.997598,0.604708,-3.384308,-3.245994,-5.010937,-4.890354,-4.769928
48.359248,NaN,NaN,NaN,NaN,-0.007564,-2.128857,1.997480,0.608361,-3.382380,-3.246410,-5.010941,-4.890263,-4.770115
48.368033,NaN,NaN,NaN,NaN,-0.006624,-2.128744,1.997401,0.612017,-3.381407,-3.246823,-5.010948,-4.890213,-4.770279
48.379583,NaN,NaN,NaN,NaN,-0.004752,-2.128623,1.997313,0.619268,-3.380425,-3.247233,-5.010983,-4.890163,-4.770447
48.387275,NaN,NaN,NaN,NaN,-0.003842,-2.128494,1.997215,0.622896,-3.379432,-3.247641,-5.010998,-4.890121,-4.770622
48.407979,NaN,NaN,NaN,NaN,-0.002044,-2.128051,1.996978,0.630126,-3.376401,-3.248818,-5.011044,-4.889980,-4.771145
48.418725,NaN,NaN,NaN,NaN,-0.000282,-2.127887,1.996897,0.637331,-3.375372,-3.249201,-5.011105,-4.889935,-4.771324
48.438776,NaN,NaN,NaN,NaN,0.001444,-2.127338,1.996647,0.644518,-3.372231,-3.250309,-5.011189,-4.889847,-4.771877
48.459435,NaN,NaN,NaN,NaN,0.003957,-2.126919,1.996414,0.655268,-3.370094,-3.251355,-5.011288,-4.889793,-4.772449
48.467961,NaN,NaN,NaN,NaN,0.004809,-2.126697,1.996361,0.658840,-3.369010,-3.251678,-5.011333,-4.889767,-4.772633
48.478663,NaN,NaN,NaN,NaN,0.005644,-2.126243,1.996298,0.662415,-3.366821,-3.252000,-5.011379,-4.889694,-4.772820
48.498452,NaN,NaN,NaN,NaN,0.008103,-2.125760,1.996138,0.673123,-3.364589,-3.252638,-5.011513,-4.889610,-4.773212
48.518714,NaN,NaN,NaN,NaN,0.009734,-2.125028,1.995972,0.680231,-3.361191,-3.253555,-5.011581,-4.889477,-4.773777
48.528634,NaN,NaN,NaN,NaN,0.010525,-2.124768,1.995896,0.683788,-3.360036,-3.253858,-5.011616,-4.889435,-4.773975
48.539079,NaN,NaN,NaN,NaN,0.012126,-2.124503,1.995862,0.690823,-3.358896,-3.254150,-5.011673,-4.889393,-4.774166
48.548441,NaN,NaN,NaN,NaN,0.012903,-2.124233,1.995762,0.694345,-3.357746,-3.254729,-5.011703,-4.889362,-4.774559
48.560013,NaN,NaN,NaN,NaN,0.014409,-2.123955,1.995695,0.701400,-3.356585,-3.255015,-5.011757,-4.889332,-4.774761
48.578900,NaN,NaN,NaN,NaN,0.015958,-2.123078,1.995636,0.708397,-3.353063,-3.255559,-5.011780,-4.889225,-4.775181
48.587352,NaN,NaN,NaN,NaN,0.016709,-2.122771,1.995591,0.711900,-3.351870,-3.255828,-5.011795,-4.889191,-4.775398
48.598790,NaN,NaN,NaN,NaN,0.017444,-2.122139,1.995513,0.715406,-3.349452,-3.256356,-5.011810,-4.889114,-4.775833
48.608371,NaN,NaN,NaN,NaN,0.018971,-2.121814,1.995480,0.722342,-3.348227,-3.256614,-5.011826,-4.889084,-4.776051
48.618601,NaN,NaN,NaN,NaN,0.019710,-2.121485,1.995435,0.725817,-3.346990,-3.256869,-5.011837,-4.889057,-4.776276
48.627647,NaN,NaN,NaN,NaN,0.020434,-2.121149,1.995380,0.729295,-3.345743,-3.257123,-5.011845,-4.889034,-4.776505
48.639033,NaN,NaN,NaN,NaN,0.021187,-2.120436,1.995315,0.732745,-3.343228,-3.257617,-5.011837,-4.888958,-4.776974
48.659408,NaN,NaN,NaN,NaN,0.021923,-2.119693,1.995205,0.736200,-3.340667,-3.258103,-5.011829,-4.888889,-4.777454
48.669893,NaN,NaN,NaN,NaN,0.023351,-2.119302,1.995156,0.743119,-3.339376,-3.258579,-5.011822,-4.888855,-4.777946
48.678605,NaN,NaN,NaN,NaN,0.024822,-2.118499,1.995116,0.750029,-3.336760,-3.258814,-5.011803,-4.888786,-4.778198
48.698690,NaN,NaN,NaN,NaN,0.026958,-2.117675,1.995002,0.760430,-3.334100,-3.259278,-5.011726,-4.888725,-4.778725
48.708577,NaN,NaN,NaN,NaN,0.027670,-2.117247,1.994931,0.763909,-3.332766,-3.259715,-5.011696,-4.888687,-4.779232
48.718437,NaN,NaN,NaN,NaN,0.028367,-2.116371,1.994880,0.767392,-3.330063,-3.259931,-5.011669,-4.888622,-4.779488
48.739325,NaN,NaN,NaN,NaN,0.030455,-2.115449,1.994782,0.777886,-3.327312,-3.260358,-5.011574,-4.888584,-4.780003
48.747098,NaN,NaN,NaN,NaN,0.031136,-2.114967,1.994677,0.781396,-3.325917,-3.260778,-5.011536,-4.888561,-4.780521
48.767928,NaN,NaN,NaN,NaN,0.032488,-2.113469,1.994566,0.788449,-3.321667,-3.261190,-5.011456,-4.888512,-4.781048
48.778701,NaN,NaN,NaN,NaN,0.033815,-2.112943,1.994512,0.795536,-3.320227,-3.261392,-5.011375,-4.888496,-4.781315
48.798722,NaN,NaN,NaN,NaN,0.035116,-2.111874,1.994315,0.802647,-3.317316,-3.261979,-5.011292,-4.888481,-4.782112
48.808454,NaN,NaN,NaN,NaN,0.035760,-2.110717,1.994246,0.806213,-3.314368,-3.262165,-5.011253,-4.888481,-4.782372
48.818644,NaN,NaN,NaN,NaN,0.037010,-2.110132,1.994167,0.813353,-3.312877,-3.262349,-5.011185,-4.888481,-4.782635
48.827456,NaN,NaN,NaN,NaN,0.037615,-2.109546,1.994079,0.816927,-3.311377,-3.262530,-5.011154,-4.888485,-4.782898
48.838729,NaN,NaN,NaN,NaN,0.038274,-2.108295,1.993905,0.820511,-3.308351,-3.262893,-5.011112,-4.888512,-4.783421
48.847483,NaN,NaN,NaN,NaN,0.038920,-2.107663,1.993804,0.824098,-3.306822,-3.263070,-5.011074,-4.888512,-4.783684
48.860133,NaN,NaN,NaN,NaN,0.040172,-2.107028,1.993595,0.831279,-3.305282,-3.263419,-5.011005,-4.888515,-4.784203
48.868249,NaN,NaN,NaN,NaN,0.040851,-2.106365,1.993488,0.834877,-3.303729,-3.263589,-5.010956,-4.888523,-4.784462
48.879529,NaN,NaN,NaN,NaN,0.041516,-2.105700,1.993371,0.838478,-3.302166,-3.263756,-5.010914,-4.888531,-4.784721
48.887072,NaN,NaN,NaN,NaN,0.042805,-2.104359,1.993246,0.845687,-3.299007,-3.263921,-5.010834,-4.888557,-4.784981
48.898634,NaN,NaN,NaN,NaN,0.043490,-2.103668,1.993151,0.849307,-3.297423,-3.264069,-5.010780,-4.888569,-4.785225
48.918768,NaN,NaN,NaN,NaN,0.044819,-2.101579,1.992808,0.856555,-3.292608,-3.264496,-5.010689,-4.888634,-4.785973
48.928644,NaN,NaN,NaN,NaN,0.045462,-2.100872,1.992720,0.860183,-3.290994,-3.264618,-5.010651,-4.888653,-4.786205
48.940046,NaN,NaN,NaN,NaN,0.046831,-2.100163,1.992622,0.867500,-3.289370,-3.264737,-5.010563,-4.888672,-4.786442
48.960630,NaN,NaN,NaN,NaN,0.048145,-2.098018,1.992273,0.874823,-3.284435,-3.265078,-5.010490,-4.888733,-4.787163
48.968711,NaN,NaN,NaN,NaN,0.048836,-2.097313,1.992181,0.878526,-3.282789,-3.265168,-5.010452,-4.888760,-4.787395
48.987650,NaN,NaN,NaN,NaN,0.050829,-2.095185,1.991845,0.889643,-3.277789,-3.265423,-5.010334,-4.888844,-4.788082
48.999655,NaN,NaN,NaN,NaN,0.051519,-2.094476,1.991744,0.893363,-3.276131,-3.265482,-5.010296,-4.888878,-4.788284
49.008063,NaN,NaN,NaN,NaN,0.052859,-2.093765,1.991634,0.900802,-3.274462,-3.265539,-5.010223,-4.888908,-4.788494
49.028268,NaN,NaN,NaN,NaN,0.053508,-2.092335,1.991281,0.904523,-3.271091,-3.265686,-5.010189,-4.888962,-4.789104
49.038896,NaN,NaN,NaN,NaN,0.054866,-2.091604,1.991167,0.911996,-3.269407,-3.265724,-5.010120,-4.888981,-4.789291
49.060010,NaN,NaN,NaN,NaN,0.056849,-2.089411,1.990912,0.923236,-3.264295,-3.265794,-5.010029,-4.889050,-4.789688
49.078493,NaN,NaN,NaN,NaN,0.058165,-2.087165,1.990607,0.930762,-3.259163,-3.265884,-5.009964,-4.889141,-4.790207
49.098545,NaN,NaN,NaN,NaN,0.060068,-2.085642,1.990409,0.942072,-3.255714,-3.265923,-5.009876,-4.889229,-4.790546
49.107536,NaN,NaN,NaN,NaN,0.060695,-2.084872,1.990321,0.945857,-3.253988,-3.265934,-5.009842,-4.889290,-4.790726
49.119511,NaN,NaN,NaN,NaN,0.061309,-2.083331,1.990119,0.949642,-3.250505,-3.265948,-5.009808,-4.889412,-4.791096
49.129891,NaN,NaN,NaN,NaN,0.061910,-2.082543,1.990050,0.953427,-3.248760,-3.265951,-5.009777,-4.889503,-4.791256
49.138701,NaN,NaN,NaN,NaN,0.063146,-2.081755,1.989972,0.961036,-3.247006,-3.265951,-5.009708,-4.889599,-4.791420
49.147155,NaN,NaN,NaN,NaN,0.063745,-2.080967,1.989885,0.964839,-3.245242,-3.265948,-5.009682,-4.889702,-4.791592
49.158810,NaN,NaN,NaN,NaN,0.064331,-2.079377,1.989727,0.968642,-3.241709,-3.265928,-5.009655,-4.889931,-4.791924
49.178588,NaN,NaN,NaN,NaN,0.066116,-2.077775,1.989573,0.980093,-3.238161,-3.265890,-5.009644,-4.890179,-4.792221
49.187257,NaN,NaN,NaN,NaN,0.066686,-2.076976,1.989405,0.983908,-3.236373,-3.265833,-5.009644,-4.890301,-4.792519
49.198660,NaN,NaN,NaN,NaN,0.067274,-2.076167,1.989319,0.987736,-3.234592,-3.265796,-5.009647,-4.890442,-4.792660
49.208256,NaN,NaN,NaN,NaN,0.067850,-2.074549,1.989224,0.991563,-3.231001,-3.265756,-5.009651,-4.890732,-4.792809
49.219582,NaN,NaN,NaN,NaN,0.068963,-2.073740,1.989008,0.999214,-3.229191,-3.265666,-5.009670,-4.890881,-4.793137
49.227697,NaN,NaN,NaN,NaN,0.069531,-2.072932,1.988906,1.003049,-3.227370,-3.265615,-5.009659,-4.891029,-4.793297
49.238552,NaN,NaN,NaN,NaN,0.070087,-2.071289,1.988796,1.006883,-3.223734,-3.265561,-5.009651,-4.891357,-4.793465
49.247377,NaN,NaN,NaN,NaN,0.070630,-2.070471,1.988678,1.010717,-3.221902,-3.265504,-5.009647,-4.891514,-4.793633
49.258780,NaN,NaN,NaN,NaN,0.071709,-2.069654,1.988551,1.018413,-3.220060,-3.265443,-5.009644,-4.891674,-4.793808
49.267583,NaN,NaN,NaN,NaN,0.072247,-2.068836,1.988443,1.022275,-3.218218,-3.265376,-5.009644,-4.891842,-4.793968
49.278559,NaN,NaN,NaN,NaN,0.072771,-2.067204,1.988205,1.026135,-3.214500,-3.265231,-5.009651,-4.892166,-4.794304
49.287181,NaN,NaN,NaN,NaN,0.073284,-2.066389,1.988074,1.029993,-3.212626,-3.265154,-5.009644,-4.892326,-4.794495
49.298491,NaN,NaN,NaN,NaN,0.074330,-2.065577,1.987968,1.037789,-3.210743,-3.265059,-5.009651,-4.892506,-4.794666
49.307525,NaN,NaN,NaN,NaN,0.074834,-2.064765,1.987731,1.041684,-3.208851,-3.264859,-5.009655,-4.892681,-4.795025
49.320085,NaN,NaN,NaN,NaN,0.075327,-2.063147,1.987600,1.045577,-3.205036,-3.264754,-5.009663,-4.893028,-4.795208
49.338811,NaN,NaN,NaN,NaN,0.076776,-2.061511,1.987375,1.057387,-3.201188,-3.264472,-5.009720,-4.893410,-4.795544
49.348006,NaN,NaN,NaN,NaN,0.077236,-2.060694,1.987251,1.061319,-3.199250,-3.264326,-5.009750,-4.893597,-4.795734
49.358687,NaN,NaN,NaN,NaN,0.077684,-2.059045,1.987015,1.065248,-3.195347,-3.264002,-5.009785,-4.893990,-4.796112
49.379030,NaN,NaN,NaN,NaN,0.079049,-2.057382,1.986785,1.077179,-3.191409,-3.263643,-5.009964,-4.894398,-4.796494
49.398782,NaN,NaN,NaN,NaN,0.079482,-2.054836,1.986442,1.081151,-3.185475,-3.263029,-5.010025,-4.895012,-4.797070
49.407631,NaN,NaN,NaN,NaN,0.080756,-2.053979,1.986323,1.093152,-3.183483,-3.262810,-5.010281,-4.895218,-4.797279
49.419224,NaN,NaN,NaN,NaN,0.081159,-2.053124,1.986197,1.097146,-3.181480,-3.262589,-5.010368,-4.895416,-4.797497
49.438802,NaN,NaN,NaN,NaN,0.081998,-2.050488,1.985851,1.105173,-3.175470,-3.261861,-5.010597,-4.896030,-4.798161
49.447138,NaN,NaN,NaN,NaN,0.082401,-2.049614,1.985722,1.109181,-3.173445,-3.261614,-5.010712,-4.896217,-4.798389
49.460680,NaN,NaN,NaN,NaN,0.083214,-2.048706,1.985594,1.117202,-3.171422,-3.261357,-5.010963,-4.896420,-4.798622
49.478488,NaN,NaN,NaN,NaN,0.084023,-2.045996,1.985169,1.125225,-3.165285,-3.260571,-5.011223,-4.896992,-4.799286
49.499098,NaN,NaN,NaN,NaN,0.085224,-2.044155,1.984863,1.137268,-3.161142,-3.260032,-5.011635,-4.897366,-4.799744
49.519946,NaN,NaN,NaN,NaN,0.085994,-2.041345,1.984373,1.145289,-3.154849,-3.259201,-5.011913,-4.897942,-4.800461
49.528541,NaN,NaN,NaN,NaN,0.086396,-2.040388,1.984220,1.149326,-3.152739,-3.258929,-5.012066,-4.898140,-4.800732
49.539402,NaN,NaN,NaN,NaN,0.087169,-2.039435,1.983897,1.157387,-3.150617,-3.258375,-5.012363,-4.898335,-4.801273
49.559185,NaN,NaN,NaN,NaN,0.087931,-2.036594,1.983570,1.165470,-3.144190,-3.257816,-5.012665,-4.898895,-4.801823
49.578556,NaN,NaN,NaN,NaN,0.089041,-2.034719,1.983237,1.177619,-3.139851,-3.257253,-5.013119,-4.899250,-4.802372
49.598653,NaN,NaN,NaN,NaN,0.089789,-2.031925,1.982745,1.185771,-3.133256,-3.256413,-5.013405,-4.899742,-4.803185
49.620187,NaN,NaN,NaN,NaN,0.090496,-2.030076,1.982406,1.193906,-3.128806,-3.255844,-5.013680,-4.900047,-4.803726
49.627237,NaN,NaN,NaN,NaN,0.091196,-2.029158,1.982253,1.202060,-3.126571,-3.255561,-5.013943,-4.900208,-4.803986
49.638655,NaN,NaN,NaN,NaN,0.091549,-2.027329,1.981930,1.206147,-3.122070,-3.254981,-5.014072,-4.900520,-4.804508
49.658866,NaN,NaN,NaN,NaN,0.092597,-2.025494,1.981611,1.218414,-3.117528,-3.254396,-5.014431,-4.900818,-4.804989
49.669458,NaN,NaN,NaN,NaN,0.092960,-2.024575,1.981296,1.222515,-3.115243,-3.253803,-5.014542,-4.900963,-4.805458
49.679308,NaN,NaN,NaN,NaN,0.093656,-2.023658,1.981131,1.230703,-3.112949,-3.253500,-5.014755,-4.901104,-4.805695
49.698439,NaN,NaN,NaN,NaN,0.094393,-2.020895,1.980802,1.238919,-3.106029,-3.252931,-5.014946,-4.901505,-4.806141
49.707625,NaN,NaN,NaN,NaN,0.094747,-2.019975,1.980454,1.243019,-3.103705,-3.252344,-5.015038,-4.901630,-4.806568
49.728897,NaN,NaN,NaN,NaN,0.095820,-2.018122,1.980105,1.255352,-3.099044,-3.251760,-5.015293,-4.901882,-4.806969
49.738728,NaN,NaN,NaN,NaN,0.096170,-2.016260,1.979925,1.259463,-3.094361,-3.251460,-5.015373,-4.902119,-4.807175
49.748241,NaN,NaN,NaN,NaN,0.096510,-2.015334,1.979741,1.263569,-3.092003,-3.251156,-5.015453,-4.902245,-4.807384
49.767708,NaN,NaN,NaN,NaN,0.096867,-2.012550,1.979160,1.267702,-3.084906,-3.250228,-5.015518,-4.902584,-4.807976
49.779370,NaN,NaN,NaN,NaN,0.097215,-2.011623,1.978752,1.271830,-3.082525,-3.249590,-5.015591,-4.902687,-4.808357
49.789056,NaN,NaN,NaN,NaN,0.098238,-2.010700,1.978564,1.284210,-3.080132,-3.249259,-5.015789,-4.902790,-4.808533
49.798587,NaN,NaN,NaN,NaN,0.098585,-2.008847,1.978372,1.288345,-3.075360,-3.248923,-5.015842,-4.902966,-4.808708
49.818756,NaN,NaN,NaN,NaN,0.099599,-2.007010,1.977977,1.300738,-3.070546,-3.248235,-5.015976,-4.903122,-4.809074
49.828431,NaN,NaN,NaN,NaN,0.099940,-2.006067,1.977624,1.304874,-3.068137,-3.247524,-5.016010,-4.903179,-4.809402
49.838599,NaN,NaN,NaN,NaN,0.100271,-2.004192,1.977442,1.309005,-3.063284,-3.247160,-5.016041,-4.903297,-4.809570
49.858797,NaN,NaN,NaN,NaN,0.101241,-2.002296,1.977094,1.321386,-3.058391,-3.246410,-5.016102,-4.903393,-4.809895
49.867293,NaN,NaN,NaN,NaN,0.101551,-2.001336,1.976927,1.325505,-3.055929,-3.246023,-5.016117,-4.903431,-4.810047
49.879419,NaN,NaN,NaN,NaN,0.101852,-2.000379,1.976582,1.329619,-3.053456,-3.245232,-5.016129,-4.903465,-4.810364
49.898701,NaN,NaN,NaN,NaN,0.102727,-1.997467,1.976276,1.341958,-3.045989,-3.244424,-5.016178,-4.903530,-4.810684
49.919082,NaN,NaN,NaN,NaN,0.103276,-1.995523,1.975816,1.350166,-3.040959,-3.243168,-5.016205,-4.903564,-4.811161
49.938521,NaN,NaN,NaN,NaN,0.103841,-1.992558,1.975527,1.358399,-3.033311,-3.242298,-5.016201,-4.903564,-4.811459
49.947566,NaN,NaN,NaN,NaN,0.104110,-1.991581,1.975377,1.362506,-3.030743,-3.241855,-5.016197,-4.903564,-4.811626
49.958764,NaN,NaN,NaN,NaN,0.104632,-1.989597,1.975098,1.370727,-3.025590,-3.240925,-5.016178,-4.903534,-4.811913
49.979271,NaN,NaN,NaN,NaN,0.105366,-1.987631,1.974806,1.383050,-3.020394,-3.239974,-5.016129,-4.903507,-4.812218
49.988342,NaN,NaN,NaN,NaN,0.105591,-1.986618,1.974542,1.387175,-3.017776,-3.238992,-5.016113,-4.903492,-4.812496
49.998513,NaN,NaN,NaN,NaN,0.105808,-1.984606,1.974405,1.391294,-3.012506,-3.238492,-5.016102,-4.903465,-4.812645
50.007676,NaN,NaN,NaN,NaN,0.106018,-1.983608,1.974264,1.395406,-3.009856,-3.237987,-5.016087,-4.903454,-4.812786
50.019602,NaN,NaN,NaN,NaN,0.106416,-1.982616,1.974121,1.403644,-3.007196,-3.237475,-5.016056,-4.903442,-4.812927
50.027636,NaN,NaN,NaN,NaN,0.106604,-1.981601,1.973867,1.407771,-3.004534,-3.236440,-5.016041,-4.903404,-4.813198
50.038594,NaN,NaN,NaN,NaN,0.106784,-1.979585,1.973736,1.411890,-2.999177,-3.235915,-5.016026,-4.903332,-4.813339
50.047149,NaN,NaN,NaN,NaN,0.106958,-1.978585,1.973602,1.416003,-2.996482,-3.235383,-5.016014,-4.903286,-4.813484
50.058616,NaN,NaN,NaN,NaN,0.107277,-1.977582,1.973470,1.424281,-2.993794,-3.234831,-5.016029,-4.903221,-4.813618
50.067869,NaN,NaN,NaN,NaN,0.107426,-1.976585,1.973200,1.428408,-2.991096,-3.233708,-5.016048,-4.903156,-4.813915
50.079267,NaN,NaN,NaN,NaN,0.107569,-1.974605,1.973061,1.432528,-2.985666,-3.233139,-5.016071,-4.903038,-4.814068
50.098668,NaN,NaN,NaN,NaN,0.107943,-1.972627,1.972816,1.444949,-2.980216,-3.231979,-5.016186,-4.902882,-4.814331
50.108052,NaN,NaN,NaN,NaN,0.108055,-1.971646,1.972564,1.449074,-2.977474,-3.230796,-5.016220,-4.902817,-4.814610
50.118833,NaN,NaN,NaN,NaN,0.108156,-1.969700,1.972469,1.453224,-2.971965,-3.230199,-5.016266,-4.902649,-4.814728
50.138825,NaN,NaN,NaN,NaN,0.108426,-1.967776,1.972271,1.465627,-2.966421,-3.228988,-5.016396,-4.902458,-4.814976
50.150195,NaN,NaN,NaN,NaN,0.108505,-1.965873,1.972169,1.469746,-2.960844,-3.228373,-5.016438,-4.902245,-4.815105
50.167441,NaN,NaN,NaN,NaN,0.108616,-1.963995,1.971945,1.478031,-2.955240,-3.226500,-5.016518,-4.902000,-4.815441
50.180566,NaN,NaN,NaN,NaN,0.108707,-1.963063,1.971866,1.486284,-2.952423,-3.225863,-5.016598,-4.901882,-4.815563
50.198759,NaN,NaN,NaN,NaN,0.108718,-1.960336,1.971691,1.494564,-2.943967,-3.223884,-5.016701,-4.901432,-4.815891
50.219289,NaN,NaN,NaN,NaN,0.108683,-1.958553,1.971580,1.506938,-2.938294,-3.222538,-5.016850,-4.901123,-4.816120
50.227600,NaN,NaN,NaN,NaN,0.108648,-1.957676,1.971529,1.511058,-2.935451,-3.221858,-5.016895,-4.900955,-4.816231
50.238649,NaN,NaN,NaN,NaN,0.108609,-1.955937,1.971423,1.515169,-2.929734,-3.220479,-5.016941,-4.900639,-4.816467
50.247761,NaN,NaN,NaN,NaN,0.108567,-1.955079,1.971383,1.519272,-2.926874,-3.219789,-5.016983,-4.900440,-4.816559
50.259013,NaN,NaN,NaN,NaN,0.108439,-1.954227,1.971341,1.527479,-2.924004,-3.219092,-5.017071,-4.900249,-4.816658
50.279640,NaN,NaN,NaN,NaN,0.108300,-1.951699,1.971205,1.535651,-2.915333,-3.216964,-5.017159,-4.899715,-4.816982
50.298849,NaN,NaN,NaN,NaN,0.108049,-1.950030,1.971139,1.547863,-2.909514,-3.215532,-5.017342,-4.899292,-4.817192
50.308057,NaN,NaN,NaN,NaN,0.107961,-1.948384,1.971066,1.551918,-2.903659,-3.214074,-5.017406,-4.898895,-4.817413
50.318832,NaN,NaN,NaN,NaN,0.107865,-1.947565,1.971033,1.555986,-2.900729,-3.213346,-5.017494,-4.898674,-4.817513
50.339322,NaN,NaN,NaN,NaN,0.107563,-1.945941,1.970962,1.568143,-2.894841,-3.211871,-5.017750,-4.898251,-4.817726
50.359318,NaN,NaN,NaN,NaN,0.107321,-1.943546,1.970855,1.576257,-2.885948,-3.209627,-5.017944,-4.897621,-4.818031
50.380185,NaN,NaN,NaN,NaN,0.106924,-1.941979,1.970742,1.588392,-2.879978,-3.207339,-5.018177,-4.897224,-4.818348
50.387716,NaN,NaN,NaN,NaN,0.106775,-1.941204,1.970702,1.592439,-2.876978,-3.206570,-5.018261,-4.897022,-4.818447
50.407811,NaN,NaN,NaN,NaN,0.106473,-1.938910,1.970620,1.600508,-2.867925,-3.205008,-5.018425,-4.896458,-4.818661
50.418826,NaN,NaN,NaN,NaN,0.106155,-1.938145,1.970583,1.608565,-2.864890,-3.204230,-5.018604,-4.896263,-4.818756
50.427791,NaN,NaN,NaN,NaN,0.105988,-1.937386,1.970545,1.612591,-2.861847,-3.203444,-5.018707,-4.896080,-4.818882
50.439408,NaN,NaN,NaN,NaN,0.105820,-1.936630,1.970467,1.616609,-2.858794,-3.201850,-5.018806,-4.895901,-4.819141
50.458761,NaN,NaN,NaN,NaN,0.105292,-1.934405,1.970442,1.628639,-2.849595,-3.200253,-5.019112,-4.895386,-4.819412
50.478513,NaN,NaN,NaN,NaN,0.105113,-1.932223,1.970420,1.632638,-2.840329,-3.197806,-5.019215,-4.894924,-4.819839
50.487598,NaN,NaN,NaN,NaN,0.104737,-1.931504,1.970424,1.640628,-2.837230,-3.196982,-5.019447,-4.894775,-4.820000
50.498482,NaN,NaN,NaN,NaN,0.104346,-1.930789,1.970428,1.648605,-2.834121,-3.196149,-5.019703,-4.894634,-4.820160
50.518683,NaN,NaN,NaN,NaN,0.104151,-1.928699,1.970460,1.652584,-2.824743,-3.193656,-5.019825,-4.894238,-4.820671
50.528556,NaN,NaN,NaN,NaN,0.103937,-1.928016,1.970474,1.656564,-2.821600,-3.192816,-5.019955,-4.894100,-4.820850
50.540239,NaN,NaN,NaN,NaN,0.103295,-1.927337,1.970487,1.668470,-2.818448,-3.191969,-5.020336,-4.893970,-4.821033
50.548179,NaN,NaN,NaN,NaN,0.103066,-1.926663,1.970509,1.672428,-2.815287,-3.190273,-5.020473,-4.893845,-4.821438
50.558674,NaN,NaN,NaN,NaN,0.102838,-1.925376,1.970521,1.676381,-2.808929,-3.189423,-5.020607,-4.893578,-4.821640
50.578968,NaN,NaN,NaN,NaN,0.102143,-1.924108,1.970543,1.688215,-2.802539,-3.187697,-5.020988,-4.893337,-4.822056
50.598601,NaN,NaN,NaN,NaN,0.101669,-1.922294,1.970625,1.696089,-2.792954,-3.185094,-5.021240,-4.892979,-4.822678
50.619721,NaN,NaN,NaN,NaN,0.100961,-1.921130,1.970724,1.707894,-2.786542,-3.182457,-5.021610,-4.892761,-4.823322
50.628043,NaN,NaN,NaN,NaN,0.100727,-1.920566,1.970759,1.711825,-2.783332,-3.181567,-5.021725,-4.892658,-4.823536
50.640076,NaN,NaN,NaN,NaN,0.100493,-1.919448,1.970795,1.715751,-2.776888,-3.180667,-5.021839,-4.892471,-4.823750
50.649249,NaN,NaN,NaN,NaN,0.100018,-1.918916,1.970848,1.723618,-2.773681,-3.179784,-5.022068,-4.892376,-4.823948
50.666995,NaN,NaN,NaN,NaN,0.099781,-1.917861,1.971008,1.727544,-2.767241,-3.177073,-5.022175,-4.892197,-4.824543
50.678779,NaN,NaN,NaN,NaN,0.099310,-1.916848,1.971096,1.735382,-2.760790,-3.176160,-5.022362,-4.892017,-4.824726
50.688604,NaN,NaN,NaN,NaN,0.098858,-1.916360,1.971184,1.743235,-2.757562,-3.175235,-5.022552,-4.891922,-4.824905
50.698496,NaN,NaN,NaN,NaN,0.098633,-1.915875,1.971271,1.747155,-2.754327,-3.174300,-5.022644,-4.891834,-4.825089
50.718611,NaN,NaN,NaN,NaN,0.098189,-1.914469,1.971594,1.755007,-2.744631,-3.171429,-5.022823,-4.891563,-4.825600
50.727355,NaN,NaN,NaN,NaN,0.097970,-1.914011,1.971712,1.758939,-2.741393,-3.170450,-5.022911,-4.891479,-4.825771
50.740205,NaN,NaN,NaN,NaN,0.097534,-1.913556,1.971965,1.766789,-2.738148,-3.168444,-5.023071,-4.891399,-4.826092
50.758862,NaN,NaN,NaN,NaN,0.097110,-1.912219,1.972233,1.774672,-2.728457,-3.166379,-5.023239,-4.891155,-4.826405
50.767013,NaN,NaN,NaN,NaN,0.096687,-1.911777,1.972366,1.782535,-2.725211,-3.165332,-5.023396,-4.891079,-4.826561
50.787295,NaN,NaN,NaN,NaN,0.096270,-1.910930,1.972815,1.790420,-2.718756,-3.162140,-5.023525,-4.890930,-4.826984
50.798449,NaN,NaN,NaN,NaN,0.096062,-1.910090,1.972963,1.794355,-2.712269,-3.161056,-5.023586,-4.890800,-4.827133
50.808379,NaN,NaN,NaN,NaN,0.095637,-1.909673,1.973111,1.802227,-2.709012,-3.159961,-5.023697,-4.890743,-4.827278
50.818791,NaN,NaN,NaN,NaN,0.095420,-1.909283,1.973288,1.806165,-2.705774,-3.158862,-5.023746,-4.890678,-4.827408
50.840288,NaN,NaN,NaN,NaN,0.094989,-1.908124,1.973814,1.814025,-2.696012,-3.155506,-5.023838,-4.890503,-4.827805
50.858564,NaN,NaN,NaN,NaN,0.094372,-1.907394,1.974241,1.825856,-2.689503,-3.153228,-5.023930,-4.890411,-4.827988
50.878696,NaN,NaN,NaN,NaN,0.093959,-1.906324,1.974913,1.833745,-2.679704,-3.149729,-5.023979,-4.890324,-4.828247
50.899444,NaN,NaN,NaN,NaN,0.093752,-1.905634,1.975404,1.837695,-2.673160,-3.147338,-5.024006,-4.890320,-4.828388
50.908206,NaN,NaN,NaN,NaN,0.093115,-1.905290,1.975647,1.849527,-2.669876,-3.146128,-5.024078,-4.890327,-4.828468
50.918727,NaN,NaN,NaN,NaN,0.092891,-1.904659,1.976193,1.853470,-2.663325,-3.143673,-5.024105,-4.890369,-4.828606
50.941427,NaN,NaN,NaN,NaN,0.092446,-1.904032,1.976732,1.861343,-2.656745,-3.141178,-5.024158,-4.890427,-4.828758
50.948605,NaN,NaN,NaN,NaN,0.092225,-1.903737,1.977034,1.865272,-2.653452,-3.139918,-5.024181,-4.890480,-4.828815
50.960442,NaN,NaN,NaN,NaN,0.091740,-1.903149,1.977631,1.873132,-2.646842,-3.137366,-5.024242,-4.890591,-4.828938
50.968247,NaN,NaN,NaN,NaN,0.091259,-1.902855,1.977924,1.880973,-2.643525,-3.136074,-5.024292,-4.890652,-4.828999
50.978799,NaN,NaN,NaN,NaN,0.090990,-1.902580,1.978250,1.884893,-2.640206,-3.134779,-5.024323,-4.890724,-4.829037
50.987995,NaN,NaN,NaN,NaN,0.090721,-1.902304,1.978894,1.888809,-2.636878,-3.132156,-5.024353,-4.890797,-4.829121
51.008655,NaN,NaN,NaN,NaN,0.089901,-1.901491,1.979569,1.900533,-2.626851,-3.129492,-5.024429,-4.891041,-4.829193
51.027358,NaN,NaN,NaN,NaN,0.089615,-1.900964,1.980621,1.904435,-2.620126,-3.125421,-5.024456,-4.891228,-4.829330
51.040803,NaN,NaN,NaN,NaN,0.089331,-1.900701,1.981009,1.908334,-2.616753,-3.124047,-5.024475,-4.891327,-4.829391
51.048317,NaN,NaN,NaN,NaN,0.089048,-1.900176,1.981394,1.912227,-2.609977,-3.122663,-5.024494,-4.891548,-4.829456
51.058566,NaN,NaN,NaN,NaN,0.088198,-1.899914,1.981776,1.923900,-2.606579,-3.121270,-5.024551,-4.891663,-4.829525
51.067274,NaN,NaN,NaN,NaN,0.087917,-1.899651,1.982156,1.927782,-2.603174,-3.119866,-5.024567,-4.891781,-4.829597
51.078777,NaN,NaN,NaN,NaN,0.087639,-1.899130,1.982945,1.931679,-2.596355,-3.117032,-5.024582,-4.892033,-4.829773
51.088049,NaN,NaN,NaN,NaN,0.087362,-1.898871,1.983353,1.935571,-2.592939,-3.115602,-5.024582,-4.892159,-4.829876
51.099604,NaN,NaN,NaN,NaN,0.086814,-1.898612,1.984162,1.943344,-2.589517,-3.112713,-5.024574,-4.892288,-4.830097
51.109463,NaN,NaN,NaN,NaN,0.086541,-1.898352,1.984589,1.947240,-2.586088,-3.111248,-5.024563,-4.892422,-4.830235
51.127128,NaN,NaN,NaN,NaN,0.086270,-1.897621,1.985436,1.951130,-2.575809,-3.108289,-5.024555,-4.892830,-4.830509
51.138817,NaN,NaN,NaN,NaN,0.085462,-1.897378,1.985856,1.962787,-2.572369,-3.106794,-5.024521,-4.892948,-4.830654
51.159216,NaN,NaN,NaN,NaN,0.084926,-1.896704,1.987181,1.970552,-2.561984,-3.102237,-5.024490,-4.893341,-4.831154
51.178979,NaN,NaN,NaN,NaN,0.084106,-1.896283,1.988081,1.982181,-2.555016,-3.099156,-5.024437,-4.893608,-4.831501
51.187185,NaN,NaN,NaN,NaN,0.083831,-1.896086,1.988999,1.986051,-2.551516,-3.096042,-5.024418,-4.893730,-4.831863
51.199193,NaN,NaN,NaN,NaN,0.083558,-1.895888,1.989453,1.989916,-2.548009,-3.094470,-5.024395,-4.893856,-4.832043
51.208395,NaN,NaN,NaN,NaN,0.083286,-1.895522,1.989943,1.993777,-2.540966,-3.092899,-5.024376,-4.894096,-4.832253
51.218548,NaN,NaN,NaN,NaN,0.082704,-1.895354,1.990430,2.001497,-2.537428,-3.091318,-5.024338,-4.894211,-4.832462
51.228122,NaN,NaN,NaN,NaN,0.082415,-1.895184,1.990912,2.005351,-2.533884,-3.089728,-5.024319,-4.894325,-4.832668
51.238854,NaN,NaN,NaN,NaN,0.082128,-1.895014,1.991892,2.009200,-2.530335,-3.086520,-5.024300,-4.894444,-4.833096
51.258684,NaN,NaN,NaN,NaN,0.081217,-1.894568,1.992881,2.020794,-2.519643,-3.083274,-5.024231,-4.894753,-4.833523
51.267388,NaN,NaN,NaN,NaN,0.080917,-1.894284,1.993879,2.024651,-2.512483,-3.079999,-5.024200,-4.894951,-4.833923
51.278731,NaN,NaN,NaN,NaN,0.080592,-1.894151,1.994384,2.028532,-2.508893,-3.078351,-5.024151,-4.895046,-4.834122
51.299169,NaN,NaN,NaN,NaN,0.079630,-1.893881,1.995382,2.040151,-2.501697,-3.075027,-5.024010,-4.895241,-4.834518
51.318758,NaN,NaN,NaN,NaN,0.078972,-1.893503,1.996914,2.047949,-2.490831,-3.069987,-5.023903,-4.895527,-4.835136
51.339151,NaN,NaN,NaN,NaN,0.078324,-1.893244,1.997913,2.055730,-2.483564,-3.066583,-5.023827,-4.895718,-4.835545
51.348128,NaN,NaN,NaN,NaN,0.077998,-1.893127,1.998436,2.059651,-2.479913,-3.064875,-5.023785,-4.895813,-4.835743
51.358761,NaN,NaN,NaN,NaN,0.077355,-1.892889,1.999469,2.067480,-2.472596,-3.061433,-5.023697,-4.895996,-4.836140
51.378686,NaN,NaN,NaN,NaN,0.076392,-1.892651,2.000524,2.079260,-2.465247,-3.057957,-5.023544,-4.896141,-4.836536
51.400023,NaN,NaN,NaN,NaN,0.076073,-1.892413,2.002123,2.083189,-2.457867,-3.052680,-5.023510,-4.896275,-4.837154
51.409349,NaN,NaN,NaN,NaN,0.075756,-1.892163,2.002693,2.087113,-2.450461,-3.050903,-5.023476,-4.896393,-4.837357
51.418741,NaN,NaN,NaN,NaN,0.074843,-1.892035,2.003256,2.098938,-2.446748,-3.049118,-5.023346,-4.896442,-4.837563
51.439438,NaN,NaN,NaN,NaN,0.074230,-1.891639,2.004955,2.106811,-2.435576,-3.043705,-5.023258,-4.896561,-4.838184
51.458556,NaN,NaN,NaN,NaN,0.073309,-1.891364,2.006118,2.118605,-2.428097,-3.040044,-5.023140,-4.896626,-4.838585
51.468103,NaN,NaN,NaN,NaN,0.073006,-1.891225,2.007287,2.122528,-2.424353,-3.036332,-5.023102,-4.896664,-4.838993
51.487523,NaN,NaN,NaN,NaN,0.072371,-1.890782,2.008463,2.130411,-2.413077,-3.032570,-5.023026,-4.896721,-4.839413
51.500214,NaN,NaN,NaN,NaN,0.071747,-1.890633,2.009652,2.138273,-2.409313,-3.028761,-5.022945,-4.896736,-4.839832
51.518448,NaN,NaN,NaN,NaN,0.071411,-1.890176,2.010852,2.142237,-2.397952,-3.024906,-5.022903,-4.896782,-4.840256
51.540444,NaN,NaN,NaN,NaN,0.070425,-1.889874,2.012073,2.154099,-2.390355,-3.021001,-5.022774,-4.896828,-4.840679
51.548288,NaN,NaN,NaN,NaN,0.069732,-1.889726,2.013314,2.162051,-2.386549,-3.017048,-5.022682,-4.896854,-4.841099
51.567666,NaN,NaN,NaN,NaN,0.069053,-1.889427,2.014560,2.169981,-2.378930,-3.013039,-5.022598,-4.896912,-4.841530
51.578774,NaN,NaN,NaN,NaN,0.068342,-1.889139,2.015187,2.177936,-2.371284,-3.011012,-5.022530,-4.896996,-4.841747
51.599507,NaN,NaN,NaN,NaN,0.067646,-1.888704,2.017022,2.185870,-2.359799,-3.004887,-5.022457,-4.897129,-4.842403
51.618709,NaN,NaN,NaN,NaN,0.066533,-1.888404,2.018262,2.197788,-2.352100,-3.000754,-5.022381,-4.897251,-4.842857
51.638853,NaN,NaN,NaN,NaN,0.065772,-1.887952,2.020081,2.205724,-2.340518,-2.994491,-5.022350,-4.897453,-4.843510
51.647855,NaN,NaN,NaN,NaN,0.065378,-1.887800,2.020683,2.209692,-2.336640,-2.992382,-5.022343,-4.897530,-4.843727
51.659588,NaN,NaN,NaN,NaN,0.064603,-1.887648,2.021277,2.217612,-2.332761,-2.990265,-5.022327,-4.897606,-4.843941
51.667859,NaN,NaN,NaN,NaN,0.064196,-1.887495,2.021863,2.221578,-2.328880,-2.988143,-5.022324,-4.897697,-4.844158
51.679094,NaN,NaN,NaN,NaN,0.063793,-1.887180,2.023056,2.225539,-2.321077,-2.983839,-5.022320,-4.897903,-4.844578
51.699289,NaN,NaN,NaN,NaN,0.062583,-1.886866,2.024822,2.237389,-2.313269,-2.977312,-5.022297,-4.898106,-4.845203
51.708058,NaN,NaN,NaN,NaN,0.062170,-1.886715,2.025417,2.241326,-2.309349,-2.975110,-5.022305,-4.898212,-4.845409
51.718631,NaN,NaN,NaN,NaN,0.061762,-1.886413,2.026004,2.245258,-2.301508,-2.972901,-5.022312,-4.898426,-4.845612
51.739768,NaN,NaN,NaN,NaN,0.060543,-1.886127,2.027181,2.257021,-2.293660,-2.968455,-5.022350,-4.898655,-4.846008
51.748381,NaN,NaN,NaN,NaN,0.060129,-1.885992,2.027771,2.260930,-2.289734,-2.966219,-5.022366,-4.898773,-4.846218
51.760380,NaN,NaN,NaN,NaN,0.059315,-1.885857,2.028926,2.268735,-2.285807,-2.961726,-5.022400,-4.898891,-4.846626
51.778600,NaN,NaN,NaN,NaN,0.058469,-1.885485,2.030084,2.276528,-2.274002,-2.957197,-5.022449,-4.899284,-4.847034
51.788184,NaN,NaN,NaN,NaN,0.058053,-1.885366,2.030651,2.280419,-2.270063,-2.954923,-5.022472,-4.899426,-4.847233
51.798644,NaN,NaN,NaN,NaN,0.057642,-1.885138,2.031765,2.284304,-2.262175,-2.950357,-5.022495,-4.899723,-4.847626
51.818465,NaN,NaN,NaN,NaN,0.056370,-1.884920,2.032853,2.295955,-2.254273,-2.945769,-5.022552,-4.900024,-4.847988
51.827801,NaN,NaN,NaN,NaN,0.055955,-1.884810,2.033916,2.299830,-2.250322,-2.941160,-5.022572,-4.900173,-4.848328
51.838862,NaN,NaN,NaN,NaN,0.055522,-1.884705,2.034440,2.303723,-2.246349,-2.938848,-5.022598,-4.900337,-4.848492
51.859315,NaN,NaN,NaN,NaN,0.055093,-1.884389,2.035464,2.307611,-2.234431,-2.934203,-5.022625,-4.900829,-4.848816
51.867810,NaN,NaN,NaN,NaN,0.053807,-1.884283,2.035966,2.319257,-2.230459,-2.931872,-5.022690,-4.900993,-4.848961
51.878566,NaN,NaN,NaN,NaN,0.053368,-1.884084,2.036966,2.323135,-2.222461,-2.927185,-5.022705,-4.901329,-4.849216
51.887014,NaN,NaN,NaN,NaN,0.052933,-1.883985,2.037454,2.327008,-2.218463,-2.924833,-5.022720,-4.901489,-4.849342
51.900101,NaN,NaN,NaN,NaN,0.052046,-1.883886,2.037935,2.334760,-2.214465,-2.922474,-5.022751,-4.901653,-4.849472
51.918440,NaN,NaN,NaN,NaN,0.051593,-1.883560,2.039337,2.338639,-2.202419,-2.915362,-5.022770,-4.902191,-4.849819
51.927572,NaN,NaN,NaN,NaN,0.051145,-1.883451,2.039790,2.342512,-2.198405,-2.912978,-5.022781,-4.902367,-4.849945
51.938874,NaN,NaN,NaN,NaN,0.049767,-1.883345,2.040228,2.354125,-2.194372,-2.910594,-5.022770,-4.902527,-4.850063
51.947284,NaN,NaN,NaN,NaN,0.049307,-1.883239,2.040659,2.357991,-2.190340,-2.908205,-5.022762,-4.902691,-4.850182
51.959265,NaN,NaN,NaN,NaN,0.048852,-1.883133,2.041502,2.361852,-2.186310,-2.903408,-5.022751,-4.902847,-4.850426
51.978630,NaN,NaN,NaN,NaN,0.047448,-1.882824,2.042327,2.373477,-2.174208,-2.898629,-5.022678,-4.903309,-4.850651
51.987213,NaN,NaN,NaN,NaN,0.046990,-1.882723,2.043126,2.377342,-2.170174,-2.893825,-5.022671,-4.903458,-4.850883
51.998724,NaN,NaN,NaN,NaN,0.046538,-1.882520,2.043530,2.381202,-2.162094,-2.891435,-5.022659,-4.903751,-4.850986
52.018705,NaN,NaN,NaN,NaN,0.045132,-1.882314,2.044319,2.392790,-2.154001,-2.886637,-5.022579,-4.904045,-4.851200
52.027496,NaN,NaN,NaN,NaN,0.044675,-1.882108,2.044705,2.396643,-2.145894,-2.884228,-5.022556,-4.904297,-4.851311
52.038571,NaN,NaN,NaN,NaN,0.044190,-1.882006,2.045497,2.400495,-2.141834,-2.879444,-5.022507,-4.904423,-4.851471
52.059310,NaN,NaN,NaN,NaN,0.042770,-1.881806,2.046266,2.412024,-2.133720,-2.874633,-5.022362,-4.904663,-4.851639
52.068133,NaN,NaN,NaN,NaN,0.042265,-1.881706,2.047065,2.415862,-2.129645,-2.869851,-5.022285,-4.904781,-4.851768
52.078647,NaN,NaN,NaN,NaN,0.041766,-1.881607,2.047455,2.419696,-2.125571,-2.867448,-5.022213,-4.904896,-4.851841
52.087547,NaN,NaN,NaN,NaN,0.041273,-1.881411,2.047838,2.423527,-2.117430,-2.865039,-5.022144,-4.905136,-4.851913
52.108063,NaN,NaN,NaN,NaN,0.039753,-1.881227,2.048651,2.435009,-2.109262,-2.860242,-5.021877,-4.905392,-4.852005
52.118782,NaN,NaN,NaN,NaN,0.039245,-1.881045,2.049437,2.438831,-2.101102,-2.855413,-5.021786,-4.905640,-4.852100
52.139174,NaN,NaN,NaN,NaN,0.037710,-1.880874,2.050232,2.450321,-2.092943,-2.850574,-5.021458,-4.905880,-4.852192
52.160786,NaN,NaN,NaN,NaN,0.036700,-1.880633,2.051427,2.457977,-2.080709,-2.843286,-5.021229,-4.906219,-4.852325
52.168798,NaN,NaN,NaN,NaN,0.035687,-1.880558,2.051840,2.465629,-2.076625,-2.840868,-5.020988,-4.906315,-4.852360
52.178989,NaN,NaN,NaN,NaN,0.035189,-1.880484,2.052245,2.469448,-2.072543,-2.838442,-5.020870,-4.906410,-4.852394
52.198798,NaN,NaN,NaN,NaN,0.034176,-1.880274,2.053444,2.477086,-2.060307,-2.831144,-5.020626,-4.906673,-4.852497
52.209379,NaN,NaN,NaN,NaN,0.033661,-1.880212,2.053845,2.480905,-2.056230,-2.828714,-5.020496,-4.906754,-4.852516
52.218446,NaN,NaN,NaN,NaN,0.032648,-1.880150,2.054240,2.488530,-2.052155,-2.826276,-5.020245,-4.906830,-4.852543
52.240023,NaN,NaN,NaN,NaN,0.031598,-1.879979,2.055443,2.496190,-2.039936,-2.818959,-5.019951,-4.907024,-4.852604
52.247375,NaN,NaN,NaN,NaN,0.031082,-1.879926,2.055840,2.500013,-2.035866,-2.816510,-5.019810,-4.907082,-4.852623
52.259653,NaN,NaN,NaN,NaN,0.030067,-1.879873,2.056645,2.507647,-2.031798,-2.811602,-5.019535,-4.907139,-4.852650
52.267735,NaN,NaN,NaN,NaN,0.029542,-1.879824,2.057052,2.511499,-2.027720,-2.809142,-5.019382,-4.907166,-4.852661
52.278491,NaN,NaN,NaN,NaN,0.029023,-1.879726,2.057454,2.515346,-2.019568,-2.806674,-5.019234,-4.907219,-4.852676
52.298693,NaN,NaN,NaN,NaN,0.027481,-1.879632,2.058273,2.526896,-2.011423,-2.801720,-5.018803,-4.907246,-4.852695
52.307799,NaN,NaN,NaN,NaN,0.026966,-1.879587,2.059101,2.530762,-2.007351,-2.796742,-5.018658,-4.907242,-4.852703
52.319127,NaN,NaN,NaN,NaN,0.026456,-1.879498,2.059506,2.534623,-1.999216,-2.794242,-5.018513,-4.907242,-4.852718
52.328218,NaN,NaN,NaN,NaN,0.025953,-1.879448,2.059949,2.538479,-1.995159,-2.791720,-5.018372,-4.907211,-4.852699
52.340391,NaN,NaN,NaN,NaN,0.024931,-1.879400,2.060384,2.546222,-1.991103,-2.789191,-5.018101,-4.907185,-4.852688
52.347242,NaN,NaN,NaN,NaN,0.024430,-1.879353,2.061235,2.550086,-1.987050,-2.784111,-5.017979,-4.907158,-4.852661
52.360670,NaN,NaN,NaN,NaN,0.023429,-1.879255,2.061692,2.557810,-1.978965,-2.781550,-5.017731,-4.907089,-4.852631
52.368367,NaN,NaN,NaN,NaN,0.022931,-1.879205,2.062141,2.561669,-1.974932,-2.778983,-5.017612,-4.907047,-4.852604
52.378614,NaN,NaN,NaN,NaN,0.022438,-1.879155,2.062583,2.565524,-1.970901,-2.776409,-5.017498,-4.907009,-4.852585
52.387384,NaN,NaN,NaN,NaN,0.021951,-1.879062,2.063446,2.569373,-1.962844,-2.771240,-5.017387,-4.906944,-4.852558
52.407777,NaN,NaN,NaN,NaN,0.020957,-1.878970,2.064324,2.577073,-1.954841,-2.766028,-5.017204,-4.906857,-4.852497
52.419777,NaN,NaN,NaN,NaN,0.019987,-1.878926,2.065173,2.584754,-1.950842,-2.760788,-5.017036,-4.906815,-4.852463
52.438634,NaN,NaN,NaN,NaN,0.019496,-1.878821,2.066041,2.588598,-1.938897,-2.755515,-5.016972,-4.906658,-4.852409
52.447303,NaN,NaN,NaN,NaN,0.019010,-1.878791,2.066464,2.592437,-1.934926,-2.752868,-5.016911,-4.906624,-4.852390
52.459122,NaN,NaN,NaN,NaN,0.017558,-1.878762,2.066880,2.603942,-1.930956,-2.750214,-5.016758,-4.906590,-4.852375
52.468291,NaN,NaN,NaN,NaN,0.017064,-1.878756,2.067728,2.607777,-1.927017,-2.744876,-5.016727,-4.906536,-4.852352
52.478789,NaN,NaN,NaN,NaN,0.016576,-1.878746,2.068141,2.611608,-1.919140,-2.742197,-5.016701,-4.906441,-4.852348
52.487310,NaN,NaN,NaN,NaN,0.015584,-1.878742,2.068547,2.619265,-1.915204,-2.739510,-5.016674,-4.906391,-4.852348
52.499299,NaN,NaN,NaN,NaN,0.015079,-1.878741,2.068961,2.623092,-1.911301,-2.736824,-5.016678,-4.906330,-4.852345
52.509038,NaN,NaN,NaN,NaN,0.014581,-1.878741,2.069769,2.626915,-1.907399,-2.731429,-5.016678,-4.906254,-4.852348
52.520355,NaN,NaN,NaN,NaN,0.013605,-1.878745,2.070162,2.634549,-1.899596,-2.728722,-5.016666,-4.906101,-4.852360
52.528601,NaN,NaN,NaN,NaN,0.013086,-1.878741,2.070562,2.638362,-1.895731,-2.726008,-5.016674,-4.906029,-4.852371
52.539167,NaN,NaN,NaN,NaN,0.012575,-1.878738,2.070955,2.642171,-1.891866,-2.723288,-5.016685,-4.905956,-4.852386
52.548183,NaN,NaN,NaN,NaN,0.012070,-1.878737,2.071719,2.645977,-1.888001,-2.717824,-5.016697,-4.905888,-4.852432
52.568454,NaN,NaN,NaN,NaN,0.010510,-1.878731,2.072488,2.657379,-1.876491,-2.712313,-5.016777,-4.905731,-4.852482
52.578607,NaN,NaN,NaN,NaN,0.009990,-1.878730,2.072862,2.661174,-1.872667,-2.709547,-5.016808,-4.905693,-4.852516
52.587636,NaN,NaN,NaN,NaN,0.009477,-1.878738,2.073229,2.664965,-1.865067,-2.706775,-5.016857,-4.905640,-4.852554
52.598694,NaN,NaN,NaN,NaN,0.008924,-1.878747,2.073953,2.668758,-1.861289,-2.701204,-5.016922,-4.905621,-4.852634
52.608455,NaN,NaN,NaN,NaN,0.007841,-1.878758,2.074305,2.676333,-1.857511,-2.698408,-5.017048,-4.905605,-4.852676
52.619901,NaN,NaN,NaN,NaN,0.007312,-1.878770,2.074984,2.680116,-1.853732,-2.692792,-5.017113,-4.905594,-4.852772
52.639074,NaN,NaN,NaN,NaN,0.006740,-1.878832,2.075631,2.683898,-1.842510,-2.687144,-5.017197,-4.905640,-4.852871
52.647109,NaN,NaN,NaN,NaN,0.005070,-1.878856,2.075945,2.695226,-1.838766,-2.684311,-5.017464,-4.905655,-4.852947
52.659179,NaN,NaN,NaN,NaN,0.004469,-1.878882,2.076253,2.698989,-1.835022,-2.681472,-5.017570,-4.905674,-4.853024
52.678511,NaN,NaN,NaN,NaN,0.003292,-1.878944,2.077134,2.706505,-1.823849,-2.672874,-5.017773,-4.905769,-4.853264
52.688887,NaN,NaN,NaN,NaN,0.002107,-1.878968,2.077416,2.714021,-1.820122,-2.669995,-5.017994,-4.905792,-4.853352
52.698727,NaN,NaN,NaN,NaN,0.001508,-1.878996,2.077695,2.717781,-1.816414,-2.667111,-5.018112,-4.905846,-4.853439
52.719645,NaN,NaN,NaN,NaN,-0.000286,-1.879091,2.078495,2.729040,-1.805280,-2.658418,-5.018490,-4.905994,-4.853760
52.739238,NaN,NaN,NaN,NaN,-0.001503,-1.879190,2.079004,2.736526,-1.797884,-2.652576,-5.018749,-4.906155,-4.853985
52.759047,NaN,NaN,NaN,NaN,-0.002721,-1.879352,2.079720,2.744008,-1.786803,-2.643761,-5.019009,-4.906376,-4.854324
52.768798,NaN,NaN,NaN,NaN,-0.003942,-1.879411,2.079948,2.751485,-1.783122,-2.640808,-5.019318,-4.906464,-4.854450
52.779200,NaN,NaN,NaN,NaN,-0.004539,-1.879471,2.080169,2.755220,-1.779439,-2.637848,-5.019463,-4.906555,-4.854572
52.788547,NaN,NaN,NaN,NaN,-0.005127,-1.879600,2.080594,2.758952,-1.772095,-2.631904,-5.019608,-4.906757,-4.854801
52.798758,NaN,NaN,NaN,NaN,-0.005739,-1.879668,2.080797,2.762692,-1.768434,-2.628919,-5.019753,-4.906868,-4.854904
52.820366,NaN,NaN,NaN,NaN,-0.007518,-1.879808,2.081374,2.773898,-1.761104,-2.619914,-5.020168,-4.907078,-4.855202
52.827547,NaN,NaN,NaN,NaN,-0.008117,-1.879868,2.081557,2.777634,-1.757460,-2.616892,-5.020290,-4.907211,-4.855289
52.847146,NaN,NaN,NaN,NaN,-0.009858,-1.880057,2.081906,2.788826,-1.746511,-2.610832,-5.020630,-4.907600,-4.855476
52.858720,NaN,NaN,NaN,NaN,-0.010440,-1.880112,2.082075,2.792561,-1.742866,-2.607777,-5.020744,-4.907757,-4.855553
52.878673,NaN,NaN,NaN,NaN,-0.011575,-1.880286,2.082551,2.800023,-1.731919,-2.598583,-5.020966,-4.908195,-4.855804
52.898590,NaN,NaN,NaN,NaN,-0.013251,-1.880416,2.082833,2.811216,-1.724647,-2.592426,-5.021263,-4.908508,-4.855968
52.907080,NaN,NaN,NaN,NaN,-0.013799,-1.880484,2.082966,2.814945,-1.721008,-2.589339,-5.021358,-4.908661,-4.856052
52.921347,NaN,NaN,NaN,NaN,-0.014868,-1.880625,2.083216,2.822422,-1.713724,-2.583152,-5.021542,-4.908958,-4.856236
52.928448,NaN,NaN,NaN,NaN,-0.015390,-1.880684,2.083327,2.826170,-1.710102,-2.580056,-5.021633,-4.909111,-4.856316
52.938785,NaN,NaN,NaN,NaN,-0.015904,-1.880745,2.083432,2.829915,-1.706479,-2.576955,-5.021721,-4.909260,-4.856400
52.948395,NaN,NaN,NaN,NaN,-0.016409,-1.880874,2.083628,2.833657,-1.699228,-2.570737,-5.021786,-4.909554,-4.856598
52.958999,NaN,NaN,NaN,NaN,-0.016903,-1.880936,2.083722,2.837436,-1.695624,-2.567603,-5.021847,-4.909706,-4.856689
52.968332,NaN,NaN,NaN,NaN,-0.017867,-1.881001,2.083812,2.844984,-1.692017,-2.564464,-5.021969,-4.909855,-4.856785
52.979347,NaN,NaN,NaN,NaN,-0.018336,-1.881069,2.083979,2.848753,-1.688408,-2.558173,-5.022026,-4.910000,-4.856987
52.988692,NaN,NaN,NaN,NaN,-0.018782,-1.881139,2.084052,2.852559,-1.684798,-2.555007,-5.022087,-4.910130,-4.857075
52.998888,NaN,NaN,NaN,NaN,-0.019222,-1.881280,2.084121,2.856361,-1.677600,-2.551837,-5.022144,-4.910393,-4.857162
53.020314,NaN,NaN,NaN,NaN,-0.020481,-1.881432,2.084291,2.867772,-1.670393,-2.542286,-5.022362,-4.910648,-4.857410
53.027690,NaN,NaN,NaN,NaN,-0.020877,-1.881510,2.084332,2.871586,-1.666816,-2.539083,-5.022427,-4.910778,-4.857483
53.038893,NaN,NaN,NaN,NaN,-0.021266,-1.881673,2.084370,2.875396,-1.659654,-2.535877,-5.022491,-4.911037,-4.857563
53.047848,NaN,NaN,NaN,NaN,-0.022022,-1.881758,2.084405,2.883002,-1.656069,-2.532666,-5.022614,-4.911144,-4.857643
53.068155,NaN,NaN,NaN,NaN,-0.022748,-1.881927,2.084424,2.890661,-1.648972,-2.523008,-5.022751,-4.911362,-4.857803
53.079742,NaN,NaN,NaN,NaN,-0.023446,-1.882105,2.084424,2.898305,-1.641863,-2.519780,-5.022900,-4.911572,-4.857864
53.089370,NaN,NaN,NaN,NaN,-0.023791,-1.882185,2.084405,2.902162,-1.638337,-2.516542,-5.022957,-4.911663,-4.857906
53.098616,NaN,NaN,NaN,NaN,-0.024128,-1.882267,2.084384,2.906014,-1.634807,-2.513301,-5.023018,-4.911751,-4.857952
53.107431,NaN,NaN,NaN,NaN,-0.024458,-1.882352,2.084332,2.909862,-1.631274,-2.506808,-5.023071,-4.911827,-4.858055
53.118778,NaN,NaN,NaN,NaN,-0.024782,-1.882526,2.084289,2.913704,-1.624223,-2.503550,-5.023121,-4.911968,-4.858093
53.138855,NaN,NaN,NaN,NaN,-0.025435,-1.882705,2.084196,2.921423,-1.617181,-2.497024,-5.023205,-4.912094,-4.858177
53.147401,NaN,NaN,NaN,NaN,-0.026063,-1.882897,2.084072,2.929123,-1.610155,-2.490476,-5.023281,-4.912201,-4.858261
53.158898,NaN,NaN,NaN,NaN,-0.026385,-1.882998,2.083996,2.932972,-1.606652,-2.487193,-5.023323,-4.912243,-4.858303
53.179291,NaN,NaN,NaN,NaN,-0.027307,-1.883205,2.083757,2.944492,-1.599633,-2.477324,-5.023438,-4.912334,-4.858448
53.187741,NaN,NaN,NaN,NaN,-0.027622,-1.883313,2.083661,2.948311,-1.596118,-2.474039,-5.023468,-4.912380,-4.858482
53.198539,NaN,NaN,NaN,NaN,-0.027930,-1.883520,2.083563,2.952126,-1.589128,-2.470750,-5.023499,-4.912415,-4.858521
53.207940,NaN,NaN,NaN,NaN,-0.028528,-1.883627,2.083464,2.959743,-1.585627,-2.467458,-5.023548,-4.912430,-4.858562
53.219779,NaN,NaN,NaN,NaN,-0.028840,-1.883736,2.083364,2.963536,-1.582122,-2.464164,-5.023582,-4.912449,-4.858608
53.238594,NaN,NaN,NaN,NaN,-0.029447,-1.884076,2.083089,2.971111,-1.571659,-2.454243,-5.023651,-4.912354,-4.858734
53.247348,NaN,NaN,NaN,NaN,-0.030052,-1.884193,2.082994,2.978665,-1.568163,-2.450929,-5.023731,-4.912323,-4.858772
53.258817,NaN,NaN,NaN,NaN,-0.030356,-1.884310,2.082922,2.982433,-1.564681,-2.447607,-5.023773,-4.912281,-4.858803
53.268637,NaN,NaN,NaN,NaN,-0.030654,-1.884428,2.082772,2.986198,-1.561194,-2.440955,-5.023811,-4.912243,-4.858887
53.279559,NaN,NaN,NaN,NaN,-0.031253,-1.884672,2.082695,2.993713,-1.554206,-2.437625,-5.023891,-4.912170,-4.858932
53.287761,NaN,NaN,NaN,NaN,-0.031553,-1.884806,2.082633,2.997464,-1.550718,-2.434280,-5.023933,-4.912128,-4.858978
53.298614,NaN,NaN,NaN,NaN,-0.031847,-1.884943,2.082569,3.001211,-1.547225,-2.430931,-5.023975,-4.912094,-4.859028
53.320292,NaN,NaN,NaN,NaN,-0.032416,-1.885371,2.082386,3.008697,-1.536716,-2.420869,-5.024010,-4.911980,-4.859196
53.329155,NaN,NaN,NaN,NaN,-0.033018,-1.885523,2.082334,3.016119,-1.533203,-2.417510,-5.024055,-4.911942,-4.859261
53.338749,NaN,NaN,NaN,NaN,-0.033310,-1.885676,2.082280,3.019826,-1.529686,-2.414148,-5.024075,-4.911900,-4.859329
53.360281,NaN,NaN,NaN,NaN,-0.033907,-1.886141,2.082143,3.027221,-1.519064,-2.404033,-5.024124,-4.911755,-4.859539
53.379452,NaN,NaN,NaN,NaN,-0.034805,-1.886458,2.082028,3.038278,-1.511947,-2.393886,-5.024155,-4.911659,-4.859787
53.389416,NaN,NaN,NaN,NaN,-0.035126,-1.886605,2.081999,3.041957,-1.508364,-2.390496,-5.024166,-4.911598,-4.859875
53.407528,NaN,NaN,NaN,NaN,-0.036052,-1.887057,2.081934,3.052985,-1.497590,-2.383709,-5.024189,-4.911430,-4.860062
53.420030,NaN,NaN,NaN,NaN,-0.036386,-1.887206,2.081885,3.056659,-1.493974,-2.376873,-5.024212,-4.911373,-4.860268
53.427871,NaN,NaN,NaN,NaN,-0.036712,-1.887357,2.081857,3.060332,-1.490354,-2.373453,-5.024220,-4.911324,-4.860378
53.438802,NaN,NaN,NaN,NaN,-0.037032,-1.887664,2.081828,3.064002,-1.483103,-2.370030,-5.024227,-4.911224,-4.860489
53.459898,NaN,NaN,NaN,NaN,-0.038035,-1.887964,2.081780,3.075027,-1.475813,-2.363166,-5.024296,-4.911129,-4.860714
53.479887,NaN,NaN,NaN,NaN,-0.038371,-1.888406,2.081719,3.078703,-1.464813,-2.352839,-5.024326,-4.911011,-4.861053
53.487928,NaN,NaN,NaN,NaN,-0.039061,-1.888564,2.081715,3.086065,-1.461122,-2.349386,-5.024399,-4.910957,-4.861134
53.498785,NaN,NaN,NaN,NaN,-0.039415,-1.888723,2.081708,3.089750,-1.457427,-2.345933,-5.024445,-4.910912,-4.861217
53.518989,NaN,NaN,NaN,NaN,-0.040471,-1.889211,2.081692,3.100805,-1.446317,-2.335551,-5.024593,-4.910774,-4.861462
53.538692,NaN,NaN,NaN,NaN,-0.041186,-1.889542,2.081690,3.108179,-1.438884,-2.328607,-5.024708,-4.910702,-4.861614
53.547826,NaN,NaN,NaN,NaN,-0.041914,-1.889883,2.081684,3.115554,-1.431432,-2.321653,-5.024837,-4.910641,-4.861759
53.559574,NaN,NaN,NaN,NaN,-0.042287,-1.890057,2.081681,3.119243,-1.427698,-2.318172,-5.024910,-4.910614,-4.861824
53.567268,NaN,NaN,NaN,NaN,-0.043011,-1.890233,2.081675,3.126615,-1.423961,-2.314690,-5.025043,-4.910587,-4.861889
53.579811,NaN,NaN,NaN,NaN,-0.043361,-1.890410,2.081668,3.130298,-1.420222,-2.307720,-5.025108,-4.910561,-4.862011
53.587444,NaN,NaN,NaN,NaN,-0.043746,-1.890590,2.081666,3.133975,-1.416471,-2.304231,-5.025185,-4.910542,-4.862064
53.598518,NaN,NaN,NaN,NaN,-0.044122,-1.890954,2.081663,3.137650,-1.408962,-2.300742,-5.025257,-4.910503,-4.862125
53.607720,NaN,NaN,NaN,NaN,-0.044851,-1.891138,2.081658,3.144996,-1.405204,-2.297251,-5.025402,-4.910488,-4.862179
53.619588,NaN,NaN,NaN,NaN,-0.045230,-1.891320,2.081642,3.148665,-1.401435,-2.293743,-5.025482,-4.910477,-4.862221
53.627429,NaN,NaN,NaN,NaN,-0.045601,-1.891503,2.081605,3.152332,-1.397665,-2.286726,-5.025558,-4.910465,-4.862316
53.639771,NaN,NaN,NaN,NaN,-0.046320,-1.891873,2.081584,3.159663,-1.390116,-2.283217,-5.025703,-4.910446,-4.862366
53.647094,NaN,NaN,NaN,NaN,-0.046710,-1.892057,2.081556,3.163330,-1.386337,-2.279702,-5.025780,-4.910427,-4.862408
53.658874,NaN,NaN,NaN,NaN,-0.047092,-1.892242,2.081526,3.166995,-1.382557,-2.276187,-5.025852,-4.910412,-4.862453
53.679268,NaN,NaN,NaN,NaN,-0.048246,-1.892805,2.081435,3.178001,-1.371197,-2.265631,-5.026066,-4.910385,-4.862568
53.687737,NaN,NaN,NaN,NaN,-0.048652,-1.892996,2.081405,3.181679,-1.367401,-2.262106,-5.026131,-4.910385,-4.862602
53.698565,NaN,NaN,NaN,NaN,-0.049049,-1.893187,2.081373,3.185357,-1.363604,-2.258581,-5.026196,-4.910385,-4.862637
53.718833,NaN,NaN,NaN,NaN,-0.049438,-1.893768,2.081281,3.189033,-1.352194,-2.248007,-5.026257,-4.910385,-4.862740
53.728807,NaN,NaN,NaN,NaN,-0.050724,-1.893966,2.081256,3.200103,-1.348382,-2.244483,-5.026463,-4.910397,-4.862774
53.740741,NaN,NaN,NaN,NaN,-0.051135,-1.894164,2.081202,3.203790,-1.344568,-2.237435,-5.026527,-4.910408,-4.862858
53.748568,NaN,NaN,NaN,NaN,-0.051577,-1.894363,2.081180,3.207494,-1.340753,-2.233902,-5.026592,-4.910419,-4.862881
53.759014,NaN,NaN,NaN,NaN,-0.052009,-1.894768,2.081156,3.211197,-1.333088,-2.230368,-5.026657,-4.910469,-4.862911
53.768333,NaN,NaN,NaN,NaN,-0.052848,-1.894973,2.081130,3.218594,-1.329253,-2.226835,-5.026779,-4.910500,-4.862942
53.778713,NaN,NaN,NaN,NaN,-0.053300,-1.895178,2.081102,3.222306,-1.325417,-2.223303,-5.026840,-4.910530,-4.862976
53.789245,NaN,NaN,NaN,NaN,-0.053743,-1.895380,2.081059,3.226017,-1.321566,-2.216199,-5.026905,-4.910572,-4.863010
53.798604,NaN,NaN,NaN,NaN,-0.054177,-1.895787,2.081035,3.229725,-1.313863,-2.212648,-5.026970,-4.910660,-4.863029
53.808034,NaN,NaN,NaN,NaN,-0.055057,-1.895993,2.081009,3.237145,-1.310010,-2.209097,-5.027073,-4.910702,-4.863056
53.828142,NaN,NaN,NaN,NaN,-0.055940,-1.896394,2.080995,3.244565,-1.302281,-2.198411,-5.027153,-4.910812,-4.863113
53.840606,NaN,NaN,NaN,NaN,-0.056786,-1.896802,2.080986,3.251977,-1.294549,-2.194851,-5.027218,-4.910938,-4.863140
53.847704,NaN,NaN,NaN,NaN,-0.057233,-1.897003,2.081004,3.255692,-1.290668,-2.191268,-5.027229,-4.911007,-4.863155
53.859633,NaN,NaN,NaN,NaN,-0.057671,-1.897205,2.081032,3.259404,-1.286788,-2.184105,-5.027233,-4.911076,-4.863190
53.867165,NaN,NaN,NaN,NaN,-0.058100,-1.897409,2.081044,3.263115,-1.282907,-2.180525,-5.027241,-4.911148,-4.863216
53.879018,NaN,NaN,NaN,NaN,-0.058520,-1.897818,2.081069,3.266824,-1.275124,-2.176933,-5.027241,-4.911285,-4.863228
53.898525,NaN,NaN,NaN,NaN,-0.059814,-1.898229,2.081113,3.277937,-1.267320,-2.169750,-5.027206,-4.911396,-4.863266
53.920066,NaN,NaN,NaN,NaN,-0.061111,-1.898880,2.081177,3.289019,-1.255567,-2.158949,-5.027103,-4.911556,-4.863289
53.927755,NaN,NaN,NaN,NaN,-0.061539,-1.899104,2.081196,3.292706,-1.251643,-2.155345,-5.027069,-4.911610,-4.863300
53.940211,NaN,NaN,NaN,NaN,-0.061958,-1.899329,2.081235,3.296392,-1.247720,-2.148131,-5.027031,-4.911663,-4.863316
53.958663,NaN,NaN,NaN,NaN,-0.062847,-1.900074,2.081272,3.303746,-1.235911,-2.140912,-5.026955,-4.911842,-4.863331
53.978879,NaN,NaN,NaN,NaN,-0.064140,-1.900577,2.081301,3.314769,-1.228043,-2.133696,-5.026833,-4.911961,-4.863373
53.987803,NaN,NaN,NaN,NaN,-0.064570,-1.900844,2.081342,3.318443,-1.224091,-2.126458,-5.026787,-4.912010,-4.863392
53.998513,NaN,NaN,NaN,NaN,-0.064993,-1.901381,2.081359,3.322115,-1.216191,-2.122840,-5.026745,-4.912109,-4.863407
54.008204,NaN,NaN,NaN,NaN,-0.065842,-1.901652,2.081373,3.329454,-1.212244,-2.119222,-5.026646,-4.912163,-4.863430
54.018968,NaN,NaN,NaN,NaN,-0.066268,-1.901931,2.081380,3.333121,-1.208268,-2.115597,-5.026592,-4.912197,-4.863445
54.027606,NaN,NaN,NaN,NaN,-0.066686,-1.902211,2.081388,3.336787,-1.204292,-2.108347,-5.026558,-4.912231,-4.863495
54.039840,NaN,NaN,NaN,NaN,-0.067526,-1.902774,2.081390,3.344101,-1.196347,-2.104724,-5.026470,-4.912300,-4.863525
54.058825,NaN,NaN,NaN,NaN,-0.068362,-1.903373,2.081381,3.351399,-1.188355,-2.097460,-5.026375,-4.912300,-4.863590
54.078738,NaN,NaN,NaN,NaN,-0.069190,-1.904288,2.081351,3.358683,-1.176361,-2.086576,-5.026253,-4.912270,-4.863708
54.098494,NaN,NaN,NaN,NaN,-0.070411,-1.904917,2.081322,3.369588,-1.168348,-2.079328,-5.026031,-4.912216,-4.863796
54.107688,NaN,NaN,NaN,NaN,-0.070803,-1.905232,2.081293,3.373220,-1.164345,-2.072099,-5.025955,-4.912189,-4.863895
54.118936,NaN,NaN,NaN,NaN,-0.071194,-1.905877,2.081278,3.376858,-1.156278,-2.068493,-5.025860,-4.912086,-4.863949
54.128478,NaN,NaN,NaN,NaN,-0.071952,-1.906201,2.081261,3.384129,-1.152250,-2.064887,-5.025677,-4.912029,-4.864006
54.142354,NaN,NaN,NaN,NaN,-0.072321,-1.906525,2.081229,3.387763,-1.148223,-2.057699,-5.025585,-4.911972,-4.864132
54.148528,NaN,NaN,NaN,NaN,-0.072689,-1.906847,2.081213,3.391391,-1.144179,-2.054116,-5.025482,-4.911892,-4.864197
54.159721,NaN,NaN,NaN,NaN,-0.073051,-1.907493,2.081196,3.395018,-1.136100,-2.050534,-5.025379,-4.911739,-4.864265
54.168107,NaN,NaN,NaN,NaN,-0.073752,-1.907817,2.081176,3.402267,-1.132065,-2.046952,-5.025177,-4.911667,-4.864338
54.189729,NaN,NaN,NaN,NaN,-0.074445,-1.908467,2.081083,3.409478,-1.123983,-2.036209,-5.024971,-4.911491,-4.864567
54.198480,NaN,NaN,NaN,NaN,-0.074782,-1.909119,2.081049,3.413082,-1.115914,-2.032629,-5.024868,-4.911316,-4.864647
54.208431,NaN,NaN,NaN,NaN,-0.075454,-1.909447,2.081019,3.420281,-1.111886,-2.029050,-5.024639,-4.911217,-4.864738
54.218816,NaN,NaN,NaN,NaN,-0.075791,-1.909776,2.080987,3.423876,-1.107863,-2.025472,-5.024529,-4.911121,-4.864830
54.227211,NaN,NaN,NaN,NaN,-0.076120,-1.910106,2.080917,3.427470,-1.103842,-2.018316,-5.024418,-4.911026,-4.865017
54.240572,NaN,NaN,NaN,NaN,-0.076783,-1.910769,2.080880,3.434648,-1.095808,-2.014739,-5.024220,-4.910847,-4.865116
54.247851,NaN,NaN,NaN,NaN,-0.077116,-1.911110,2.080826,3.438232,-1.091792,-2.011176,-5.024128,-4.910755,-4.865219
54.267790,NaN,NaN,NaN,NaN,-0.077764,-1.912141,2.080655,3.445397,-1.079760,-2.000489,-5.023952,-4.910503,-4.865566
54.278651,NaN,NaN,NaN,NaN,-0.078102,-1.912496,2.080588,3.448979,-1.075757,-1.996939,-5.023884,-4.910431,-4.865704
54.288093,NaN,NaN,NaN,NaN,-0.078759,-1.912853,2.080521,3.456139,-1.071757,-1.993389,-5.023746,-4.910358,-4.865841
54.299092,NaN,NaN,NaN,NaN,-0.079078,-1.913210,2.080381,3.459717,-1.067760,-1.986289,-5.023678,-4.910294,-4.866123
54.319739,NaN,NaN,NaN,NaN,-0.079714,-1.914281,2.080208,3.466861,-1.055784,-1.979202,-5.023525,-4.910084,-4.866428
54.340434,NaN,NaN,NaN,NaN,-0.080621,-1.914997,2.079932,3.477576,-1.047813,-1.968585,-5.023300,-4.909966,-4.866909
54.358744,NaN,NaN,NaN,NaN,-0.081193,-1.916089,2.079732,3.484724,-1.035948,-1.961524,-5.023148,-4.909840,-4.867249
54.378848,NaN,NaN,NaN,NaN,-0.082007,-1.916837,2.079529,3.495443,-1.028065,-1.954478,-5.022923,-4.909752,-4.867599
54.387309,NaN,NaN,NaN,NaN,-0.082267,-1.917222,2.079323,3.499018,-1.024134,-1.947446,-5.022839,-4.909714,-4.867992
54.399275,NaN,NaN,NaN,NaN,-0.082772,-1.917607,2.079219,3.506166,-1.020205,-1.943929,-5.022671,-4.909676,-4.868187
54.418807,NaN,NaN,NaN,NaN,-0.083240,-1.918790,2.079002,3.513329,-1.008426,-1.936911,-5.022514,-4.909588,-4.868591
54.427278,NaN,NaN,NaN,NaN,-0.083467,-1.919190,2.078781,3.516909,-1.004504,-1.929887,-5.022442,-4.909550,-4.868992
54.439635,NaN,NaN,NaN,NaN,-0.083689,-1.919590,2.078674,3.520488,-1.000583,-1.926388,-5.022366,-4.909515,-4.869205
54.447269,NaN,NaN,NaN,NaN,-0.084098,-1.920406,2.078565,3.527650,-0.992777,-1.922887,-5.022221,-4.909435,-4.869423
54.458631,NaN,NaN,NaN,NaN,-0.084295,-1.920815,2.078455,3.531229,-0.988877,-1.919383,-5.022152,-4.909397,-4.869640
54.467930,NaN,NaN,NaN,NaN,-0.084489,-1.921226,2.078246,3.534808,-0.984980,-1.912379,-5.022079,-4.909363,-4.870083
54.478598,NaN,NaN,NaN,NaN,-0.084662,-1.922049,2.078146,3.538379,-0.977234,-1.908879,-5.022018,-4.909290,-4.870304
54.499300,NaN,NaN,NaN,NaN,-0.085159,-1.922876,2.077839,3.549089,-0.969498,-1.898364,-5.021843,-4.909206,-4.870953
54.508195,NaN,NaN,NaN,NaN,-0.085299,-1.923290,2.077759,3.552653,-0.965635,-1.894873,-5.021786,-4.909168,-4.871162
54.518547,NaN,NaN,NaN,NaN,-0.085436,-1.924129,2.077678,3.556217,-0.957955,-1.891380,-5.021736,-4.909096,-4.871376
54.527979,NaN,NaN,NaN,NaN,-0.085568,-1.924550,2.077594,3.559781,-0.954119,-1.887886,-5.021683,-4.909065,-4.871586
54.548214,NaN,NaN,NaN,NaN,-0.085940,-1.925413,2.077378,3.570470,-0.946482,-1.877405,-5.021534,-4.908993,-4.872219
54.558916,NaN,NaN,NaN,NaN,-0.086057,-1.926297,2.077309,3.574032,-0.938883,-1.873909,-5.021488,-4.908920,-4.872429
54.579424,NaN,NaN,NaN,NaN,-0.086169,-1.927190,2.077194,3.577594,-0.931324,-1.866908,-5.021439,-4.908836,-4.872829
54.587309,NaN,NaN,NaN,NaN,-0.086397,-1.927641,2.077147,3.584705,-0.927563,-1.863403,-5.021358,-4.908791,-4.873032
54.601689,NaN,NaN,NaN,NaN,-0.086611,-1.928092,2.077045,3.591815,-0.923803,-1.856386,-5.021282,-4.908745,-4.873436
54.608127,NaN,NaN,NaN,NaN,-0.086722,-1.928996,2.077000,3.595371,-0.916319,-1.852880,-5.021255,-4.908638,-4.873650
54.618727,NaN,NaN,NaN,NaN,-0.086935,-1.929451,2.076953,3.602482,-0.912594,-1.849372,-5.021206,-4.908573,-4.873863
54.627198,NaN,NaN,NaN,NaN,-0.087036,-1.929904,2.076852,3.606037,-0.908870,-1.842346,-5.021187,-4.908512,-4.874256
54.638836,NaN,NaN,NaN,NaN,-0.087135,-1.930815,2.076804,3.609592,-0.901452,-1.838839,-5.021172,-4.908386,-4.874470
54.658551,NaN,NaN,NaN,NaN,-0.087430,-1.931727,2.076700,3.620238,-0.894065,-1.831818,-5.021126,-4.908253,-4.874889
54.668269,NaN,NaN,NaN,NaN,-0.087522,-1.932182,2.076644,3.623786,-0.890373,-1.828304,-5.021114,-4.908169,-4.875095
54.678682,NaN,NaN,NaN,NaN,-0.087593,-1.932638,2.076532,3.627315,-0.886710,-1.821278,-5.021107,-4.908070,-4.875534
54.699877,NaN,NaN,NaN,NaN,-0.087725,-1.934005,2.076410,3.634373,-0.875726,-1.814241,-5.021080,-4.907787,-4.875980
54.709288,NaN,NaN,NaN,NaN,-0.087850,-1.934464,2.076274,3.641418,-0.872091,-1.807172,-5.021057,-4.907692,-4.876419
54.718593,NaN,NaN,NaN,NaN,-0.087911,-1.935380,2.076204,3.644935,-0.864824,-1.803633,-5.021053,-4.907509,-4.876637
54.727201,NaN,NaN,NaN,NaN,-0.087969,-1.935838,2.076131,3.648451,-0.861191,-1.800093,-5.021046,-4.907433,-4.876850
54.738914,NaN,NaN,NaN,NaN,-0.088087,-1.936303,2.076047,3.655483,-0.857580,-1.796531,-5.021034,-4.907341,-4.877052
54.748462,NaN,NaN,NaN,NaN,-0.088148,-1.936769,2.075874,3.658998,-0.853969,-1.789403,-5.021034,-4.907253,-4.877491
54.758579,NaN,NaN,NaN,NaN,-0.088207,-1.937697,2.075784,3.662514,-0.846750,-1.785835,-5.021038,-4.907085,-4.877705
54.767887,NaN,NaN,NaN,NaN,-0.088263,-1.938161,2.075693,3.666030,-0.843143,-1.782267,-5.021038,-4.907009,-4.877914
54.779168,NaN,NaN,NaN,NaN,-0.088406,-1.938638,2.075582,3.673045,-0.839554,-1.778682,-5.021042,-4.906918,-4.878105
54.787144,NaN,NaN,NaN,NaN,-0.088474,-1.939114,2.075357,3.676553,-0.835966,-1.771508,-5.021042,-4.906826,-4.878475
54.799076,NaN,NaN,NaN,NaN,-0.088618,-1.940063,2.075242,3.683553,-0.828793,-1.767917,-5.021046,-4.906658,-4.878654
54.818847,NaN,NaN,NaN,NaN,-0.088769,-1.941025,2.074961,3.690537,-0.821651,-1.760718,-5.021049,-4.906494,-4.878990
54.839451,NaN,NaN,NaN,NaN,-0.088914,-1.942459,2.074477,3.697505,-0.810958,-1.749896,-5.021057,-4.906269,-4.879440
54.858722,NaN,NaN,NaN,NaN,-0.089120,-1.943409,2.074078,3.707934,-0.803852,-1.742657,-5.021065,-4.906113,-4.879684
54.878643,NaN,NaN,NaN,NaN,-0.089233,-1.944830,2.073374,3.714853,-0.793208,-1.731773,-5.021084,-4.905891,-4.879997
54.899201,NaN,NaN,NaN,NaN,-0.089382,-1.945772,2.072870,3.725235,-0.786118,-1.724505,-5.021111,-4.905754,-4.880188
54.918586,NaN,NaN,NaN,NaN,-0.089445,-1.946714,2.071974,3.732128,-0.779037,-1.713637,-5.021145,-4.905609,-4.880390
54.928486,NaN,NaN,NaN,NaN,-0.089473,-1.947651,2.071677,3.735576,-0.771957,-1.710012,-5.021168,-4.905472,-4.880463
54.941022,NaN,NaN,NaN,NaN,-0.089518,-1.948126,2.071352,3.742468,-0.768426,-1.706395,-5.021214,-4.905403,-4.880512
54.948513,NaN,NaN,NaN,NaN,-0.089535,-1.948600,2.071029,3.745912,-0.764894,-1.702776,-5.021236,-4.905334,-4.880562
54.967986,NaN,NaN,NaN,NaN,-0.089564,-1.950023,2.070034,3.752804,-0.754309,-1.691922,-5.021282,-4.905136,-4.880692
54.978625,NaN,NaN,NaN,NaN,-0.089581,-1.950501,2.069685,3.759686,-0.750785,-1.688306,-5.021332,-4.905067,-4.880722
55.000083,NaN,NaN,NaN,NaN,-0.089587,-1.951449,2.068628,3.763128,-0.743737,-1.677466,-5.021351,-4.904934,-4.880802
55.008670,NaN,NaN,NaN,NaN,-0.089591,-1.952406,2.068267,3.766572,-0.736713,-1.673858,-5.021366,-4.904793,-4.880810
55.018655,NaN,NaN,NaN,NaN,-0.089567,-1.952881,2.067908,3.776873,-0.733201,-1.670249,-5.021435,-4.904728,-4.880821
55.038736,NaN,NaN,NaN,NaN,-0.089531,-1.954304,2.066824,3.783742,-0.722680,-1.659433,-5.021465,-4.904522,-4.880852
55.047785,NaN,NaN,NaN,NaN,-0.089504,-1.954781,2.066458,3.787177,-0.719185,-1.655837,-5.021465,-4.904457,-4.880836
55.059383,NaN,NaN,NaN,NaN,-0.089448,-1.955255,2.066093,3.794050,-0.715689,-1.652239,-5.021461,-4.904396,-4.880825
55.078547,NaN,NaN,NaN,NaN,-0.089375,-1.956687,2.064987,3.800921,-0.705232,-1.641467,-5.021465,-4.904236,-4.880756
55.087072,NaN,NaN,NaN,NaN,-0.089337,-1.957163,2.064617,3.804359,-0.701749,-1.637878,-5.021465,-4.904198,-4.880730
55.098872,NaN,NaN,NaN,NaN,-0.089262,-1.957637,2.064250,3.811229,-0.698265,-1.634287,-5.021469,-4.904160,-4.880703
55.118469,NaN,NaN,NaN,NaN,-0.089188,-1.959101,2.063095,3.818096,-0.687822,-1.623556,-5.021461,-4.904072,-4.880615
55.138707,NaN,NaN,NaN,NaN,-0.089071,-1.960079,2.062330,3.828377,-0.680855,-1.616405,-5.021431,-4.904026,-4.880554
55.147817,NaN,NaN,NaN,NaN,-0.089030,-1.960572,2.061571,3.831801,-0.677371,-1.609258,-5.021420,-4.904018,-4.880486
55.159274,NaN,NaN,NaN,NaN,-0.088988,-1.961547,2.061193,3.835228,-0.670398,-1.605682,-5.021404,-4.904015,-4.880455
55.178604,NaN,NaN,NaN,NaN,-0.088857,-1.962508,2.060437,3.845481,-0.663424,-1.598522,-5.021332,-4.903996,-4.880367
55.187144,NaN,NaN,NaN,NaN,-0.088810,-1.962984,2.060061,3.848897,-0.659936,-1.594939,-5.021305,-4.903992,-4.880329
55.199044,NaN,NaN,NaN,NaN,-0.088764,-1.963457,2.059290,3.852314,-0.656445,-1.587775,-5.021278,-4.903988,-4.880226
55.208207,NaN,NaN,NaN,NaN,-0.088715,-1.964389,2.058896,3.855721,-0.649456,-1.584194,-5.021236,-4.903938,-4.880165
55.218770,NaN,NaN,NaN,NaN,-0.088616,-1.964851,2.058503,3.862540,-0.645959,-1.580611,-5.021152,-4.903915,-4.880104
55.238629,NaN,NaN,NaN,NaN,-0.088565,-1.966222,2.057269,3.865954,-0.635456,-1.569878,-5.021107,-4.903797,-4.879910
55.247267,NaN,NaN,NaN,NaN,-0.088487,-1.966674,2.056851,3.872774,-0.631951,-1.566302,-5.021008,-4.903755,-4.879841
55.259452,NaN,NaN,NaN,NaN,-0.088406,-1.967123,2.056433,3.879605,-0.628446,-1.562724,-5.020912,-4.903713,-4.879780
55.268391,NaN,NaN,NaN,NaN,-0.088379,-1.967570,2.055523,3.883021,-0.624933,-1.555566,-5.020863,-4.903641,-4.879620
55.279181,NaN,NaN,NaN,NaN,-0.088351,-1.968456,2.055070,3.886440,-0.617906,-1.551985,-5.020817,-4.903500,-4.879547
55.298708,NaN,NaN,NaN,NaN,-0.088281,-1.969328,2.054171,3.896707,-0.610872,-1.544819,-5.020641,-4.903370,-4.879417
55.308729,NaN,NaN,NaN,NaN,-0.088269,-1.969773,2.053199,3.900131,-0.607360,-1.537634,-5.020580,-4.903290,-4.879257
55.319364,NaN,NaN,NaN,NaN,-0.088255,-1.970653,2.052716,3.903558,-0.600330,-1.534041,-5.020527,-4.903137,-4.879185
55.327996,NaN,NaN,NaN,NaN,-0.088240,-1.971089,2.052235,3.906988,-0.596812,-1.530447,-5.020470,-4.903080,-4.879116
55.348281,NaN,NaN,NaN,NaN,-0.088254,-1.971966,2.051227,3.913830,-0.589806,-1.523264,-5.020355,-4.902939,-4.878952
55.360574,NaN,NaN,NaN,NaN,-0.088262,-1.972830,2.050229,3.920682,-0.582793,-1.516076,-5.020210,-4.902809,-4.878796
55.368230,NaN,NaN,NaN,NaN,-0.088321,-1.973253,2.049717,3.927544,-0.579305,-1.512486,-5.020035,-4.902725,-4.878696
55.378740,NaN,NaN,NaN,NaN,-0.088348,-1.973674,2.049207,3.930979,-0.575816,-1.508895,-5.019951,-4.902641,-4.878601
55.387456,NaN,NaN,NaN,NaN,-0.088374,-1.974092,2.048195,3.934416,-0.572324,-1.501710,-5.019867,-4.902557,-4.878422
55.408667,NaN,NaN,NaN,NaN,-0.088419,-1.975301,2.047170,3.937863,-0.561872,-1.494512,-5.019760,-4.902271,-4.878220
55.418510,NaN,NaN,NaN,NaN,-0.088540,-1.975695,2.046662,3.948220,-0.558390,-1.490911,-5.019436,-4.902172,-4.878128
55.439797,NaN,NaN,NaN,NaN,-0.088634,-1.976821,2.045171,3.955141,-0.547931,-1.480092,-5.019211,-4.901844,-4.877815
55.460081,NaN,NaN,NaN,NaN,-0.088791,-1.977547,2.044197,3.965545,-0.540948,-1.472873,-5.018860,-4.901611,-4.877605
55.479625,NaN,NaN,NaN,NaN,-0.088957,-1.978232,2.042787,3.972483,-0.533967,-1.462026,-5.018585,-4.901310,-4.877167
55.499827,NaN,NaN,NaN,NaN,-0.089114,-1.979242,2.041853,3.979430,-0.523493,-1.454782,-5.018326,-4.900856,-4.876854
55.508199,NaN,NaN,NaN,NaN,-0.089319,-1.979572,2.040923,3.986384,-0.520005,-1.447526,-5.018040,-4.900696,-4.876518
55.518501,NaN,NaN,NaN,NaN,-0.089417,-1.980225,2.040462,3.989863,-0.513024,-1.443898,-5.017906,-4.900391,-4.876358
55.529355,NaN,NaN,NaN,NaN,-0.089513,-1.980568,2.039992,3.993344,-0.509528,-1.440263,-5.017769,-4.900219,-4.876163
55.539221,NaN,NaN,NaN,NaN,-0.089741,-1.980908,2.039524,4.000301,-0.506030,-1.436627,-5.017467,-4.900055,-4.875973
55.560136,NaN,NaN,NaN,NaN,-0.089958,-1.981915,2.038136,4.007266,-0.495524,-1.425718,-5.017185,-4.899590,-4.875446
55.567711,NaN,NaN,NaN,NaN,-0.090076,-1.982265,2.037660,4.010733,-0.492028,-1.422074,-5.017036,-4.899437,-4.875240
55.578517,NaN,NaN,NaN,NaN,-0.090304,-1.982612,2.037186,4.017674,-0.488531,-1.418431,-5.016750,-4.899288,-4.875038
55.598566,NaN,NaN,NaN,NaN,-0.090538,-1.983662,2.035787,4.024599,-0.478046,-1.407484,-5.016472,-4.898853,-4.874416
55.607757,NaN,NaN,NaN,NaN,-0.090658,-1.984025,2.035330,4.028052,-0.474561,-1.403824,-5.016331,-4.898705,-4.874199
55.619373,NaN,NaN,NaN,NaN,-0.090889,-1.984386,2.034423,4.034967,-0.471073,-1.396505,-5.016056,-4.898563,-4.873787
55.627550,NaN,NaN,NaN,NaN,-0.091016,-1.984744,2.033977,4.038421,-0.467583,-1.392840,-5.015907,-4.898422,-4.873573
55.638448,NaN,NaN,NaN,NaN,-0.091140,-1.985517,2.033534,4.041877,-0.460601,-1.389176,-5.015770,-4.898117,-4.873367
55.675673,NaN,NaN,NaN,NaN,-0.091380,-1.986274,2.032655,4.048797,-0.453610,-1.381848,-5.015495,-4.897831,-4.873005
55.682889,NaN,NaN,NaN,NaN,-0.091616,-1.986678,2.031760,4.055725,-0.450112,-1.374539,-5.015240,-4.897686,-4.872635
55.739706,NaN,NaN,NaN,NaN,-0.091730,-1.987078,2.030877,4.059192,-0.446612,-1.367231,-5.015118,-4.897549,-4.872295
55.750265,NaN,NaN,NaN,NaN,-0.092062,-1.988272,2.030427,4.069613,-0.436108,-1.363586,-5.014774,-4.897171,-4.872120
55.760150,NaN,NaN,NaN,NaN,-0.092173,-1.988672,2.029981,4.073095,-0.432607,-1.359942,-5.014675,-4.897053,-4.871971
55.770980,NaN,NaN,NaN,NaN,-0.092281,-1.989069,2.029098,4.076579,-0.429104,-1.352654,-5.014580,-4.896938,-4.871696
55.790255,NaN,NaN,NaN,NaN,-0.092489,-1.990252,2.028230,4.083560,-0.418587,-1.345394,-5.014397,-4.896599,-4.871422
55.798638,NaN,NaN,NaN,NaN,-0.092588,-1.990642,2.027374,4.087059,-0.415078,-1.338134,-5.014305,-4.896492,-4.871174
55.810526,NaN,NaN,NaN,NaN,-0.092778,-1.991427,2.026943,4.094060,-0.408048,-1.334510,-5.014141,-4.896271,-4.871052
55.829974,NaN,NaN,NaN,NaN,-0.093021,-1.992211,2.026088,4.104547,-0.401004,-1.327263,-5.013901,-4.896053,-4.870827
55.839988,NaN,NaN,NaN,NaN,-0.093097,-1.992998,2.025665,4.108046,-0.393941,-1.323640,-5.013828,-4.895836,-4.870724
55.849981,NaN,NaN,NaN,NaN,-0.093161,-1.993395,2.024820,4.111530,-0.390400,-1.316412,-5.013752,-4.895729,-4.870541
55.859007,NaN,NaN,NaN,NaN,-0.093223,-1.993787,2.024402,4.115016,-0.386858,-1.312798,-5.013683,-4.895615,-4.870453
55.870937,NaN,NaN,NaN,NaN,-0.093340,-1.994175,2.023986,4.121995,-0.383314,-1.309185,-5.013557,-4.895504,-4.870373
55.890193,NaN,NaN,NaN,NaN,-0.093413,-1.995332,2.022779,4.128957,-0.372651,-1.298339,-5.013454,-4.895176,-4.870190
55.898531,NaN,NaN,NaN,NaN,-0.093480,-1.995712,2.022386,4.135927,-0.369089,-1.294724,-5.013363,-4.895073,-4.870132
55.910317,NaN,NaN,NaN,NaN,-0.093513,-1.996087,2.021995,4.139405,-0.365527,-1.291109,-5.013306,-4.894974,-4.870079
55.929857,NaN,NaN,NaN,NaN,-0.093546,-1.997241,2.020883,4.142886,-0.354766,-1.280266,-5.013256,-4.894638,-4.869961
55.939457,NaN,NaN,NaN,NaN,-0.093606,-1.997616,2.020517,4.149855,-0.351177,-1.276653,-5.013172,-4.894539,-4.869919
55.950033,NaN,NaN,NaN,NaN,-0.093657,-1.998012,2.020162,4.156802,-0.347566,-1.273046,-5.013073,-4.894421,-4.869900
55.958923,NaN,NaN,NaN,NaN,-0.093680,-1.998404,2.019456,4.160280,-0.343955,-1.265833,-5.013027,-4.894306,-4.869877
55.971239,NaN,NaN,NaN,NaN,-0.093702,-1.999174,2.019106,4.163759,-0.336730,-1.262227,-5.012989,-4.894093,-4.869869
55.979460,NaN,NaN,NaN,NaN,-0.093748,-1.999580,2.018760,4.170677,-0.333094,-1.258641,-5.012878,-4.893974,-4.869896
55.991439,NaN,NaN,NaN,NaN,-0.093769,-1.999981,2.018416,4.174138,-0.329457,-1.255054,-5.012825,-4.893856,-4.869923
56.010210,NaN,NaN,NaN,NaN,-0.093804,-2.001174,2.017389,4.181068,-0.318527,-1.244315,-5.012733,-4.893509,-4.870041
56.018926,NaN,NaN,NaN,NaN,-0.093827,-2.001576,2.017046,4.187985,-0.314873,-1.240748,-5.012577,-4.893387,-4.870094
56.030000,NaN,NaN,NaN,NaN,-0.093835,-2.001973,2.016704,4.191446,-0.311217,-1.237180,-5.012501,-4.893269,-4.870152
56.038895,NaN,NaN,NaN,NaN,-0.093842,-2.002365,2.016365,4.194910,-0.307562,-1.233613,-5.012432,-4.893158,-4.870213
56.049925,NaN,NaN,NaN,NaN,-0.093839,-2.003158,2.015659,4.198371,-0.300246,-1.226506,-5.012337,-4.892914,-4.870373
56.059813,NaN,NaN,NaN,NaN,-0.093832,-2.003547,2.015308,4.205300,-0.296588,-1.222952,-5.012165,-4.892799,-4.870476
56.080300,NaN,NaN,NaN,NaN,-0.093821,-2.004335,2.014222,4.212224,-0.289263,-1.212327,-5.011978,-4.892567,-4.870796
56.099832,NaN,NaN,NaN,NaN,-0.093805,-2.005516,2.013492,4.219141,-0.278261,-1.205255,-5.011768,-4.892216,-4.871010
56.120436,NaN,NaN,NaN,NaN,-0.093797,-2.005919,2.013118,4.226058,-0.274589,-1.201752,-5.011551,-4.892082,-4.871113
56.130715,NaN,NaN,NaN,NaN,-0.093797,-2.006317,2.012376,4.229516,-0.270918,-1.194743,-5.011406,-4.891956,-4.871323
56.140123,NaN,NaN,NaN,NaN,-0.093796,-2.007099,2.012007,4.232974,-0.263574,-1.191238,-5.011265,-4.891716,-4.871426
56.166542,NaN,NaN,NaN,NaN,-0.093800,-2.007886,2.011268,4.243353,-0.256229,-1.184242,-5.010826,-4.891487,-4.871635
56.175913,NaN,NaN,NaN,NaN,-0.093801,-2.008287,2.010899,4.246816,-0.252556,-1.180752,-5.010681,-4.891369,-4.871738
56.195538,NaN,NaN,NaN,NaN,-0.093821,-2.009474,2.009785,4.253727,-0.241543,-1.170297,-5.010391,-4.891029,-4.872044
56.207365,NaN,NaN,NaN,NaN,-0.093857,-2.009870,2.009406,4.260630,-0.237875,-1.166823,-5.010105,-4.890919,-4.872143
56.214958,NaN,NaN,NaN,NaN,-0.093873,-2.010648,2.008653,4.264083,-0.230540,-1.159871,-5.009972,-4.890709,-4.872334
56.226519,NaN,NaN,NaN,NaN,-0.093912,-2.011043,2.008259,4.267540,-0.226874,-1.156405,-5.009819,-4.890598,-4.872402
56.246433,NaN,NaN,NaN,NaN,-0.094021,-2.011819,2.007477,4.277921,-0.219544,-1.149469,-5.009392,-4.890430,-4.872536
56.255774,NaN,NaN,NaN,NaN,-0.094081,-2.012201,2.006688,4.281385,-0.215880,-1.142550,-5.009212,-4.890350,-4.872612
56.276059,NaN,NaN,NaN,NaN,-0.094248,-2.013354,2.005894,4.291788,-0.204878,-1.135645,-5.008717,-4.890102,-4.872662
56.288477,NaN,NaN,NaN,NaN,-0.094301,-2.013728,2.005092,4.295259,-0.201213,-1.128766,-5.008564,-4.890026,-4.872700
56.295788,NaN,NaN,NaN,NaN,-0.094377,-2.014105,2.004685,4.298727,-0.197542,-1.125339,-5.008400,-4.889957,-4.872715
56.306348,NaN,NaN,NaN,NaN,-0.094450,-2.014845,2.004281,4.302197,-0.190201,-1.121911,-5.008244,-4.889839,-4.872730
56.326139,NaN,NaN,NaN,NaN,-0.094672,-2.015557,2.003462,4.312601,-0.182862,-1.115075,-5.007847,-4.889725,-4.872730
56.334654,NaN,NaN,NaN,NaN,-0.094751,-2.015900,2.002638,4.316061,-0.179193,-1.108258,-5.007725,-4.889671,-4.872726
56.348020,NaN,NaN,NaN,NaN,-0.094829,-2.016572,2.002230,4.319524,-0.171856,-1.104847,-5.007607,-4.889576,-4.872730
56.366438,NaN,NaN,NaN,NaN,-0.095079,-2.017199,2.001393,4.329904,-0.164520,-1.098074,-5.007256,-4.889481,-4.872742
56.376318,NaN,NaN,NaN,NaN,-0.095163,-2.017507,2.000567,4.333365,-0.160853,-1.091294,-5.007141,-4.889439,-4.872765
56.386981,NaN,NaN,NaN,NaN,-0.095245,-2.017809,2.000137,4.336828,-0.157186,-1.087922,-5.007038,-4.889400,-4.872780
56.406285,NaN,NaN,NaN,NaN,-0.095521,-2.018666,1.999286,4.347212,-0.146143,-1.081172,-5.006725,-4.889286,-4.872807
56.415144,NaN,NaN,NaN,NaN,-0.095609,-2.019218,1.998446,4.350677,-0.138785,-1.074414,-5.006638,-4.889267,-4.872833
56.426503,NaN,NaN,NaN,NaN,-0.095712,-2.019481,1.998000,4.354133,-0.135085,-1.071060,-5.006542,-4.889263,-4.872856
56.447063,NaN,NaN,NaN,NaN,-0.096006,-2.019997,1.996685,4.364510,-0.127686,-1.060985,-5.006268,-4.889259,-4.872936
56.455561,NaN,NaN,NaN,NaN,-0.096110,-2.020251,1.996233,4.367978,-0.123988,-1.057664,-5.006176,-4.889263,-4.872971
56.475459,NaN,NaN,NaN,NaN,-0.096211,-2.020948,1.995342,4.371447,-0.112857,-1.051016,-5.006088,-4.889267,-4.873039
56.486204,NaN,NaN,NaN,NaN,-0.096407,-2.021175,1.994902,4.378389,-0.109150,-1.047688,-5.005936,-4.889278,-4.873077
56.494939,NaN,NaN,NaN,NaN,-0.096584,-2.021395,1.993999,4.385351,-0.105429,-1.041067,-5.005787,-4.889294,-4.873169
56.507809,NaN,NaN,NaN,NaN,-0.096670,-2.021612,1.993554,4.388834,-0.101710,-1.037754,-5.005722,-4.889313,-4.873219
56.515332,NaN,NaN,NaN,NaN,-0.096754,-2.022039,1.993113,4.392317,-0.094275,-1.034440,-5.005669,-4.889355,-4.873268
56.536262,NaN,NaN,NaN,NaN,-0.096878,-2.022449,1.991769,4.399299,-0.086809,-1.024553,-5.005550,-4.889408,-4.873413
56.547590,NaN,NaN,NaN,NaN,-0.096994,-2.022649,1.991329,4.406281,-0.083077,-1.021255,-5.005455,-4.889439,-4.873463
56.556933,NaN,NaN,NaN,NaN,-0.097048,-2.023043,1.990894,4.409773,-0.075601,-1.017976,-5.005421,-4.889500,-4.873512
56.566429,NaN,NaN,NaN,NaN,-0.097150,-2.023237,1.990462,4.416746,-0.071856,-1.014696,-5.005333,-4.889526,-4.873562
56.586569,NaN,NaN,NaN,NaN,-0.097198,-2.023615,1.989184,4.420233,-0.064370,-1.004865,-5.005299,-4.889587,-4.873684
56.595955,NaN,NaN,NaN,NaN,-0.097303,-2.023997,1.988761,4.427201,-0.056881,-1.001596,-5.005234,-4.889641,-4.873707
56.606421,NaN,NaN,NaN,NaN,-0.097414,-2.024184,1.988342,4.434162,-0.053139,-0.998326,-5.005188,-4.889668,-4.873730
56.627384,NaN,NaN,NaN,NaN,-0.097528,-2.024745,1.987062,4.441106,-0.041899,-0.988526,-5.005112,-4.889721,-4.873775
56.635332,NaN,NaN,NaN,NaN,-0.097588,-2.024929,1.986635,4.444571,-0.038153,-0.985258,-5.005074,-4.889736,-4.873783
56.647365,NaN,NaN,NaN,NaN,-0.097702,-2.025109,1.986213,4.451504,-0.034409,-0.981990,-5.005016,-4.889751,-4.873791
56.666214,NaN,NaN,NaN,NaN,-0.097824,-2.025486,1.984904,4.458420,-0.026931,-0.972181,-5.004974,-4.889721,-4.873741
56.674961,NaN,NaN,NaN,NaN,-0.097883,-2.025850,1.984476,4.461880,-0.019461,-0.968908,-5.004967,-4.889694,-4.873734
56.687567,NaN,NaN,NaN,NaN,-0.098007,-2.026027,1.984052,4.468788,-0.015730,-0.965632,-5.004955,-4.889683,-4.873730
56.695037,NaN,NaN,NaN,NaN,-0.098073,-2.026208,1.983177,4.472238,-0.011998,-0.959084,-5.004959,-4.889660,-4.873672
56.706382,NaN,NaN,NaN,NaN,-0.098138,-2.026560,1.982745,4.475689,-0.004541,-0.955806,-5.004967,-4.889626,-4.873650
56.727072,NaN,NaN,NaN,NaN,-0.098355,-2.026908,1.981868,4.486012,0.002911,-0.949252,-5.005032,-4.889591,-4.873581
56.734929,NaN,NaN,NaN,NaN,-0.098429,-2.027083,1.980984,4.489450,0.006636,-0.942696,-5.005074,-4.889565,-4.873505
56.747360,NaN,NaN,NaN,NaN,-0.098501,-2.027424,1.980547,4.492890,0.014080,-0.939414,-5.005116,-4.889523,-4.873470
56.766397,NaN,NaN,NaN,NaN,-0.098769,-2.027757,1.979618,4.503163,0.021503,-0.932855,-5.005310,-4.889450,-4.873379
56.786442,NaN,NaN,NaN,NaN,-0.098951,-2.028077,1.978234,4.510005,0.028919,-0.922994,-5.005451,-4.889381,-4.873249
56.795557,NaN,NaN,NaN,NaN,-0.099140,-2.028379,1.977767,4.516839,0.036318,-0.919700,-5.005619,-4.889305,-4.873211
56.806807,NaN,NaN,NaN,NaN,-0.099231,-2.028526,1.977304,4.520260,0.040014,-0.916403,-5.005703,-4.889271,-4.873177
56.814732,NaN,NaN,NaN,NaN,-0.099321,-2.028670,1.976353,4.523683,0.043708,-0.909792,-5.005791,-4.889240,-4.873100
56.826517,NaN,NaN,NaN,NaN,-0.099421,-2.028953,1.975866,4.527103,0.051090,-0.906479,-5.005894,-4.889172,-4.873058
56.846713,NaN,NaN,NaN,NaN,-0.099519,-2.029226,1.974905,4.530526,0.058463,-0.899843,-5.006001,-4.889099,-4.872986
56.855370,NaN,NaN,NaN,NaN,-0.099810,-2.029373,1.973889,4.540811,0.062157,-0.893199,-5.006336,-4.889065,-4.872852
56.866586,NaN,NaN,NaN,NaN,-0.099908,-2.029658,1.973387,4.544246,0.069537,-0.889874,-5.006458,-4.889000,-4.872791
56.875240,NaN,NaN,NaN,NaN,-0.100098,-2.029796,1.972890,4.551123,0.073223,-0.886546,-5.006702,-4.888973,-4.872730
56.886241,NaN,NaN,NaN,NaN,-0.100185,-2.029954,1.972364,4.554566,0.076910,-0.883233,-5.006832,-4.888939,-4.872665
56.906786,NaN,NaN,NaN,NaN,-0.100355,-2.030411,1.970814,4.561459,0.087955,-0.873275,-5.007092,-4.888847,-4.872486
56.916339,NaN,NaN,NaN,NaN,-0.100502,-2.030576,1.970295,4.568357,0.091626,-0.869957,-5.007332,-4.888828,-4.872406
56.926484,NaN,NaN,NaN,NaN,-0.100565,-2.030738,1.969781,4.571807,0.095294,-0.866636,-5.007454,-4.888809,-4.872334
56.935970,NaN,NaN,NaN,NaN,-0.100627,-2.030898,1.969272,4.575260,0.098960,-0.863311,-5.007572,-4.888794,-4.872261
56.948090,NaN,NaN,NaN,NaN,-0.100687,-2.031208,1.968267,4.578715,0.106286,-0.856653,-5.007694,-4.888767,-4.872131
56.966525,NaN,NaN,NaN,NaN,-0.100804,-2.031573,1.967247,4.589067,0.113616,-0.849988,-5.008015,-4.888748,-4.871994
56.975196,NaN,NaN,NaN,NaN,-0.100842,-2.031926,1.966247,4.592524,0.120938,-0.843310,-5.008118,-4.888737,-4.871887
56.987141,NaN,NaN,NaN,NaN,-0.100861,-2.032144,1.965721,4.595968,0.124601,-0.839959,-5.008205,-4.888752,-4.871826
57.006260,NaN,NaN,NaN,NaN,-0.100915,-2.032568,1.964683,4.606318,0.131918,-0.833249,-5.008480,-4.888790,-4.871712
57.015750,NaN,NaN,NaN,NaN,-0.100909,-2.032776,1.964171,4.609768,0.135573,-0.829889,-5.008564,-4.888828,-4.871658
57.034974,NaN,NaN,NaN,NaN,-0.100895,-2.033517,1.962562,4.616676,0.146541,-0.819759,-5.008720,-4.888977,-4.871475
57.047909,NaN,NaN,NaN,NaN,-0.100869,-2.033756,1.962035,4.623593,0.150192,-0.816377,-5.008854,-4.889030,-4.871418
57.056001,NaN,NaN,NaN,NaN,-0.100849,-2.034037,1.961477,4.627055,0.153860,-0.812980,-5.008915,-4.889084,-4.871349
57.066338,NaN,NaN,NaN,NaN,-0.100830,-2.034586,1.960379,4.630519,0.161187,-0.806177,-5.008976,-4.889202,-4.871227
57.086208,NaN,NaN,NaN,NaN,-0.100753,-2.035153,1.959285,4.640918,0.168519,-0.799358,-5.009136,-4.889278,-4.871109
57.107954,NaN,NaN,NaN,NaN,-0.100637,-2.035737,1.957660,4.651325,0.175855,-0.789104,-5.009254,-4.889359,-4.870979
57.117859,NaN,NaN,NaN,NaN,-0.100592,-2.036333,1.957130,4.654795,0.183205,-0.785663,-5.009277,-4.889446,-4.870941
57.126339,NaN,NaN,NaN,NaN,-0.100547,-2.036639,1.956604,4.658266,0.186887,-0.782220,-5.009304,-4.889496,-4.870903
57.146408,NaN,NaN,NaN,NaN,-0.100503,-2.037551,1.955056,4.661740,0.197931,-0.771865,-5.009331,-4.889660,-4.870808
57.155571,NaN,NaN,NaN,NaN,-0.100460,-2.037860,1.954550,4.665216,0.201618,-0.768402,-5.009357,-4.889706,-4.870773
57.166853,NaN,NaN,NaN,NaN,-0.100296,-2.038165,1.953552,4.675664,0.205301,-0.761467,-5.009384,-4.889755,-4.870716
57.175985,NaN,NaN,NaN,NaN,-0.100243,-2.038771,1.953057,4.679151,0.212679,-0.757988,-5.009396,-4.889843,-4.870697
57.186317,NaN,NaN,NaN,NaN,-0.100177,-2.039073,1.952567,4.682631,0.216376,-0.754506,-5.009377,-4.889881,-4.870678
57.207258,NaN,NaN,NaN,NaN,-0.099987,-2.039664,1.951126,4.693079,0.223754,-0.744046,-5.009338,-4.889973,-4.870647
57.215394,NaN,NaN,NaN,NaN,-0.099920,-2.039954,1.950639,4.696571,0.227437,-0.740544,-5.009304,-4.890018,-4.870636
57.226378,NaN,NaN,NaN,NaN,-0.099855,-2.040548,1.950159,4.700065,0.234844,-0.737039,-5.009274,-4.890087,-4.870628
57.235359,NaN,NaN,NaN,NaN,-0.099725,-2.040839,1.949683,4.707060,0.238541,-0.733533,-5.009220,-4.890121,-4.870621
57.254932,NaN,NaN,NaN,NaN,-0.099617,-2.041421,1.948281,4.714065,0.245957,-0.722951,-5.009113,-4.890182,-4.870590
57.275167,NaN,NaN,NaN,NaN,-0.099565,-2.042278,1.947366,4.717570,0.257101,-0.715868,-5.009068,-4.890274,-4.870575
57.286285,NaN,NaN,NaN,NaN,-0.099442,-2.042563,1.946910,4.728066,0.260843,-0.712317,-5.008900,-4.890301,-4.870560
57.295100,NaN,NaN,NaN,NaN,-0.099406,-2.042844,1.946459,4.731563,0.264579,-0.708765,-5.008839,-4.890331,-4.870548
57.307275,NaN,NaN,NaN,NaN,-0.099338,-2.043394,1.945571,4.738547,0.272036,-0.701653,-5.008678,-4.890396,-4.870525
57.326743,NaN,NaN,NaN,NaN,-0.099276,-2.043925,1.944682,4.745524,0.279518,-0.694490,-5.008495,-4.890450,-4.870491
57.336311,NaN,NaN,NaN,NaN,-0.099245,-2.044184,1.944244,4.749015,0.283251,-0.690907,-5.008423,-4.890476,-4.870472
57.347305,NaN,NaN,NaN,NaN,-0.099214,-2.044708,1.943373,4.752508,0.290707,-0.683712,-5.008354,-4.890537,-4.870438
57.367399,NaN,NaN,NaN,NaN,-0.099140,-2.045234,1.942510,4.762951,0.298149,-0.676489,-5.008049,-4.890602,-4.870407
57.376514,NaN,NaN,NaN,NaN,-0.099115,-2.045491,1.941660,4.766436,0.301862,-0.669235,-5.007957,-4.890644,-4.870380
57.386380,NaN,NaN,NaN,NaN,-0.099106,-2.046033,1.941238,4.769909,0.309287,-0.665595,-5.007824,-4.890709,-4.870369
57.395281,NaN,NaN,NaN,NaN,-0.099097,-2.046296,1.940822,4.773384,0.312993,-0.661954,-5.007698,-4.890743,-4.870369
57.407454,NaN,NaN,NaN,NaN,-0.099078,-2.046555,1.940006,4.780341,0.316694,-0.654639,-5.007465,-4.890778,-4.870373
57.426645,NaN,NaN,NaN,NaN,-0.099051,-2.047335,1.939215,4.787257,0.327767,-0.647293,-5.007187,-4.890846,-4.870373
57.446585,NaN,NaN,NaN,NaN,-0.099024,-2.047848,1.938441,4.794179,0.335139,-0.639937,-5.006931,-4.890869,-4.870380
57.456303,NaN,NaN,NaN,NaN,-0.098953,-2.048106,1.937682,4.801055,0.338823,-0.632572,-5.006653,-4.890881,-4.870388
57.475578,NaN,NaN,NaN,NaN,-0.098918,-2.048852,1.936939,4.804496,0.349849,-0.625206,-5.006519,-4.890915,-4.870399
57.487043,NaN,NaN,NaN,NaN,-0.098764,-2.049109,1.936583,4.814789,0.353534,-0.621523,-5.006142,-4.890911,-4.870399
57.494938,NaN,NaN,NaN,NaN,-0.098706,-2.049362,1.936231,4.818218,0.357216,-0.617840,-5.006027,-4.890900,-4.870403
57.515458,NaN,NaN,NaN,NaN,-0.098512,-2.050099,1.935211,4.828492,0.368249,-0.606781,-5.005707,-4.890850,-4.870441
57.534979,NaN,NaN,NaN,NaN,-0.098378,-2.050803,1.934245,4.835346,0.379276,-0.595704,-5.005524,-4.890781,-4.870525
57.546684,NaN,NaN,NaN,NaN,-0.098281,-2.051030,1.933953,4.838773,0.382959,-0.591998,-5.005428,-4.890736,-4.870560
57.556136,NaN,NaN,NaN,NaN,-0.098089,-2.051252,1.933664,4.845634,0.386638,-0.588293,-5.005249,-4.890701,-4.870598
57.576631,NaN,NaN,NaN,NaN,-0.097995,-2.051682,1.933094,4.849067,0.393982,-0.580882,-5.005169,-4.890633,-4.870674
57.586284,NaN,NaN,NaN,NaN,-0.097767,-2.052117,1.932576,4.855946,0.401313,-0.573450,-5.005039,-4.890545,-4.870777
57.607754,NaN,NaN,NaN,NaN,-0.097434,-2.052533,1.932066,4.866280,0.408627,-0.566017,-5.004883,-4.890465,-4.870884
57.615022,NaN,NaN,NaN,NaN,-0.097309,-2.052736,1.931612,4.869726,0.412263,-0.558538,-5.004833,-4.890415,-4.871010
57.626263,NaN,NaN,NaN,NaN,-0.097186,-2.053128,1.931388,4.873173,0.419524,-0.554799,-5.004787,-4.890324,-4.871075
57.635419,NaN,NaN,NaN,NaN,-0.097064,-2.053317,1.931167,4.876623,0.423149,-0.551061,-5.004745,-4.890282,-4.871136
57.646275,NaN,NaN,NaN,NaN,-0.096804,-2.053511,1.930964,4.883531,0.426751,-0.547292,-5.004665,-4.890244,-4.871208
57.666950,NaN,NaN,NaN,NaN,-0.096531,-2.053885,1.930366,4.890450,0.433945,-0.535990,-5.004585,-4.890171,-4.871433
57.686334,NaN,NaN,NaN,NaN,-0.096396,-2.054424,1.930013,4.893912,0.444712,-0.528432,-5.004555,-4.890099,-4.871593
57.695155,NaN,NaN,NaN,NaN,-0.095972,-2.054597,1.929838,4.904319,0.448294,-0.524654,-5.004398,-4.890079,-4.871674
57.707924,NaN,NaN,NaN,NaN,-0.095834,-2.054765,1.929509,4.907792,0.451874,-0.517092,-5.004341,-4.890064,-4.871841
57.714990,NaN,NaN,NaN,NaN,-0.095695,-2.055095,1.929354,4.911276,0.459019,-0.513307,-5.004272,-4.890041,-4.871929
57.726565,NaN,NaN,NaN,NaN,-0.095420,-2.055253,1.929201,4.918250,0.462588,-0.509523,-5.004150,-4.890034,-4.872013
57.735832,NaN,NaN,NaN,NaN,-0.095284,-2.055407,1.928898,4.921740,0.466154,-0.501957,-5.004101,-4.890045,-4.872185
57.746638,NaN,NaN,NaN,NaN,-0.095144,-2.055557,1.928756,4.925253,0.469716,-0.498176,-5.004044,-4.890060,-4.872272
57.767503,NaN,NaN,NaN,NaN,-0.094735,-2.056007,1.928333,4.935802,0.480399,-0.486836,-5.003937,-4.890091,-4.872520
57.776613,NaN,NaN,NaN,NaN,-0.094590,-2.056149,1.928201,4.939356,0.483954,-0.483050,-5.003895,-4.890102,-4.872593
57.786273,NaN,NaN,NaN,NaN,-0.094446,-2.056297,1.928070,4.942911,0.487507,-0.479264,-5.003860,-4.890110,-4.872669
57.795211,NaN,NaN,NaN,NaN,-0.094303,-2.056581,1.927940,4.946467,0.494604,-0.475480,-5.003830,-4.890152,-4.872742
57.806471,NaN,NaN,NaN,NaN,-0.094015,-2.056716,1.927810,4.953610,0.498149,-0.471696,-5.003769,-4.890186,-4.872814
57.826256,NaN,NaN,NaN,NaN,-0.093725,-2.057058,1.927450,4.960783,0.508751,-0.460305,-5.003727,-4.890270,-4.873062
57.835230,NaN,NaN,NaN,NaN,-0.093583,-2.057164,1.927330,4.964371,0.512280,-0.456509,-5.003708,-4.890301,-4.873142
57.855862,NaN,NaN,NaN,NaN,-0.093310,-2.057339,1.926988,4.971603,0.519321,-0.445135,-5.003662,-4.890358,-4.873344
57.867353,NaN,NaN,NaN,NaN,-0.093040,-2.057422,1.926875,4.978837,0.522839,-0.441346,-5.003635,-4.890385,-4.873413
57.876563,NaN,NaN,NaN,NaN,-0.092906,-2.057579,1.926773,4.982456,0.529853,-0.437562,-5.003643,-4.890434,-4.873466
57.886746,NaN,NaN,NaN,NaN,-0.092616,-2.057655,1.926672,4.989727,0.533350,-0.433778,-5.003620,-4.890453,-4.873516
57.907447,NaN,NaN,NaN,NaN,-0.092331,-2.057869,1.926377,4.997002,0.543830,-0.422435,-5.003616,-4.890507,-4.873657
57.926116,NaN,NaN,NaN,NaN,-0.091918,-2.058009,1.926194,5.007981,0.550809,-0.414877,-5.003601,-4.890522,-4.873726
57.936580,NaN,NaN,NaN,NaN,-0.091781,-2.058074,1.926103,5.011642,0.554296,-0.411100,-5.003605,-4.890530,-4.873772
57.946297,NaN,NaN,NaN,NaN,-0.091642,-2.058151,1.925948,5.015309,0.557770,-0.403571,-5.003593,-4.890522,-4.873833
57.967308,NaN,NaN,NaN,NaN,-0.091228,-2.058358,1.925793,5.026316,0.568180,-0.396046,-5.003582,-4.890514,-4.873894
57.977037,NaN,NaN,NaN,NaN,-0.091078,-2.058412,1.925679,5.029989,0.571625,-0.388532,-5.003559,-4.890511,-4.873936
57.986187,NaN,NaN,NaN,NaN,-0.090927,-2.058509,1.925622,5.033661,0.578512,-0.384775,-5.003536,-4.890503,-4.873955
57.994898,NaN,NaN,NaN,NaN,-0.090778,-2.058553,1.925564,5.037334,0.581954,-0.381019,-5.003529,-4.890503,-4.873966
58.014395,NaN,NaN,NaN,NaN,-0.090454,-2.058626,1.925469,5.044694,0.588816,-0.373512,-5.003502,-4.890491,-4.873981
58.026223,NaN,NaN,NaN,NaN,-0.090109,-2.058684,1.925394,5.052068,0.595657,-0.366011,-5.003471,-4.890472,-4.873989
58.046288,NaN,NaN,NaN,NaN,-0.089563,-2.058724,1.925332,5.063156,0.602479,-0.358514,-5.003414,-4.890423,-4.873985
58.067546,NaN,NaN,NaN,NaN,-0.089376,-2.058751,1.925258,5.066856,0.612687,-0.347278,-5.003418,-4.890343,-4.873924
58.076211,NaN,NaN,NaN,NaN,-0.088811,-2.058769,1.925238,5.077983,0.616073,-0.343535,-5.003410,-4.890308,-4.873894
58.086849,NaN,NaN,NaN,NaN,-0.088623,-2.058785,1.925217,5.081697,0.619458,-0.339795,-5.003410,-4.890278,-4.873863
58.106305,NaN,NaN,NaN,NaN,-0.088436,-2.058806,1.925146,5.085410,0.626227,-0.328580,-5.003410,-4.890221,-4.873772
58.115753,NaN,NaN,NaN,NaN,-0.088064,-2.058841,1.925118,5.092859,0.632967,-0.324845,-5.003403,-4.890182,-4.873749
58.126537,NaN,NaN,NaN,NaN,-0.087697,-2.058853,1.925089,5.100308,0.636335,-0.321110,-5.003407,-4.890167,-4.873726
58.147335,NaN,NaN,NaN,NaN,-0.087346,-2.058896,1.924974,5.107753,0.646421,-0.309926,-5.003422,-4.890144,-4.873646
58.167977,NaN,NaN,NaN,NaN,-0.086845,-2.058917,1.924887,5.118917,0.653136,-0.302480,-5.003471,-4.890106,-4.873596
58.176188,NaN,NaN,NaN,NaN,-0.086675,-2.058921,1.924829,5.122633,0.656479,-0.298760,-5.003494,-4.890091,-4.873558
58.186209,NaN,NaN,NaN,NaN,-0.086508,-2.058919,1.924711,5.126350,0.663165,-0.291326,-5.003521,-4.890064,-4.873486
58.207606,NaN,NaN,NaN,NaN,-0.086003,-2.058903,1.924583,5.137494,0.669842,-0.283904,-5.003597,-4.890053,-4.873402
58.215882,NaN,NaN,NaN,NaN,-0.085831,-2.058888,1.924446,5.141205,0.673177,-0.276494,-5.003620,-4.890057,-4.873302
58.226125,NaN,NaN,NaN,NaN,-0.085660,-2.058851,1.924377,5.144916,0.679847,-0.272792,-5.003647,-4.890076,-4.873253
58.247029,NaN,NaN,NaN,NaN,-0.085138,-2.058836,1.924232,5.156024,0.686506,-0.265366,-5.003696,-4.890099,-4.873119
58.267371,NaN,NaN,NaN,NaN,-0.084793,-2.058794,1.924006,5.163422,0.696492,-0.254242,-5.003735,-4.890144,-4.872932
58.275739,NaN,NaN,NaN,NaN,-0.084618,-2.058792,1.923922,5.167113,0.699820,-0.250547,-5.003735,-4.890167,-4.872864
58.286117,NaN,NaN,NaN,NaN,-0.084275,-2.058788,1.923836,5.174495,0.703147,-0.246855,-5.003746,-4.890194,-4.872799
58.294929,NaN,NaN,NaN,NaN,-0.084105,-2.058771,1.923662,5.178185,0.709801,-0.239477,-5.003761,-4.890247,-4.872665
58.306281,NaN,NaN,NaN,NaN,-0.083937,-2.058769,1.923559,5.181880,0.713127,-0.235791,-5.003754,-4.890282,-4.872597
58.327699,NaN,NaN,NaN,NaN,-0.083441,-2.058758,1.923247,5.192963,0.719778,-0.224745,-5.003754,-4.890354,-4.872402
58.357446,NaN,NaN,NaN,NaN,-0.083277,-2.058725,1.923020,5.196663,0.726424,-0.217389,-5.003742,-4.890450,-4.872280
58.365801,NaN,NaN,NaN,NaN,-0.083115,-2.058671,1.922905,5.200362,0.733065,-0.213714,-5.003735,-4.890564,-4.872215
58.377797,NaN,NaN,NaN,NaN,-0.082626,-2.058640,1.922658,5.211469,0.736386,-0.206359,-5.003796,-4.890621,-4.872105
58.385100,NaN,NaN,NaN,NaN,-0.082460,-2.058599,1.922525,5.215178,0.739720,-0.202679,-5.003803,-4.890694,-4.872055
58.396347,NaN,NaN,NaN,NaN,-0.082295,-2.058509,1.922393,5.218885,0.746388,-0.199000,-5.003815,-4.890846,-4.872013
58.416163,NaN,NaN,NaN,NaN,-0.081972,-2.058416,1.922131,5.226299,0.753085,-0.191648,-5.003845,-4.890995,-4.871933
58.425495,NaN,NaN,NaN,NaN,-0.081815,-2.058369,1.921872,5.230012,0.756448,-0.184304,-5.003845,-4.891079,-4.871906
58.436857,NaN,NaN,NaN,NaN,-0.081505,-2.058320,1.921742,5.237436,0.759810,-0.180635,-5.003815,-4.891159,-4.871895
58.456263,NaN,NaN,NaN,NaN,-0.081049,-2.058177,1.921517,5.248571,0.769945,-0.173286,-5.003769,-4.891411,-4.871902
58.465313,NaN,NaN,NaN,NaN,-0.080900,-2.058127,1.921404,5.252281,0.773330,-0.169615,-5.003757,-4.891510,-4.871906
58.485195,NaN,NaN,NaN,NaN,-0.080752,-2.058000,1.921121,5.255990,0.783536,-0.158597,-5.003750,-4.891796,-4.871925
58.496159,NaN,NaN,NaN,NaN,-0.080305,-2.057959,1.921035,5.267122,0.786945,-0.154926,-5.003662,-4.891891,-4.871937
58.505344,NaN,NaN,NaN,NaN,-0.080159,-2.057916,1.920893,5.270831,0.790354,-0.147575,-5.003643,-4.891987,-4.871948
58.516612,NaN,NaN,NaN,NaN,-0.079988,-2.057827,1.920838,5.274541,0.797213,-0.143896,-5.003616,-4.892159,-4.871952
58.538079,NaN,NaN,NaN,NaN,-0.079489,-2.057728,1.920667,5.285664,0.804067,-0.132874,-5.003567,-4.892326,-4.871967
58.556870,NaN,NaN,NaN,NaN,-0.079141,-2.057569,1.920581,5.293088,0.814366,-0.125525,-5.003517,-4.892574,-4.871941
58.565396,NaN,NaN,NaN,NaN,-0.078969,-2.057514,1.920537,5.296797,0.817801,-0.121854,-5.003498,-4.892654,-4.871933
58.576377,NaN,NaN,NaN,NaN,-0.078606,-2.057457,1.920491,5.304221,0.821236,-0.118185,-5.003468,-4.892735,-4.871925
58.585674,NaN,NaN,NaN,NaN,-0.078415,-2.057411,1.920394,5.307936,0.824677,-0.110825,-5.003456,-4.892799,-4.871880
58.596089,NaN,NaN,NaN,NaN,-0.078225,-2.057312,1.920343,5.311648,0.831557,-0.107148,-5.003445,-4.892933,-4.871861
58.605373,NaN,NaN,NaN,NaN,-0.078037,-2.057260,1.920292,5.315360,0.834995,-0.103474,-5.003418,-4.892998,-4.871834
58.625307,NaN,NaN,NaN,NaN,-0.077414,-2.057144,1.920103,5.326540,0.841874,-0.092411,-5.003368,-4.893124,-4.871777
58.636976,NaN,NaN,NaN,NaN,-0.077211,-2.057084,1.920039,5.330263,0.845311,-0.088729,-5.003357,-4.893185,-4.871765
58.656713,NaN,NaN,NaN,NaN,-0.076796,-2.056894,1.919919,5.337713,0.855614,-0.081343,-5.003376,-4.893349,-4.871754
58.664941,NaN,NaN,NaN,NaN,-0.076592,-2.056827,1.919858,5.341435,0.859046,-0.077654,-5.003391,-4.893402,-4.871750
58.676586,NaN,NaN,NaN,NaN,-0.076190,-2.056698,1.919735,5.348872,0.865920,-0.070256,-5.003441,-4.893490,-4.871758
58.696145,NaN,NaN,NaN,NaN,-0.075556,-2.056574,1.919610,5.360051,0.872804,-0.062840,-5.003551,-4.893566,-4.871780
58.706250,NaN,NaN,NaN,NaN,-0.075350,-2.056510,1.919484,5.363773,0.876244,-0.055411,-5.003593,-4.893608,-4.871822
58.716349,NaN,NaN,NaN,NaN,-0.075162,-2.056419,1.919421,5.367517,0.883147,-0.051689,-5.003632,-4.893665,-4.871845
58.737267,NaN,NaN,NaN,NaN,-0.074607,-2.056320,1.919292,5.378734,0.890046,-0.044253,-5.003777,-4.893719,-4.871914
58.746724,NaN,NaN,NaN,NaN,-0.074442,-2.056292,1.919136,5.382481,0.893509,-0.036765,-5.003822,-4.893730,-4.871986
58.757077,NaN,NaN,NaN,NaN,-0.074279,-2.056227,1.919057,5.386225,0.900432,-0.033025,-5.003868,-4.893749,-4.872025
58.776316,NaN,NaN,NaN,NaN,-0.073957,-2.056170,1.918905,5.393706,0.907364,-0.025540,-5.003971,-4.893734,-4.872101
58.785079,NaN,NaN,NaN,NaN,-0.073649,-2.056147,1.918758,5.401202,0.910836,-0.018051,-5.004051,-4.893719,-4.872196
58.796776,NaN,NaN,NaN,NaN,-0.073498,-2.056092,1.918683,5.404946,0.917773,-0.014311,-5.004089,-4.893696,-4.872246
58.804915,NaN,NaN,NaN,NaN,-0.073348,-2.056061,1.918609,5.408688,0.921241,-0.010574,-5.004131,-4.893684,-4.872295
58.816321,NaN,NaN,NaN,NaN,-0.073079,-2.056042,1.918552,5.416216,0.924713,-0.006830,-5.004211,-4.893665,-4.872337
58.825880,NaN,NaN,NaN,NaN,-0.072946,-2.056020,1.918495,5.419975,0.928184,-0.003090,-5.004253,-4.893635,-4.872383
58.837986,NaN,NaN,NaN,NaN,-0.072814,-2.055969,1.918379,5.423732,0.935122,0.004382,-5.004299,-4.893581,-4.872475
58.856429,NaN,NaN,NaN,NaN,-0.072463,-2.055926,1.918303,5.435028,0.942079,0.011869,-5.004421,-4.893517,-4.872555
58.876272,NaN,NaN,NaN,NaN,-0.072243,-2.055832,1.918204,5.442544,0.952502,0.023077,-5.004513,-4.893421,-4.872681
58.896143,NaN,NaN,NaN,NaN,-0.071931,-2.055747,1.918159,5.453799,0.959447,0.030537,-5.004665,-4.893360,-4.872765
58.906138,NaN,NaN,NaN,NaN,-0.071838,-2.055653,1.918137,5.457547,0.966401,0.037987,-5.004700,-4.893307,-4.872826
58.916461,NaN,NaN,NaN,NaN,-0.071746,-2.055602,1.918137,5.461292,0.969883,0.041708,-5.004742,-4.893284,-4.872852
58.925925,NaN,NaN,NaN,NaN,-0.071564,-2.055550,1.918135,5.468775,0.973364,0.045425,-5.004826,-4.893265,-4.872879
58.938673,NaN,NaN,NaN,NaN,-0.071475,-2.055496,1.918133,5.472513,0.976844,0.049140,-5.004871,-4.893246,-4.872910
58.956551,NaN,NaN,NaN,NaN,-0.071312,-2.055272,1.918184,5.480003,0.987326,0.060244,-5.004971,-4.893177,-4.872986
58.976594,NaN,NaN,NaN,NaN,-0.071083,-2.055112,1.918244,5.491238,0.994323,0.067637,-5.005157,-4.893127,-4.873016
58.986508,NaN,NaN,NaN,NaN,-0.071014,-2.055030,1.918332,5.494990,0.997827,0.075023,-5.005219,-4.893097,-4.873035
58.996702,NaN,NaN,NaN,NaN,-0.070946,-2.054860,1.918374,5.498738,1.004829,0.078712,-5.005280,-4.893047,-4.873051
59.006212,NaN,NaN,NaN,NaN,-0.070879,-2.054772,1.918443,5.502484,1.008337,0.082392,-5.005344,-4.893013,-4.873039
59.016657,NaN,NaN,NaN,NaN,-0.070749,-2.054683,1.918510,5.509999,1.011844,0.086068,-5.005444,-4.892979,-4.873028
59.025049,NaN,NaN,NaN,NaN,-0.070686,-2.054592,1.918639,5.513752,1.015349,0.093413,-5.005489,-4.892948,-4.873001
59.037498,NaN,NaN,NaN,NaN,-0.070624,-2.054499,1.918706,5.517503,1.018852,0.097087,-5.005539,-4.892918,-4.872971
59.056325,NaN,NaN,NaN,NaN,-0.070409,-2.054170,1.918835,5.528720,1.029369,0.104429,-5.005669,-4.892799,-4.872913
59.077776,NaN,NaN,NaN,NaN,-0.070276,-2.053824,1.919030,5.536184,1.039875,0.115417,-5.005760,-4.892685,-4.872826
59.085503,NaN,NaN,NaN,NaN,-0.070213,-2.053701,1.919100,5.539912,1.043376,0.119074,-5.005798,-4.892639,-4.872791
59.097417,NaN,NaN,NaN,NaN,-0.070089,-2.053578,1.919168,5.547360,1.046876,0.122728,-5.005882,-4.892593,-4.872761
59.106363,NaN,NaN,NaN,NaN,-0.070035,-2.053454,1.919236,5.551069,1.050374,0.126380,-5.005920,-4.892551,-4.872730
59.116377,NaN,NaN,NaN,NaN,-0.069982,-2.053206,1.919349,5.554776,1.057370,0.133668,-5.005962,-4.892414,-4.872635
59.136643,NaN,NaN,NaN,NaN,-0.069835,-2.052959,1.919458,5.565878,1.064360,0.140944,-5.006088,-4.892262,-4.872551
59.145326,NaN,NaN,NaN,NaN,-0.069795,-2.052844,1.919511,5.569571,1.067837,0.144581,-5.006145,-4.892162,-4.872517
59.156395,NaN,NaN,NaN,NaN,-0.069755,-2.052611,1.919613,5.573262,1.074790,0.151846,-5.006210,-4.891975,-4.872452
59.176493,NaN,NaN,NaN,NaN,-0.069717,-2.052384,1.919718,5.576950,1.081724,0.159095,-5.006271,-4.891785,-4.872391
59.185107,NaN,NaN,NaN,NaN,-0.069670,-2.052274,1.919826,5.587978,1.085184,0.166329,-5.006474,-4.891678,-4.872334
59.197077,NaN,NaN,NaN,NaN,-0.069654,-2.052163,1.919879,5.591650,1.088642,0.169943,-5.006546,-4.891579,-4.872307
59.216195,NaN,NaN,NaN,NaN,-0.069665,-2.051848,1.919986,5.602652,1.099023,0.177158,-5.006756,-4.891258,-4.872231
59.236379,NaN,NaN,NaN,NaN,-0.069691,-2.051548,1.920135,5.609976,1.109410,0.187964,-5.006901,-4.890938,-4.872124
59.244821,NaN,NaN,NaN,NaN,-0.069757,-2.051454,1.920182,5.617269,1.112875,0.191563,-5.007046,-4.890831,-4.872089
59.257200,NaN,NaN,NaN,NaN,-0.069790,-2.051359,1.920228,5.620913,1.116339,0.195159,-5.007118,-4.890724,-4.872059
59.265258,NaN,NaN,NaN,NaN,-0.069824,-2.051264,1.920273,5.624556,1.119802,0.198753,-5.007191,-4.890625,-4.872028
59.276309,NaN,NaN,NaN,NaN,-0.069884,-2.051091,1.920347,5.628191,1.126718,0.205967,-5.007267,-4.890404,-4.871933
59.284976,NaN,NaN,NaN,NaN,-0.069944,-2.051003,1.920382,5.631825,1.130174,0.209570,-5.007343,-4.890301,-4.871891
59.296906,NaN,NaN,NaN,NaN,-0.070063,-2.050914,1.920417,5.639089,1.133630,0.213172,-5.007496,-4.890202,-4.871849
59.305429,NaN,NaN,NaN,NaN,-0.070149,-2.050828,1.920477,5.642703,1.137081,0.220388,-5.007580,-4.890079,-4.871754
59.316449,NaN,NaN,NaN,NaN,-0.070234,-2.050651,1.920505,5.646317,1.143981,0.223992,-5.007660,-4.889854,-4.871716
59.326295,NaN,NaN,NaN,NaN,-0.070319,-2.050562,1.920533,5.649930,1.147429,0.227594,-5.007740,-4.889744,-4.871658
59.338279,NaN,NaN,NaN,NaN,-0.070519,-2.050471,1.920605,5.657137,1.150878,0.234784,-5.007889,-4.889641,-4.871552
59.345768,NaN,NaN,NaN,NaN,-0.070633,-2.050393,1.920649,5.660732,1.154332,0.238373,-5.007961,-4.889526,-4.871498
59.365750,NaN,NaN,NaN,NaN,-0.070860,-2.050232,1.920732,5.667921,1.161238,0.245544,-5.008106,-4.889313,-4.871399
59.376302,NaN,NaN,NaN,NaN,-0.071082,-2.050076,1.920796,5.675080,1.168152,0.249147,-5.008263,-4.889130,-4.871330
59.410332,NaN,NaN,NaN,NaN,-0.071299,-2.049926,1.920974,5.682237,1.175076,0.259946,-5.008419,-4.888958,-4.871128
59.429488,NaN,NaN,NaN,NaN,-0.071597,-2.049684,1.921149,5.692911,1.185471,0.267182,-5.008659,-4.888687,-4.870949
59.438224,NaN,NaN,NaN,NaN,-0.071695,-2.049600,1.921315,5.696469,1.188937,0.274409,-5.008739,-4.888599,-4.870785
59.449506,NaN,NaN,NaN,NaN,-0.071791,-2.049515,1.921423,5.700014,1.192404,0.278039,-5.008831,-4.888515,-4.870667
59.458744,NaN,NaN,NaN,NaN,-0.071981,-2.049323,1.921529,5.707103,1.199363,0.281669,-5.008995,-4.888317,-4.870560
59.469181,NaN,NaN,NaN,NaN,-0.072075,-2.049225,1.921632,5.710648,1.202842,0.285296,-5.009075,-4.888226,-4.870457
59.478722,NaN,NaN,NaN,NaN,-0.072167,-2.049127,1.921862,5.714193,1.206321,0.292559,-5.009159,-4.888134,-4.870220
59.497848,NaN,NaN,NaN,NaN,-0.072341,-2.048785,1.922110,5.721298,1.216823,0.299828,-5.009315,-4.887859,-4.869961
59.510777,NaN,NaN,NaN,NaN,-0.072427,-2.048670,1.922231,5.724851,1.220322,0.303459,-5.009396,-4.887787,-4.869839
59.518115,NaN,NaN,NaN,NaN,-0.072587,-2.048533,1.922498,5.731956,1.223848,0.310733,-5.009556,-4.887718,-4.869583
59.529142,NaN,NaN,NaN,NaN,-0.072662,-2.048260,1.922627,5.735507,1.230897,0.314366,-5.009640,-4.887585,-4.869461
59.549563,NaN,NaN,NaN,NaN,-0.072878,-2.047973,1.922890,5.746162,1.237977,0.321633,-5.009880,-4.887459,-4.869198
59.560350,NaN,NaN,NaN,NaN,-0.072946,-2.047824,1.923154,5.749714,1.241532,0.328897,-5.009949,-4.887371,-4.868919
59.569123,NaN,NaN,NaN,NaN,-0.073013,-2.047525,1.923281,5.753265,1.248640,0.332527,-5.010021,-4.887215,-4.868786
59.578645,NaN,NaN,NaN,NaN,-0.073078,-2.047350,1.923423,5.756815,1.252217,0.336159,-5.010098,-4.887135,-4.868633
59.589687,NaN,NaN,NaN,NaN,-0.073205,-2.047175,1.923562,5.763888,1.255794,0.339790,-5.010227,-4.887058,-4.868488
59.598105,NaN,NaN,NaN,NaN,-0.073267,-2.047001,1.923830,5.767425,1.259369,0.347044,-5.010292,-4.886986,-4.868210
59.610216,NaN,NaN,NaN,NaN,-0.073329,-2.046653,1.923960,5.770961,1.266518,0.350667,-5.010357,-4.886852,-4.868076
59.618599,NaN,NaN,NaN,NaN,-0.073391,-2.046457,1.924094,5.774495,1.270121,0.354290,-5.010418,-4.886757,-4.867924
59.629162,NaN,NaN,NaN,NaN,-0.073511,-2.046262,1.924225,5.781562,1.273722,0.357912,-5.010540,-4.886669,-4.867775
59.638053,NaN,NaN,NaN,NaN,-0.073570,-2.045873,1.924477,5.785096,1.280922,0.365149,-5.010609,-4.886505,-4.867516
59.649268,NaN,NaN,NaN,NaN,-0.073639,-2.045657,1.924607,5.788623,1.284548,0.368757,-5.010677,-4.886398,-4.867371
59.670030,NaN,NaN,NaN,NaN,-0.073839,-2.045228,1.924979,5.799205,1.291795,0.379571,-5.010891,-4.886196,-4.866974
59.678303,NaN,NaN,NaN,NaN,-0.073900,-2.045014,1.925089,5.802730,1.295417,0.383149,-5.010960,-4.886116,-4.866821
59.698175,NaN,NaN,NaN,NaN,-0.073961,-2.044297,1.925301,5.806254,1.306397,0.390300,-5.011032,-4.885838,-4.866528
59.710110,NaN,NaN,NaN,NaN,-0.074130,-2.044060,1.925401,5.816816,1.310054,0.393873,-5.011295,-4.885754,-4.866386
59.729391,NaN,NaN,NaN,NaN,-0.074226,-2.043271,1.925647,5.823841,1.321117,0.404520,-5.011467,-4.885452,-4.865917
59.749441,NaN,NaN,NaN,NaN,-0.074272,-2.042727,1.925786,5.827353,1.328514,0.411616,-5.011551,-4.885216,-4.865601
59.759678,NaN,NaN,NaN,NaN,-0.074355,-2.042446,1.925904,5.834364,1.332224,0.418711,-5.011734,-4.885090,-4.865265
59.770975,NaN,NaN,NaN,NaN,-0.074463,-2.042167,1.925960,5.844861,1.335932,0.422257,-5.012005,-4.884975,-4.865105
59.789321,NaN,NaN,NaN,NaN,-0.074519,-2.041288,1.926056,5.851854,1.347100,0.429343,-5.012207,-4.884605,-4.864735
59.810571,NaN,NaN,NaN,NaN,-0.074569,-2.040387,1.926183,5.858850,1.358307,0.439962,-5.012405,-4.884254,-4.864185
59.829264,NaN,NaN,NaN,NaN,-0.074619,-2.039780,1.926259,5.869317,1.365806,0.447037,-5.012699,-4.884010,-4.863792
59.839437,NaN,NaN,NaN,NaN,-0.074633,-2.039480,1.926293,5.872807,1.369550,0.450572,-5.012794,-4.883900,-4.863605
59.849381,NaN,NaN,NaN,NaN,-0.074640,-2.038872,1.926340,5.876293,1.377084,0.457625,-5.012897,-4.883629,-4.863171
59.870243,NaN,NaN,NaN,NaN,-0.074645,-2.038271,1.926378,5.879780,1.384604,0.464671,-5.013000,-4.883358,-4.862770
59.879959,NaN,NaN,NaN,NaN,-0.074663,-2.037973,1.926401,5.890241,1.388361,0.471707,-5.013309,-4.883232,-4.862381
59.890747,NaN,NaN,NaN,NaN,-0.074672,-2.037389,1.926406,5.893728,1.395907,0.475220,-5.013412,-4.882942,-4.862179
59.897768,NaN,NaN,NaN,NaN,-0.074680,-2.037099,1.926409,5.897215,1.399676,0.478731,-5.013515,-4.882805,-4.861980
59.909544,NaN,NaN,NaN,NaN,-0.074691,-2.036813,1.926411,5.904199,1.403441,0.482240,-5.013725,-4.882675,-4.861794
59.918522,NaN,NaN,NaN,NaN,-0.074695,-2.036525,1.926377,5.907695,1.407216,0.489213,-5.013832,-4.882507,-4.861351
59.929152,NaN,NaN,NaN,NaN,-0.074697,-2.035957,1.926358,5.911191,1.414755,0.492698,-5.013939,-4.882195,-4.861145
59.940158,NaN,NaN,NaN,NaN,-0.074698,-2.035676,1.926337,5.914688,1.418519,0.496181,-5.014046,-4.882050,-4.860939
59.949430,NaN,NaN,NaN,NaN,-0.074685,-2.035398,1.926299,5.921691,1.422292,0.499644,-5.014294,-4.881882,-4.860703
59.958250,NaN,NaN,NaN,NaN,-0.074677,-2.035122,1.926219,5.925193,1.426061,0.506567,-5.014416,-4.881721,-4.860256
59.970257,NaN,NaN,NaN,NaN,-0.074668,-2.034848,1.926178,5.928695,1.429827,0.510027,-5.014538,-4.881569,-4.860043
59.989222,NaN,NaN,NaN,NaN,-0.074638,-2.034042,1.926070,5.939254,1.441117,0.516922,-5.014923,-4.881104,-4.859592
59.997943,NaN,NaN,NaN,NaN,-0.074626,-2.033777,1.925958,5.942773,1.444875,0.523814,-5.015041,-4.880955,-4.859165
60.009457,NaN,NaN,NaN,NaN,-0.074612,-2.033261,1.925878,5.946293,1.452384,0.527241,-5.015160,-4.880657,-4.858936
60.018131,NaN,NaN,NaN,NaN,-0.074604,-2.033009,1.925798,5.949833,1.456134,0.530668,-5.015285,-4.880508,-4.858719
60.029267,NaN,NaN,NaN,NaN,-0.074585,-2.032759,1.925717,5.956912,1.459880,0.534093,-5.015526,-4.880367,-4.858513
60.049174,NaN,NaN,NaN,NaN,-0.074563,-2.032264,1.925416,5.964002,1.467381,0.544312,-5.015759,-4.880074,-4.857887
60.058295,NaN,NaN,NaN,NaN,-0.074537,-2.031777,1.925305,5.971104,1.474887,0.547708,-5.015972,-4.879776,-4.857670
60.070529,NaN,NaN,NaN,NaN,-0.074522,-2.031535,1.925195,5.974654,1.478635,0.551103,-5.016079,-4.879639,-4.857460
60.078376,NaN,NaN,NaN,NaN,-0.074509,-2.031300,1.924918,5.978212,1.482403,0.557825,-5.016178,-4.879482,-4.856995
60.089335,NaN,NaN,NaN,NaN,-0.074496,-2.030836,1.924782,5.981769,1.489926,0.561187,-5.016277,-4.879185,-4.856773
60.097924,NaN,NaN,NaN,NaN,-0.074482,-2.030607,1.924645,5.985326,1.493682,0.564548,-5.016376,-4.879036,-4.856564
60.109529,NaN,NaN,NaN,NaN,-0.074443,-2.030382,1.924487,5.992456,1.497452,0.567871,-5.016563,-4.878872,-4.856331
60.118856,NaN,NaN,NaN,NaN,-0.074418,-2.030161,1.924331,5.996030,1.501218,0.571195,-5.016651,-4.878716,-4.856125
60.129329,NaN,NaN,NaN,NaN,-0.074393,-2.029723,1.924021,5.999603,1.508739,0.577843,-5.016735,-4.878426,-4.855736
60.149448,NaN,NaN,NaN,NaN,-0.074313,-2.029292,1.923690,6.010381,1.516252,0.584452,-5.016975,-4.878139,-4.855366
60.160387,NaN,NaN,NaN,NaN,-0.074284,-2.029078,1.923340,6.013982,1.520007,0.591022,-5.017052,-4.878002,-4.855011
60.179570,NaN,NaN,NaN,NaN,-0.074179,-2.028449,1.922965,6.024857,1.531242,0.597574,-5.017281,-4.877605,-4.854687
60.189627,NaN,NaN,NaN,NaN,-0.074140,-2.028243,1.922765,6.028491,1.534976,0.600840,-5.017353,-4.877476,-4.854538
60.209807,NaN,NaN,NaN,NaN,-0.074065,-2.027631,1.922150,6.035797,1.546152,0.610633,-5.017494,-4.877113,-4.854115
60.219014,NaN,NaN,NaN,NaN,-0.073990,-2.027430,1.921931,6.043135,1.549869,0.613892,-5.017628,-4.877003,-4.853985
60.229149,NaN,NaN,NaN,NaN,-0.073952,-2.027230,1.921716,6.046801,1.553582,0.617153,-5.017693,-4.876900,-4.853859
60.249576,NaN,NaN,NaN,NaN,-0.073858,-2.026639,1.921000,6.054210,1.564709,0.626935,-5.017807,-4.876595,-4.853493
60.258172,NaN,NaN,NaN,NaN,-0.073760,-2.026446,1.920754,6.061610,1.568413,0.630197,-5.017914,-4.876499,-4.853378
60.278394,NaN,NaN,NaN,NaN,-0.073658,-2.026065,1.920229,6.069045,1.575809,0.636726,-5.018009,-4.876301,-4.853157
60.298273,NaN,NaN,NaN,NaN,-0.073498,-2.025877,1.919407,6.080244,1.579502,0.646534,-5.018116,-4.876198,-4.852879
60.309701,NaN,NaN,NaN,NaN,-0.073454,-2.025326,1.919105,6.084011,1.590541,0.649807,-5.018135,-4.875908,-4.852802
60.318370,NaN,NaN,NaN,NaN,-0.073410,-2.025144,1.918807,6.087774,1.594201,0.653081,-5.018154,-4.875809,-4.852734
60.338587,NaN,NaN,NaN,NaN,-0.073320,-2.024607,1.917900,6.095292,1.605144,0.662913,-5.018196,-4.875561,-4.852543
60.350387,NaN,NaN,NaN,NaN,-0.073257,-2.024427,1.917580,6.102851,1.608774,0.666192,-5.018211,-4.875488,-4.852482
60.370569,NaN,NaN,NaN,NaN,-0.073190,-2.023888,1.916626,6.110399,1.619639,0.676043,-5.018246,-4.875298,-4.852280
60.389388,NaN,NaN,NaN,NaN,-0.073104,-2.023523,1.915985,6.121768,1.626859,0.682619,-5.018288,-4.875183,-4.852142
60.397936,NaN,NaN,NaN,NaN,-0.073073,-2.023344,1.915365,6.125552,1.630465,0.689201,-5.018299,-4.875122,-4.852024
60.409595,NaN,NaN,NaN,NaN,-0.073047,-2.022987,1.915046,6.129350,1.637660,0.692497,-5.018311,-4.875004,-4.851959
60.429994,NaN,NaN,NaN,NaN,-0.072963,-2.022635,1.914124,6.140725,1.644837,0.702396,-5.018318,-4.874893,-4.851826
60.438409,NaN,NaN,NaN,NaN,-0.072949,-2.022462,1.913797,6.144535,1.648422,0.705701,-5.018314,-4.874847,-4.851784
60.458227,NaN,NaN,NaN,NaN,-0.072919,-2.021905,1.913160,6.152144,1.659105,0.712317,-5.018314,-4.874710,-4.851715
60.477932,NaN,NaN,NaN,NaN,-0.072907,-2.021532,1.912190,6.159772,1.666192,0.722243,-5.018318,-4.874653,-4.851650
60.489510,NaN,NaN,NaN,NaN,-0.072910,-2.021155,1.911869,6.163598,1.673250,0.725554,-5.018326,-4.874599,-4.851635
60.497942,NaN,NaN,NaN,NaN,-0.072924,-2.020971,1.911554,6.175065,1.676777,0.728866,-5.018349,-4.874580,-4.851624
60.509348,NaN,NaN,NaN,NaN,-0.072934,-2.020772,1.911220,6.178888,1.680295,0.732170,-5.018364,-4.874561,-4.851624
60.518747,NaN,NaN,NaN,NaN,-0.072941,-2.020577,1.910892,6.182708,1.683813,0.735476,-5.018375,-4.874531,-4.851624
60.530727,NaN,NaN,NaN,NaN,-0.072954,-2.020385,1.910257,6.190335,1.687330,0.742093,-5.018379,-4.874508,-4.851635
60.549918,NaN,NaN,NaN,NaN,-0.072975,-2.019762,1.909572,6.197986,1.697852,0.748676,-5.018391,-4.874454,-4.851685
60.557734,NaN,NaN,NaN,NaN,-0.072984,-2.019551,1.909241,6.201805,1.701354,0.751971,-5.018394,-4.874443,-4.851715
60.579849,NaN,NaN,NaN,NaN,-0.072991,-2.018869,1.908219,6.205620,1.711859,0.761829,-5.018402,-4.874428,-4.851784
60.589413,NaN,NaN,NaN,NaN,-0.073022,-2.018638,1.907881,6.217072,1.715359,0.765114,-5.018452,-4.874432,-4.851807
60.598679,NaN,NaN,NaN,NaN,-0.073031,-2.018411,1.907549,6.220881,1.718860,0.768401,-5.018475,-4.874439,-4.851837
60.617978,NaN,NaN,NaN,NaN,-0.073049,-2.017658,1.906542,6.224709,1.729355,0.778234,-5.018509,-4.874462,-4.851906
60.630194,NaN,NaN,NaN,NaN,-0.073082,-2.017414,1.906220,6.232350,1.732853,0.781517,-5.018578,-4.874477,-4.851933
60.639638,NaN,NaN,NaN,NaN,-0.073097,-2.017149,1.905870,6.236164,1.736345,0.784795,-5.018612,-4.874485,-4.851963
60.649295,NaN,NaN,NaN,NaN,-0.073182,-2.016632,1.905193,6.243831,1.743328,0.791358,-5.018715,-4.874516,-4.852032
60.658091,NaN,NaN,NaN,NaN,-0.073223,-2.016379,1.904864,6.247657,1.746819,0.794644,-5.018757,-4.874535,-4.852047
60.669634,NaN,NaN,NaN,NaN,-0.073329,-2.016129,1.904543,6.255314,1.750310,0.797932,-5.018848,-4.874561,-4.852066
60.678693,NaN,NaN,NaN,NaN,-0.073394,-2.015863,1.903893,6.259145,1.753785,0.804490,-5.018902,-4.874580,-4.852123
60.689267,NaN,NaN,NaN,NaN,-0.073458,-2.015343,1.903579,6.262971,1.760733,0.807774,-5.018955,-4.874630,-4.852158
60.709307,NaN,NaN,NaN,NaN,-0.073687,-2.014836,1.902961,6.274450,1.767678,0.814327,-5.019112,-4.874702,-4.852230
60.718260,NaN,NaN,NaN,NaN,-0.073767,-2.014588,1.902360,6.278272,1.771148,0.820872,-5.019165,-4.874744,-4.852329
60.739793,NaN,NaN,NaN,NaN,-0.074048,-2.013878,1.901775,6.289730,1.781553,0.827401,-5.019333,-4.874863,-4.852436
60.749284,NaN,NaN,NaN,NaN,-0.074145,-2.013655,1.901486,6.293543,1.785017,0.830657,-5.019386,-4.874893,-4.852489
60.757990,NaN,NaN,NaN,NaN,-0.074240,-2.013436,1.901205,6.297351,1.788481,0.833916,-5.019440,-4.874928,-4.852547
60.769505,NaN,NaN,NaN,NaN,-0.074358,-2.013219,1.900640,6.301138,1.791945,0.840417,-5.019497,-4.874966,-4.852669
60.789316,NaN,NaN,NaN,NaN,-0.074698,-2.012667,1.900083,6.312475,1.802377,0.846906,-5.019714,-4.875065,-4.852798
60.810185,NaN,NaN,NaN,NaN,-0.074936,-2.012170,1.899275,6.320000,1.812881,0.856643,-5.019844,-4.875191,-4.853004
60.818209,NaN,NaN,NaN,NaN,-0.075187,-2.012014,1.899017,6.327498,1.816394,0.859893,-5.019958,-4.875233,-4.853073
60.838816,NaN,NaN,NaN,NaN,-0.075309,-2.011722,1.898522,6.331243,1.823459,0.866392,-5.020016,-4.875317,-4.853230
60.849335,NaN,NaN,NaN,NaN,-0.075586,-2.011450,1.898056,6.338700,1.830562,0.872895,-5.020123,-4.875408,-4.853394
60.869546,NaN,NaN,NaN,NaN,-0.075990,-2.011203,1.897611,6.349851,1.837688,0.879410,-5.020260,-4.875496,-4.853580
60.878296,NaN,NaN,NaN,NaN,-0.076124,-2.011090,1.897190,6.353555,1.841262,0.885936,-5.020298,-4.875553,-4.853783
60.897870,NaN,NaN,NaN,NaN,-0.076255,-2.010775,1.896793,6.357256,1.852007,0.892483,-5.020332,-4.875725,-4.854015
60.909875,NaN,NaN,NaN,NaN,-0.076674,-2.010682,1.896603,6.368291,1.855603,0.895764,-5.020458,-4.875782,-4.854149
60.932434,NaN,NaN,NaN,NaN,-0.076953,-2.010411,1.896069,6.375617,1.866394,0.905627,-5.020531,-4.875973,-4.854542
60.950435,NaN,NaN,NaN,NaN,-0.077410,-2.010264,1.895710,6.386506,1.873639,0.912231,-5.020615,-4.876102,-4.854839
60.959117,NaN,NaN,NaN,NaN,-0.077555,-2.010122,1.895541,6.390131,1.880884,0.915539,-5.020645,-4.876244,-4.854984
60.970839,NaN,NaN,NaN,NaN,-0.077707,-2.010053,1.895211,6.393743,1.884525,0.922151,-5.020672,-4.876293,-4.855289
60.990170,NaN,NaN,NaN,NaN,-0.078000,-2.009918,1.894898,6.400962,1.891804,0.928761,-5.020714,-4.876400,-4.855606
60.999553,NaN,NaN,NaN,NaN,-0.078142,-2.009852,1.894751,6.404569,1.895443,0.932072,-5.020737,-4.876450,-4.855762
61.009407,NaN,NaN,NaN,NaN,-0.078426,-2.009694,1.894474,6.411784,1.902765,0.938700,-5.020763,-4.876507,-4.856102
61.017873,NaN,NaN,NaN,NaN,-0.078697,-2.009616,1.894345,6.418993,1.906426,0.942019,-5.020786,-4.876541,-4.856258
61.038910,NaN,NaN,NaN,NaN,-0.078845,-2.009453,1.894103,6.422591,1.913763,0.948660,-5.020786,-4.876602,-4.856583
61.049266,NaN,NaN,NaN,NaN,-0.078990,-2.009283,1.893881,6.426187,1.921116,0.955307,-5.020786,-4.876652,-4.856926
61.058077,NaN,NaN,NaN,NaN,-0.079404,-2.009200,1.893779,6.436966,1.924793,0.958636,-5.020786,-4.876682,-4.857094
61.070975,NaN,NaN,NaN,NaN,-0.079544,-2.009112,1.893595,6.440562,1.928482,0.965323,-5.020779,-4.876678,-4.857475
61.078304,NaN,NaN,NaN,NaN,-0.079681,-2.009024,1.893512,6.444157,1.932172,0.968671,-5.020771,-4.876682,-4.857662
61.090541,NaN,NaN,NaN,NaN,-0.079815,-2.008851,1.893434,6.447751,1.939549,0.972023,-5.020763,-4.876701,-4.857845
61.109390,NaN,NaN,NaN,NaN,-0.080205,-2.008699,1.893287,6.458521,1.946980,0.978743,-5.020725,-4.876686,-4.858253
61.117767,NaN,NaN,NaN,NaN,-0.080330,-2.008624,1.893161,6.462109,1.950695,0.985476,-5.020706,-4.876682,-4.858650
61.129370,NaN,NaN,NaN,NaN,-0.080451,-2.008494,1.893106,6.465694,1.958152,0.988842,-5.020691,-4.876671,-4.858860
61.149208,NaN,NaN,NaN,NaN,-0.080574,-2.008385,1.893011,6.469277,1.965635,0.995585,-5.020676,-4.876652,-4.859234
61.158253,NaN,NaN,NaN,NaN,-0.080922,-2.008331,1.892938,6.480019,1.969375,1.002330,-5.020630,-4.876652,-4.859600
61.170158,NaN,NaN,NaN,NaN,-0.081031,-2.008262,1.892911,6.483591,1.976920,1.005701,-5.020611,-4.876621,-4.859776
61.190109,NaN,NaN,NaN,NaN,-0.081341,-2.008196,1.892855,6.494299,1.984459,1.015838,-5.020546,-4.876591,-4.860287
61.209301,NaN,NaN,NaN,NaN,-0.081440,-2.008143,1.892867,6.497855,1.995828,1.022604,-5.020550,-4.876537,-4.860630
61.218346,NaN,NaN,NaN,NaN,-0.081537,-2.008133,1.892879,6.501410,1.999625,1.025993,-5.020550,-4.876522,-4.860798
61.229500,NaN,NaN,NaN,NaN,-0.081819,-2.008123,1.892895,6.512081,2.003420,1.029386,-5.020557,-4.876514,-4.860962
61.238518,NaN,NaN,NaN,NaN,-0.081913,-2.008133,1.892936,6.515644,2.007245,1.036126,-5.020557,-4.876469,-4.861305
61.249289,NaN,NaN,NaN,NaN,-0.082005,-2.008153,1.892962,6.519206,2.014889,1.039502,-5.020557,-4.876400,-4.861469
61.269360,NaN,NaN,NaN,NaN,-0.082289,-2.008186,1.893019,6.529897,2.022563,1.046248,-5.020607,-4.876320,-4.861794
61.278159,NaN,NaN,NaN,NaN,-0.082382,-2.008209,1.893085,6.533462,2.026416,1.052994,-5.020622,-4.876274,-4.862110
61.290285,NaN,NaN,NaN,NaN,-0.082472,-2.008231,1.893125,6.537026,2.030266,1.056374,-5.020634,-4.876232,-4.862263
61.298329,NaN,NaN,NaN,NaN,-0.082550,-2.008294,1.893145,6.540596,2.037989,1.059730,-5.020649,-4.876152,-4.862423
61.309304,NaN,NaN,NaN,NaN,-0.082697,-2.008335,1.893170,6.547733,2.041862,1.063092,-5.020672,-4.876118,-4.862576
61.329345,NaN,NaN,NaN,NaN,-0.082834,-2.008488,1.893243,6.554869,2.053491,1.073184,-5.020721,-4.876015,-4.863029
61.339363,NaN,NaN,NaN,NaN,-0.082947,-2.008557,1.893258,6.561988,2.057382,1.076544,-5.020782,-4.875973,-4.863171
61.349537,NaN,NaN,NaN,NaN,-0.083001,-2.008625,1.893276,6.565548,2.061269,1.079909,-5.020813,-4.875938,-4.863308
61.369904,NaN,NaN,NaN,NaN,-0.083052,-2.008890,1.893303,6.569108,2.072950,1.090003,-5.020844,-4.875797,-4.863697
61.378771,NaN,NaN,NaN,NaN,-0.083152,-2.008987,1.893312,6.576217,2.076842,1.093373,-5.020943,-4.875755,-4.863823
61.391001,NaN,NaN,NaN,NaN,-0.083242,-2.009084,1.893325,6.583324,2.080731,1.096747,-5.021046,-4.875717,-4.863953
61.399809,NaN,NaN,NaN,NaN,-0.083280,-2.009200,1.893325,6.586869,2.084639,1.103481,-5.021095,-4.875660,-4.864193
61.409389,NaN,NaN,NaN,NaN,-0.083317,-2.009431,1.893331,6.590414,2.092441,1.106856,-5.021145,-4.875568,-4.864307
61.429506,NaN,NaN,NaN,NaN,-0.083421,-2.009676,1.893344,6.601041,2.100249,1.113600,-5.021294,-4.875446,-4.864536
61.438769,NaN,NaN,NaN,NaN,-0.083454,-2.009807,1.893365,6.604581,2.104158,1.120345,-5.021339,-4.875385,-4.864746
61.449156,NaN,NaN,NaN,NaN,-0.083486,-2.010065,1.893381,6.608120,2.111963,1.123725,-5.021385,-4.875278,-4.864853
61.469584,NaN,NaN,NaN,NaN,-0.083602,-2.010344,1.893402,6.618730,2.119767,1.130480,-5.021511,-4.875183,-4.865044
61.477938,NaN,NaN,NaN,NaN,-0.083642,-2.010495,1.893416,6.622265,2.123670,1.137233,-5.021549,-4.875149,-4.865219
61.490931,NaN,NaN,NaN,NaN,-0.083681,-2.010795,1.893427,6.625801,2.131464,1.140617,-5.021587,-4.875103,-4.865303
61.498335,NaN,NaN,NaN,NaN,-0.083735,-2.010966,1.893427,6.629321,2.135355,1.143979,-5.021626,-4.875065,-4.865391
61.509908,NaN,NaN,NaN,NaN,-0.083837,-2.011135,1.893430,6.636361,2.139241,1.147347,-5.021698,-4.875031,-4.865475
61.517784,NaN,NaN,NaN,NaN,-0.083884,-2.011468,1.893447,6.639882,2.147000,1.154098,-5.021732,-4.874977,-4.865635
61.539068,NaN,NaN,NaN,NaN,-0.083993,-2.011867,1.893440,6.646885,2.154768,1.160805,-5.021797,-4.874939,-4.865772
61.559190,NaN,NaN,NaN,NaN,-0.084152,-2.012258,1.893446,6.657366,2.162517,1.167535,-5.021885,-4.874928,-4.865925
61.570978,NaN,NaN,NaN,NaN,-0.084263,-2.012474,1.893435,6.664321,2.166389,1.174235,-5.021931,-4.874920,-4.866066
61.577988,NaN,NaN,NaN,NaN,-0.084316,-2.012898,1.893434,6.667799,2.174114,1.177593,-5.021950,-4.874912,-4.866135
61.591174,NaN,NaN,NaN,NaN,-0.084366,-2.013107,1.893429,6.671278,2.177968,1.184313,-5.021973,-4.874920,-4.866261
61.597934,NaN,NaN,NaN,NaN,-0.084423,-2.013329,1.893425,6.674744,2.181832,1.187673,-5.021999,-4.874905,-4.866318
61.609251,NaN,NaN,NaN,NaN,-0.084479,-2.013766,1.893425,6.678212,2.189542,1.191040,-5.022030,-4.874893,-4.866375
61.619174,NaN,NaN,NaN,NaN,-0.084533,-2.013981,1.893427,6.681680,2.193388,1.194413,-5.022060,-4.874893,-4.866417
61.629280,NaN,NaN,NaN,NaN,-0.084660,-2.014187,1.893427,6.688601,2.197237,1.197770,-5.022141,-4.874882,-4.866451
61.638719,NaN,NaN,NaN,NaN,-0.084734,-2.014391,1.893431,6.692054,2.201080,1.201132,-5.022186,-4.874874,-4.866482
61.649849,NaN,NaN,NaN,NaN,-0.084805,-2.014793,1.893446,6.695508,2.208748,1.207874,-5.022228,-4.874870,-4.866547
61.658025,NaN,NaN,NaN,NaN,-0.084875,-2.014975,1.893461,6.698963,2.212582,1.211233,-5.022270,-4.874863,-4.866554
61.669497,NaN,NaN,NaN,NaN,-0.085060,-2.015156,1.893478,6.705796,2.216410,1.214598,-5.022377,-4.874855,-4.866562
61.678075,NaN,NaN,NaN,NaN,-0.085149,-2.015335,1.893521,6.709215,2.220232,1.221346,-5.022415,-4.874855,-4.866577
61.690715,NaN,NaN,NaN,NaN,-0.085236,-2.015651,1.893549,6.712635,2.227869,1.224706,-5.022453,-4.874855,-4.866562
61.709646,NaN,NaN,NaN,NaN,-0.085566,-2.015925,1.893610,6.722795,2.235495,1.231445,-5.022625,-4.874863,-4.866535
61.718261,NaN,NaN,NaN,NaN,-0.085671,-2.016193,1.893645,6.726185,2.243096,1.234823,-5.022678,-4.874901,-4.866520
61.729487,NaN,NaN,NaN,NaN,-0.085787,-2.016297,1.893713,6.729557,2.246887,1.241579,-5.022751,-4.874920,-4.866474
61.750839,NaN,NaN,NaN,NaN,-0.086118,-2.016502,1.893823,6.739686,2.254452,1.251731,-5.022900,-4.874966,-4.866348
61.760221,NaN,NaN,NaN,NaN,-0.086247,-2.016604,1.893852,6.743055,2.258226,1.255118,-5.022968,-4.874996,-4.866291
61.769396,NaN,NaN,NaN,NaN,-0.086373,-2.016748,1.893883,6.746426,2.265725,1.258510,-5.023033,-4.875069,-4.866234
61.778311,NaN,NaN,NaN,NaN,-0.086496,-2.016818,1.893917,6.749800,2.269468,1.261908,-5.023094,-4.875114,-4.866180
61.789420,NaN,NaN,NaN,NaN,-0.086749,-2.016889,1.893954,6.756545,2.273206,1.265311,-5.023232,-4.875168,-4.866127
61.798307,NaN,NaN,NaN,NaN,-0.086877,-2.016941,1.894064,6.759917,2.276930,1.272098,-5.023300,-4.875225,-4.865993
61.809247,NaN,NaN,NaN,NaN,-0.087004,-2.017045,1.894122,6.763290,2.284367,1.275500,-5.023365,-4.875347,-4.865929
61.829409,NaN,NaN,NaN,NaN,-0.087382,-2.017143,1.894248,6.773419,2.291772,1.282300,-5.023567,-4.875500,-4.865799
61.838461,NaN,NaN,NaN,NaN,-0.087506,-2.017189,1.894386,6.776800,2.295461,1.289100,-5.023632,-4.875587,-4.865665
61.850558,NaN,NaN,NaN,NaN,-0.087628,-2.017234,1.894457,6.780182,2.299146,1.292509,-5.023697,-4.875675,-4.865604
61.859890,NaN,NaN,NaN,NaN,-0.087748,-2.017304,1.894535,6.783566,2.306487,1.295903,-5.023781,-4.875881,-4.865536
61.869255,NaN,NaN,NaN,NaN,-0.087998,-2.017330,1.894615,6.790324,2.310143,1.299304,-5.023960,-4.875999,-4.865471
61.890684,NaN,NaN,NaN,NaN,-0.088239,-2.017388,1.894855,6.797091,2.321060,1.309514,-5.024124,-4.876373,-4.865288
61.909200,NaN,NaN,NaN,NaN,-0.088371,-2.017406,1.895011,6.800459,2.328278,1.316314,-5.024216,-4.876629,-4.865173
61.929419,NaN,NaN,NaN,NaN,-0.088877,-2.017411,1.895248,6.813946,2.338997,1.326499,-5.024548,-4.877060,-4.865021
61.939622,NaN,NaN,NaN,NaN,-0.088997,-2.017408,1.895329,6.817317,2.342553,1.329896,-5.024628,-4.877216,-4.864971
61.951535,NaN,NaN,NaN,NaN,-0.089230,-2.017406,1.895412,6.824066,2.346106,1.333299,-5.024780,-4.877373,-4.864922
61.969313,NaN,NaN,NaN,NaN,-0.089433,-2.017375,1.895677,6.830811,2.356644,1.343491,-5.024918,-4.877823,-4.864780
61.989512,NaN,NaN,NaN,NaN,-0.089699,-2.017357,1.895859,6.840937,2.363664,1.350315,-5.025078,-4.878132,-4.864697
62.009258,NaN,NaN,NaN,NaN,-0.089834,-2.017304,1.896136,6.847687,2.374056,1.360561,-5.025169,-4.878620,-4.864563
62.019776,NaN,NaN,NaN,NaN,-0.089899,-2.017288,1.896231,6.851067,2.377519,1.363988,-5.025211,-4.878788,-4.864521
62.029235,NaN,NaN,NaN,NaN,-0.089978,-2.017246,1.896324,6.857833,2.380942,1.367422,-5.025280,-4.878956,-4.864491
62.038625,NaN,NaN,NaN,NaN,-0.090015,-2.017205,1.896514,6.861221,2.384366,1.374308,-5.025330,-4.879128,-4.864426
62.049832,NaN,NaN,NaN,NaN,-0.090052,-2.017126,1.896610,6.864612,2.391212,1.377759,-5.025379,-4.879467,-4.864399
62.058802,NaN,NaN,NaN,NaN,-0.090089,-2.017064,1.896708,6.867991,2.394594,1.381228,-5.025425,-4.879623,-4.864395
62.069662,NaN,NaN,NaN,NaN,-0.090160,-2.017003,1.896809,6.874761,2.397978,1.384702,-5.025505,-4.879784,-4.864395
62.078042,NaN,NaN,NaN,NaN,-0.090195,-2.016944,1.897014,6.878150,2.401361,1.391666,-5.025543,-4.879940,-4.864395
62.089329,NaN,NaN,NaN,NaN,-0.090226,-2.016886,1.897119,6.881537,2.404746,1.395175,-5.025558,-4.880096,-4.864418
62.109361,NaN,NaN,NaN,NaN,-0.090316,-2.016665,1.897332,6.891716,2.414809,1.402205,-5.025661,-4.880539,-4.864464
62.119185,NaN,NaN,NaN,NaN,-0.090344,-2.016594,1.897440,6.895115,2.418164,1.405727,-5.025688,-4.880688,-4.864487
62.129606,NaN,NaN,NaN,NaN,-0.090379,-2.016433,1.897681,6.898535,2.424793,1.412839,-5.025703,-4.880966,-4.864574
62.139017,NaN,NaN,NaN,NaN,-0.090413,-2.016354,1.897802,6.901958,2.428108,1.416401,-5.025715,-4.881111,-4.864620
62.151418,NaN,NaN,NaN,NaN,-0.090477,-2.016277,1.897924,6.908811,2.431424,1.419966,-5.025734,-4.881256,-4.864662
62.161396,NaN,NaN,NaN,NaN,-0.090514,-2.016192,1.898060,6.912252,2.434717,1.423558,-5.025726,-4.881390,-4.864712
62.170158,NaN,NaN,NaN,NaN,-0.090549,-2.016026,1.898337,6.915696,2.441305,1.430753,-5.025715,-4.881657,-4.864815
62.191155,NaN,NaN,NaN,NaN,-0.090667,-2.015851,1.898630,6.926046,2.447879,1.437974,-5.025673,-4.881924,-4.864929
62.198108,NaN,NaN,NaN,NaN,-0.090716,-2.015757,1.898937,6.929505,2.451160,1.445222,-5.025654,-4.882053,-4.865063
62.209217,NaN,NaN,NaN,NaN,-0.090763,-2.015575,1.899092,6.932965,2.457724,1.448851,-5.025635,-4.882317,-4.865128
62.229449,NaN,NaN,NaN,NaN,-0.090924,-2.015365,1.899428,6.943384,2.464282,1.456109,-5.025520,-4.882576,-4.865261
62.238556,NaN,NaN,NaN,NaN,-0.090980,-2.015263,1.899767,6.946866,2.467563,1.463381,-5.025475,-4.882706,-4.865395
62.250555,NaN,NaN,NaN,NaN,-0.091107,-2.015064,1.899936,6.953844,2.474129,1.467021,-5.025375,-4.882965,-4.865463
62.258786,NaN,NaN,NaN,NaN,-0.091177,-2.014958,1.900121,6.957342,2.477423,1.470671,-5.025318,-4.883091,-4.865547
62.269178,NaN,NaN,NaN,NaN,-0.091247,-2.014855,1.900307,6.960840,2.480719,1.474324,-5.025265,-4.883217,-4.865627
62.289595,NaN,NaN,NaN,NaN,-0.091399,-2.014654,1.900857,6.967854,2.487313,1.485298,-5.025169,-4.883472,-4.865925
62.298633,NaN,NaN,NaN,NaN,-0.091483,-2.014444,1.901035,6.971370,2.493941,1.488962,-5.025120,-4.883709,-4.866024
62.310016,NaN,NaN,NaN,NaN,-0.091645,-2.014343,1.901395,6.978405,2.497257,1.496298,-5.025021,-4.883831,-4.866219
62.318685,NaN,NaN,NaN,NaN,-0.091739,-2.014244,1.901561,6.981934,2.500574,1.499958,-5.024971,-4.883949,-4.866318
62.329223,NaN,NaN,NaN,NaN,-0.091830,-2.014035,1.901727,6.985464,2.507236,1.503619,-5.024925,-4.884159,-4.866413
62.350919,NaN,NaN,NaN,NaN,-0.092104,-2.013835,1.902064,6.996074,2.513900,1.510951,-5.024815,-4.884373,-4.866592
62.358702,NaN,NaN,NaN,NaN,-0.092197,-2.013713,1.902355,6.999621,2.517249,1.518246,-5.024776,-4.884460,-4.866764
62.369247,NaN,NaN,NaN,NaN,-0.092288,-2.013477,1.902503,7.003168,2.523948,1.521898,-5.024738,-4.884647,-4.866852
62.390013,NaN,NaN,NaN,NaN,-0.092558,-2.013225,1.902793,7.013822,2.530663,1.529194,-5.024620,-4.884853,-4.867016
62.398094,NaN,NaN,NaN,NaN,-0.092650,-2.013090,1.903077,7.017380,2.534027,1.536484,-5.024574,-4.884953,-4.867210
62.409964,NaN,NaN,NaN,NaN,-0.092740,-2.012959,1.903221,7.020938,2.537393,1.540132,-5.024532,-4.885052,-4.867306
62.419177,NaN,NaN,NaN,NaN,-0.092829,-2.012683,1.903364,7.024498,2.544138,1.543770,-5.024490,-4.885239,-4.867393
62.438050,NaN,NaN,NaN,NaN,-0.093000,-2.012397,1.903653,7.031631,2.550899,1.551054,-5.024437,-4.885414,-4.867561
62.449213,NaN,NaN,NaN,NaN,-0.093082,-2.012085,1.903947,7.035198,2.557685,1.558341,-5.024410,-4.885578,-4.867710
62.458203,NaN,NaN,NaN,NaN,-0.093253,-2.011915,1.904095,7.042346,2.561092,1.561983,-5.024376,-4.885658,-4.867794
62.469254,NaN,NaN,NaN,NaN,-0.093426,-2.011749,1.904245,7.049510,2.564498,1.565627,-5.024361,-4.885738,-4.867874
62.478032,NaN,NaN,NaN,NaN,-0.093511,-2.011586,1.904395,7.053092,2.567905,1.569273,-5.024353,-4.885822,-4.867954
62.497950,NaN,NaN,NaN,NaN,-0.093714,-2.010993,1.904835,7.060286,2.578185,1.580198,-5.024361,-4.886059,-4.868176
62.510043,NaN,NaN,NaN,NaN,-0.093909,-2.010803,1.905133,7.067481,2.581612,1.587484,-5.024368,-4.886143,-4.868320
62.518442,NaN,NaN,NaN,NaN,-0.094005,-2.010617,1.905284,7.071096,2.585040,1.591113,-5.024387,-4.886230,-4.868393
62.529482,NaN,NaN,NaN,NaN,-0.094100,-2.010224,1.905436,7.074711,2.591916,1.594741,-5.024403,-4.886375,-4.868469
62.539273,NaN,NaN,NaN,NaN,-0.094193,-2.010033,1.905589,7.078325,2.595354,1.598369,-5.024418,-4.886452,-4.868546
62.550210,NaN,NaN,NaN,NaN,-0.094375,-2.009847,1.905743,7.085563,2.598792,1.601997,-5.024460,-4.886528,-4.868618
62.559218,NaN,NaN,NaN,NaN,-0.094462,-2.009656,1.906078,7.089186,2.602244,1.609226,-5.024490,-4.886600,-4.868752
62.569221,NaN,NaN,NaN,NaN,-0.094547,-2.009287,1.906246,7.092809,2.609149,1.612841,-5.024517,-4.886749,-4.868816
62.578190,NaN,NaN,NaN,NaN,-0.094631,-2.009109,1.906416,7.096432,2.612600,1.616455,-5.024521,-4.886822,-4.868877
62.590822,NaN,NaN,NaN,NaN,-0.094802,-2.008926,1.906601,7.103684,2.616048,1.620051,-5.024582,-4.886887,-4.868927
62.610137,NaN,NaN,NaN,NaN,-0.094966,-2.008402,1.907162,7.110936,2.626394,1.630836,-5.024635,-4.887093,-4.869068
62.619692,NaN,NaN,NaN,NaN,-0.095108,-2.008224,1.907362,7.118181,2.629845,1.634413,-5.024693,-4.887138,-4.869106
62.629253,NaN,NaN,NaN,NaN,-0.095176,-2.008050,1.907562,7.121803,2.633296,1.637990,-5.024723,-4.887184,-4.869144
62.637964,NaN,NaN,NaN,NaN,-0.095243,-2.007880,1.907965,7.125425,2.636747,1.645144,-5.024723,-4.887238,-4.869232
62.649555,NaN,NaN,NaN,NaN,-0.095308,-2.007546,1.908181,7.129046,2.643661,1.648727,-5.024723,-4.887329,-4.869259
62.659868,NaN,NaN,NaN,NaN,-0.095354,-2.007383,1.908398,7.132654,2.647123,1.652310,-5.024734,-4.887375,-4.869289
62.669112,NaN,NaN,NaN,NaN,-0.095444,-2.007222,1.908615,7.139869,2.650586,1.655894,-5.024750,-4.887424,-4.869320
62.678387,NaN,NaN,NaN,NaN,-0.095487,-2.007065,1.908833,7.143476,2.654048,1.659477,-5.024757,-4.887474,-4.869354
62.689664,NaN,NaN,NaN,NaN,-0.095520,-2.006740,1.909279,7.147069,2.661004,1.666665,-5.024780,-4.887566,-4.869370
62.710261,NaN,NaN,NaN,NaN,-0.095612,-2.006429,1.909727,7.157847,2.667959,1.673850,-5.024887,-4.887665,-4.869396
62.719975,NaN,NaN,NaN,NaN,-0.095619,-2.006268,1.910164,7.161426,2.671447,1.681041,-5.024940,-4.887722,-4.869385
62.729506,NaN,NaN,NaN,NaN,-0.095625,-2.005956,1.910382,7.165007,2.678422,1.684636,-5.024994,-4.887836,-4.869381
62.737800,NaN,NaN,NaN,NaN,-0.095631,-2.005805,1.910600,7.168587,2.681910,1.688232,-5.025043,-4.887909,-4.869381
62.749683,NaN,NaN,NaN,NaN,-0.095633,-2.005650,1.910815,7.175741,2.685390,1.691826,-5.025162,-4.887981,-4.869362
62.760666,NaN,NaN,NaN,NaN,-0.095630,-2.005498,1.911248,7.179315,2.688869,1.699016,-5.025242,-4.888054,-4.869343
62.769100,NaN,NaN,NaN,NaN,-0.095625,-2.005206,1.911465,7.182888,2.695829,1.702611,-5.025318,-4.888203,-4.869335
62.789449,NaN,NaN,NaN,NaN,-0.095586,-2.004921,1.911896,7.193588,2.702783,1.709803,-5.025555,-4.888351,-4.869297
62.798242,NaN,NaN,NaN,NaN,-0.095568,-2.004781,1.912110,7.197151,2.706257,1.713400,-5.025631,-4.888439,-4.869267
62.810877,NaN,NaN,NaN,NaN,-0.095550,-2.004510,1.912540,7.200715,2.713207,1.720596,-5.025703,-4.888611,-4.869209
62.829337,NaN,NaN,NaN,NaN,-0.095484,-2.004238,1.912957,7.211407,2.720150,1.727813,-5.025944,-4.888756,-4.869099
62.837983,NaN,NaN,NaN,NaN,-0.095461,-2.004108,1.913166,7.214972,2.723622,1.731421,-5.026020,-4.888828,-4.869045
62.849307,NaN,NaN,NaN,NaN,-0.095440,-2.003981,1.913566,7.218536,2.727094,1.738654,-5.026100,-4.888905,-4.868919
62.869270,NaN,NaN,NaN,NaN,-0.095372,-2.003601,1.913950,7.229232,2.737505,1.745904,-5.026325,-4.889057,-4.868771
62.889598,NaN,NaN,NaN,NaN,-0.095327,-2.003229,1.914503,7.236392,2.747910,1.756804,-5.026482,-4.889194,-4.868526
62.910021,NaN,NaN,NaN,NaN,-0.095252,-2.002990,1.915034,7.247129,2.754847,1.767728,-5.026695,-4.889294,-4.868279
62.919121,NaN,NaN,NaN,NaN,-0.095239,-2.002867,1.915204,7.250715,2.758319,1.771375,-5.026756,-4.889351,-4.868191
62.929653,NaN,NaN,NaN,NaN,-0.095224,-2.002630,1.915374,7.254300,2.765266,1.775022,-5.026814,-4.889473,-4.868107
62.949893,NaN,NaN,NaN,NaN,-0.095197,-2.002398,1.915713,7.265064,2.772226,1.782332,-5.026936,-4.889606,-4.867966
62.970537,NaN,NaN,NaN,NaN,-0.095204,-2.002170,1.916219,7.275839,2.779200,1.793320,-5.027054,-4.889748,-4.867760
62.978615,NaN,NaN,NaN,NaN,-0.095213,-2.001945,1.916391,7.279442,2.786198,1.796987,-5.027092,-4.889900,-4.867683
62.997935,NaN,NaN,NaN,NaN,-0.095220,-2.001725,1.916910,7.283044,2.793218,1.807987,-5.027130,-4.890060,-4.867485
63.011022,NaN,NaN,NaN,NaN,-0.095229,-2.001503,1.917078,7.290247,2.800253,1.811648,-5.027187,-4.890244,-4.867409
63.029157,NaN,NaN,NaN,NaN,-0.095242,-2.001280,1.917414,7.301066,2.807303,1.818967,-5.027267,-4.890442,-4.867268
63.049462,NaN,NaN,NaN,NaN,-0.095255,-2.000960,1.917914,7.308281,2.817890,1.829931,-5.027306,-4.890781,-4.867069
63.070496,NaN,NaN,NaN,NaN,-0.095272,-2.000753,1.918239,7.315500,2.824965,1.837220,-5.027321,-4.891018,-4.866970
63.077644,NaN,NaN,NaN,NaN,-0.095297,-2.000654,1.918401,7.322727,2.828502,1.840865,-5.027340,-4.891136,-4.866924
63.089427,NaN,NaN,NaN,NaN,-0.095313,-2.000474,1.918663,7.326344,2.835581,1.848150,-5.027351,-4.891392,-4.866825
63.097755,NaN,NaN,NaN,NaN,-0.095328,-2.000388,1.918795,7.329961,2.839120,1.851793,-5.027359,-4.891533,-4.866779
63.109515,NaN,NaN,NaN,NaN,-0.095370,-2.000305,1.918929,7.337193,2.842660,1.855435,-5.027386,-4.891670,-4.866734
63.129854,NaN,NaN,NaN,NaN,-0.095420,-2.000144,1.919261,7.344423,2.849730,1.866394,-5.027435,-4.891964,-4.866604
63.149345,NaN,NaN,NaN,NaN,-0.095500,-1.999912,1.919473,7.355279,2.860338,1.873697,-5.027512,-4.892399,-4.866520
63.170488,NaN,NaN,NaN,NaN,-0.095549,-1.999681,1.919782,7.362518,2.870954,1.884647,-5.027554,-4.892895,-4.866413
63.189781,NaN,NaN,NaN,NaN,-0.095599,-1.999510,1.919957,7.373390,2.878049,1.891961,-5.027630,-4.893230,-4.866360
63.209611,NaN,NaN,NaN,NaN,-0.095621,-1.999254,1.920229,7.380641,2.888706,1.902930,-5.027668,-4.893734,-4.866306
63.229204,NaN,NaN,NaN,NaN,-0.095603,-1.999068,1.920420,7.391540,2.895831,1.910243,-5.027733,-4.894089,-4.866283
63.249525,NaN,NaN,NaN,NaN,-0.095580,-1.998758,1.920732,7.398808,2.906500,1.921214,-5.027740,-4.894611,-4.866318
63.270022,NaN,NaN,NaN,NaN,-0.095532,-1.998552,1.921059,7.409714,2.913605,1.932194,-5.027740,-4.894955,-4.866386
63.290279,NaN,NaN,NaN,NaN,-0.095504,-1.998253,1.921281,7.413350,2.924235,1.939530,-5.027740,-4.895489,-4.866451
63.298123,NaN,NaN,NaN,NaN,-0.095413,-1.998161,1.921392,7.424252,2.927778,1.943196,-5.027721,-4.895660,-4.866486
63.310700,NaN,NaN,NaN,NaN,-0.095379,-1.998073,1.921504,7.427897,2.931321,1.946861,-5.027710,-4.895832,-4.866520
63.319201,NaN,NaN,NaN,NaN,-0.095344,-1.997982,1.921732,7.431541,2.934850,1.954219,-5.027695,-4.896008,-4.866623
63.329548,NaN,NaN,NaN,NaN,-0.095308,-1.997896,1.921847,7.435185,2.938378,1.957896,-5.027679,-4.896179,-4.866676
63.339899,NaN,NaN,NaN,NaN,-0.095272,-1.997734,1.921962,7.438827,2.945433,1.961573,-5.027660,-4.896515,-4.866734
63.349952,NaN,NaN,NaN,NaN,-0.095200,-1.997653,1.922080,7.446150,2.948942,1.965254,-5.027603,-4.896671,-4.866798
63.370191,NaN,NaN,NaN,NaN,-0.095125,-1.997435,1.922440,7.453469,2.959469,1.976290,-5.027588,-4.897133,-4.867031
63.389917,NaN,NaN,NaN,NaN,-0.095054,-1.997324,1.922697,7.464487,2.966439,1.983686,-5.027557,-4.897408,-4.867210
63.397930,NaN,NaN,NaN,NaN,-0.095029,-1.997274,1.922955,7.468155,2.969924,1.991078,-5.027542,-4.897545,-4.867397
63.409321,NaN,NaN,NaN,NaN,-0.095017,-1.997227,1.923088,7.471836,2.973410,1.994790,-5.027527,-4.897682,-4.867508
63.429133,NaN,NaN,NaN,NaN,-0.094972,-1.997146,1.923357,7.482863,2.983797,2.002210,-5.027435,-4.898037,-4.867733
63.438551,NaN,NaN,NaN,NaN,-0.094956,-1.997113,1.923492,7.486537,2.990707,2.005918,-5.027401,-4.898254,-4.867847
63.449348,NaN,NaN,NaN,NaN,-0.094960,-1.997106,1.923752,7.490225,2.994155,2.013361,-5.027367,-4.898354,-4.868103
63.457968,NaN,NaN,NaN,NaN,-0.094964,-1.997101,1.923883,7.493912,2.997603,2.017080,-5.027328,-4.898453,-4.868229
63.470498,NaN,NaN,NaN,NaN,-0.094968,-1.997100,1.924015,7.501280,3.001052,2.020798,-5.027248,-4.898548,-4.868359
63.478333,NaN,NaN,NaN,NaN,-0.094985,-1.997108,1.924275,7.504987,3.004495,2.028256,-5.027210,-4.898632,-4.868603
63.497752,NaN,NaN,NaN,NaN,-0.095002,-1.997147,1.924539,7.508692,3.014827,2.035708,-5.027172,-4.898880,-4.868851
63.509627,NaN,NaN,NaN,NaN,-0.095032,-1.997178,1.924669,7.516097,3.018258,2.039444,-5.027088,-4.898949,-4.868969
63.518512,NaN,NaN,NaN,NaN,-0.095055,-1.997212,1.924799,7.519814,3.021690,2.043179,-5.027050,-4.899017,-4.869091
63.529406,NaN,NaN,NaN,NaN,-0.095078,-1.997286,1.925062,7.523530,3.028557,2.050642,-5.027008,-4.899162,-4.869328
63.538889,NaN,NaN,NaN,NaN,-0.095120,-1.997330,1.925201,7.530955,3.031965,2.054388,-5.026928,-4.899216,-4.869457
63.549741,NaN,NaN,NaN,NaN,-0.095150,-1.997376,1.925340,7.538392,3.035374,2.058131,-5.026855,-4.899269,-4.869587
63.558057,NaN,NaN,NaN,NaN,-0.095164,-1.997424,1.925480,7.542107,3.038785,2.061872,-5.026817,-4.899323,-4.869720
63.570706,NaN,NaN,NaN,NaN,-0.095193,-1.997525,1.925762,7.549537,3.045610,2.069351,-5.026737,-4.899433,-4.869980
63.578609,NaN,NaN,NaN,NaN,-0.095207,-1.997588,1.925910,7.553251,3.048992,2.073097,-5.026695,-4.899490,-4.870113
63.590419,NaN,NaN,NaN,NaN,-0.095221,-1.997653,1.926209,7.556962,3.052375,2.080583,-5.026649,-4.899548,-4.870369
63.597958,NaN,NaN,NaN,NaN,-0.095234,-1.997719,1.926358,7.560672,3.055759,2.084323,-5.026619,-4.899605,-4.870487
63.609195,NaN,NaN,NaN,NaN,-0.095264,-1.997788,1.926519,7.564384,3.059146,2.088073,-5.026569,-4.899662,-4.870613
63.618716,NaN,NaN,NaN,NaN,-0.095321,-1.997941,1.926681,7.571799,3.065874,2.091820,-5.026474,-4.899761,-4.870739
63.638948,NaN,NaN,NaN,NaN,-0.095397,-1.998101,1.927004,7.579205,3.072609,2.099309,-5.026371,-4.899864,-4.870987
63.649239,NaN,NaN,NaN,NaN,-0.095444,-1.998288,1.927377,7.582904,3.079283,2.106822,-5.026318,-4.899952,-4.871235
63.676337,NaN,NaN,NaN,NaN,-0.095591,-1.998479,1.927748,7.593993,3.085965,2.114327,-5.026154,-4.900040,-4.871483
63.684161,NaN,NaN,NaN,NaN,-0.095644,-1.998593,1.927949,7.597690,3.089298,2.118093,-5.026096,-4.900078,-4.871597
63.695606,NaN,NaN,NaN,NaN,-0.095696,-1.998707,1.928349,7.601384,3.092634,2.125618,-5.026043,-4.900116,-4.871830
63.726709,NaN,NaN,NaN,NaN,-0.095850,-1.999070,1.928753,7.612448,3.102638,2.133157,-5.025879,-4.900261,-4.872055
63.748015,NaN,NaN,NaN,NaN,-0.095958,-1.999336,1.929359,7.619809,3.109297,2.144483,-5.025768,-4.900360,-4.872421
63.756683,NaN,NaN,NaN,NaN,-0.096010,-1.999620,1.929577,7.623486,3.115954,2.148273,-5.025711,-4.900444,-4.872532
63.766779,NaN,NaN,NaN,NaN,-0.096118,-1.999771,1.929795,7.630825,3.119280,2.152062,-5.025631,-4.900482,-4.872643
63.786604,NaN,NaN,NaN,NaN,-0.096221,-2.000238,1.930455,7.638154,3.129262,2.163429,-5.025551,-4.900574,-4.872974
63.795845,NaN,NaN,NaN,NaN,-0.096274,-2.000403,1.930681,7.641829,3.132587,2.167223,-5.025497,-4.900600,-4.873074
63.806529,NaN,NaN,NaN,NaN,-0.096377,-2.000567,1.930906,7.649171,3.135914,2.171015,-5.025394,-4.900627,-4.873169
63.826856,NaN,NaN,NaN,NaN,-0.096478,-2.001056,1.931582,7.656512,3.145880,2.182409,-5.025295,-4.900734,-4.873455
63.835864,NaN,NaN,NaN,NaN,-0.096575,-2.001218,1.931807,7.663852,3.149202,2.186209,-5.025208,-4.900772,-4.873550
63.847664,NaN,NaN,NaN,NaN,-0.096622,-2.001379,1.932255,7.667518,3.152528,2.193799,-5.025162,-4.900810,-4.873753
63.866451,NaN,NaN,NaN,NaN,-0.096719,-2.001872,1.932714,7.674851,3.162511,2.201404,-5.025047,-4.900955,-4.873974
63.888317,NaN,NaN,NaN,NaN,-0.096857,-2.002201,1.933388,7.685843,3.169178,2.212812,-5.024872,-4.901066,-4.874294
63.895181,NaN,NaN,NaN,NaN,-0.096903,-2.002372,1.933608,7.689510,3.172502,2.216623,-5.024807,-4.901157,-4.874393
63.906537,NaN,NaN,NaN,NaN,-0.096948,-2.002711,1.933827,7.693175,3.179161,2.220432,-5.024742,-4.901333,-4.874493
63.915574,NaN,NaN,NaN,NaN,-0.096992,-2.002880,1.934045,7.696837,3.182496,2.224237,-5.024670,-4.901421,-4.874592
63.935642,NaN,NaN,NaN,NaN,-0.097152,-2.003237,1.934676,7.707871,3.189130,2.235667,-5.024414,-4.901615,-4.874863
63.947555,NaN,NaN,NaN,NaN,-0.097204,-2.003592,1.934884,7.711543,3.195781,2.239470,-5.024330,-4.901810,-4.874954
63.956939,NaN,NaN,NaN,NaN,-0.097257,-2.003780,1.935095,7.715235,3.199088,2.243265,-5.024227,-4.901932,-4.875046
63.966464,NaN,NaN,NaN,NaN,-0.097362,-2.003967,1.935304,7.722610,3.202400,2.247055,-5.024029,-4.902050,-4.875137
63.986488,NaN,NaN,NaN,NaN,-0.097463,-2.004337,1.935918,7.729970,3.209036,2.258396,-5.023819,-4.902287,-4.875355
64.006560,NaN,NaN,NaN,NaN,-0.097640,-2.004923,1.936311,7.741021,3.218977,2.265924,-5.023479,-4.902664,-4.875504
64.015138,NaN,NaN,NaN,NaN,-0.097697,-2.005116,1.936505,7.744698,3.222300,2.269684,-5.023369,-4.902802,-4.875580
64.035649,NaN,NaN,NaN,NaN,-0.097886,-2.005733,1.937111,7.755811,3.232244,2.280938,-5.023075,-4.903263,-4.875816
64.055628,NaN,NaN,NaN,NaN,-0.098012,-2.006149,1.937747,7.763244,3.238881,2.292172,-5.022892,-4.903576,-4.876045
64.066892,NaN,NaN,NaN,NaN,-0.098077,-2.006571,1.937962,7.766975,3.245524,2.295911,-5.022797,-4.903889,-4.876122
64.075383,NaN,NaN,NaN,NaN,-0.098205,-2.006781,1.938175,7.774426,3.248852,2.299648,-5.022617,-4.904037,-4.876194
64.095383,NaN,NaN,NaN,NaN,-0.098372,-2.007230,1.938873,7.781918,3.255485,2.310857,-5.022434,-4.904335,-4.876392
64.107976,NaN,NaN,NaN,NaN,-0.098453,-2.007452,1.939102,7.785658,3.258808,2.314587,-5.022350,-4.904480,-4.876461
64.126708,NaN,NaN,NaN,NaN,-0.098739,-2.008127,1.939563,7.796873,3.268786,2.322046,-5.022102,-4.904900,-4.876591
64.149505,NaN,NaN,NaN,NaN,-0.098839,-2.008825,1.940254,7.800606,3.278769,2.333224,-5.022022,-4.905300,-4.876789
64.157135,NaN,NaN,NaN,NaN,-0.099157,-2.009073,1.940487,7.811826,3.282084,2.336943,-5.021790,-4.905434,-4.876854
64.166721,NaN,NaN,NaN,NaN,-0.099264,-2.009319,1.940718,7.815566,3.285404,2.340659,-5.021717,-4.905560,-4.876919
64.175170,NaN,NaN,NaN,NaN,-0.099370,-2.009803,1.941173,7.819300,3.292059,2.348081,-5.021645,-4.905811,-4.877052
64.187062,NaN,NaN,NaN,NaN,-0.099489,-2.010061,1.941413,7.823059,3.295376,2.351791,-5.021561,-4.905941,-4.877113
64.195634,NaN,NaN,NaN,NaN,-0.099606,-2.010316,1.941650,7.826812,3.298698,2.355497,-5.021484,-4.906059,-4.877178
64.206498,NaN,NaN,NaN,NaN,-0.099834,-2.010569,1.941885,7.834306,3.302026,2.359200,-5.021332,-4.906174,-4.877239
64.215720,NaN,NaN,NaN,NaN,-0.099961,-2.010820,1.942117,7.838076,3.305358,2.362898,-5.021252,-4.906288,-4.877304
64.227479,NaN,NaN,NaN,NaN,-0.100086,-2.011318,1.942566,7.841841,3.312025,2.370293,-5.021179,-4.906528,-4.877403
64.247742,NaN,NaN,NaN,NaN,-0.100331,-2.011809,1.943007,7.849356,3.318712,2.377674,-5.021034,-4.906757,-4.877510
64.256136,NaN,NaN,NaN,NaN,-0.100452,-2.012070,1.943435,7.853106,3.322040,2.385065,-5.020962,-4.906879,-4.877594
64.266391,NaN,NaN,NaN,NaN,-0.100731,-2.012586,1.943646,7.860702,3.328711,2.388755,-5.020809,-4.907116,-4.877640
64.287599,NaN,NaN,NaN,NaN,-0.101164,-2.013115,1.944071,7.872095,3.335382,2.396142,-5.020561,-4.907345,-4.877705
64.295455,NaN,NaN,NaN,NaN,-0.101321,-2.013387,1.944496,7.875907,3.338717,2.403530,-5.020485,-4.907459,-4.877773
64.307349,NaN,NaN,NaN,NaN,-0.101631,-2.013656,1.944706,7.883516,3.342055,2.407218,-5.020340,-4.907570,-4.877811
64.326455,NaN,NaN,NaN,NaN,-0.101802,-2.014482,1.945129,7.887336,3.352061,2.414617,-5.020267,-4.907894,-4.877865
64.335614,NaN,NaN,NaN,NaN,-0.101972,-2.014758,1.945337,7.891151,3.355400,2.418310,-5.020199,-4.907997,-4.877907
64.348231,NaN,NaN,NaN,NaN,-0.102305,-2.015335,1.945740,7.898764,3.362073,2.425690,-5.020050,-4.908199,-4.877979
64.355959,NaN,NaN,NaN,NaN,-0.102482,-2.015636,1.945935,7.902586,3.365408,2.429378,-5.019989,-4.908298,-4.878010
64.366533,NaN,NaN,NaN,NaN,-0.102829,-2.015934,1.946128,7.910213,3.368748,2.433062,-5.019875,-4.908398,-4.878044
64.375427,NaN,NaN,NaN,NaN,-0.103000,-2.016521,1.946510,7.914018,3.375445,2.440418,-5.019821,-4.908623,-4.878113
64.386549,NaN,NaN,NaN,NaN,-0.103175,-2.016847,1.946698,7.917846,3.378778,2.444084,-5.019775,-4.908722,-4.878136
64.396042,NaN,NaN,NaN,NaN,-0.103347,-2.017169,1.946884,7.921668,3.382117,2.447747,-5.019722,-4.908817,-4.878139
64.407405,NaN,NaN,NaN,NaN,-0.103687,-2.017489,1.947250,7.929296,3.385461,2.455060,-5.019619,-4.908913,-4.878155
64.416071,NaN,NaN,NaN,NaN,-0.103854,-2.017806,1.947427,7.933143,3.388811,2.458702,-5.019569,-4.909004,-4.878151
64.426554,NaN,NaN,NaN,NaN,-0.104019,-2.018516,1.947602,7.936984,3.395487,2.462341,-5.019527,-4.909161,-4.878147
64.446354,NaN,NaN,NaN,NaN,-0.104482,-2.019210,1.947947,7.948504,3.402184,2.469607,-5.019405,-4.909283,-4.878155
64.466594,NaN,NaN,NaN,NaN,-0.104752,-2.020369,1.948446,7.956201,3.412232,2.480489,-5.019302,-4.909435,-4.878151
64.487654,NaN,NaN,NaN,NaN,-0.105119,-2.021166,1.948915,7.967763,3.418919,2.491342,-5.019180,-4.909519,-4.878147
64.507747,NaN,NaN,NaN,NaN,-0.105347,-2.022392,1.949215,7.975462,3.428937,2.498559,-5.019112,-4.909626,-4.878155
64.516225,NaN,NaN,NaN,NaN,-0.105459,-2.022819,1.949346,7.979304,3.432255,2.502160,-5.019096,-4.909653,-4.878136
64.536139,NaN,NaN,NaN,NaN,-0.105737,-2.023661,1.949602,7.990885,3.438910,2.509348,-5.019085,-4.909702,-4.878109
64.546757,NaN,NaN,NaN,NaN,-0.105828,-2.024076,1.949830,7.994734,3.442246,2.516528,-5.019085,-4.909725,-4.878090
64.567434,NaN,NaN,NaN,NaN,-0.106011,-2.025389,1.950032,8.006392,3.452255,2.523699,-5.019157,-4.909771,-4.878082
64.575460,NaN,NaN,NaN,NaN,-0.106070,-2.025817,1.950131,8.010265,3.455604,2.527279,-5.019173,-4.909782,-4.878071
64.586728,NaN,NaN,NaN,NaN,-0.106105,-2.026706,1.950313,8.014181,3.462283,2.534431,-5.019211,-4.909767,-4.878040
64.606851,NaN,NaN,NaN,NaN,-0.106206,-2.027576,1.950490,8.025888,3.468986,2.541570,-5.019329,-4.909748,-4.878029
64.617078,NaN,NaN,NaN,NaN,-0.106224,-2.028031,1.950647,8.029823,3.472332,2.548715,-5.019382,-4.909733,-4.878014
64.635042,NaN,NaN,NaN,NaN,-0.106258,-2.029366,1.950798,8.037672,3.482407,2.555845,-5.019489,-4.909683,-4.878029
64.646669,NaN,NaN,NaN,NaN,-0.106284,-2.029801,1.950871,8.045523,3.485777,2.559405,-5.019611,-4.909672,-4.878048
64.657105,NaN,NaN,NaN,NaN,-0.106295,-2.030246,1.951016,8.049454,3.489151,2.566540,-5.019680,-4.909653,-4.878075
64.666384,NaN,NaN,NaN,NaN,-0.106304,-2.031121,1.951086,8.053376,3.495918,2.570103,-5.019749,-4.909622,-4.878090
64.676174,NaN,NaN,NaN,NaN,-0.106313,-2.031551,1.951154,8.057293,3.499310,2.573660,-5.019814,-4.909580,-4.878109
64.695044,NaN,NaN,NaN,NaN,-0.106284,-2.032406,1.951301,8.065145,3.506099,2.584374,-5.019958,-4.909504,-4.878193
64.707704,NaN,NaN,NaN,NaN,-0.106253,-2.033242,1.951347,8.072968,3.512912,2.587939,-5.020107,-4.909431,-4.878231
64.726584,NaN,NaN,NaN,NaN,-0.106167,-2.034112,1.951413,8.084727,3.519765,2.595101,-5.020306,-4.909367,-4.878288
64.746780,NaN,NaN,NaN,NaN,-0.106095,-2.035405,1.951501,8.092549,3.530101,2.605837,-5.020416,-4.909340,-4.878365
64.766852,NaN,NaN,NaN,NaN,-0.105963,-2.036278,1.951570,8.104257,3.537038,2.616582,-5.020550,-4.909332,-4.878422
64.776919,NaN,NaN,NaN,NaN,-0.105918,-2.037168,1.951585,8.108146,3.544014,2.620171,-5.020592,-4.909328,-4.878418
64.786581,NaN,NaN,NaN,NaN,-0.105856,-2.037623,1.951600,8.112038,3.547519,2.623755,-5.020618,-4.909325,-4.878414
64.807586,NaN,NaN,NaN,NaN,-0.105668,-2.038519,1.951625,8.123673,3.554543,2.630910,-5.020699,-4.909340,-4.878418
64.815712,NaN,NaN,NaN,NaN,-0.105585,-2.038990,1.951646,8.127552,3.558052,2.634491,-5.020714,-4.909359,-4.878376
64.826505,NaN,NaN,NaN,NaN,-0.105502,-2.039916,1.951683,8.131424,3.565084,2.641641,-5.020729,-4.909397,-4.878300
64.847218,NaN,NaN,NaN,NaN,-0.105227,-2.040831,1.951727,8.143005,3.572125,2.648769,-5.020756,-4.909435,-4.878212
64.867515,NaN,NaN,NaN,NaN,-0.105006,-2.042176,1.951800,8.150702,3.582709,2.659425,-5.020760,-4.909508,-4.878063
64.875747,NaN,NaN,NaN,NaN,-0.104896,-2.042606,1.951836,8.154540,3.586247,2.662954,-5.020771,-4.909542,-4.877975
64.886547,NaN,NaN,NaN,NaN,-0.104617,-2.043031,1.951871,8.162217,3.589790,2.666481,-5.020748,-4.909576,-4.877888
64.909299,NaN,NaN,NaN,NaN,-0.104479,-2.044274,1.951962,8.166046,3.600445,2.677039,-5.020737,-4.909679,-4.877666
64.916439,NaN,NaN,NaN,NaN,-0.104343,-2.044665,1.951996,8.169870,3.604011,2.680535,-5.020725,-4.909737,-4.877567
64.931028,NaN,NaN,NaN,NaN,-0.103846,-2.045052,1.952027,8.181357,3.607581,2.684029,-5.020645,-4.909794,-4.877476
64.954752,NaN,NaN,NaN,NaN,-0.103497,-2.046166,1.952114,8.189010,3.618317,2.694492,-5.020569,-4.909977,-4.877190
64.976628,NaN,NaN,NaN,NaN,-0.102948,-2.046865,1.952186,8.200479,3.625499,2.704929,-5.020424,-4.910114,-4.876888
64.984615,NaN,NaN,NaN,NaN,-0.102757,-2.047207,1.952217,8.204299,3.629095,2.708409,-5.020355,-4.910168,-4.876770
64.994551,NaN,NaN,NaN,NaN,-0.102567,-2.047529,1.952247,8.208113,3.632702,2.711886,-5.020294,-4.910233,-4.876656
65.003951,NaN,NaN,NaN,NaN,-0.102379,-2.048156,1.952275,8.211922,3.639928,2.715361,-5.020229,-4.910362,-4.876560
65.016929,NaN,NaN,NaN,NaN,-0.101970,-2.048462,1.952303,8.219537,3.643547,2.718832,-5.020092,-4.910423,-4.876469
65.024725,NaN,NaN,NaN,NaN,-0.101749,-2.048758,1.952334,8.223342,3.647178,2.722303,-5.020020,-4.910496,-4.876354
65.035317,NaN,NaN,NaN,NaN,-0.101531,-2.049336,1.952390,8.227141,3.654451,2.729240,-5.019947,-4.910641,-4.876137
65.043812,NaN,NaN,NaN,NaN,-0.101103,-2.049619,1.952414,8.234728,3.658092,2.732705,-5.019810,-4.910721,-4.876038
65.064808,NaN,NaN,NaN,NaN,-0.100632,-2.050186,1.952429,8.242330,3.665370,2.743093,-5.019672,-4.910912,-4.875713
65.084912,NaN,NaN,NaN,NaN,-0.100172,-2.051013,1.952398,8.249912,3.676301,2.750014,-5.019543,-4.911190,-4.875507
65.095738,NaN,NaN,NaN,NaN,-0.099638,-2.051289,1.952365,8.257487,3.679943,2.753475,-5.019402,-4.911285,-4.875397
65.114610,NaN,NaN,NaN,NaN,-0.099118,-2.051823,1.952240,8.265042,3.687239,2.763869,-5.019264,-4.911461,-4.875088
65.124144,NaN,NaN,NaN,NaN,-0.098535,-2.052348,1.952185,8.272584,3.694512,2.767344,-5.019104,-4.911625,-4.874977
65.134309,NaN,NaN,NaN,NaN,-0.098249,-2.052602,1.952130,8.276347,3.698155,2.770817,-5.019028,-4.911705,-4.874874
65.154603,NaN,NaN,NaN,NaN,-0.097967,-2.053340,1.951967,8.280107,3.709077,2.781273,-5.018951,-4.911942,-4.874542
65.175224,NaN,NaN,NaN,NaN,-0.096734,-2.053808,1.951858,8.295053,3.716368,2.788250,-5.018673,-4.912083,-4.874332
65.194202,NaN,NaN,NaN,NaN,-0.096090,-2.054484,1.951706,8.302478,3.727302,2.798710,-5.018539,-4.912285,-4.873981
65.203012,NaN,NaN,NaN,NaN,-0.095774,-2.054700,1.951657,8.306185,3.730948,2.802195,-5.018475,-4.912350,-4.873867
65.224588,NaN,NaN,NaN,NaN,-0.094806,-2.055118,1.951490,8.317279,3.738238,2.812644,-5.018295,-4.912468,-4.873470
65.234299,NaN,NaN,NaN,NaN,-0.094484,-2.055518,1.951429,8.320969,3.745530,2.816124,-5.018242,-4.912571,-4.873341
65.243231,NaN,NaN,NaN,NaN,-0.094166,-2.055711,1.951368,8.324656,3.749181,2.819603,-5.018177,-4.912621,-4.873215
65.254215,NaN,NaN,NaN,NaN,-0.093500,-2.055907,1.951297,8.332038,3.752824,2.823075,-5.018055,-4.912666,-4.873058
65.263095,NaN,NaN,NaN,NaN,-0.093174,-2.056098,1.951153,8.335724,3.756471,2.830013,-5.017998,-4.912712,-4.872765
65.275122,NaN,NaN,NaN,NaN,-0.092851,-2.056284,1.951080,8.339407,3.760122,2.833481,-5.017941,-4.912754,-4.872631
65.283586,NaN,NaN,NaN,NaN,-0.092516,-2.056657,1.950990,8.343099,3.767425,2.836941,-5.017895,-4.912846,-4.872475
65.294421,NaN,NaN,NaN,NaN,-0.091859,-2.056844,1.950899,8.350473,3.771076,2.840401,-5.017807,-4.912891,-4.872330
65.315698,NaN,NaN,NaN,NaN,-0.091218,-2.057382,1.950612,8.357834,3.782056,2.850784,-5.017773,-4.913029,-4.871929
65.324771,NaN,NaN,NaN,NaN,-0.090890,-2.057559,1.950507,8.361510,3.785725,2.854250,-5.017754,-4.913071,-4.871792
65.334644,NaN,NaN,NaN,NaN,-0.090247,-2.057730,1.950402,8.368854,3.789397,2.857715,-5.017719,-4.913113,-4.871662
65.344216,NaN,NaN,NaN,NaN,-0.089931,-2.058058,1.950187,8.372519,3.796748,2.864655,-5.017704,-4.913181,-4.871403
65.355694,NaN,NaN,NaN,NaN,-0.089610,-2.058213,1.950078,8.376181,3.800427,2.868130,-5.017689,-4.913208,-4.871277
65.375368,NaN,NaN,NaN,NaN,-0.088672,-2.058510,1.949857,8.387144,3.807795,2.875074,-5.017670,-4.913265,-4.871071
65.384063,NaN,NaN,NaN,NaN,-0.088359,-2.058663,1.949743,8.390777,3.811474,2.878556,-5.017654,-4.913292,-4.870960
65.394697,NaN,NaN,NaN,NaN,-0.088049,-2.058953,1.949515,8.394405,3.818841,2.885514,-5.017639,-4.913342,-4.870750
65.414445,NaN,NaN,NaN,NaN,-0.087442,-2.059236,1.949283,8.401654,3.826201,2.892476,-5.017612,-4.913391,-4.870552
65.423778,NaN,NaN,NaN,NaN,-0.086814,-2.059375,1.949049,8.408862,3.829877,2.899439,-5.017555,-4.913414,-4.870358
65.434293,NaN,NaN,NaN,NaN,-0.086505,-2.059638,1.948930,8.412462,3.837237,2.902918,-5.017529,-4.913452,-4.870270
65.443532,NaN,NaN,NaN,NaN,-0.085899,-2.059762,1.948811,8.419643,3.840920,2.906396,-5.017464,-4.913471,-4.870190
65.454604,NaN,NaN,NaN,NaN,-0.085602,-2.059897,1.948689,8.423226,3.844577,2.909890,-5.017426,-4.913483,-4.870098
65.462813,NaN,NaN,NaN,NaN,-0.085308,-2.060028,1.948442,8.426805,3.848236,2.916872,-5.017391,-4.913506,-4.869934
65.476110,NaN,NaN,NaN,NaN,-0.085018,-2.060275,1.948318,8.430384,3.855563,2.920360,-5.017357,-4.913551,-4.869865
65.494194,NaN,NaN,NaN,NaN,-0.084155,-2.060557,1.948072,8.441082,3.862861,2.927331,-5.017193,-4.913578,-4.869701
65.503055,NaN,NaN,NaN,NaN,-0.083874,-2.060817,1.947949,8.444644,3.870173,2.930813,-5.017139,-4.913601,-4.869633
65.524593,NaN,NaN,NaN,NaN,-0.083027,-2.060968,1.947568,8.455347,3.873818,2.941276,-5.016979,-4.913593,-4.869400
65.534176,NaN,NaN,NaN,NaN,-0.082752,-2.061254,1.947438,8.458911,3.881118,2.944764,-5.016930,-4.913586,-4.869328
65.554431,NaN,NaN,NaN,NaN,-0.082197,-2.061699,1.947016,8.466028,3.892068,2.955254,-5.016808,-4.913540,-4.869095
65.576737,NaN,NaN,NaN,NaN,-0.081393,-2.061986,1.946553,8.476689,3.899377,2.965759,-5.016644,-4.913494,-4.868866
65.583238,NaN,NaN,NaN,NaN,-0.081126,-2.062158,1.946385,8.480246,3.903016,2.969268,-5.016586,-4.913471,-4.868790
65.594257,NaN,NaN,NaN,NaN,-0.080864,-2.062323,1.946218,8.483799,3.906658,2.972775,-5.016537,-4.913445,-4.868717
65.614135,NaN,NaN,NaN,NaN,-0.080349,-2.062825,1.945878,8.490900,3.917583,2.979794,-5.016464,-4.913353,-4.868591
65.622919,NaN,NaN,NaN,NaN,-0.079853,-2.063008,1.945707,8.498027,3.921218,2.983306,-5.016384,-4.913315,-4.868530
65.643259,NaN,NaN,NaN,NaN,-0.079370,-2.063184,1.945195,8.505144,3.924856,2.993850,-5.016312,-4.913277,-4.868385
65.655117,NaN,NaN,NaN,NaN,-0.078891,-2.063735,1.945027,8.512279,3.935769,2.997372,-5.016239,-4.913116,-4.868340
65.663041,NaN,NaN,NaN,NaN,-0.078657,-2.063916,1.944690,8.515842,3.939409,3.004411,-5.016212,-4.913055,-4.868271
65.674967,NaN,NaN,NaN,NaN,-0.078427,-2.064091,1.944520,8.519404,3.943053,3.007937,-5.016190,-4.912994,-4.868244
65.694583,NaN,NaN,NaN,NaN,-0.077789,-2.064651,1.944179,8.530125,3.953963,3.014985,-5.016121,-4.912781,-4.868214
65.702912,NaN,NaN,NaN,NaN,-0.077583,-2.064997,1.943836,8.533694,3.961250,3.022027,-5.016102,-4.912624,-4.868198
65.724594,NaN,NaN,NaN,NaN,-0.077211,-2.065346,1.943502,8.540866,3.968540,3.029071,-5.016109,-4.912437,-4.868195
65.746197,NaN,NaN,NaN,NaN,-0.076677,-2.065674,1.943166,8.551634,3.975841,3.036112,-5.016174,-4.912254,-4.868198
65.755433,NaN,NaN,NaN,NaN,-0.076505,-2.066014,1.942864,8.555237,3.983147,3.043143,-5.016205,-4.912018,-4.868206
65.775039,NaN,NaN,NaN,NaN,-0.076001,-2.066333,1.942559,8.566064,3.990462,3.050172,-5.016312,-4.911781,-4.868237
65.783872,NaN,NaN,NaN,NaN,-0.075834,-2.066490,1.942301,8.569688,3.994121,3.057181,-5.016361,-4.911629,-4.868240
65.794622,NaN,NaN,NaN,NaN,-0.075670,-2.066788,1.942171,8.573309,4.001445,3.060685,-5.016411,-4.911335,-4.868252
65.814388,NaN,NaN,NaN,NaN,-0.075209,-2.067051,1.941925,8.584215,4.008779,3.067679,-5.016571,-4.911026,-4.868279
65.825182,NaN,NaN,NaN,NaN,-0.075063,-2.067167,1.941694,8.587854,4.012450,3.074661,-5.016624,-4.910854,-4.868320
65.835650,NaN,NaN,NaN,NaN,-0.074921,-2.067279,1.941577,8.591492,4.016122,3.078152,-5.016682,-4.910690,-4.868347
65.855959,NaN,NaN,NaN,NaN,-0.074521,-2.067567,1.941385,8.602427,4.027172,3.085110,-5.016830,-4.910149,-4.868416
65.874733,NaN,NaN,NaN,NaN,-0.074270,-2.067792,1.941111,8.609719,4.038283,3.095546,-5.016930,-4.909584,-4.868538
65.894273,NaN,NaN,NaN,NaN,-0.073924,-2.067901,1.940949,8.620687,4.045743,3.102501,-5.017071,-4.909195,-4.868633
65.903982,NaN,NaN,NaN,NaN,-0.073813,-2.067950,1.940785,8.624338,4.049475,3.109475,-5.017136,-4.909008,-4.868698
65.914488,NaN,NaN,NaN,NaN,-0.073701,-2.067995,1.940702,8.628006,4.057009,3.112972,-5.017197,-4.908604,-4.868729
65.935309,NaN,NaN,NaN,NaN,-0.073378,-2.068029,1.940534,8.638993,4.064546,3.119965,-5.017372,-4.908222,-4.868801
65.954907,NaN,NaN,NaN,NaN,-0.073165,-2.068039,1.940257,8.646314,4.075948,3.130524,-5.017490,-4.907593,-4.868889
65.964089,NaN,NaN,NaN,NaN,-0.073061,-2.068037,1.940163,8.649970,4.079749,3.134042,-5.017540,-4.907394,-4.868927
65.974899,NaN,NaN,NaN,NaN,-0.072855,-2.068032,1.940067,8.657281,4.083549,3.137560,-5.017639,-4.907204,-4.868969
65.983342,NaN,NaN,NaN,NaN,-0.072753,-2.068033,1.939842,8.660935,4.087376,3.144608,-5.017689,-4.906998,-4.869057
65.994191,NaN,NaN,NaN,NaN,-0.072653,-2.068025,1.939729,8.664587,4.095026,3.148130,-5.017735,-4.906605,-4.869106
66.003095,NaN,NaN,NaN,NaN,-0.072554,-2.068015,1.939614,8.668237,4.098850,3.151652,-5.017780,-4.906395,-4.869156
66.014716,NaN,NaN,NaN,NaN,-0.072357,-2.068000,1.939488,8.675558,4.102690,3.155171,-5.017876,-4.906185,-4.869198
66.034961,NaN,NaN,NaN,NaN,-0.072167,-2.067935,1.939108,8.682870,4.114207,3.165729,-5.017994,-4.905590,-4.869320
66.043693,NaN,NaN,NaN,NaN,-0.072065,-2.067917,1.938977,8.686550,4.118074,3.169244,-5.018051,-4.905407,-4.869362
66.062983,NaN,NaN,NaN,NaN,-0.071866,-2.067871,1.938716,8.693904,4.125805,3.176277,-5.018158,-4.905064,-4.869450
66.074582,NaN,NaN,NaN,NaN,-0.071663,-2.067823,1.938456,8.701262,4.133551,3.183326,-5.018257,-4.904755,-4.869541
66.094207,NaN,NaN,NaN,NaN,-0.071360,-2.067771,1.938199,8.712303,4.141310,3.190389,-5.018410,-4.904472,-4.869644
66.103523,NaN,NaN,NaN,NaN,-0.071262,-2.067741,1.937938,8.715978,4.145188,3.197462,-5.018459,-4.904339,-4.869747
66.114551,NaN,NaN,NaN,NaN,-0.071164,-2.067663,1.937806,8.719653,4.152979,3.201004,-5.018509,-4.904095,-4.869797
66.136576,NaN,NaN,NaN,NaN,-0.070879,-2.067571,1.937406,8.730666,4.160765,3.211626,-5.018650,-4.903862,-4.869949
66.144400,NaN,NaN,NaN,NaN,-0.070788,-2.067510,1.937273,8.734340,4.164669,3.215167,-5.018661,-4.903759,-4.869999
66.154579,NaN,NaN,NaN,NaN,-0.070698,-2.067378,1.937139,8.738011,4.172473,3.218707,-5.018673,-4.903564,-4.870049
66.174430,NaN,NaN,NaN,NaN,-0.070445,-2.067235,1.936861,8.749038,4.180274,3.225798,-5.018707,-4.903408,-4.870148
66.183267,NaN,NaN,NaN,NaN,-0.070369,-2.067158,1.936718,8.752726,4.184175,3.229349,-5.018715,-4.903343,-4.870197
66.194268,NaN,NaN,NaN,NaN,-0.070293,-2.066998,1.936430,8.756411,4.191970,3.236451,-5.018723,-4.903225,-4.870304
66.215573,NaN,NaN,NaN,NaN,-0.070081,-2.066821,1.936108,8.767501,4.199736,3.243610,-5.018723,-4.903152,-4.870468
66.223229,NaN,NaN,NaN,NaN,-0.070014,-2.066729,1.935785,8.771200,4.203616,3.250767,-5.018723,-4.903118,-4.870632
66.235761,NaN,NaN,NaN,NaN,-0.069947,-2.066537,1.935622,8.774897,4.211372,3.254344,-5.018719,-4.903061,-4.870716
66.254293,NaN,NaN,NaN,NaN,-0.069873,-2.066305,1.935288,8.778614,4.219096,3.261542,-5.018711,-4.903042,-4.870876
66.263264,NaN,NaN,NaN,NaN,-0.069728,-2.066064,1.935121,8.786038,4.226815,3.265140,-5.018692,-4.903030,-4.870960
66.274447,NaN,NaN,NaN,NaN,-0.069583,-2.065924,1.934778,8.793479,4.230670,3.272359,-5.018696,-4.903046,-4.871132
66.294843,NaN,NaN,NaN,NaN,-0.069369,-2.065639,1.934249,8.804660,4.238379,3.283220,-5.018692,-4.903088,-4.871387
66.303948,NaN,NaN,NaN,NaN,-0.069305,-2.065495,1.934074,8.808411,4.242232,3.286865,-5.018669,-4.903107,-4.871460
66.314431,NaN,NaN,NaN,NaN,-0.069242,-2.065177,1.933900,8.812158,4.249927,3.290509,-5.018650,-4.903194,-4.871532
66.323135,NaN,NaN,NaN,NaN,-0.069179,-2.065016,1.933725,8.815902,4.253772,3.294150,-5.018627,-4.903240,-4.871597
66.343460,NaN,NaN,NaN,NaN,-0.069078,-2.064674,1.933242,8.823417,4.261467,3.305097,-5.018562,-4.903362,-4.871792
66.354305,NaN,NaN,NaN,NaN,-0.068998,-2.064311,1.933087,8.830953,4.269164,3.308748,-5.018478,-4.903511,-4.871857
66.374625,NaN,NaN,NaN,NaN,-0.068894,-2.063925,1.932791,8.842260,4.276855,3.316059,-5.018349,-4.903694,-4.871983
66.383082,NaN,NaN,NaN,NaN,-0.068868,-2.063722,1.932508,8.846043,4.280699,3.323379,-5.018311,-4.903801,-4.872120
66.395286,NaN,NaN,NaN,NaN,-0.068816,-2.063314,1.932366,8.853597,4.288379,3.327036,-5.018238,-4.904003,-4.872192
66.403164,NaN,NaN,NaN,NaN,-0.068797,-2.063089,1.932236,8.857399,4.292226,3.330697,-5.018185,-4.904137,-4.872253
66.414342,NaN,NaN,NaN,NaN,-0.068777,-2.062864,1.932105,8.861197,4.296071,3.334355,-5.018131,-4.904266,-4.872314
66.435713,NaN,NaN,NaN,NaN,-0.068736,-2.062171,1.931717,8.868779,4.307590,3.345326,-5.018028,-4.904758,-4.872505
66.454269,NaN,NaN,NaN,NaN,-0.068738,-2.061687,1.931467,8.880203,4.315262,3.352636,-5.017853,-4.905125,-4.872604
66.463140,NaN,NaN,NaN,NaN,-0.068737,-2.061446,1.931221,8.884003,4.319093,3.359946,-5.017796,-4.905304,-4.872707
66.474565,NaN,NaN,NaN,NaN,-0.068756,-2.060945,1.931100,8.887832,4.326766,3.363601,-5.017735,-4.905712,-4.872761
66.483194,NaN,NaN,NaN,NaN,-0.068774,-2.060695,1.930978,8.891655,4.330598,3.367255,-5.017677,-4.905914,-4.872818
66.494876,NaN,NaN,NaN,NaN,-0.068806,-2.060446,1.930732,8.899288,4.334427,3.374559,-5.017563,-4.906113,-4.872929
66.503340,NaN,NaN,NaN,NaN,-0.068853,-2.060197,1.930609,8.903131,4.338253,3.378210,-5.017498,-4.906307,-4.872978
66.524156,NaN,NaN,NaN,NaN,-0.068899,-2.059667,1.930361,8.906968,4.345936,3.385507,-5.017429,-4.906738,-4.873085
66.534410,NaN,NaN,NaN,NaN,-0.069062,-2.059139,1.930236,8.918473,4.353605,3.389153,-5.017227,-4.907146,-4.873138
66.544909,NaN,NaN,NaN,NaN,-0.069136,-2.058867,1.930008,8.922313,4.357474,3.396458,-5.017155,-4.907360,-4.873245
66.563835,NaN,NaN,NaN,NaN,-0.069278,-2.058327,1.929778,8.929977,4.365201,3.403753,-5.017014,-4.907776,-4.873352
66.575300,NaN,NaN,NaN,NaN,-0.069462,-2.057775,1.929670,8.937630,4.372948,3.407393,-5.016850,-4.908173,-4.873394
66.584379,NaN,NaN,NaN,NaN,-0.069552,-2.057494,1.929451,8.941448,4.376832,3.414666,-5.016773,-4.908363,-4.873489
66.595211,NaN,NaN,NaN,NaN,-0.069638,-2.056934,1.929340,8.945261,4.384590,3.418301,-5.016697,-4.908733,-4.873539
66.614135,NaN,NaN,NaN,NaN,-0.069832,-2.056352,1.929121,8.952915,4.392407,3.425551,-5.016521,-4.909103,-4.873638
66.623195,NaN,NaN,NaN,NaN,-0.070019,-2.056062,1.929010,8.960549,4.396309,3.429174,-5.016380,-4.909279,-4.873680
66.636800,NaN,NaN,NaN,NaN,-0.070110,-2.055774,1.928778,8.964359,4.400209,3.436397,-5.016323,-4.909454,-4.873779
66.643361,NaN,NaN,NaN,NaN,-0.070209,-2.055201,1.928656,8.968170,4.408053,3.439998,-5.016251,-4.909779,-4.873833
66.654381,NaN,NaN,NaN,NaN,-0.070402,-2.054916,1.928535,8.975779,4.411969,3.443597,-5.016106,-4.909935,-4.873890
66.675135,NaN,NaN,NaN,NaN,-0.070604,-2.054092,1.928145,8.983383,4.423762,3.454402,-5.015953,-4.910313,-4.874084
66.695085,NaN,NaN,NaN,NaN,-0.070913,-2.053558,1.927877,8.994773,4.431626,3.461604,-5.015713,-4.910545,-4.874218
66.714344,NaN,NaN,NaN,NaN,-0.071151,-2.052752,1.927487,9.002388,4.443476,3.472416,-5.015514,-4.910839,-4.874428
66.723321,NaN,NaN,NaN,NaN,-0.071268,-2.052486,1.927358,9.006187,4.447418,3.476018,-5.015419,-4.910931,-4.874500
66.734643,NaN,NaN,NaN,NaN,-0.071498,-2.052197,1.927217,9.013776,4.451398,3.479630,-5.015213,-4.911003,-4.874569
66.754278,NaN,NaN,NaN,NaN,-0.071613,-2.051339,1.926798,9.017565,4.463309,3.490456,-5.015091,-4.911205,-4.874790
66.774909,NaN,NaN,NaN,NaN,-0.072083,-2.050751,1.926509,9.032660,4.471257,3.497674,-5.014584,-4.911308,-4.874935
66.782963,NaN,NaN,NaN,NaN,-0.072203,-2.050448,1.926210,9.036419,4.475239,3.504894,-5.014454,-4.911346,-4.875072
66.795133,NaN,NaN,NaN,NaN,-0.072321,-2.050148,1.926061,9.040174,4.479217,3.508502,-5.014332,-4.911385,-4.875149
66.814272,NaN,NaN,NaN,NaN,-0.072703,-2.049247,1.925746,9.051373,4.491140,3.515714,-5.013935,-4.911449,-4.875240
66.823293,NaN,NaN,NaN,NaN,-0.072827,-2.048652,1.925435,9.055097,4.499073,3.522922,-5.013813,-4.911476,-4.875340
66.834359,NaN,NaN,NaN,NaN,-0.072952,-2.048347,1.925277,9.058803,4.503038,3.526530,-5.013683,-4.911472,-4.875370
66.854184,NaN,NaN,NaN,NaN,-0.073316,-2.047742,1.924965,9.069895,4.510955,3.533743,-5.013317,-4.911438,-4.875435
66.874613,NaN,NaN,NaN,NaN,-0.073544,-2.046834,1.924473,9.077239,4.522791,3.544553,-5.013077,-4.911369,-4.875473
66.895061,NaN,NaN,NaN,NaN,-0.073872,-2.046234,1.924140,9.088225,4.530658,3.551754,-5.012749,-4.911320,-4.875500
66.903310,NaN,NaN,NaN,NaN,-0.073969,-2.045931,1.923793,9.091853,4.534593,3.558947,-5.012650,-4.911308,-4.875504
66.914357,NaN,NaN,NaN,NaN,-0.074064,-2.045332,1.923622,9.095479,4.542451,3.562541,-5.012554,-4.911278,-4.875511
66.924047,NaN,NaN,NaN,NaN,-0.074251,-2.045036,1.923452,9.102718,4.546375,3.566134,-5.012375,-4.911263,-4.875530
66.936152,NaN,NaN,NaN,NaN,-0.074333,-2.044739,1.923277,9.106301,4.550309,3.569732,-5.012291,-4.911251,-4.875549
66.944240,NaN,NaN,NaN,NaN,-0.074413,-2.044444,1.922933,9.109880,4.554240,3.576924,-5.012211,-4.911236,-4.875599
66.956340,NaN,NaN,NaN,NaN,-0.074572,-2.044151,1.922764,9.117030,4.558167,3.580519,-5.012066,-4.911221,-4.875626
66.974367,NaN,NaN,NaN,NaN,-0.074712,-2.043241,1.922420,9.124161,4.569966,3.587708,-5.011936,-4.911171,-4.875671
66.983775,NaN,NaN,NaN,NaN,-0.074780,-2.042935,1.922083,9.127722,4.573899,3.594894,-5.011868,-4.911152,-4.875694
66.995751,NaN,NaN,NaN,NaN,-0.074848,-2.042318,1.921911,9.131281,4.581766,3.598485,-5.011803,-4.911110,-4.875702
67.004713,NaN,NaN,NaN,NaN,-0.075012,-2.042009,1.921741,9.138404,4.585700,3.602075,-5.011684,-4.911087,-4.875710
67.014291,NaN,NaN,NaN,NaN,-0.075093,-2.041703,1.921572,9.141960,4.589629,3.605664,-5.011635,-4.911064,-4.875721
67.034279,NaN,NaN,NaN,NaN,-0.075263,-2.040778,1.921083,9.149076,4.601397,3.616413,-5.011543,-4.910973,-4.875771
67.043585,NaN,NaN,NaN,NaN,-0.075440,-2.040459,1.920927,9.156191,4.605315,3.619985,-5.011459,-4.910938,-4.875790
67.055868,NaN,NaN,NaN,NaN,-0.075527,-2.040144,1.920620,9.159745,4.609230,3.627128,-5.011421,-4.910900,-4.875832
67.074433,NaN,NaN,NaN,NaN,-0.075716,-2.039167,1.920315,9.166858,4.620975,3.634230,-5.011360,-4.910767,-4.875870
67.094416,NaN,NaN,NaN,NaN,-0.075998,-2.038516,1.920016,9.177523,4.628794,3.641330,-5.011284,-4.910698,-4.875916
67.103799,NaN,NaN,NaN,NaN,-0.076093,-2.038158,1.919709,9.181084,4.632713,3.648379,-5.011276,-4.910645,-4.875984
67.114291,NaN,NaN,NaN,NaN,-0.076188,-2.037452,1.919559,9.184641,4.640536,3.651904,-5.011272,-4.910542,-4.876022
67.134374,NaN,NaN,NaN,NaN,-0.076281,-2.036733,1.919256,9.188196,4.648346,3.658937,-5.011269,-4.910435,-4.876087
67.143683,NaN,NaN,NaN,NaN,-0.076554,-2.035999,1.918953,9.198886,4.656142,3.665955,-5.011272,-4.910328,-4.876148
67.155871,NaN,NaN,NaN,NaN,-0.076643,-2.035639,1.918804,9.202444,4.660034,3.669464,-5.011276,-4.910275,-4.876186
67.165272,NaN,NaN,NaN,NaN,-0.076732,-2.035270,1.918672,9.206001,4.663918,3.672964,-5.011276,-4.910221,-4.876221
67.174621,NaN,NaN,NaN,NaN,-0.076891,-2.034906,1.918540,9.213127,4.667797,3.676464,-5.011272,-4.910172,-4.876259
67.182879,NaN,NaN,NaN,NaN,-0.076970,-2.034545,1.918282,9.216687,4.671672,3.683467,-5.011272,-4.910118,-4.876347
67.194364,NaN,NaN,NaN,NaN,-0.077049,-2.033818,1.918175,9.220245,4.679401,3.686963,-5.011272,-4.910027,-4.876385
67.203223,NaN,NaN,NaN,NaN,-0.077110,-2.033452,1.918070,9.223809,4.683256,3.690458,-5.011269,-4.910007,-4.876423
67.214204,NaN,NaN,NaN,NaN,-0.077232,-2.033091,1.917966,9.230929,4.687106,3.693954,-5.011272,-4.909988,-4.876465
67.223419,NaN,NaN,NaN,NaN,-0.077293,-2.032733,1.917863,9.234488,4.690952,3.697450,-5.011261,-4.909969,-4.876514
67.234625,NaN,NaN,NaN,NaN,-0.077337,-2.031997,1.917689,9.238065,4.698603,3.704438,-5.011246,-4.909931,-4.876610
67.243481,NaN,NaN,NaN,NaN,-0.077427,-2.031636,1.917604,9.245212,4.702423,3.707934,-5.011227,-4.909912,-4.876659
67.255054,NaN,NaN,NaN,NaN,-0.077472,-2.031279,1.917520,9.248781,4.706240,3.711430,-5.011219,-4.909893,-4.876713
67.274336,NaN,NaN,NaN,NaN,-0.077566,-2.030156,1.917293,9.255951,4.717604,3.721917,-5.011192,-4.909855,-4.876842
67.294394,NaN,NaN,NaN,NaN,-0.077703,-2.029431,1.917147,9.266706,4.725164,3.728914,-5.011166,-4.909824,-4.876938
67.303175,NaN,NaN,NaN,NaN,-0.077746,-2.029050,1.917069,9.270297,4.728915,3.732402,-5.011166,-4.909821,-4.876972
67.314269,NaN,NaN,NaN,NaN,-0.077790,-2.028303,1.916914,9.273886,4.736405,3.739381,-5.011166,-4.909813,-4.877052
67.334570,NaN,NaN,NaN,NaN,-0.077834,-2.027563,1.916759,9.277472,4.743854,3.746343,-5.011169,-4.909843,-4.877121
67.344201,NaN,NaN,NaN,NaN,-0.077921,-2.027195,1.916607,9.288255,4.747559,3.753288,-5.011242,-4.909870,-4.877178
67.356339,NaN,NaN,NaN,NaN,-0.077951,-2.026831,1.916532,9.291844,4.751261,3.756763,-5.011269,-4.909893,-4.877209
67.365517,NaN,NaN,NaN,NaN,-0.077972,-2.026118,1.916468,9.295445,4.758628,3.760222,-5.011311,-4.909966,-4.877239
67.383252,NaN,NaN,NaN,NaN,-0.078014,-2.025425,1.916344,9.302641,4.765957,3.767147,-5.011402,-4.910057,-4.877308
67.394410,NaN,NaN,NaN,NaN,-0.078051,-2.024767,1.916227,9.309838,4.773247,3.774074,-5.011501,-4.910164,-4.877380
67.414123,NaN,NaN,NaN,NaN,-0.078100,-2.024145,1.916119,9.320636,4.780499,3.781003,-5.011677,-4.910286,-4.877472
67.438818,NaN,NaN,NaN,NaN,-0.078116,-2.023545,1.916029,9.324231,4.787715,3.787915,-5.011734,-4.910412,-4.877575
67.449291,NaN,NaN,NaN,NaN,-0.078133,-2.023253,1.915991,9.327831,4.791306,3.791360,-5.011810,-4.910477,-4.877632
67.459420,NaN,NaN,NaN,NaN,-0.078169,-2.022966,1.915954,9.335026,4.794897,3.794808,-5.011959,-4.910542,-4.877689
67.470336,NaN,NaN,NaN,NaN,-0.078187,-2.022682,1.915917,9.338620,4.798487,3.798259,-5.012035,-4.910599,-4.877750
67.478045,NaN,NaN,NaN,NaN,-0.078213,-2.022408,1.915865,9.342214,4.802047,3.805115,-5.012112,-4.910675,-4.877895
67.492212,NaN,NaN,NaN,NaN,-0.078239,-2.021871,1.915839,9.345804,4.809168,3.808547,-5.012188,-4.910812,-4.877968
67.517357,NaN,NaN,NaN,NaN,-0.078321,-2.021357,1.915786,9.356558,4.816268,3.815393,-5.012436,-4.910957,-4.878124
67.526589,NaN,NaN,NaN,NaN,-0.078352,-2.021110,1.915731,9.360132,4.819807,3.822224,-5.012527,-4.911037,-4.878284
67.547625,NaN,NaN,NaN,NaN,-0.078415,-2.020386,1.915673,9.367278,4.830407,3.829045,-5.012695,-4.911285,-4.878479
67.558159,NaN,NaN,NaN,NaN,-0.078489,-2.020148,1.915642,9.374390,4.833927,3.832448,-5.012875,-4.911373,-4.878586
67.566531,NaN,NaN,NaN,NaN,-0.078526,-2.019915,1.915582,9.377944,4.837449,3.839265,-5.012962,-4.911457,-4.878807
67.579447,NaN,NaN,NaN,NaN,-0.078605,-2.019460,1.915554,9.385035,4.844497,3.842678,-5.013142,-4.911621,-4.878918
67.586103,NaN,NaN,NaN,NaN,-0.078647,-2.019224,1.915526,9.388574,4.847998,3.846066,-5.013237,-4.911713,-4.879036
67.606146,NaN,NaN,NaN,NaN,-0.078731,-2.018541,1.915446,9.395647,4.858510,3.856250,-5.013401,-4.911976,-4.879349
67.617679,NaN,NaN,NaN,NaN,-0.078791,-2.018298,1.915423,9.399178,4.862003,3.859633,-5.013470,-4.912071,-4.879452
67.627696,NaN,NaN,NaN,NaN,-0.078909,-2.018058,1.915400,9.406236,4.865499,3.863019,-5.013599,-4.912167,-4.879559
67.637764,NaN,NaN,NaN,NaN,-0.078967,-2.017822,1.915358,9.409763,4.868996,3.869805,-5.013668,-4.912254,-4.879772
67.645955,NaN,NaN,NaN,NaN,-0.079034,-2.017591,1.915342,9.413296,4.872496,3.873193,-5.013725,-4.912338,-4.879879
67.657398,NaN,NaN,NaN,NaN,-0.079101,-2.017333,1.915326,9.416827,4.875988,3.876585,-5.013783,-4.912415,-4.879986
67.677864,NaN,NaN,NaN,NaN,-0.079312,-2.016587,1.915298,9.427439,4.886478,3.883379,-5.013908,-4.912628,-4.880215
67.686508,NaN,NaN,NaN,NaN,-0.079390,-2.016337,1.915288,9.430990,4.889970,3.886775,-5.013943,-4.912693,-4.880341
67.697176,NaN,NaN,NaN,NaN,-0.079467,-2.015849,1.915268,9.434539,4.896960,3.893578,-5.013977,-4.912811,-4.880585
67.706939,NaN,NaN,NaN,NaN,-0.079619,-2.015611,1.915258,9.441634,4.900457,3.896985,-5.014050,-4.912884,-4.880711
67.717308,NaN,NaN,NaN,NaN,-0.079692,-2.015377,1.915248,9.445209,4.903946,3.900391,-5.014069,-4.912960,-4.880836
67.739308,NaN,NaN,NaN,NaN,-0.079834,-2.014921,1.915223,9.452352,4.910930,3.910632,-5.014099,-4.913101,-4.881184
67.747452,NaN,NaN,NaN,NaN,-0.079904,-2.014463,1.915210,9.455920,4.917909,3.914057,-5.014114,-4.913235,-4.881306
67.757620,NaN,NaN,NaN,NaN,-0.080051,-2.014231,1.915199,9.463098,4.921396,3.917485,-5.014111,-4.913296,-4.881428
67.777151,NaN,NaN,NaN,NaN,-0.080196,-2.013542,1.915161,9.470269,4.931874,3.927798,-5.014114,-4.913486,-4.881798
67.797299,NaN,NaN,NaN,NaN,-0.080414,-2.013081,1.915129,9.481093,4.938877,3.934700,-5.014057,-4.913609,-4.882015
67.817338,NaN,NaN,NaN,NaN,-0.080562,-2.012419,1.915076,9.488323,4.949385,3.945062,-5.014004,-4.913803,-4.882339
67.827502,NaN,NaN,NaN,NaN,-0.080638,-2.012206,1.915059,9.491946,4.952890,3.948520,-5.013969,-4.913864,-4.882446
67.838618,NaN,NaN,NaN,NaN,-0.080787,-2.011996,1.915042,9.499185,4.956398,3.951981,-5.013905,-4.913925,-4.882557
67.848068,NaN,NaN,NaN,NaN,-0.080863,-2.011791,1.915026,9.502842,4.959908,3.955445,-5.013847,-4.913979,-4.882664
67.857282,NaN,NaN,NaN,NaN,-0.080939,-2.011402,1.915008,9.506497,4.966913,3.962374,-5.013790,-4.914116,-4.882862
67.877269,NaN,NaN,NaN,NaN,-0.081174,-2.011025,1.914994,9.517493,4.973927,3.969316,-5.013622,-4.914246,-4.883060
67.887143,NaN,NaN,NaN,NaN,-0.081259,-2.010855,1.914998,9.521181,4.977433,3.972795,-5.013565,-4.914333,-4.883156
67.906541,NaN,NaN,NaN,NaN,-0.081425,-2.010524,1.915013,9.528549,4.984454,3.983248,-5.013454,-4.914501,-4.883450
67.917506,NaN,NaN,NaN,NaN,-0.081601,-2.010218,1.915025,9.536016,4.991476,3.986735,-5.013306,-4.914669,-4.883545
67.938831,NaN,NaN,NaN,NaN,-0.081686,-2.009936,1.915068,9.539743,4.998499,3.997218,-5.013241,-4.914837,-4.883827
67.947756,NaN,NaN,NaN,NaN,-0.081848,-2.009681,1.915085,9.547237,5.005514,4.000709,-5.013103,-4.915009,-4.883911
67.957357,NaN,NaN,NaN,NaN,-0.082001,-2.009564,1.915102,9.554767,5.009017,4.004203,-5.012974,-4.915100,-4.883995
67.965603,NaN,NaN,NaN,NaN,-0.082075,-2.009451,1.915139,9.558525,5.012523,4.011201,-5.012917,-4.915188,-4.884159
67.977386,NaN,NaN,NaN,NaN,-0.082148,-2.009248,1.915167,9.562280,5.019529,4.014712,-5.012859,-4.915352,-4.884239
67.997382,NaN,NaN,NaN,NaN,-0.082341,-2.009072,1.915224,9.573665,5.026532,4.021744,-5.012650,-4.915508,-4.884403
68.017183,NaN,NaN,NaN,NaN,-0.082459,-2.008831,1.915329,9.581262,5.037045,4.032319,-5.012516,-4.915756,-4.884651
68.037889,NaN,NaN,NaN,NaN,-0.082621,-2.008685,1.915407,9.592667,5.044063,4.039386,-5.012295,-4.915909,-4.884834
68.046966,NaN,NaN,NaN,NaN,-0.082667,-2.008610,1.915459,9.596479,5.047575,4.042932,-5.012226,-4.915997,-4.884922
68.057621,NaN,NaN,NaN,NaN,-0.082711,-2.008469,1.915566,9.600286,5.054609,4.050029,-5.012165,-4.916157,-4.885105
68.066090,NaN,NaN,NaN,NaN,-0.082796,-2.008403,1.915620,9.607889,5.058128,4.053581,-5.012054,-4.916248,-4.885197
68.077877,NaN,NaN,NaN,NaN,-0.082829,-2.008336,1.915682,9.611695,5.061660,4.057140,-5.012001,-4.916355,-4.885281
68.086676,NaN,NaN,NaN,NaN,-0.082860,-2.008273,1.915805,9.615498,5.065193,4.064267,-5.011929,-4.916458,-4.885433
68.097158,NaN,NaN,NaN,NaN,-0.082890,-2.008153,1.915867,9.619295,5.072266,4.067833,-5.011860,-4.916649,-4.885513
68.117034,NaN,NaN,NaN,NaN,-0.082935,-2.008046,1.916003,9.626904,5.079348,4.074964,-5.011723,-4.916851,-4.885662
68.126744,NaN,NaN,NaN,NaN,-0.082964,-2.007998,1.916149,9.634521,5.082892,4.082093,-5.011589,-4.916973,-4.885811
68.146115,NaN,NaN,NaN,NaN,-0.082977,-2.007910,1.916223,9.638322,5.089987,4.085662,-5.011532,-4.917206,-4.885887
68.154834,NaN,NaN,NaN,NaN,-0.082989,-2.007862,1.916310,9.642142,5.093547,4.089225,-5.011463,-4.917328,-4.885971
68.172522,NaN,NaN,NaN,NaN,-0.083020,-2.007774,1.916484,9.653572,5.100671,4.096359,-5.011292,-4.917564,-4.886143
68.184799,NaN,NaN,NaN,NaN,-0.083028,-2.007684,1.916678,9.657403,5.107821,4.103485,-5.011234,-4.917793,-4.886318
68.194245,NaN,NaN,NaN,NaN,-0.083035,-2.007637,1.916784,9.661229,5.111408,4.107044,-5.011181,-4.917915,-4.886402
68.204073,NaN,NaN,NaN,NaN,-0.083045,-2.007593,1.916891,9.668863,5.114995,4.110605,-5.011086,-4.918034,-4.886490
68.213292,NaN,NaN,NaN,NaN,-0.083040,-2.007552,1.916998,9.672692,5.118584,4.114168,-5.011021,-4.918144,-4.886578
68.224297,NaN,NaN,NaN,NaN,-0.083035,-2.007442,1.917252,9.676517,5.125794,4.121265,-5.010963,-4.918350,-4.886745
68.233046,NaN,NaN,NaN,NaN,-0.083023,-2.007392,1.917379,9.684148,5.129401,4.124817,-5.010853,-4.918446,-4.886829
68.245630,NaN,NaN,NaN,NaN,-0.083017,-2.007346,1.917506,9.687957,5.133008,4.128371,-5.010807,-4.918537,-4.886917
68.264018,NaN,NaN,NaN,NaN,-0.082999,-2.007181,1.917933,9.695580,5.143893,4.138981,-5.010704,-4.918766,-4.887177
68.284172,NaN,NaN,NaN,NaN,-0.082990,-2.007068,1.918230,9.699384,5.151178,4.146047,-5.010674,-4.918884,-4.887341
68.293213,NaN,NaN,NaN,NaN,-0.082994,-2.007008,1.918540,9.710830,5.154833,4.153106,-5.010571,-4.918930,-4.887508
68.304822,NaN,NaN,NaN,NaN,-0.083000,-2.006897,1.918695,9.714645,5.162144,4.156640,-5.010536,-4.919010,-4.887596
68.324690,NaN,NaN,NaN,NaN,-0.083030,-2.006765,1.919049,9.726112,5.169510,4.163681,-5.010414,-4.919071,-4.887741
68.333150,NaN,NaN,NaN,NaN,-0.083041,-2.006703,1.919398,9.729933,5.173194,4.170730,-5.010361,-4.919094,-4.887932
68.345523,NaN,NaN,NaN,NaN,-0.083052,-2.006565,1.919582,9.733748,5.180582,4.174247,-5.010311,-4.919140,-4.888008
68.353266,NaN,NaN,NaN,NaN,-0.083068,-2.006489,1.919765,9.737574,5.184287,4.177767,-5.010239,-4.919155,-4.888084
68.364028,NaN,NaN,NaN,NaN,-0.083098,-2.006416,1.919947,9.745210,5.187990,4.181289,-5.010109,-4.919170,-4.888165
68.384296,NaN,NaN,NaN,NaN,-0.083119,-2.006199,1.920485,9.752842,5.199130,4.191853,-5.009960,-4.919250,-4.888390
68.404797,NaN,NaN,NaN,NaN,-0.083138,-2.006049,1.921013,9.764276,5.206596,4.202404,-5.009750,-4.919292,-4.888607
68.413431,NaN,NaN,NaN,NaN,-0.083137,-2.005978,1.921185,9.768089,5.210329,4.205882,-5.009666,-4.919312,-4.888683
68.424305,NaN,NaN,NaN,NaN,-0.083135,-2.005812,1.921355,9.771898,5.217829,4.209363,-5.009583,-4.919338,-4.888760
68.443894,NaN,NaN,NaN,NaN,-0.083134,-2.005658,1.921692,9.775702,5.225326,4.216334,-5.009506,-4.919346,-4.888912
68.453119,NaN,NaN,NaN,NaN,-0.083106,-2.005564,1.921855,9.783314,5.229086,4.219781,-5.009342,-4.919346,-4.889004
68.464097,NaN,NaN,NaN,NaN,-0.083057,-2.005384,1.922177,9.790924,5.236604,4.226686,-5.009174,-4.919334,-4.889191
68.473012,NaN,NaN,NaN,NaN,-0.082996,-2.005299,1.922336,9.798546,5.240362,4.230143,-5.009003,-4.919327,-4.889286
68.484104,NaN,NaN,NaN,NaN,-0.082959,-2.005204,1.922503,9.802364,5.244142,4.233567,-5.008911,-4.919323,-4.889385
68.504872,NaN,NaN,NaN,NaN,-0.082850,-2.005025,1.922996,9.813790,5.251698,4.243862,-5.008663,-4.919308,-4.889698
68.513745,NaN,NaN,NaN,NaN,-0.082805,-2.004834,1.923168,9.817616,5.259253,4.247272,-5.008572,-4.919281,-4.889801
68.533222,NaN,NaN,NaN,NaN,-0.082717,-2.004631,1.923508,9.825253,5.266810,4.254106,-5.008400,-4.919239,-4.890007
68.554179,NaN,NaN,NaN,NaN,-0.082554,-2.004292,1.924034,9.836731,5.278133,4.264334,-5.008163,-4.919140,-4.890312
68.564366,NaN,NaN,NaN,NaN,-0.082496,-2.004177,1.924210,9.840556,5.281904,4.267743,-5.008091,-4.919094,-4.890411
68.573549,NaN,NaN,NaN,NaN,-0.082438,-2.004065,1.924385,9.844377,5.285673,4.271156,-5.008022,-4.919048,-4.890514
68.584651,NaN,NaN,NaN,NaN,-0.082372,-2.003809,1.924752,9.848209,5.293215,4.277941,-5.007954,-4.918919,-4.890709
68.593647,NaN,NaN,NaN,NaN,-0.082306,-2.003686,1.924932,9.852037,5.296984,4.281339,-5.007893,-4.918854,-4.890808
68.605296,NaN,NaN,NaN,NaN,-0.082178,-2.003566,1.925111,9.859679,5.300751,4.284742,-5.007778,-4.918789,-4.890903
68.613387,NaN,NaN,NaN,NaN,-0.082122,-2.003445,1.925289,9.863503,5.304521,4.288114,-5.007732,-4.918724,-4.890987
68.624501,NaN,NaN,NaN,NaN,-0.082067,-2.003327,1.925637,9.867321,5.308289,4.294871,-5.007687,-4.918659,-4.891159
68.644341,NaN,NaN,NaN,NaN,-0.081903,-2.002994,1.925981,9.878762,5.319586,4.301646,-5.007542,-4.918461,-4.891308
68.653789,NaN,NaN,NaN,NaN,-0.081849,-2.002869,1.926300,9.882579,5.323360,4.308374,-5.007500,-4.918396,-4.891445
68.674009,NaN,NaN,NaN,NaN,-0.081703,-2.002514,1.926613,9.894042,5.334674,4.315122,-5.007381,-4.918201,-4.891586
68.686548,NaN,NaN,NaN,NaN,-0.081662,-2.002387,1.926867,9.897882,5.338461,4.321850,-5.007343,-4.918140,-4.891697
68.693088,NaN,NaN,NaN,NaN,-0.081621,-2.002264,1.926992,9.901715,5.342247,4.325222,-5.007313,-4.918079,-4.891750
68.705627,NaN,NaN,NaN,NaN,-0.081580,-2.002028,1.927116,9.905544,5.349811,4.328599,-5.007286,-4.917953,-4.891804
68.714360,NaN,NaN,NaN,NaN,-0.081527,-2.001895,1.927218,9.909415,5.353613,4.331968,-5.007256,-4.917896,-4.891850
68.724230,NaN,NaN,NaN,NaN,-0.081421,-2.001765,1.927318,9.917137,5.357413,4.335341,-5.007206,-4.917839,-4.891895
68.732623,NaN,NaN,NaN,NaN,-0.081368,-2.001639,1.927517,9.920989,5.361212,4.342102,-5.007191,-4.917786,-4.891991
68.753920,NaN,NaN,NaN,NaN,-0.081290,-2.001225,1.927694,9.924870,5.372625,4.348866,-5.007175,-4.917633,-4.892078
68.763884,NaN,NaN,NaN,NaN,-0.081056,-2.001085,1.927780,9.936477,5.376430,4.352255,-5.007137,-4.917580,-4.892128
68.784159,NaN,NaN,NaN,NaN,-0.080867,-2.000636,1.928016,9.944214,5.387860,4.362448,-5.007126,-4.917412,-4.892265
68.804640,NaN,NaN,NaN,NaN,-0.080537,-2.000339,1.928163,9.955817,5.395479,4.369266,-5.007126,-4.917305,-4.892357
68.824897,NaN,NaN,NaN,NaN,-0.080273,-1.999886,1.928359,9.963564,5.406934,4.379563,-5.007137,-4.917145,-4.892517
68.832798,NaN,NaN,NaN,NaN,-0.080014,-1.999741,1.928422,9.971286,5.410748,4.383004,-5.007156,-4.917091,-4.892570
68.844935,NaN,NaN,NaN,NaN,-0.079874,-1.999602,1.928500,9.975155,5.414582,4.386455,-5.007175,-4.917030,-4.892624
68.852940,NaN,NaN,NaN,NaN,-0.079735,-1.999465,1.928652,9.979017,5.418413,4.393369,-5.007198,-4.916965,-4.892735
68.864135,NaN,NaN,NaN,NaN,-0.079598,-1.999202,1.928726,9.982874,5.426070,4.396832,-5.007225,-4.916836,-4.892788
68.884530,NaN,NaN,NaN,NaN,-0.079143,-1.998982,1.928903,9.994422,5.433773,4.403776,-5.007305,-4.916676,-4.892868
68.893593,NaN,NaN,NaN,NaN,-0.078986,-1.998876,1.929074,9.998260,5.437620,4.410737,-5.007339,-4.916595,-4.892948
68.904771,NaN,NaN,NaN,NaN,-0.078831,-1.998672,1.929157,10.002094,5.445306,4.414223,-5.007378,-4.916435,-4.892994
68.912723,NaN,NaN,NaN,NaN,-0.078478,-1.998586,1.929240,10.009773,5.449159,4.417700,-5.007492,-4.916348,-4.893028
68.925082,NaN,NaN,NaN,NaN,-0.078303,-1.998503,1.929321,10.013604,5.453008,4.421182,-5.007553,-4.916256,-4.893066
68.934135,NaN,NaN,NaN,NaN,-0.078130,-1.998343,1.929480,10.017429,5.460700,4.428157,-5.007607,-4.916080,-4.893131
68.954104,NaN,NaN,NaN,NaN,-0.077583,-1.998193,1.929621,10.028898,5.468393,4.435135,-5.007790,-4.915871,-4.893185
68.965401,NaN,NaN,NaN,NaN,-0.077403,-1.998123,1.929688,10.032709,5.472237,4.438630,-5.007854,-4.915764,-4.893215
68.984378,NaN,NaN,NaN,NaN,-0.077227,-1.997909,1.929900,10.036535,5.483776,4.449125,-5.007931,-4.915451,-4.893272
68.992979,NaN,NaN,NaN,NaN,-0.076876,-1.997840,1.929971,10.044171,5.487620,4.452631,-5.008083,-4.915344,-4.893299
69.006080,NaN,NaN,NaN,NaN,-0.076522,-1.997774,1.930040,10.051805,5.491463,4.456141,-5.008247,-4.915237,-4.893330
69.024067,NaN,NaN,NaN,NaN,-0.076165,-1.997575,1.930267,10.059433,5.503044,4.466682,-5.008427,-4.914917,-4.893349
69.033255,NaN,NaN,NaN,NaN,-0.075988,-1.997514,1.930339,10.063239,5.506899,4.470205,-5.008514,-4.914822,-4.893356
69.044274,NaN,NaN,NaN,NaN,-0.075627,-1.997452,1.930440,10.070861,5.510776,4.473734,-5.008701,-4.914722,-4.893333
69.065166,NaN,NaN,NaN,NaN,-0.075261,-1.997336,1.930733,10.078487,5.518520,4.484348,-5.008884,-4.914528,-4.893307
69.074612,NaN,NaN,NaN,NaN,-0.075080,-1.997234,1.930853,10.082292,5.526275,4.487902,-5.008976,-4.914341,-4.893265
69.084228,NaN,NaN,NaN,NaN,-0.074696,-1.997189,1.930971,10.089924,5.530158,4.491460,-5.009159,-4.914249,-4.893223
69.104393,NaN,NaN,NaN,NaN,-0.074319,-1.997104,1.931350,10.097532,5.537918,4.502180,-5.009338,-4.914089,-4.893085
69.124702,NaN,NaN,NaN,NaN,-0.073756,-1.997033,1.931637,10.109015,5.549572,4.509375,-5.009640,-4.913860,-4.892956
69.133339,NaN,NaN,NaN,NaN,-0.073571,-1.997013,1.931776,10.112830,5.553451,4.512978,-5.009739,-4.913784,-4.892899
69.144110,NaN,NaN,NaN,NaN,-0.073394,-1.996996,1.932141,10.116673,5.561214,4.520218,-5.009830,-4.913647,-4.892727
69.165040,NaN,NaN,NaN,NaN,-0.072874,-1.996984,1.932495,10.128166,5.568967,4.527472,-5.010105,-4.913517,-4.892567
69.184868,NaN,NaN,NaN,NaN,-0.072715,-1.996982,1.933096,10.131996,5.576719,4.538383,-5.010178,-4.913383,-4.892258
69.192809,NaN,NaN,NaN,NaN,-0.072398,-1.996992,1.933306,10.139638,5.584473,4.542027,-5.010326,-4.913254,-4.892151
69.204080,NaN,NaN,NaN,NaN,-0.072100,-1.996998,1.933513,10.147252,5.588345,4.545676,-5.010460,-4.913189,-4.892048
69.213199,NaN,NaN,NaN,NaN,-0.071959,-1.997028,1.933961,10.151049,5.592234,4.552973,-5.010521,-4.913120,-4.891781
69.224440,NaN,NaN,NaN,NaN,-0.071819,-1.997090,1.934179,10.154840,5.600005,4.556628,-5.010586,-4.912987,-4.891655
69.243949,NaN,NaN,NaN,NaN,-0.071437,-1.997181,1.934621,10.166175,5.607787,4.563953,-5.010754,-4.912857,-4.891392
69.264908,NaN,NaN,NaN,NaN,-0.071097,-1.997298,1.935282,10.177453,5.615580,4.574976,-5.010918,-4.912731,-4.891006
69.274016,NaN,NaN,NaN,NaN,-0.070998,-1.997448,1.935505,10.181198,5.623388,4.578646,-5.010967,-4.912590,-4.890862
69.284113,NaN,NaN,NaN,NaN,-0.070900,-1.997538,1.935725,10.184937,5.627301,4.582320,-5.011021,-4.912514,-4.890720
69.293367,NaN,NaN,NaN,NaN,-0.070803,-1.997628,1.936156,10.188672,5.631211,4.589677,-5.011070,-4.912441,-4.890484
69.323321,NaN,NaN,NaN,NaN,-0.070559,-1.997957,1.936622,10.199840,5.642961,4.597047,-5.011227,-4.912212,-4.890228
69.334745,NaN,NaN,NaN,NaN,-0.070485,-1.998076,1.936850,10.203552,5.646879,4.600737,-5.011280,-4.912136,-4.890110
69.361757,NaN,NaN,NaN,NaN,-0.070413,-1.998473,1.937574,10.207260,5.658682,4.611796,-5.011333,-4.911938,-4.889748
69.371694,NaN,NaN,NaN,NaN,-0.070272,-1.998611,1.937819,10.218323,5.662621,4.615485,-5.011520,-4.911869,-4.889610
69.382962,NaN,NaN,NaN,NaN,-0.070226,-1.998747,1.938061,10.222002,5.666556,4.619177,-5.011589,-4.911808,-4.889477
69.402633,NaN,NaN,NaN,NaN,-0.070161,-1.999224,1.938818,10.229352,5.678414,4.630209,-5.011738,-4.911610,-4.889091
69.422467,NaN,NaN,NaN,NaN,-0.070083,-1.999564,1.939310,10.240337,5.686315,4.637568,-5.011963,-4.911480,-4.888844
69.441593,NaN,NaN,NaN,NaN,-0.070057,-2.000105,1.940035,10.247627,5.698160,4.648614,-5.012157,-4.911293,-4.888485
69.451139,NaN,NaN,NaN,NaN,-0.070044,-2.000282,1.940270,10.251267,5.702102,4.652304,-5.012257,-4.911232,-4.888374
69.461657,NaN,NaN,NaN,NaN,-0.070058,-2.000491,1.940493,10.258526,5.706039,4.655977,-5.012466,-4.911171,-4.888256
69.470687,NaN,NaN,NaN,NaN,-0.070064,-2.000697,1.940927,10.262151,5.709973,4.663335,-5.012569,-4.911133,-4.888031
69.483115,NaN,NaN,NaN,NaN,-0.070070,-2.001102,1.941140,10.265773,5.717832,4.667019,-5.012669,-4.911049,-4.887928
69.491830,NaN,NaN,NaN,NaN,-0.070123,-2.001322,1.941357,10.273016,5.721749,4.670698,-5.012882,-4.911011,-4.887810
69.501459,NaN,NaN,NaN,NaN,-0.070148,-2.001540,1.941572,10.276634,5.725663,4.674380,-5.012985,-4.910973,-4.887695
69.522367,NaN,NaN,NaN,NaN,-0.070220,-2.002177,1.942201,10.283873,5.737394,4.685425,-5.013206,-4.910866,-4.887379
69.530916,NaN,NaN,NaN,NaN,-0.070268,-2.002383,1.942406,10.287495,5.741301,4.689099,-5.013321,-4.910839,-4.887276
69.551383,NaN,NaN,NaN,NaN,-0.070429,-2.002586,1.942807,10.298361,5.745205,4.696458,-5.013668,-4.910816,-4.887096
69.570948,NaN,NaN,NaN,NaN,-0.070496,-2.003389,1.943410,10.301990,5.760797,4.707447,-5.013794,-4.910770,-4.886902
69.583010,NaN,NaN,NaN,NaN,-0.070691,-2.003585,1.943605,10.312858,5.764688,4.711117,-5.014153,-4.910763,-4.886845
69.591666,NaN,NaN,NaN,NaN,-0.070770,-2.003787,1.944008,10.316508,5.768575,4.718427,-5.014282,-4.910786,-4.886726
69.601651,NaN,NaN,NaN,NaN,-0.070848,-2.004184,1.944204,10.320156,5.776341,4.722087,-5.014408,-4.910831,-4.886677
69.621850,NaN,NaN,NaN,NaN,-0.071093,-2.004573,1.944595,10.331103,5.784103,4.729389,-5.014805,-4.910892,-4.886570
69.630549,NaN,NaN,NaN,NaN,-0.071185,-2.004765,1.944984,10.334763,5.787983,4.736677,-5.014938,-4.910931,-4.886459
69.642769,NaN,NaN,NaN,NaN,-0.071276,-2.005144,1.945174,10.338418,5.795733,4.740327,-5.015068,-4.911003,-4.886406
69.662412,NaN,NaN,NaN,NaN,-0.071607,-2.005536,1.945558,10.349392,5.803498,4.747596,-5.015442,-4.911110,-4.886288
69.682549,NaN,NaN,NaN,NaN,-0.071841,-2.005919,1.946116,10.356700,5.811251,4.758497,-5.015694,-4.911213,-4.886139
69.701611,NaN,NaN,NaN,NaN,-0.072321,-2.006560,1.946481,10.367713,5.822891,4.765745,-5.016079,-4.911423,-4.886047
69.722194,NaN,NaN,NaN,NaN,-0.072680,-2.007210,1.947006,10.375067,5.834527,4.776606,-5.016323,-4.911625,-4.885937
69.731225,NaN,NaN,NaN,NaN,-0.073078,-2.007445,1.947176,10.382432,5.838414,4.780214,-5.016552,-4.911701,-4.885899
69.743845,NaN,NaN,NaN,NaN,-0.073273,-2.007676,1.947343,10.386109,5.842297,4.783823,-5.016663,-4.911774,-4.885868
69.751785,NaN,NaN,NaN,NaN,-0.073532,-2.007904,1.947506,10.389814,5.846177,4.787435,-5.016773,-4.911842,-4.885841
69.762016,NaN,NaN,NaN,NaN,-0.073788,-2.008370,1.947819,10.393515,5.853969,4.794638,-5.016880,-4.912033,-4.885777
69.782130,NaN,NaN,NaN,NaN,-0.074287,-2.008823,1.948117,10.400906,5.861748,4.801848,-5.017094,-4.912193,-4.885723
69.791966,NaN,NaN,NaN,NaN,-0.074864,-2.009052,1.948423,10.408335,5.865655,4.809051,-5.017281,-4.912292,-4.885658
69.801700,NaN,NaN,NaN,NaN,-0.075147,-2.009499,1.948571,10.412044,5.873461,4.812656,-5.017380,-4.912483,-4.885632
69.821786,NaN,NaN,NaN,NaN,-0.076070,-2.009946,1.948866,10.423227,5.881285,4.819869,-5.017616,-4.912701,-4.885571
69.830736,NaN,NaN,NaN,NaN,-0.076386,-2.010171,1.949155,10.426961,5.885207,4.827084,-5.017681,-4.912834,-4.885502
69.842405,NaN,NaN,NaN,NaN,-0.076698,-2.010393,1.949296,10.430691,5.889125,4.830694,-5.017750,-4.912964,-4.885475
69.861726,NaN,NaN,NaN,NaN,-0.077730,-2.011079,1.949611,10.441943,5.900922,4.837941,-5.017895,-4.913391,-4.885445
69.881521,NaN,NaN,NaN,NaN,-0.078086,-2.011778,1.950074,10.445702,5.912712,4.848840,-5.017937,-4.913841,-4.885406
69.891570,NaN,NaN,NaN,NaN,-0.079239,-2.012019,1.950232,10.457023,5.916631,4.852486,-5.018028,-4.914013,-4.885387
69.901498,NaN,NaN,NaN,NaN,-0.079633,-2.012257,1.950387,10.460799,5.920546,4.856134,-5.018055,-4.914177,-4.885372
69.921926,NaN,NaN,NaN,NaN,-0.080021,-2.012983,1.950853,10.464573,5.932272,4.867124,-5.018070,-4.914692,-4.885330
69.930450,NaN,NaN,NaN,NaN,-0.080452,-2.013223,1.951004,10.468390,5.936175,4.870797,-5.018078,-4.914864,-4.885323
69.942440,NaN,NaN,NaN,NaN,-0.081711,-2.013460,1.951152,10.479816,5.940074,4.874472,-5.018093,-4.915028,-4.885315
69.951481,NaN,NaN,NaN,NaN,-0.082159,-2.013699,1.951489,10.483649,5.943976,4.881886,-5.018101,-4.915230,-4.885307
69.961670,NaN,NaN,NaN,NaN,-0.082600,-2.014165,1.951652,10.487477,5.951767,4.885594,-5.018112,-4.915611,-4.885311
69.981699,NaN,NaN,NaN,NaN,-0.083922,-2.014617,1.951968,10.498968,5.959543,4.893017,-5.018147,-4.915977,-4.885307
70.001643,NaN,NaN,NaN,NaN,-0.084819,-2.015283,1.952485,10.506647,5.971190,4.904233,-5.018177,-4.916523,-4.885330
70.021848,NaN,NaN,NaN,NaN,-0.086167,-2.015727,1.952835,10.518198,5.978954,4.911738,-5.018211,-4.916889,-4.885368
70.042448,NaN,NaN,NaN,NaN,-0.087049,-2.016390,1.953365,10.525897,5.990597,4.923034,-5.018265,-4.917412,-4.885521
70.061745,NaN,NaN,NaN,NaN,-0.088373,-2.016855,1.953729,10.537512,5.998384,4.930598,-5.018341,-4.917740,-4.885632
70.071258,NaN,NaN,NaN,NaN,-0.088801,-2.017082,1.954078,10.541373,6.002272,4.938169,-5.018368,-4.917889,-4.885750
70.090762,NaN,NaN,NaN,NaN,-0.089236,-2.017758,1.954434,10.545263,6.013972,4.945794,-5.018391,-4.918297,-4.885857
70.101618,NaN,NaN,NaN,NaN,-0.090499,-2.017979,1.954606,10.556905,6.017873,4.949608,-5.018471,-4.918423,-4.885921
70.110497,NaN,NaN,NaN,NaN,-0.090906,-2.018196,1.954774,10.560776,6.021770,4.953424,-5.018497,-4.918545,-4.885986
70.121882,NaN,NaN,NaN,NaN,-0.091315,-2.018614,1.955097,10.564666,6.029597,4.961100,-5.018524,-4.918758,-4.886082
70.143267,NaN,NaN,NaN,NaN,-0.092500,-2.019017,1.955407,10.576305,6.037407,4.968782,-5.018593,-4.918934,-4.886189
70.162614,NaN,NaN,NaN,NaN,-0.093294,-2.019588,1.955827,10.584061,6.049118,4.980365,-5.018658,-4.919125,-4.886246
70.171744,NaN,NaN,NaN,NaN,-0.094061,-2.019771,1.955959,10.591797,6.053013,4.984228,-5.018723,-4.919182,-4.886269
70.181765,NaN,NaN,NaN,NaN,-0.094451,-2.019926,1.956091,10.595675,6.056922,4.988102,-5.018745,-4.919216,-4.886265
70.201602,NaN,NaN,NaN,NaN,-0.095209,-2.020226,1.956467,10.603420,6.064727,4.999732,-5.018791,-4.919292,-4.886272
70.210629,NaN,NaN,NaN,NaN,-0.095578,-2.020506,1.956573,10.607285,6.072527,5.003621,-5.018826,-4.919346,-4.886238
70.223262,NaN,NaN,NaN,NaN,-0.096329,-2.020637,1.956676,10.615042,6.076427,5.007511,-5.018898,-4.919365,-4.886208
70.230585,NaN,NaN,NaN,NaN,-0.096693,-2.020766,1.956874,10.618913,6.080322,5.015294,-5.018932,-4.919380,-4.886162
70.242851,NaN,NaN,NaN,NaN,-0.097051,-2.021018,1.956968,10.622780,6.088099,5.019187,-5.018967,-4.919411,-4.886143
70.261566,NaN,NaN,NaN,NaN,-0.098158,-2.021269,1.957115,10.634400,6.095855,5.026967,-5.019043,-4.919430,-4.886059
70.281695,NaN,NaN,NaN,NaN,-0.098885,-2.021622,1.957284,10.642143,6.107466,5.038641,-5.019070,-4.919441,-4.885937
70.302111,NaN,NaN,NaN,NaN,-0.099956,-2.021837,1.957342,10.653749,6.115194,5.046427,-5.019093,-4.919426,-4.885849
70.310934,NaN,NaN,NaN,NaN,-0.100326,-2.021941,1.957373,10.657619,6.119053,5.054214,-5.019089,-4.919426,-4.885765
70.321855,NaN,NaN,NaN,NaN,-0.100688,-2.022158,1.957377,10.661484,6.126779,5.058108,-5.019089,-4.919395,-4.885723
70.342611,NaN,NaN,NaN,NaN,-0.101754,-2.022366,1.957381,10.673047,6.134490,5.065900,-5.019142,-4.919365,-4.885654
70.361678,NaN,NaN,NaN,NaN,-0.102460,-2.022661,1.957343,10.680730,6.146081,5.077580,-5.019165,-4.919262,-4.885536
70.381694,NaN,NaN,NaN,NaN,-0.103490,-2.022837,1.957303,10.692205,6.153790,5.085360,-5.019184,-4.919186,-4.885460
70.391811,NaN,NaN,NaN,NaN,-0.103835,-2.022918,1.957248,10.696012,6.157640,5.093133,-5.019165,-4.919140,-4.885410
70.402132,NaN,NaN,NaN,NaN,-0.104503,-2.023073,1.957219,10.703612,6.165328,5.097022,-5.019127,-4.919052,-4.885391
70.421957,NaN,NaN,NaN,NaN,-0.105171,-2.023204,1.957141,10.711159,6.172972,5.104797,-5.019043,-4.918945,-4.885326
70.430306,NaN,NaN,NaN,NaN,-0.105495,-2.023268,1.957059,10.714927,6.176788,5.112576,-5.019005,-4.918888,-4.885277
70.442092,NaN,NaN,NaN,NaN,-0.105812,-2.023330,1.957006,10.718692,6.180603,5.116471,-5.018967,-4.918835,-4.885250
70.462326,NaN,NaN,NaN,NaN,-0.106438,-2.023497,1.956896,10.726161,6.192004,5.124261,-5.018818,-4.918652,-4.885246
70.470683,NaN,NaN,NaN,NaN,-0.107037,-2.023550,1.956839,10.733617,6.195799,5.128158,-5.018677,-4.918591,-4.885250
70.482088,NaN,NaN,NaN,NaN,-0.107334,-2.023632,1.956677,10.737317,6.203373,5.135979,-5.018600,-4.918465,-4.885246
70.491118,NaN,NaN,NaN,NaN,-0.107909,-2.023672,1.956596,10.744710,6.207155,5.139891,-5.018452,-4.918419,-4.885246
70.511562,NaN,NaN,NaN,NaN,-0.108464,-2.023747,1.956322,10.752075,6.214711,5.151651,-5.018295,-4.918331,-4.885262
70.521729,NaN,NaN,NaN,NaN,-0.108735,-2.023780,1.956212,10.755748,6.222225,5.155583,-5.018215,-4.918251,-4.885269
70.541702,NaN,NaN,NaN,NaN,-0.109509,-2.023812,1.955992,10.766740,6.229729,5.163449,-5.017971,-4.918171,-4.885300
70.551546,NaN,NaN,NaN,NaN,-0.109756,-2.023818,1.955742,10.770393,6.233464,5.171352,-5.017891,-4.918129,-4.885334
70.570678,NaN,NaN,NaN,NaN,-0.110233,-2.023829,1.955492,10.777695,6.240931,5.179253,-5.017742,-4.918049,-4.885368
70.582139,NaN,NaN,NaN,NaN,-0.110472,-2.023854,1.955351,10.781323,6.248383,5.183207,-5.017673,-4.917980,-4.885387
70.590906,NaN,NaN,NaN,NaN,-0.110706,-2.023872,1.955212,10.784951,6.252102,5.187160,-5.017605,-4.917950,-4.885406
70.602694,NaN,NaN,NaN,NaN,-0.111157,-2.023908,1.954935,10.792202,6.259535,5.195065,-5.017475,-4.917889,-4.885460
70.611255,NaN,NaN,NaN,NaN,-0.111379,-2.023921,1.954787,10.795809,6.263247,5.199029,-5.017414,-4.917862,-4.885479
70.630001,NaN,NaN,NaN,NaN,-0.111808,-2.023947,1.954349,10.803017,6.270667,5.210918,-5.017300,-4.917809,-4.885586
70.641730,NaN,NaN,NaN,NaN,-0.112219,-2.023959,1.954201,10.810221,6.274374,5.214897,-5.017216,-4.917782,-4.885620
70.661478,NaN,NaN,NaN,NaN,-0.112820,-2.023991,1.953906,10.820972,6.285493,5.222851,-5.017120,-4.917755,-4.885704
70.671268,NaN,NaN,NaN,NaN,-0.113011,-2.024003,1.953611,10.824553,6.289196,5.230825,-5.017094,-4.917728,-4.885773
70.681700,NaN,NaN,NaN,NaN,-0.113213,-2.024015,1.953463,10.828103,6.296596,5.234823,-5.017071,-4.917698,-4.885799
70.702429,NaN,NaN,NaN,NaN,-0.113791,-2.024028,1.953167,10.838750,6.303990,5.242815,-5.017048,-4.917660,-4.885849
70.711950,NaN,NaN,NaN,NaN,-0.114011,-2.024028,1.953010,10.842261,6.307678,5.246832,-5.017048,-4.917648,-4.885868
70.722930,NaN,NaN,NaN,NaN,-0.114225,-2.024031,1.952698,10.845772,6.315050,5.254865,-5.017048,-4.917625,-4.885918
70.741899,NaN,NaN,NaN,NaN,-0.114875,-2.024020,1.952376,10.856275,6.322411,5.262914,-5.017063,-4.917622,-4.885975
70.761516,NaN,NaN,NaN,NaN,-0.115327,-2.023988,1.951878,10.863235,6.333431,5.275009,-5.017086,-4.917618,-4.886047
70.781728,NaN,NaN,NaN,NaN,-0.115786,-2.023963,1.951547,10.870165,6.340780,5.283078,-5.017117,-4.917622,-4.886105
70.790518,NaN,NaN,NaN,NaN,-0.116254,-2.023947,1.951217,10.877063,6.344457,5.291155,-5.017147,-4.917645,-4.886173
70.810967,NaN,NaN,NaN,NaN,-0.116481,-2.023887,1.950874,10.880513,6.355484,5.299231,-5.017166,-4.917717,-4.886230
70.821754,NaN,NaN,NaN,NaN,-0.117208,-2.023856,1.950696,10.890784,6.359163,5.303270,-5.017250,-4.917747,-4.886253
70.830277,NaN,NaN,NaN,NaN,-0.117441,-2.023798,1.950344,10.894209,6.366512,5.311342,-5.017277,-4.917809,-4.886303
70.842036,NaN,NaN,NaN,NaN,-0.117692,-2.023733,1.950150,10.897607,6.370197,5.315383,-5.017303,-4.917839,-4.886322
70.861513,NaN,NaN,NaN,NaN,-0.118417,-2.023611,1.949768,10.907809,6.377558,5.323458,-5.017387,-4.917889,-4.886364
70.881643,NaN,NaN,NaN,NaN,-0.118890,-2.023387,1.949169,10.914573,6.388597,5.335577,-5.017464,-4.917969,-4.886425
70.890445,NaN,NaN,NaN,NaN,-0.119346,-2.023308,1.948966,10.921344,6.392275,5.339615,-5.017540,-4.917995,-4.886448
70.902971,NaN,NaN,NaN,NaN,-0.119567,-2.023232,1.948765,10.924731,6.395949,5.343651,-5.017578,-4.918018,-4.886471
70.911150,NaN,NaN,NaN,NaN,-0.119773,-2.023133,1.948556,10.928098,6.399605,5.347697,-5.017616,-4.918045,-4.886486
70.921699,NaN,NaN,NaN,NaN,-0.119974,-2.022945,1.948142,10.931465,6.406906,5.355782,-5.017658,-4.918091,-4.886520
70.941761,NaN,NaN,NaN,NaN,-0.120366,-2.022748,1.947727,10.938205,6.414204,5.363871,-5.017727,-4.918140,-4.886547
70.950465,NaN,NaN,NaN,NaN,-0.120711,-2.022643,1.947312,10.944913,6.417851,5.371964,-5.017788,-4.918167,-4.886574
70.962121,NaN,NaN,NaN,NaN,-0.120878,-2.022445,1.947107,10.948270,6.425140,5.376005,-5.017818,-4.918213,-4.886589
70.981738,NaN,NaN,NaN,NaN,-0.121337,-2.022227,1.946715,10.958305,6.432416,5.384108,-5.017906,-4.918240,-4.886589
70.990580,NaN,NaN,NaN,NaN,-0.121480,-2.022124,1.946329,10.961648,6.436049,5.392198,-5.017933,-4.918251,-4.886604
71.002434,NaN,NaN,NaN,NaN,-0.121620,-2.021906,1.946141,10.964993,6.443307,5.396262,-5.017956,-4.918266,-4.886589
71.010780,NaN,NaN,NaN,NaN,-0.121752,-2.021790,1.945953,10.968319,6.446930,5.400322,-5.017986,-4.918274,-4.886581
71.021659,NaN,NaN,NaN,NaN,-0.122007,-2.021678,1.945767,10.974981,6.450551,5.404379,-5.018044,-4.918282,-4.886574
71.030737,NaN,NaN,NaN,NaN,-0.122129,-2.021463,1.945398,10.978316,6.457788,5.412484,-5.018070,-4.918289,-4.886574
71.042490,NaN,NaN,NaN,NaN,-0.122246,-2.021356,1.945232,10.981638,6.461387,5.416560,-5.018105,-4.918304,-4.886559
71.063206,NaN,NaN,NaN,NaN,-0.122578,-2.021153,1.944741,10.991620,6.468581,5.428766,-5.018227,-4.918331,-4.886539
71.072329,NaN,NaN,NaN,NaN,-0.122684,-2.021056,1.944603,10.994953,6.472177,5.432859,-5.018280,-4.918343,-4.886520
71.081977,NaN,NaN,NaN,NaN,-0.122787,-2.020885,1.944466,10.998290,6.479297,5.436948,-5.018330,-4.918411,-4.886505
71.103488,NaN,NaN,NaN,NaN,-0.122888,-2.020726,1.944192,11.001630,6.486413,5.445114,-5.018375,-4.918472,-4.886482
71.111925,NaN,NaN,NaN,NaN,-0.123199,-2.020649,1.943961,11.011644,6.489935,5.453319,-5.018509,-4.918518,-4.886410
71.122079,NaN,NaN,NaN,NaN,-0.123302,-2.020504,1.943846,11.014984,6.496979,5.457415,-5.018547,-4.918606,-4.886383
71.141781,NaN,NaN,NaN,NaN,-0.123613,-2.020366,1.943638,11.025002,6.503992,5.465610,-5.018650,-4.918697,-4.886322
71.162560,NaN,NaN,NaN,NaN,-0.123814,-2.020237,1.943361,11.031690,6.510977,5.477894,-5.018719,-4.918781,-4.886238
71.181594,NaN,NaN,NaN,NaN,-0.124115,-2.020045,1.943224,11.041719,6.521407,5.486081,-5.018810,-4.918888,-4.886139
71.201838,NaN,NaN,NaN,NaN,-0.124309,-2.019857,1.943040,11.048412,6.531805,5.498330,-5.018867,-4.918972,-4.885998
71.222767,NaN,NaN,NaN,NaN,-0.124585,-2.019732,1.942946,11.058455,6.538725,5.506471,-5.018906,-4.919029,-4.885891
71.230325,NaN,NaN,NaN,NaN,-0.124672,-2.019624,1.942898,11.061809,6.545636,5.510535,-5.018902,-4.919086,-4.885826
71.241689,NaN,NaN,NaN,NaN,-0.124769,-2.019577,1.942817,11.065161,6.549087,5.518635,-5.018883,-4.919117,-4.885666
71.250290,NaN,NaN,NaN,NaN,-0.124864,-2.019532,1.942775,11.068516,6.552538,5.522680,-5.018860,-4.919144,-4.885593
71.262416,NaN,NaN,NaN,NaN,-0.125044,-2.019490,1.942733,11.075235,6.555989,5.526721,-5.018818,-4.919170,-4.885529
71.270629,NaN,NaN,NaN,NaN,-0.125146,-2.019457,1.942669,11.078593,6.559436,5.534788,-5.018776,-4.919193,-4.885387
71.281578,NaN,NaN,NaN,NaN,-0.125245,-2.019398,1.942636,11.081954,6.566332,5.538816,-5.018738,-4.919235,-4.885326
71.301654,NaN,NaN,NaN,NaN,-0.125531,-2.019350,1.942569,11.092067,6.573232,5.546864,-5.018597,-4.919270,-4.885204
71.321946,NaN,NaN,NaN,NaN,-0.125711,-2.019303,1.942540,11.098838,6.583535,5.558875,-5.018486,-4.919342,-4.885017
71.330907,NaN,NaN,NaN,NaN,-0.125798,-2.019293,1.942529,11.102226,6.586971,5.562872,-5.018433,-4.919353,-4.884968
71.341694,NaN,NaN,NaN,NaN,-0.125980,-2.019287,1.942530,11.109043,6.590399,5.566832,-5.018272,-4.919373,-4.884903
71.351367,NaN,NaN,NaN,NaN,-0.126067,-2.019283,1.942529,11.112456,6.593826,5.574741,-5.018200,-4.919392,-4.884789
71.363313,NaN,NaN,NaN,NaN,-0.126152,-2.019284,1.942527,11.115871,6.600687,5.578693,-5.018127,-4.919422,-4.884739
71.371012,NaN,NaN,NaN,NaN,-0.126244,-2.019280,1.942540,11.119282,6.604119,5.582617,-5.018051,-4.919453,-4.884689
71.382229,NaN,NaN,NaN,NaN,-0.126420,-2.019278,1.942552,11.126111,6.607553,5.586539,-5.017906,-4.919479,-4.884640
71.390386,NaN,NaN,NaN,NaN,-0.126504,-2.019279,1.942563,11.129530,6.610987,5.590459,-5.017838,-4.919529,-4.884598
71.401774,NaN,NaN,NaN,NaN,-0.126599,-2.019281,1.942602,11.132947,6.614423,5.598263,-5.017780,-4.919575,-4.884518
71.421610,NaN,NaN,NaN,NaN,-0.126867,-2.019265,1.942655,11.143212,6.624738,5.606030,-5.017628,-4.919750,-4.884430
71.441655,NaN,NaN,NaN,NaN,-0.127042,-2.019233,1.942730,11.150052,6.635063,5.617623,-5.017551,-4.919933,-4.884312
71.450259,NaN,NaN,NaN,NaN,-0.127212,-2.019222,1.942753,11.156885,6.638508,5.621477,-5.017502,-4.919998,-4.884281
71.462731,NaN,NaN,NaN,NaN,-0.127294,-2.019214,1.942797,11.160306,6.641953,5.629162,-5.017483,-4.920059,-4.884232
71.471129,NaN,NaN,NaN,NaN,-0.127377,-2.019206,1.942817,11.163721,6.645396,5.632995,-5.017479,-4.920120,-4.884216
71.481605,NaN,NaN,NaN,NaN,-0.127457,-2.019198,1.942836,11.167137,6.652288,5.636826,-5.017479,-4.920227,-4.884201
71.501833,NaN,NaN,NaN,NaN,-0.127611,-2.019201,1.942867,11.173979,6.659183,5.644467,-5.017479,-4.920322,-4.884174
71.511112,NaN,NaN,NaN,NaN,-0.127777,-2.019206,1.942879,11.180796,6.662631,5.648276,-5.017506,-4.920368,-4.884163
71.521605,NaN,NaN,NaN,NaN,-0.127856,-2.019225,1.942898,11.184208,6.669533,5.655892,-5.017517,-4.920456,-4.884151
71.530981,NaN,NaN,NaN,NaN,-0.127934,-2.019226,1.942909,11.187624,6.672980,5.659671,-5.017559,-4.920502,-4.884132
71.541640,NaN,NaN,NaN,NaN,-0.128104,-2.019230,1.942918,11.194437,6.676429,5.663449,-5.017651,-4.920544,-4.884117
71.563217,NaN,NaN,NaN,NaN,-0.128265,-2.019261,1.942940,11.201262,6.686786,5.674777,-5.017742,-4.920658,-4.884102
71.570931,NaN,NaN,NaN,NaN,-0.128421,-2.019277,1.942948,11.208076,6.690243,5.678548,-5.017818,-4.920696,-4.884098
71.590534,NaN,NaN,NaN,NaN,-0.128497,-2.019345,1.942966,11.211487,6.700624,5.689857,-5.017853,-4.920792,-4.884121
71.601541,NaN,NaN,NaN,NaN,-0.128640,-2.019375,1.942978,11.218298,6.704092,5.693627,-5.017910,-4.920815,-4.884136
71.622389,NaN,NaN,NaN,NaN,-0.128841,-2.019444,1.943008,11.228506,6.711034,5.704933,-5.017975,-4.920853,-4.884209
71.630290,NaN,NaN,NaN,NaN,-0.128912,-2.019482,1.943032,11.231899,6.714507,5.708693,-5.017986,-4.920876,-4.884235
71.641651,NaN,NaN,NaN,NaN,-0.128982,-2.019559,1.943055,11.235295,6.721465,5.712451,-5.017998,-4.920929,-4.884266
71.663752,NaN,NaN,NaN,NaN,-0.129159,-2.019646,1.943097,11.245483,6.728428,5.719965,-5.018059,-4.920971,-4.884380
71.670735,NaN,NaN,NaN,NaN,-0.129201,-2.019707,1.943126,11.248877,6.731911,5.723719,-5.018070,-4.920998,-4.884426
71.681668,NaN,NaN,NaN,NaN,-0.129241,-2.019837,1.943180,11.252273,6.738882,5.731225,-5.018082,-4.921040,-4.884533
71.701520,NaN,NaN,NaN,NaN,-0.129317,-2.019993,1.943230,11.259072,6.745858,5.738719,-5.018105,-4.921112,-4.884632
71.711047,NaN,NaN,NaN,NaN,-0.129353,-2.020084,1.943277,11.265851,6.749349,5.746201,-5.018082,-4.921150,-4.884727
71.731437,NaN,NaN,NaN,NaN,-0.129376,-2.020381,1.943325,11.276006,6.759842,5.753683,-5.018021,-4.921272,-4.884815
71.741926,NaN,NaN,NaN,NaN,-0.129369,-2.020493,1.943351,11.279373,6.763350,5.757423,-5.017994,-4.921322,-4.884853
71.751335,NaN,NaN,NaN,NaN,-0.129360,-2.020608,1.943400,11.282743,6.766859,5.764903,-5.017971,-4.921356,-4.884933
71.772133,NaN,NaN,NaN,NaN,-0.129301,-2.020958,1.943466,11.292822,6.777393,5.772369,-5.017883,-4.921474,-4.884987
71.781548,NaN,NaN,NaN,NaN,-0.129276,-2.021077,1.943498,11.296180,6.780908,5.776102,-5.017857,-4.921513,-4.885014
71.801830,NaN,NaN,NaN,NaN,-0.129209,-2.021439,1.943591,11.302879,6.791449,5.787264,-5.017796,-4.921619,-4.885078
71.810748,NaN,NaN,NaN,NaN,-0.129167,-2.021562,1.943621,11.306220,6.794963,5.790978,-5.017769,-4.921650,-4.885101
71.823044,NaN,NaN,NaN,NaN,-0.129083,-2.021686,1.943676,11.312911,6.798480,5.798406,-5.017715,-4.921680,-4.885139
71.841842,NaN,NaN,NaN,NaN,-0.128981,-2.022085,1.943749,11.319578,6.809037,5.805777,-5.017704,-4.921761,-4.885128
71.862239,NaN,NaN,NaN,NaN,-0.128931,-2.022365,1.943816,11.322915,6.816081,5.813146,-5.017700,-4.921810,-4.885132
71.870971,NaN,NaN,NaN,NaN,-0.128832,-2.022537,1.943894,11.329594,6.819597,5.820455,-5.017712,-4.921833,-4.885094
71.881442,NaN,NaN,NaN,NaN,-0.128735,-2.022883,1.943932,11.336278,6.826634,5.824109,-5.017738,-4.921871,-4.885078
71.901710,NaN,NaN,NaN,NaN,-0.128607,-2.023277,1.944024,11.346281,6.833664,5.831395,-5.017860,-4.921909,-4.885029
71.910492,NaN,NaN,NaN,NaN,-0.128568,-2.023497,1.944079,11.349615,6.837175,5.835026,-5.017906,-4.921928,-4.884995
71.923293,NaN,NaN,NaN,NaN,-0.128529,-2.023716,1.944183,11.352951,6.840690,5.842289,-5.017952,-4.921944,-4.884945
71.941748,NaN,NaN,NaN,NaN,-0.128429,-2.024455,1.944313,11.362946,6.851192,5.849516,-5.018154,-4.921959,-4.884857
71.950093,NaN,NaN,NaN,NaN,-0.128396,-2.024715,1.944437,11.366282,6.854690,5.856745,-5.018234,-4.921955,-4.884819
71.962008,NaN,NaN,NaN,NaN,-0.128362,-2.025256,1.944505,11.369621,6.861664,5.860335,-5.018314,-4.921940,-4.884781
71.981509,NaN,NaN,NaN,NaN,-0.128290,-2.025821,1.944636,11.379637,6.868623,5.867520,-5.018623,-4.921913,-4.884716
71.991297,NaN,NaN,NaN,NaN,-0.128266,-2.026103,1.944765,11.382980,6.872105,5.874681,-5.018723,-4.921902,-4.884651
72.001689,NaN,NaN,NaN,NaN,-0.128260,-2.026714,1.944830,11.386315,6.879048,5.878248,-5.018848,-4.921879,-4.884617
72.011142,NaN,NaN,NaN,NaN,-0.128247,-2.027018,1.944893,11.392993,6.882524,5.881817,-5.019100,-4.921864,-4.884586
72.022807,NaN,NaN,NaN,NaN,-0.128241,-2.027322,1.945013,11.396335,6.886001,5.888935,-5.019222,-4.921848,-4.884533
72.041573,NaN,NaN,NaN,NaN,-0.128243,-2.028299,1.945124,11.402986,6.896371,5.896037,-5.019474,-4.921761,-4.884487
72.050254,NaN,NaN,NaN,NaN,-0.128243,-2.028623,1.945178,11.406316,6.899833,5.899589,-5.019592,-4.921738,-4.884472
72.062054,NaN,NaN,NaN,NaN,-0.128241,-2.028967,1.945209,11.412965,6.903265,5.903129,-5.019836,-4.921688,-4.884449
72.081627,NaN,NaN,NaN,NaN,-0.128234,-2.029992,1.945294,11.419607,6.913577,5.913757,-5.020061,-4.921547,-4.884335
72.101866,NaN,NaN,NaN,NaN,-0.128206,-2.030680,1.945334,11.429578,6.920428,5.920833,-5.020382,-4.921440,-4.884274
72.110517,NaN,NaN,NaN,NaN,-0.128194,-2.031027,1.945347,11.432904,6.923841,5.924363,-5.020485,-4.921371,-4.884243
72.124644,NaN,NaN,NaN,NaN,-0.128182,-2.031717,1.945372,11.436234,6.930672,5.931430,-5.020584,-4.921238,-4.884201
72.141705,NaN,NaN,NaN,NaN,-0.128103,-2.032391,1.945347,11.446223,6.937471,5.938485,-5.020905,-4.921066,-4.884171
72.161803,NaN,NaN,NaN,NaN,-0.128031,-2.033386,1.945286,11.452903,6.947677,5.949071,-5.021099,-4.920795,-4.884136
72.171611,NaN,NaN,NaN,NaN,-0.127941,-2.033712,1.945250,11.459598,6.951075,5.952597,-5.021275,-4.920670,-4.884121
72.181496,NaN,NaN,NaN,NaN,-0.127898,-2.034037,1.945214,11.462948,6.954474,5.956124,-5.021358,-4.920547,-4.884109
72.191324,NaN,NaN,NaN,NaN,-0.127843,-2.034360,1.945178,11.466313,6.957878,5.959653,-5.021446,-4.920425,-4.884117
72.202519,NaN,NaN,NaN,NaN,-0.127789,-2.035015,1.945061,11.469682,6.964657,5.966692,-5.021530,-4.920143,-4.884125
72.222954,NaN,NaN,NaN,NaN,-0.127631,-2.035665,1.944946,11.479795,6.971446,5.973737,-5.021770,-4.919872,-4.884148
72.241530,NaN,NaN,NaN,NaN,-0.127582,-2.036629,1.944715,11.483176,6.981588,5.984267,-5.021851,-4.919434,-4.884220
72.250732,NaN,NaN,NaN,NaN,-0.127485,-2.036947,1.944639,11.489944,6.984975,5.987781,-5.021992,-4.919292,-4.884254
72.261714,NaN,NaN,NaN,NaN,-0.127385,-2.037252,1.944547,11.496725,6.988338,5.991279,-5.022110,-4.919128,-4.884300
72.270969,NaN,NaN,NaN,NaN,-0.127333,-2.037556,1.944366,11.500122,6.991705,5.998283,-5.022160,-4.918972,-4.884399
72.281997,NaN,NaN,NaN,NaN,-0.127231,-2.038159,1.944277,11.506918,6.998448,6.001788,-5.022251,-4.918663,-4.884449
72.291149,NaN,NaN,NaN,NaN,-0.127188,-2.038453,1.944162,11.510315,7.001803,6.005278,-5.022293,-4.918476,-4.884502
72.310768,NaN,NaN,NaN,NaN,-0.127101,-2.039037,1.943937,11.517112,7.008523,6.012261,-5.022362,-4.918114,-4.884605
72.323310,NaN,NaN,NaN,NaN,-0.127059,-2.039326,1.943697,11.520513,7.011888,6.019238,-5.022392,-4.917938,-4.884712
72.330651,NaN,NaN,NaN,NaN,-0.127012,-2.039895,1.943570,11.523922,7.018589,6.022721,-5.022419,-4.917568,-4.884769
72.341543,NaN,NaN,NaN,NaN,-0.126920,-2.040176,1.943444,11.530746,7.021945,6.026207,-5.022465,-4.917389,-4.884827
72.350764,NaN,NaN,NaN,NaN,-0.126875,-2.040456,1.943196,11.534162,7.025304,6.033186,-5.022488,-4.917217,-4.884945
72.361723,NaN,NaN,NaN,NaN,-0.126819,-2.041005,1.943068,11.537580,7.032001,6.036659,-5.022499,-4.916862,-4.885010
72.382301,NaN,NaN,NaN,NaN,-0.126659,-2.041541,1.942690,11.547840,7.038684,6.047092,-5.022533,-4.916504,-4.885201
72.401562,NaN,NaN,NaN,NaN,-0.126520,-2.042301,1.942419,11.554686,7.048667,6.054042,-5.022556,-4.915928,-4.885319
72.421758,NaN,NaN,NaN,NaN,-0.126299,-2.042786,1.942154,11.564962,7.055321,6.061000,-5.022587,-4.915562,-4.885445
72.430926,NaN,NaN,NaN,NaN,-0.126215,-2.043004,1.941855,11.568387,7.058622,6.067962,-5.022587,-4.915344,-4.885590
72.441705,NaN,NaN,NaN,NaN,-0.126133,-2.043433,1.941707,11.571815,7.065241,6.071445,-5.022587,-4.914925,-4.885662
72.461622,NaN,NaN,NaN,NaN,-0.125836,-2.043861,1.941401,11.582087,7.071837,6.078419,-5.022560,-4.914482,-4.885796
72.482240,NaN,NaN,NaN,NaN,-0.125626,-2.044497,1.940931,11.588940,7.081709,6.088894,-5.022533,-4.913818,-4.885990
72.501554,NaN,NaN,NaN,NaN,-0.125267,-2.044924,1.940598,11.599205,7.088228,6.095911,-5.022438,-4.913349,-4.886055
72.521988,NaN,NaN,NaN,NaN,-0.125017,-2.045559,1.940112,11.606051,7.098003,6.106462,-5.022366,-4.912659,-4.886147
72.541790,NaN,NaN,NaN,NaN,-0.124564,-2.045983,1.939800,11.616275,7.104490,6.113523,-5.022213,-4.912125,-4.886185
72.561724,NaN,NaN,NaN,NaN,-0.124417,-2.046651,1.939372,11.619689,7.114199,6.124185,-5.022171,-4.911324,-4.886185
72.571197,NaN,NaN,NaN,NaN,-0.124086,-2.046876,1.939235,11.626486,7.117435,6.127750,-5.022045,-4.911064,-4.886181
72.582750,NaN,NaN,NaN,NaN,-0.123762,-2.047099,1.939100,11.633296,7.120676,6.131316,-5.021919,-4.910809,-4.886181
72.601600,NaN,NaN,NaN,NaN,-0.123411,-2.047788,1.938695,11.640075,7.130375,6.142065,-5.021782,-4.910030,-4.886097
72.622441,NaN,NaN,NaN,NaN,-0.122882,-2.048232,1.938429,11.650252,7.136865,6.149230,-5.021538,-4.909546,-4.886066
72.630609,NaN,NaN,NaN,NaN,-0.122699,-2.048460,1.938168,11.653642,7.140107,6.156424,-5.021450,-4.909286,-4.886005
72.641542,NaN,NaN,NaN,NaN,-0.122517,-2.048907,1.938039,11.657035,7.146605,6.160021,-5.021362,-4.908787,-4.885983
72.651714,NaN,NaN,NaN,NaN,-0.122338,-2.049127,1.937911,11.660432,7.149860,6.163617,-5.021278,-4.908550,-4.885960
72.661926,NaN,NaN,NaN,NaN,-0.121956,-2.049352,1.937781,11.667191,7.153117,6.167221,-5.021103,-4.908295,-4.885914
72.683757,NaN,NaN,NaN,NaN,-0.121581,-2.050012,1.937396,11.673965,7.162915,6.178031,-5.020920,-4.907574,-4.885773
72.690998,NaN,NaN,NaN,NaN,-0.121386,-2.050240,1.937276,11.677333,7.166178,6.181658,-5.020828,-4.907345,-4.885704
72.710820,NaN,NaN,NaN,NaN,-0.121002,-2.050685,1.937040,11.684080,7.172716,6.188910,-5.020653,-4.906914,-4.885582
72.723635,NaN,NaN,NaN,NaN,-0.120814,-2.050903,1.936804,11.687460,7.175992,6.196184,-5.020569,-4.906712,-4.885445
72.741537,NaN,NaN,NaN,NaN,-0.120116,-2.051587,1.936568,11.700902,7.185802,6.203480,-5.020187,-4.906139,-4.885300
72.751165,NaN,NaN,NaN,NaN,-0.119946,-2.051808,1.936451,11.704273,7.189081,6.207126,-5.020092,-4.905960,-4.885235
72.761770,NaN,NaN,NaN,NaN,-0.119793,-2.052248,1.936198,11.707609,7.195632,6.214453,-5.020000,-4.905598,-4.885048
72.783113,NaN,NaN,NaN,NaN,-0.119342,-2.052676,1.935946,11.717647,7.202201,6.221775,-5.019737,-4.905209,-4.884880
72.791456,NaN,NaN,NaN,NaN,-0.119205,-2.052906,1.935813,11.720967,7.205475,6.225464,-5.019630,-4.905014,-4.884762
72.801571,NaN,NaN,NaN,NaN,-0.119071,-2.053355,1.935548,11.724294,7.212037,6.232839,-5.019527,-4.904644,-4.884544
72.822262,NaN,NaN,NaN,NaN,-0.118677,-2.053813,1.935269,11.734261,7.218607,6.240238,-5.019230,-4.904301,-4.884308
72.841674,NaN,NaN,NaN,NaN,-0.118429,-2.054507,1.934826,11.740876,7.228477,6.251369,-5.019039,-4.903843,-4.883942
72.861642,NaN,NaN,NaN,NaN,-0.118083,-2.054992,1.934491,11.750761,7.235079,6.258858,-5.018848,-4.903587,-4.883709
72.882283,NaN,NaN,NaN,NaN,-0.117862,-2.055690,1.933998,11.757353,7.245010,6.270073,-5.018742,-4.903236,-4.883392
72.890780,NaN,NaN,NaN,NaN,-0.117752,-2.055926,1.933819,11.760618,7.248324,6.273829,-5.018700,-4.903152,-4.883274
72.909610,NaN,NaN,NaN,NaN,-0.117535,-2.056158,1.933466,11.767168,7.251641,6.281334,-5.018620,-4.903072,-4.883057
72.923545,NaN,NaN,NaN,NaN,-0.117319,-2.056852,1.933088,11.773711,7.261601,6.288848,-5.018555,-4.902878,-4.882843
72.932108,NaN,NaN,NaN,NaN,-0.117211,-2.057089,1.932886,11.776978,7.264919,6.292609,-5.018528,-4.902836,-4.882736
72.942778,NaN,NaN,NaN,NaN,-0.116996,-2.057323,1.932488,11.783525,7.268242,6.300124,-5.018478,-4.902794,-4.882538
72.951997,NaN,NaN,NaN,NaN,-0.116882,-2.057553,1.932263,11.786771,7.271567,6.303892,-5.018456,-4.902756,-4.882420
72.962265,NaN,NaN,NaN,NaN,-0.116768,-2.058020,1.932040,11.790022,7.278215,6.307658,-5.018433,-4.902740,-4.882305
72.970611,NaN,NaN,NaN,NaN,-0.116656,-2.058248,1.931820,11.793279,7.281545,6.311419,-5.018414,-4.902737,-4.882206
72.982664,NaN,NaN,NaN,NaN,-0.116439,-2.058473,1.931602,11.799784,7.284878,6.315179,-5.018372,-4.902733,-4.882107
73.001453,NaN,NaN,NaN,NaN,-0.116231,-2.058927,1.930913,11.806287,7.291516,6.326469,-5.018333,-4.902760,-4.881775
73.022164,NaN,NaN,NaN,NaN,-0.115911,-2.059588,1.930436,11.816070,7.301487,6.333992,-5.018276,-4.902847,-4.881546
73.042509,NaN,NaN,NaN,NaN,-0.115569,-2.060017,1.929702,11.825872,7.308134,6.345266,-5.018223,-4.902927,-4.881168
73.052262,NaN,NaN,NaN,NaN,-0.115438,-2.060454,1.929435,11.829132,7.314771,6.349035,-5.018211,-4.903011,-4.881020
73.061868,NaN,NaN,NaN,NaN,-0.115308,-2.060676,1.929172,11.832397,7.318082,6.352799,-5.018200,-4.903053,-4.880878
73.070210,NaN,NaN,NaN,NaN,-0.115179,-2.060895,1.928654,11.835668,7.321397,6.360319,-5.018188,-4.903099,-4.880611
73.082604,NaN,NaN,NaN,NaN,-0.115052,-2.061353,1.928375,11.838944,7.328025,6.364102,-5.018181,-4.903194,-4.880451
73.101577,NaN,NaN,NaN,NaN,-0.114618,-2.061827,1.927827,11.848783,7.334655,6.371657,-5.018234,-4.903294,-4.880150
73.110652,NaN,NaN,NaN,NaN,-0.114477,-2.062059,1.927558,11.852075,7.337975,6.375429,-5.018253,-4.903343,-4.880005
73.121804,NaN,NaN,NaN,NaN,-0.114322,-2.062569,1.926980,11.855380,7.344624,6.383016,-5.018280,-4.903458,-4.879669
73.130649,NaN,NaN,NaN,NaN,-0.114167,-2.062818,1.926696,11.858690,7.347954,6.386802,-5.018307,-4.903519,-4.879513
73.142416,NaN,NaN,NaN,NaN,-0.113864,-2.063064,1.926137,11.865325,7.351286,6.394361,-5.018360,-4.903580,-4.879208
73.151851,NaN,NaN,NaN,NaN,-0.113718,-2.063305,1.925852,11.868654,7.354623,6.398147,-5.018379,-4.903641,-4.879025
73.161747,NaN,NaN,NaN,NaN,-0.113574,-2.063825,1.925569,11.871987,7.361319,6.401927,-5.018394,-4.903797,-4.878845
73.181859,NaN,NaN,NaN,NaN,-0.113161,-2.064329,1.925015,11.882019,7.368028,6.409474,-5.018444,-4.903946,-4.878513
73.201456,NaN,NaN,NaN,NaN,-0.113034,-2.065148,1.924150,11.885376,7.378179,6.420772,-5.018459,-4.904194,-4.877945
73.210334,NaN,NaN,NaN,NaN,-0.112908,-2.065413,1.923869,11.888737,7.381566,6.424529,-5.018471,-4.904274,-4.877773
73.222235,NaN,NaN,NaN,NaN,-0.112558,-2.065705,1.923588,11.898844,7.384973,6.428278,-5.018490,-4.904354,-4.877563
73.230490,NaN,NaN,NaN,NaN,-0.112447,-2.065992,1.923037,11.902221,7.388381,6.435764,-5.018497,-4.904434,-4.877163
73.242515,NaN,NaN,NaN,NaN,-0.112336,-2.066274,1.922766,11.905602,7.391791,6.439502,-5.018509,-4.904510,-4.876976
73.261812,NaN,NaN,NaN,NaN,-0.112045,-2.067128,1.922217,11.915749,7.402081,6.446958,-5.018536,-4.904781,-4.876526
73.270604,NaN,NaN,NaN,NaN,-0.111948,-2.067410,1.921684,11.919140,7.405522,6.454398,-5.018562,-4.904877,-4.876114
73.282050,NaN,NaN,NaN,NaN,-0.111853,-2.067686,1.921417,11.922534,7.408964,6.458118,-5.018589,-4.904972,-4.875881
73.301636,NaN,NaN,NaN,NaN,-0.111585,-2.068513,1.920895,11.932754,7.419371,6.465547,-5.018700,-4.905270,-4.875443
73.322112,NaN,NaN,NaN,NaN,-0.111496,-2.069328,1.920142,11.936168,7.429829,6.476663,-5.018738,-4.905560,-4.874779
73.331392,NaN,NaN,NaN,NaN,-0.111336,-2.069595,1.919898,11.942993,7.433325,6.480360,-5.018822,-4.905655,-4.874565
73.343021,NaN,NaN,NaN,NaN,-0.111176,-2.069858,1.919658,11.949833,7.436822,6.484054,-5.018906,-4.905750,-4.874359
73.351340,NaN,NaN,NaN,NaN,-0.111105,-2.070131,1.919415,11.953249,7.440340,6.487755,-5.018955,-4.905849,-4.874142
73.361745,NaN,NaN,NaN,NaN,-0.111034,-2.070662,1.918939,11.956669,7.447378,6.495144,-5.019009,-4.906044,-4.873734
73.381814,NaN,NaN,NaN,NaN,-0.110963,-2.071178,1.918477,11.960093,7.454443,6.502529,-5.019058,-4.906273,-4.873333
73.392427,NaN,NaN,NaN,NaN,-0.110821,-2.071432,1.918028,11.966941,7.457988,6.509910,-5.019165,-4.906387,-4.872944
73.401451,NaN,NaN,NaN,NaN,-0.110679,-2.071924,1.917809,11.973794,7.465077,6.513594,-5.019283,-4.906612,-4.872761
73.422025,NaN,NaN,NaN,NaN,-0.110440,-2.072409,1.917369,11.984100,7.472183,6.520971,-5.019474,-4.906818,-4.872406
73.430225,NaN,NaN,NaN,NaN,-0.110357,-2.072650,1.917148,11.987542,7.475744,6.524665,-5.019539,-4.906879,-4.872238
73.443031,NaN,NaN,NaN,NaN,-0.110275,-2.073116,1.916715,11.990988,7.482866,6.532038,-5.019600,-4.907005,-4.871922
73.461533,NaN,NaN,NaN,NaN,-0.109989,-2.073570,1.916256,12.001371,7.490005,6.539410,-5.019775,-4.907104,-4.871613
73.470060,NaN,NaN,NaN,NaN,-0.109895,-2.074003,1.915810,12.004838,7.497143,6.546765,-5.019829,-4.907200,-4.871334
73.481724,NaN,NaN,NaN,NaN,-0.109797,-2.074213,1.915572,12.008307,7.500723,6.550447,-5.019886,-4.907242,-4.871193
73.501453,NaN,NaN,NaN,NaN,-0.109509,-2.074621,1.915106,12.018726,7.507884,6.557797,-5.020039,-4.907299,-4.870937
73.510949,NaN,NaN,NaN,NaN,-0.109398,-2.074818,1.914879,12.022202,7.511464,6.561467,-5.020107,-4.907330,-4.870834
73.521861,NaN,NaN,NaN,NaN,-0.109289,-2.075216,1.914406,12.025681,7.518604,6.568779,-5.020172,-4.907379,-4.870647
73.543440,NaN,NaN,NaN,NaN,-0.108967,-2.075595,1.913947,12.036131,7.525745,6.576075,-5.020363,-4.907433,-4.870487
73.550721,NaN,NaN,NaN,NaN,-0.108844,-2.075788,1.913703,12.039614,7.529314,6.579714,-5.020401,-4.907471,-4.870403
73.570885,NaN,NaN,NaN,NaN,-0.108603,-2.076339,1.912989,12.046588,7.540023,6.590611,-5.020466,-4.907589,-4.870193
73.581823,NaN,NaN,NaN,NaN,-0.108362,-2.076531,1.912740,12.053563,7.543596,6.594224,-5.020493,-4.907627,-4.870121
73.601920,NaN,NaN,NaN,NaN,-0.108242,-2.076900,1.912011,12.057050,7.550742,6.605045,-5.020493,-4.907707,-4.869946
73.621918,NaN,NaN,NaN,NaN,-0.107891,-2.077445,1.911521,12.067514,7.561422,6.612230,-5.020454,-4.907837,-4.869812
73.630318,NaN,NaN,NaN,NaN,-0.107663,-2.077623,1.911043,12.074493,7.564976,6.619403,-5.020378,-4.907883,-4.869736
73.642565,NaN,NaN,NaN,NaN,-0.107550,-2.077983,1.910792,12.077988,7.572092,6.622982,-5.020336,-4.907993,-4.869678
73.650667,NaN,NaN,NaN,NaN,-0.107430,-2.078167,1.910545,12.081468,7.575654,6.626558,-5.020267,-4.908054,-4.869625
73.661611,NaN,NaN,NaN,NaN,-0.107196,-2.078344,1.910301,12.088437,7.579216,6.630132,-5.020134,-4.908115,-4.869583
73.670304,NaN,NaN,NaN,NaN,-0.107081,-2.078516,1.909823,12.091926,7.582779,6.637271,-5.020069,-4.908173,-4.869507
73.681744,NaN,NaN,NaN,NaN,-0.106985,-2.078863,1.909565,12.095417,7.589913,6.640824,-5.019974,-4.908291,-4.869461
73.702382,NaN,NaN,NaN,NaN,-0.106705,-2.079208,1.909058,12.105904,7.597058,6.647923,-5.019699,-4.908424,-4.869362
73.722244,NaN,NaN,NaN,NaN,-0.106564,-2.079727,1.908265,12.112883,7.607816,6.658526,-5.019463,-4.908657,-4.869228
73.744689,NaN,NaN,NaN,NaN,-0.106369,-2.080059,1.907735,12.123363,7.614999,6.665576,-5.019104,-4.908844,-4.869160
73.753445,NaN,NaN,NaN,NaN,-0.106313,-2.080229,1.907162,12.126859,7.618609,6.672593,-5.018967,-4.908958,-4.869095
73.762812,NaN,NaN,NaN,NaN,-0.106259,-2.080551,1.906881,12.130356,7.625827,6.676100,-5.018833,-4.909176,-4.869068
73.781774,NaN,NaN,NaN,NaN,-0.106129,-2.080858,1.906301,12.140868,7.633078,6.683110,-5.018406,-4.909409,-4.869015
73.790776,NaN,NaN,NaN,NaN,-0.106092,-2.081006,1.906003,12.144377,7.636720,6.686615,-5.018261,-4.909538,-4.868988
73.802663,NaN,NaN,NaN,NaN,-0.106055,-2.081286,1.905418,12.147886,7.643999,6.693620,-5.018120,-4.909786,-4.868942
73.811898,NaN,NaN,NaN,NaN,-0.106018,-2.081430,1.905111,12.151398,7.647658,6.697124,-5.017994,-4.909927,-4.868900
73.821738,NaN,NaN,NaN,NaN,-0.105941,-2.081567,1.904807,12.158412,7.651316,6.700626,-5.017712,-4.910069,-4.868862
73.841992,NaN,NaN,NaN,NaN,-0.105865,-2.081961,1.903905,12.165433,7.662304,6.711125,-5.017445,-4.910496,-4.868778
73.850795,NaN,NaN,NaN,NaN,-0.105834,-2.082091,1.903604,12.168938,7.665979,6.714624,-5.017307,-4.910660,-4.868755
73.870146,NaN,NaN,NaN,NaN,-0.105773,-2.082334,1.903011,12.175951,7.673326,6.721618,-5.017044,-4.910969,-4.868725
73.881702,NaN,NaN,NaN,NaN,-0.105743,-2.082588,1.902424,12.179460,7.680717,6.728621,-5.016922,-4.911293,-4.868668
73.902897,NaN,NaN,NaN,NaN,-0.105676,-2.082820,1.901850,12.189976,7.688100,6.735617,-5.016590,-4.911606,-4.868629
73.911047,NaN,NaN,NaN,NaN,-0.105642,-2.082941,1.901266,12.196986,7.691806,6.742606,-5.016388,-4.911770,-4.868587
73.921807,NaN,NaN,NaN,NaN,-0.105631,-2.083166,1.900979,12.200490,7.699209,6.746099,-5.016293,-4.912094,-4.868572
73.930087,NaN,NaN,NaN,NaN,-0.105610,-2.083271,1.900695,12.207501,7.702908,6.749590,-5.016125,-4.912247,-4.868557
73.941914,NaN,NaN,NaN,NaN,-0.105608,-2.083371,1.900415,12.211019,7.706605,6.753079,-5.016056,-4.912399,-4.868546
73.961514,NaN,NaN,NaN,NaN,-0.105605,-2.083646,1.899567,12.218058,7.717708,6.763570,-5.015923,-4.912872,-4.868542
73.971866,NaN,NaN,NaN,NaN,-0.105599,-2.083727,1.899290,12.225103,7.721405,6.767062,-5.015800,-4.913013,-4.868553
73.989877,NaN,NaN,NaN,NaN,-0.105596,-2.083898,1.898736,12.228628,7.728827,6.774055,-5.015743,-4.913315,-4.868576
74.002224,NaN,NaN,NaN,NaN,-0.105588,-2.084049,1.898193,12.235682,7.736240,6.781039,-5.015633,-4.913597,-4.868618
74.010937,NaN,NaN,NaN,NaN,-0.105568,-2.084126,1.897920,12.239216,7.739967,6.784533,-5.015575,-4.913746,-4.868637
74.030287,NaN,NaN,NaN,NaN,-0.105509,-2.084266,1.897382,12.249822,7.747414,6.791512,-5.015423,-4.914005,-4.868694
74.041961,NaN,NaN,NaN,NaN,-0.105474,-2.084405,1.896829,12.253355,7.754882,6.798491,-5.015373,-4.914242,-4.868767
74.050305,NaN,NaN,NaN,NaN,-0.105439,-2.084476,1.896544,12.256888,7.758628,6.801982,-5.015335,-4.914360,-4.868813
74.061603,NaN,NaN,NaN,NaN,-0.105370,-2.084543,1.896261,12.263959,7.762371,6.805469,-5.015259,-4.914474,-4.868862
74.070649,NaN,NaN,NaN,NaN,-0.105336,-2.084605,1.895981,12.267495,7.766110,6.808953,-5.015224,-4.914585,-4.868916
74.081680,NaN,NaN,NaN,NaN,-0.105298,-2.084734,1.895365,12.271052,7.773636,6.815972,-5.015182,-4.914803,-4.869015
74.103326,NaN,NaN,NaN,NaN,-0.105188,-2.084845,1.894442,12.281723,7.781148,6.826506,-5.015076,-4.915005,-4.869179
74.121854,NaN,NaN,NaN,NaN,-0.105124,-2.084982,1.893810,12.288853,7.792452,6.833552,-5.015026,-4.915279,-4.869289
74.131099,NaN,NaN,NaN,NaN,-0.105059,-2.085020,1.893499,12.295982,7.796213,6.837071,-5.014984,-4.915363,-4.869350
74.141910,NaN,NaN,NaN,NaN,-0.105017,-2.085049,1.893174,12.299562,7.799977,6.840623,-5.014950,-4.915443,-4.869408
74.162100,NaN,NaN,NaN,NaN,-0.104976,-2.085110,1.892216,12.303139,7.811249,6.851259,-5.014912,-4.915630,-4.869598
74.171246,NaN,NaN,NaN,NaN,-0.104894,-2.085105,1.891878,12.310294,7.815007,6.854818,-5.014847,-4.915691,-4.869686
74.182009,NaN,NaN,NaN,NaN,-0.104821,-2.085097,1.891543,12.317489,7.818763,6.858374,-5.014748,-4.915752,-4.869778
74.190298,NaN,NaN,NaN,NaN,-0.104785,-2.085085,1.890884,12.321084,7.822515,6.865475,-5.014702,-4.915806,-4.869968
74.210708,NaN,NaN,NaN,NaN,-0.104714,-2.085024,1.890211,12.328280,7.833759,6.872576,-5.014603,-4.915974,-4.870178
74.221932,NaN,NaN,NaN,NaN,-0.104645,-2.084992,1.889865,12.335481,7.837507,6.876127,-5.014507,-4.916035,-4.870289
74.230773,NaN,NaN,NaN,NaN,-0.104611,-2.084918,1.889186,12.339078,7.844991,6.883221,-5.014435,-4.916145,-4.870495
74.250327,NaN,NaN,NaN,NaN,-0.104514,-2.084825,1.888475,12.349897,7.852452,6.890292,-5.014202,-4.916267,-4.870739
74.271651,NaN,NaN,NaN,NaN,-0.104483,-2.084720,1.887403,12.353500,7.859900,6.900871,-5.014133,-4.916374,-4.871143
74.281936,NaN,NaN,NaN,NaN,-0.104407,-2.084592,1.887032,12.360759,7.867327,6.904391,-5.013981,-4.916489,-4.871288
74.290350,NaN,NaN,NaN,NaN,-0.104333,-2.084523,1.886665,12.368009,7.871034,6.907908,-5.013813,-4.916542,-4.871429
74.303238,NaN,NaN,NaN,NaN,-0.104293,-2.084451,1.886302,12.371656,7.874739,6.911423,-5.013725,-4.916595,-4.871574
74.321562,NaN,NaN,NaN,NaN,-0.104215,-2.084160,1.885191,12.378945,7.885842,6.921934,-5.013561,-4.916798,-4.872055
74.330786,NaN,NaN,NaN,NaN,-0.104176,-2.084059,1.884827,12.382586,7.889536,6.925433,-5.013481,-4.916851,-4.872215
74.341646,NaN,NaN,NaN,NaN,-0.104102,-2.083926,1.884469,12.389880,7.893219,6.928908,-5.013329,-4.916912,-4.872391
74.362832,NaN,NaN,NaN,NaN,-0.104032,-2.083516,1.883418,12.397181,7.904248,6.939324,-5.013210,-4.917084,-4.872913
74.381604,NaN,NaN,NaN,NaN,-0.103955,-2.083168,1.882767,12.408150,7.911591,6.946235,-5.013039,-4.917194,-4.873276
74.390558,NaN,NaN,NaN,NaN,-0.103933,-2.082992,1.882446,12.411808,7.915257,6.949688,-5.012985,-4.917259,-4.873459
74.410574,NaN,NaN,NaN,NaN,-0.103912,-2.082409,1.881554,12.415463,7.926258,6.960011,-5.012932,-4.917442,-4.874008
74.421867,NaN,NaN,NaN,NaN,-0.103843,-2.082204,1.881271,12.426419,7.929922,6.963446,-5.012787,-4.917496,-4.874195
74.430342,NaN,NaN,NaN,NaN,-0.103821,-2.081999,1.880991,12.430068,7.933582,6.966879,-5.012745,-4.917553,-4.874382
74.441653,NaN,NaN,NaN,NaN,-0.103807,-2.081553,1.880467,12.433708,7.940895,6.973727,-5.012714,-4.917671,-4.874737
74.462629,NaN,NaN,NaN,NaN,-0.103765,-2.081107,1.879699,12.444620,7.948194,6.983997,-5.012642,-4.917805,-4.875256
74.470414,NaN,NaN,NaN,NaN,-0.103762,-2.080883,1.879449,12.448244,7.951838,6.987407,-5.012623,-4.917866,-4.875401
74.481663,NaN,NaN,NaN,NaN,-0.103759,-2.080414,1.879202,12.451866,7.959141,6.990817,-5.012604,-4.917995,-4.875549
74.501747,NaN,NaN,NaN,NaN,-0.103766,-2.079944,1.878715,12.462725,7.966428,6.997637,-5.012569,-4.918114,-4.875843
74.521656,NaN,NaN,NaN,NaN,-0.103793,-2.079190,1.878004,12.469953,7.977362,7.007854,-5.012562,-4.918274,-4.876247
74.541758,NaN,NaN,NaN,NaN,-0.103849,-2.078682,1.877544,12.480785,7.984643,7.014669,-5.012573,-4.918365,-4.876461
74.551963,NaN,NaN,NaN,NaN,-0.103870,-2.078426,1.877097,12.484393,7.988283,7.021489,-5.012577,-4.918407,-4.876675
74.562671,NaN,NaN,NaN,NaN,-0.103890,-2.077915,1.876877,12.488001,7.995552,7.024899,-5.012585,-4.918484,-4.876785
74.582034,NaN,NaN,NaN,NaN,-0.103974,-2.077420,1.876418,12.498802,8.002817,7.031734,-5.012623,-4.918510,-4.876987
74.601884,NaN,NaN,NaN,NaN,-0.104026,-2.076679,1.875743,12.506001,8.013691,7.041991,-5.012623,-4.918530,-4.877296
74.610528,NaN,NaN,NaN,NaN,-0.104070,-2.076431,1.875517,12.509598,8.017311,7.045413,-5.012630,-4.918530,-4.877396
74.621651,NaN,NaN,NaN,NaN,-0.104156,-2.076184,1.875294,12.516791,8.020927,7.048835,-5.012657,-4.918526,-4.877495
74.642157,NaN,NaN,NaN,NaN,-0.104246,-2.075424,1.874630,12.523978,8.031749,7.059120,-5.012684,-4.918488,-4.877811
74.650350,NaN,NaN,NaN,NaN,-0.104341,-2.075168,1.874413,12.531157,8.035348,7.062551,-5.012688,-4.918468,-4.877930
74.662727,NaN,NaN,NaN,NaN,-0.104387,-2.074913,1.874199,12.534747,8.038946,7.065983,-5.012695,-4.918453,-4.878048
74.672265,NaN,NaN,NaN,NaN,-0.104448,-2.074655,1.873746,12.538328,8.042532,7.072853,-5.012691,-4.918427,-4.878265
74.681817,NaN,NaN,NaN,NaN,-0.104507,-2.074142,1.873525,12.541909,8.049697,7.076288,-5.012688,-4.918373,-4.878376
74.701868,NaN,NaN,NaN,NaN,-0.104704,-2.073642,1.873079,12.552667,8.056846,7.083185,-5.012676,-4.918316,-4.878593
74.721759,NaN,NaN,NaN,NaN,-0.104866,-2.072914,1.872415,12.559853,8.067541,7.093569,-5.012653,-4.918247,-4.878960
74.741638,NaN,NaN,NaN,NaN,-0.105143,-2.072428,1.871968,12.570622,8.074656,7.100524,-5.012604,-4.918209,-4.879196
74.762742,NaN,NaN,NaN,NaN,-0.105334,-2.071698,1.871294,12.577800,8.085306,7.111005,-5.012573,-4.918182,-4.879536
74.781590,NaN,NaN,NaN,NaN,-0.105673,-2.071214,1.870830,12.588525,8.092377,7.118034,-5.012527,-4.918213,-4.879753
74.790570,NaN,NaN,NaN,NaN,-0.105782,-2.070974,1.870381,12.592100,8.095909,7.125060,-5.012516,-4.918228,-4.879974
74.810870,NaN,NaN,NaN,NaN,-0.106170,-2.070324,1.869908,12.602768,8.106467,7.132109,-5.012440,-4.918270,-4.880199
74.821642,NaN,NaN,NaN,NaN,-0.106294,-2.070120,1.869679,12.606325,8.109979,7.135632,-5.012421,-4.918282,-4.880314
74.842236,NaN,NaN,NaN,NaN,-0.106433,-2.069588,1.868932,12.609847,8.120474,7.146241,-5.012394,-4.918297,-4.880642
74.850903,NaN,NaN,NaN,NaN,-0.106834,-2.069425,1.868678,12.620421,8.123964,7.149783,-5.012333,-4.918297,-4.880753
74.863295,NaN,NaN,NaN,NaN,-0.106963,-2.069262,1.868161,12.623948,8.127454,7.156889,-5.012314,-4.918297,-4.880970
74.871306,NaN,NaN,NaN,NaN,-0.107111,-2.069131,1.867898,12.627448,8.130928,7.160453,-5.012291,-4.918304,-4.881069
74.881754,NaN,NaN,NaN,NaN,-0.107256,-2.068871,1.867641,12.630948,8.137873,7.164017,-5.012272,-4.918308,-4.881172
74.901812,NaN,NaN,NaN,NaN,-0.107691,-2.068637,1.867125,12.641456,8.144814,7.171163,-5.012207,-4.918304,-4.881371
74.911073,NaN,NaN,NaN,NaN,-0.107842,-2.068534,1.866614,12.644960,8.148284,7.178329,-5.012173,-4.918297,-4.881565
74.923515,NaN,NaN,NaN,NaN,-0.108135,-2.068327,1.866367,12.651971,8.155221,7.181910,-5.012115,-4.918282,-4.881664
74.932552,NaN,NaN,NaN,NaN,-0.108287,-2.068247,1.866092,12.655471,8.158683,7.185519,-5.012085,-4.918259,-4.881760
74.951364,NaN,NaN,NaN,NaN,-0.108581,-2.068083,1.865300,12.662475,8.165605,7.196336,-5.012005,-4.918213,-4.882027
74.963308,NaN,NaN,NaN,NaN,-0.108879,-2.067930,1.865011,12.669475,8.172516,7.199960,-5.011909,-4.918156,-4.882103
74.971989,NaN,NaN,NaN,NaN,-0.109032,-2.067858,1.864728,12.672973,8.175966,7.203582,-5.011860,-4.918125,-4.882179
74.982039,NaN,NaN,NaN,NaN,-0.109180,-2.067786,1.864451,12.676471,8.179416,7.207202,-5.011814,-4.918095,-4.882256
75.001804,NaN,NaN,NaN,NaN,-0.109469,-2.067570,1.863628,12.683477,8.189766,7.218076,-5.011711,-4.917942,-4.882488
75.011150,NaN,NaN,NaN,NaN,-0.109746,-2.067502,1.863350,12.690493,8.193215,7.221711,-5.011627,-4.917892,-4.882553
75.022967,NaN,NaN,NaN,NaN,-0.109880,-2.067434,1.862810,12.694002,8.196666,7.228976,-5.011593,-4.917843,-4.882690
75.032497,NaN,NaN,NaN,NaN,-0.110005,-2.067365,1.862531,12.697520,8.200115,7.232620,-5.011547,-4.917793,-4.882763
75.041638,NaN,NaN,NaN,NaN,-0.110128,-2.067235,1.862257,12.701039,8.207013,7.236261,-5.011505,-4.917683,-4.882835
75.061708,NaN,NaN,NaN,NaN,-0.110365,-2.067103,1.861727,12.708079,8.213909,7.243539,-5.011429,-4.917572,-4.882988
75.069745,NaN,NaN,NaN,NaN,-0.110473,-2.067042,1.861469,12.711598,8.217353,7.247197,-5.011387,-4.917515,-4.883076
75.081571,NaN,NaN,NaN,NaN,-0.110683,-2.066917,1.860971,12.718639,8.224241,7.254505,-5.011337,-4.917393,-4.883251
75.090806,NaN,NaN,NaN,NaN,-0.110885,-2.066854,1.860731,12.725675,8.227684,7.258156,-5.011284,-4.917336,-4.883343
75.101793,NaN,NaN,NaN,NaN,-0.110983,-2.066791,1.860480,12.729188,8.231118,7.261829,-5.011253,-4.917267,-4.883423
75.111412,NaN,NaN,NaN,NaN,-0.111078,-2.066728,1.860235,12.732703,8.234552,7.265499,-5.011223,-4.917198,-4.883507
75.132175,NaN,NaN,NaN,NaN,-0.111263,-2.066524,1.859530,12.739737,8.244864,7.276524,-5.011173,-4.916973,-4.883762
75.141567,NaN,NaN,NaN,NaN,-0.111356,-2.066448,1.859302,12.743258,8.248308,7.280212,-5.011139,-4.916889,-4.883850
75.150116,NaN,NaN,NaN,NaN,-0.111537,-2.066372,1.858863,12.750301,8.251752,7.287582,-5.011074,-4.916805,-4.884029
75.171364,NaN,NaN,NaN,NaN,-0.111786,-2.066090,1.858437,12.760896,8.262116,7.295007,-5.010971,-4.916515,-4.884193
75.181527,NaN,NaN,NaN,NaN,-0.111863,-2.065987,1.858232,12.764432,8.265578,7.298714,-5.010933,-4.916412,-4.884274
75.190713,NaN,NaN,NaN,NaN,-0.111940,-2.065779,1.857837,12.767969,8.272531,7.306153,-5.010906,-4.916187,-4.884399
75.201668,NaN,NaN,NaN,NaN,-0.112016,-2.065674,1.857647,12.771533,8.276019,7.309885,-5.010872,-4.916069,-4.884453
75.223035,NaN,NaN,NaN,NaN,-0.112238,-2.065465,1.857112,12.782229,8.282998,7.321074,-5.010784,-4.915840,-4.884624
75.241685,NaN,NaN,NaN,NaN,-0.112332,-2.065153,1.856790,12.789414,8.293573,7.328535,-5.010735,-4.915527,-4.884735
75.262962,NaN,NaN,NaN,NaN,-0.112420,-2.064946,1.856488,12.796598,8.300622,7.335982,-5.010693,-4.915329,-4.884850
75.270543,NaN,NaN,NaN,NaN,-0.112428,-2.064845,1.856204,12.800216,8.304176,7.343448,-5.010666,-4.915234,-4.884964
75.281689,NaN,NaN,NaN,NaN,-0.112443,-2.064642,1.856069,12.807452,8.311281,7.347176,-5.010624,-4.915043,-4.885021
75.290970,NaN,NaN,NaN,NaN,-0.112425,-2.064540,1.855938,12.814720,8.314833,7.350900,-5.010586,-4.914967,-4.885082
75.302167,NaN,NaN,NaN,NaN,-0.112398,-2.064448,1.855820,12.818369,8.318410,7.354642,-5.010563,-4.914886,-4.885132
75.324398,NaN,NaN,NaN,NaN,-0.112293,-2.064169,1.855491,12.829346,8.329133,7.365847,-5.010502,-4.914665,-4.885258
75.333622,NaN,NaN,NaN,NaN,-0.112242,-2.064068,1.855398,12.833024,8.332721,7.369589,-5.010487,-4.914574,-4.885284
75.341891,NaN,NaN,NaN,NaN,-0.112191,-2.063967,1.855309,12.836701,8.336307,7.373328,-5.010471,-4.914478,-4.885311
75.351048,NaN,NaN,NaN,NaN,-0.112139,-2.063866,1.855141,12.840378,8.339892,7.380795,-5.010460,-4.914360,-4.885372
75.362022,NaN,NaN,NaN,NaN,-0.112067,-2.063657,1.855054,12.844062,8.347066,7.384528,-5.010448,-4.914101,-4.885376
75.381505,NaN,NaN,NaN,NaN,-0.111850,-2.063439,1.854895,12.855110,8.354241,7.391982,-5.010433,-4.913826,-4.885406
75.401736,NaN,NaN,NaN,NaN,-0.111682,-2.063140,1.854642,12.862472,8.364993,7.403153,-5.010437,-4.913399,-4.885395
75.410252,NaN,NaN,NaN,NaN,-0.111489,-2.063044,1.854559,12.869831,8.368575,7.406873,-5.010452,-4.913258,-4.885387
75.423186,NaN,NaN,NaN,NaN,-0.111393,-2.062949,1.854375,12.873510,8.372155,7.414314,-5.010464,-4.913116,-4.885334
75.431021,NaN,NaN,NaN,NaN,-0.111287,-2.062862,1.854276,12.877194,8.375744,7.418035,-5.010490,-4.912968,-4.885296
75.441577,NaN,NaN,NaN,NaN,-0.111181,-2.062690,1.854181,12.880878,8.382917,7.421752,-5.010521,-4.912678,-4.885254
75.461740,NaN,NaN,NaN,NaN,-0.110859,-2.062541,1.853986,12.891930,8.390102,7.429189,-5.010639,-4.912376,-4.885178
75.471055,NaN,NaN,NaN,NaN,-0.110748,-2.062478,1.853791,12.895614,8.393701,7.436625,-5.010689,-4.912212,-4.885098
75.492185,NaN,NaN,NaN,NaN,-0.110528,-2.062310,1.853602,12.902980,8.404486,7.444061,-5.010799,-4.911724,-4.885040
75.501751,NaN,NaN,NaN,NaN,-0.110314,-2.062267,1.853508,12.910322,8.408075,7.447782,-5.010933,-4.911552,-4.885021
75.510208,NaN,NaN,NaN,NaN,-0.110207,-2.062223,1.853331,12.913992,8.411664,7.455208,-5.011002,-4.911388,-4.884987
75.524036,NaN,NaN,NaN,NaN,-0.109989,-2.062136,1.853249,12.921322,8.418838,7.458915,-5.011150,-4.911068,-4.884975
75.531047,NaN,NaN,NaN,NaN,-0.109878,-2.062121,1.853170,12.924982,8.422412,7.462631,-5.011230,-4.910873,-4.884979
75.541610,NaN,NaN,NaN,NaN,-0.109768,-2.062105,1.853094,12.928641,8.425986,7.466344,-5.011307,-4.910683,-4.884987
75.561813,NaN,NaN,NaN,NaN,-0.109658,-2.062094,1.852901,12.932300,8.436705,7.477469,-5.011398,-4.910107,-4.885029
75.570717,NaN,NaN,NaN,NaN,-0.109416,-2.062116,1.852851,12.939635,8.440279,7.481178,-5.011597,-4.909904,-4.885056
75.582131,NaN,NaN,NaN,NaN,-0.109178,-2.062136,1.852762,12.946966,8.443851,7.488585,-5.011791,-4.909706,-4.885113
75.592301,NaN,NaN,NaN,NaN,-0.109048,-2.062155,1.852734,12.950639,8.447422,7.492296,-5.011898,-4.909515,-4.885155
75.609793,NaN,NaN,NaN,NaN,-0.108919,-2.062277,1.852687,12.954310,8.458112,7.499706,-5.012005,-4.908894,-4.885231
75.623755,NaN,NaN,NaN,NaN,-0.108527,-2.062314,1.852651,12.965341,8.461673,7.507099,-5.012302,-4.908699,-4.885307
75.641587,NaN,NaN,NaN,NaN,-0.108391,-2.062487,1.852626,12.969030,8.472358,7.514477,-5.012405,-4.908066,-4.885395
75.650555,NaN,NaN,NaN,NaN,-0.108258,-2.062542,1.852617,12.972717,8.475917,7.518160,-5.012508,-4.907856,-4.885441
75.661755,NaN,NaN,NaN,NaN,-0.107841,-2.062630,1.852611,12.983798,8.479468,7.521837,-5.012825,-4.907616,-4.885494
75.682380,NaN,NaN,NaN,NaN,-0.107390,-2.062882,1.852611,12.994914,8.490116,7.532850,-5.013172,-4.906933,-4.885624
75.701987,NaN,NaN,NaN,NaN,-0.107053,-2.063111,1.852624,13.002372,8.497198,7.540168,-5.013424,-4.906437,-4.885746
75.710752,NaN,NaN,NaN,NaN,-0.106887,-2.063222,1.852648,13.006097,8.500738,7.547473,-5.013550,-4.906197,-4.885872
75.722407,NaN,NaN,NaN,NaN,-0.106722,-2.063472,1.852653,13.009821,8.507800,7.551111,-5.013672,-4.905704,-4.885929
75.731379,NaN,NaN,NaN,NaN,-0.106353,-2.063611,1.852661,13.017327,8.511322,7.554748,-5.013954,-4.905453,-4.885986
75.741722,NaN,NaN,NaN,NaN,-0.106172,-2.063747,1.852672,13.021078,8.514843,7.558381,-5.014091,-4.905209,-4.886044
75.750434,NaN,NaN,NaN,NaN,-0.105993,-2.063880,1.852686,13.024826,8.518363,7.565631,-5.014229,-4.904968,-4.886154
75.763781,NaN,NaN,NaN,NaN,-0.105793,-2.064208,1.852689,13.028593,8.525381,7.569248,-5.014366,-4.904465,-4.886204
75.771102,NaN,NaN,NaN,NaN,-0.105399,-2.064367,1.852694,13.036121,8.528889,7.572864,-5.014633,-4.904232,-4.886257
75.782635,NaN,NaN,NaN,NaN,-0.105205,-2.064521,1.852714,13.039883,8.532395,7.580088,-5.014763,-4.904011,-4.886353
75.801714,NaN,NaN,NaN,NaN,-0.104787,-2.065011,1.852733,13.047451,8.542881,7.587303,-5.015003,-4.903343,-4.886421
75.810163,NaN,NaN,NaN,NaN,-0.104377,-2.065175,1.852746,13.055011,8.546371,7.590907,-5.015240,-4.903126,-4.886456
75.822149,NaN,NaN,NaN,NaN,-0.104163,-2.065334,1.852763,13.058811,8.549859,7.594509,-5.015331,-4.902916,-4.886494
75.830384,NaN,NaN,NaN,NaN,-0.103951,-2.065516,1.852784,13.062610,8.553321,7.601712,-5.015427,-4.902687,-4.886562
75.850610,NaN,NaN,NaN,NaN,-0.103317,-2.065868,1.852815,13.073994,8.560243,7.608907,-5.015686,-4.902248,-4.886604
75.861995,NaN,NaN,NaN,NaN,-0.103102,-2.066226,1.852833,13.077788,8.567132,7.612497,-5.015766,-4.901817,-4.886612
75.871128,NaN,NaN,NaN,NaN,-0.102889,-2.066409,1.852877,13.081581,8.570559,7.619674,-5.015839,-4.901600,-4.886631
75.883929,NaN,NaN,NaN,NaN,-0.102457,-2.066764,1.852902,13.089169,8.577415,7.623260,-5.015972,-4.901184,-4.886639
75.901614,NaN,NaN,NaN,NaN,-0.102022,-2.067112,1.852997,13.096753,8.584194,7.630397,-5.016087,-4.900757,-4.886650
75.922779,NaN,NaN,NaN,NaN,-0.101596,-2.067621,1.853158,13.104328,8.594345,7.641074,-5.016167,-4.900143,-4.886684
75.941573,NaN,NaN,NaN,NaN,-0.100923,-2.067964,1.853283,13.115679,8.601085,7.648163,-5.016232,-4.899738,-4.886688
75.962760,NaN,NaN,NaN,NaN,-0.100471,-2.068466,1.853486,13.123219,8.611156,7.658744,-5.016270,-4.899124,-4.886669
75.970453,NaN,NaN,NaN,NaN,-0.100012,-2.068629,1.853558,13.130733,8.614508,7.662261,-5.016277,-4.898926,-4.886662
75.982288,NaN,NaN,NaN,NaN,-0.099787,-2.068788,1.853706,13.134488,8.617861,7.669274,-5.016281,-4.898735,-4.886627
76.001661,NaN,NaN,NaN,NaN,-0.099288,-2.069276,1.853861,13.141944,8.627896,7.676267,-5.016289,-4.898174,-4.886570
76.010637,NaN,NaN,NaN,NaN,-0.098801,-2.069430,1.853941,13.149392,8.631245,7.679762,-5.016300,-4.897991,-4.886543
76.030295,NaN,NaN,NaN,NaN,-0.098550,-2.069753,1.854176,13.153074,8.637945,7.690212,-5.016319,-4.897621,-4.886395
76.041552,NaN,NaN,NaN,NaN,-0.098058,-2.070060,1.854258,13.160432,8.644650,7.693695,-5.016361,-4.897274,-4.886345
76.050262,NaN,NaN,NaN,NaN,-0.097572,-2.070208,1.854342,13.167738,8.648005,7.697177,-5.016407,-4.897110,-4.886295
76.062606,NaN,NaN,NaN,NaN,-0.097330,-2.070371,1.854412,13.171367,8.651360,7.700636,-5.016434,-4.896938,-4.886242
76.082819,NaN,NaN,NaN,NaN,-0.096622,-2.070834,1.854634,13.182209,8.661433,7.711013,-5.016506,-4.896439,-4.886086
76.091958,NaN,NaN,NaN,NaN,-0.096390,-2.070986,1.854703,13.185794,8.664798,7.714441,-5.016525,-4.896275,-4.886021
76.101686,NaN,NaN,NaN,NaN,-0.096161,-2.071134,1.854774,13.189380,8.668164,7.717871,-5.016544,-4.896118,-4.885960
76.121943,NaN,NaN,NaN,NaN,-0.095935,-2.071570,1.854997,13.192964,8.678288,7.728137,-5.016567,-4.895668,-4.885780
76.131302,NaN,NaN,NaN,NaN,-0.095714,-2.071717,1.855073,13.196520,8.681678,7.731542,-5.016582,-4.895508,-4.885719
76.141874,NaN,NaN,NaN,NaN,-0.095065,-2.071859,1.855152,13.207189,8.685067,7.734947,-5.016636,-4.895351,-4.885662
76.161825,NaN,NaN,NaN,NaN,-0.094661,-2.072310,1.855406,13.214260,8.695299,7.745127,-5.016640,-4.894909,-4.885517
76.182723,NaN,NaN,NaN,NaN,-0.094072,-2.072606,1.855700,13.224864,8.702144,7.755266,-5.016651,-4.894638,-4.885361
76.191435,NaN,NaN,NaN,NaN,-0.093903,-2.072760,1.855815,13.228377,8.705593,7.758631,-5.016647,-4.894505,-4.885303
76.201610,NaN,NaN,NaN,NaN,-0.093736,-2.073056,1.855931,13.231890,8.712491,7.761996,-5.016640,-4.894253,-4.885246
76.223274,NaN,NaN,NaN,NaN,-0.093260,-2.073340,1.856193,13.242435,8.719418,7.768704,-5.016617,-4.894009,-4.885128
76.242263,NaN,NaN,NaN,NaN,-0.093114,-2.073746,1.856631,13.245954,8.729848,7.778739,-5.016609,-4.893661,-4.884945
76.251245,NaN,NaN,NaN,NaN,-0.092692,-2.073884,1.856794,13.256507,8.733348,7.782064,-5.016590,-4.893536,-4.884880
76.262489,NaN,NaN,NaN,NaN,-0.092557,-2.074018,1.857121,13.260023,8.736849,7.788720,-5.016590,-4.893417,-4.884758
76.270440,NaN,NaN,NaN,NaN,-0.092424,-2.074148,1.857285,13.263537,8.740349,7.792050,-5.016582,-4.893303,-4.884701
76.282863,NaN,NaN,NaN,NaN,-0.092181,-2.074405,1.857469,13.270565,8.747371,7.795354,-5.016575,-4.893101,-4.884647
76.301778,NaN,NaN,NaN,NaN,-0.091963,-2.074658,1.857837,13.277590,8.754416,7.801968,-5.016571,-4.892925,-4.884548
76.310812,NaN,NaN,NaN,NaN,-0.091857,-2.074896,1.858206,13.281102,8.761460,7.808586,-5.016571,-4.892769,-4.884457
76.321899,NaN,NaN,NaN,NaN,-0.091760,-2.075012,1.858414,13.284610,8.764987,7.811875,-5.016582,-4.892700,-4.884411
76.342553,NaN,NaN,NaN,NaN,-0.091573,-2.075235,1.859037,13.291624,8.772043,7.821756,-5.016621,-4.892570,-4.884293
76.351026,NaN,NaN,NaN,NaN,-0.091401,-2.075455,1.859252,13.298630,8.779119,7.825027,-5.016674,-4.892460,-4.884247
76.361811,NaN,NaN,NaN,NaN,-0.091322,-2.075567,1.859467,13.302129,8.782667,7.828300,-5.016708,-4.892410,-4.884205
76.382735,NaN,NaN,NaN,NaN,-0.091111,-2.075778,1.860118,13.312629,8.789762,7.838117,-5.016834,-4.892307,-4.884083
76.401613,NaN,NaN,NaN,NaN,-0.090998,-2.076120,1.860559,13.319630,8.800410,7.844652,-5.016975,-4.892193,-4.884010
76.410398,NaN,NaN,NaN,NaN,-0.090900,-2.076225,1.860779,13.326626,8.803960,7.847922,-5.017136,-4.892162,-4.883976
76.422203,NaN,NaN,NaN,NaN,-0.090859,-2.076338,1.860997,13.330122,8.807527,7.851173,-5.017227,-4.892124,-4.883934
76.442390,NaN,NaN,NaN,NaN,-0.090740,-2.076652,1.861651,13.340611,8.818225,7.860940,-5.017502,-4.892071,-4.883820
76.450424,NaN,NaN,NaN,NaN,-0.090719,-2.076755,1.861879,13.344101,8.821795,7.864173,-5.017624,-4.892044,-4.883755
76.461681,NaN,NaN,NaN,NaN,-0.090698,-2.076855,1.862106,13.347590,8.825365,7.867409,-5.017742,-4.892025,-4.883694
76.470410,NaN,NaN,NaN,NaN,-0.090679,-2.076951,1.862558,13.351081,8.828936,7.873888,-5.017860,-4.892006,-4.883579
76.482165,NaN,NaN,NaN,NaN,-0.090660,-2.077146,1.862795,13.354571,8.836093,7.877120,-5.017971,-4.891975,-4.883514
76.491470,NaN,NaN,NaN,NaN,-0.090614,-2.077245,1.863030,13.361517,8.839680,7.880354,-5.018238,-4.891956,-4.883453
76.501626,NaN,NaN,NaN,NaN,-0.090593,-2.077341,1.863264,13.364991,8.843266,7.883591,-5.018368,-4.891937,-4.883392
76.510798,NaN,NaN,NaN,NaN,-0.090572,-2.077541,1.863746,13.368467,8.850469,7.890070,-5.018501,-4.891903,-4.883286
76.522497,NaN,NaN,NaN,NaN,-0.090551,-2.077644,1.863993,13.371932,8.854083,7.893312,-5.018642,-4.891888,-4.883232
76.531643,NaN,NaN,NaN,NaN,-0.090512,-2.077743,1.864239,13.378865,8.857697,7.896555,-5.018917,-4.891872,-4.883179
76.543294,NaN,NaN,NaN,NaN,-0.090493,-2.077838,1.864738,13.382334,8.861309,7.903047,-5.019051,-4.891861,-4.883072
76.551393,NaN,NaN,NaN,NaN,-0.090479,-2.077916,1.864991,13.385800,8.864938,7.906293,-5.019184,-4.891834,-4.883018
76.571188,NaN,NaN,NaN,NaN,-0.090453,-2.078130,1.865494,13.392739,8.875816,7.912794,-5.019432,-4.891773,-4.882931
76.581780,NaN,NaN,NaN,NaN,-0.090432,-2.078193,1.865743,13.399682,8.879441,7.916049,-5.019672,-4.891762,-4.882896
76.601571,NaN,NaN,NaN,NaN,-0.090416,-2.078364,1.866496,13.406629,8.890357,7.925817,-5.019901,-4.891689,-4.882778
76.611057,NaN,NaN,NaN,NaN,-0.090405,-2.078413,1.866745,13.413589,8.893995,7.929078,-5.020123,-4.891693,-4.882740
76.622546,NaN,NaN,NaN,NaN,-0.090402,-2.078463,1.867008,13.417077,8.897652,7.932346,-5.020226,-4.891689,-4.882702
76.630206,NaN,NaN,NaN,NaN,-0.090400,-2.078508,1.867529,13.420565,8.901308,7.938890,-5.020329,-4.891693,-4.882629
76.642379,NaN,NaN,NaN,NaN,-0.090404,-2.078588,1.867787,13.427553,8.908617,7.942165,-5.020512,-4.891701,-4.882599
76.661729,NaN,NaN,NaN,NaN,-0.090416,-2.078641,1.868298,13.434556,8.915978,7.948716,-5.020679,-4.891701,-4.882530
76.670200,NaN,NaN,NaN,NaN,-0.090423,-2.078663,1.868802,13.438060,8.919657,7.955277,-5.020756,-4.891712,-4.882469
76.681751,NaN,NaN,NaN,NaN,-0.090424,-2.078680,1.869049,13.441585,8.923334,7.958550,-5.020828,-4.891724,-4.882446
76.701529,NaN,NaN,NaN,NaN,-0.090430,-2.078738,1.869539,13.452165,8.934446,7.965107,-5.021015,-4.891701,-4.882412
76.711745,NaN,NaN,NaN,NaN,-0.090433,-2.078775,1.870005,13.455694,8.941866,7.971675,-5.021072,-4.891670,-4.882389
76.721931,NaN,NaN,NaN,NaN,-0.090443,-2.078794,1.870227,13.459245,8.945583,7.974964,-5.021126,-4.891640,-4.882378
76.743267,NaN,NaN,NaN,NaN,-0.090474,-2.078822,1.870872,13.469898,8.953012,7.984859,-5.021271,-4.891571,-4.882351
76.761642,NaN,NaN,NaN,NaN,-0.090463,-2.078836,1.871277,13.473473,8.960443,7.991484,-5.021320,-4.891468,-4.882332
76.770104,NaN,NaN,NaN,NaN,-0.090434,-2.078835,1.871478,13.484199,8.967869,7.994801,-5.021458,-4.891380,-4.882324
76.781782,NaN,NaN,NaN,NaN,-0.090409,-2.078831,1.871681,13.487793,8.971587,7.998120,-5.021496,-4.891323,-4.882324
76.790917,NaN,NaN,NaN,NaN,-0.090384,-2.078823,1.872082,13.491387,8.975304,8.004768,-5.021538,-4.891270,-4.882324
76.801686,NaN,NaN,NaN,NaN,-0.090361,-2.078798,1.872280,13.494982,8.982732,8.008097,-5.021572,-4.891171,-4.882324
76.810305,NaN,NaN,NaN,NaN,-0.090301,-2.078787,1.872469,13.502195,8.986450,8.011432,-5.021637,-4.891109,-4.882324
76.822962,NaN,NaN,NaN,NaN,-0.090264,-2.078772,1.872657,13.505813,8.990168,8.014769,-5.021667,-4.891052,-4.882324
76.830319,NaN,NaN,NaN,NaN,-0.090229,-2.078754,1.873029,13.509430,8.993881,8.021453,-5.021690,-4.890999,-4.882328
76.842452,NaN,NaN,NaN,NaN,-0.090134,-2.078708,1.873212,13.516678,9.001304,8.024799,-5.021751,-4.890907,-4.882332
76.850446,NaN,NaN,NaN,NaN,-0.090076,-2.078686,1.873398,13.520309,9.005010,8.028153,-5.021782,-4.890862,-4.882339
76.870326,NaN,NaN,NaN,NaN,-0.089962,-2.078602,1.873943,13.527572,9.016118,8.038235,-5.021843,-4.890747,-4.882374
76.881627,NaN,NaN,NaN,NaN,-0.089884,-2.078579,1.874139,13.531230,9.019817,8.041610,-5.021893,-4.890682,-4.882401
76.890884,NaN,NaN,NaN,NaN,-0.089736,-2.078552,1.874332,13.538543,9.023515,8.044988,-5.021988,-4.890625,-4.882427
76.911013,NaN,NaN,NaN,NaN,-0.089663,-2.078487,1.874915,13.542198,9.030905,8.055146,-5.022030,-4.890526,-4.882523
76.922228,NaN,NaN,NaN,NaN,-0.089491,-2.078431,1.875115,13.549541,9.038300,8.058543,-5.022160,-4.890404,-4.882561
76.931291,NaN,NaN,NaN,NaN,-0.089326,-2.078399,1.875313,13.556881,9.041993,8.061941,-5.022263,-4.890350,-4.882584
76.944829,NaN,NaN,NaN,NaN,-0.089235,-2.078363,1.875702,13.560567,9.045686,8.068758,-5.022327,-4.890301,-4.882633
76.962889,NaN,NaN,NaN,NaN,-0.089060,-2.078307,1.876081,13.567936,9.056712,8.075594,-5.022453,-4.890137,-4.882679
76.971030,NaN,NaN,NaN,NaN,-0.088889,-2.078282,1.876267,13.575301,9.060385,8.079016,-5.022564,-4.890076,-4.882706
76.990577,NaN,NaN,NaN,NaN,-0.088696,-2.078259,1.876792,13.582701,9.067733,8.089311,-5.022720,-4.889946,-4.882759
77.002923,NaN,NaN,NaN,NaN,-0.088602,-2.078242,1.876962,13.586399,9.071404,8.092746,-5.022793,-4.889885,-4.882774
77.010723,NaN,NaN,NaN,NaN,-0.088509,-2.078214,1.877136,13.590096,9.078738,8.096196,-5.022865,-4.889755,-4.882790
77.021828,NaN,NaN,NaN,NaN,-0.088325,-2.078203,1.877307,13.597503,9.082401,8.099648,-5.023045,-4.889687,-4.882809
77.030047,NaN,NaN,NaN,NaN,-0.088236,-2.078187,1.877642,13.601204,9.086062,8.106559,-5.023132,-4.889629,-4.882839
77.050698,NaN,NaN,NaN,NaN,-0.088070,-2.078119,1.878003,13.608608,9.097024,8.113518,-5.023331,-4.889458,-4.882839
77.061549,NaN,NaN,NaN,NaN,-0.087916,-2.078090,1.878181,13.616013,9.100673,8.117001,-5.023552,-4.889404,-4.882835
77.072185,NaN,NaN,NaN,NaN,-0.087842,-2.078058,1.878356,13.619713,9.104320,8.120484,-5.023655,-4.889355,-4.882832
77.081659,NaN,NaN,NaN,NaN,-0.087800,-2.077960,1.878741,13.623409,9.111593,8.127487,-5.023773,-4.889225,-4.882805
77.091146,NaN,NaN,NaN,NaN,-0.087717,-2.077908,1.878930,13.630798,9.115228,8.130992,-5.023994,-4.889160,-4.882793
77.102230,NaN,NaN,NaN,NaN,-0.087678,-2.077852,1.879116,13.634491,9.118860,8.134498,-5.024097,-4.889099,-4.882782
77.110920,NaN,NaN,NaN,NaN,-0.087663,-2.077793,1.879300,13.638170,9.122491,8.138005,-5.024231,-4.889046,-4.882774
77.122049,NaN,NaN,NaN,NaN,-0.087648,-2.077733,1.879688,13.641848,9.126107,8.145036,-5.024361,-4.888981,-4.882748
77.142305,NaN,NaN,NaN,NaN,-0.087633,-2.077536,1.880066,13.652857,9.136948,8.152073,-5.024746,-4.888813,-4.882725
77.150775,NaN,NaN,NaN,NaN,-0.087647,-2.077457,1.880445,13.656514,9.140546,8.159139,-5.024887,-4.888767,-4.882713
77.161507,NaN,NaN,NaN,NaN,-0.087661,-2.077293,1.880632,13.660170,9.147738,8.162673,-5.025024,-4.888695,-4.882706
77.171013,NaN,NaN,NaN,NaN,-0.087714,-2.077208,1.880815,13.667473,9.151332,8.166208,-5.025303,-4.888664,-4.882706
77.181632,NaN,NaN,NaN,NaN,-0.087752,-2.077103,1.880998,13.671121,9.154905,8.169744,-5.025448,-4.888626,-4.882710
77.202274,NaN,NaN,NaN,NaN,-0.087828,-2.076887,1.881534,13.678413,9.162049,8.180357,-5.025723,-4.888557,-4.882713
77.210786,NaN,NaN,NaN,NaN,-0.087872,-2.076649,1.881708,13.682060,9.169184,8.183884,-5.025875,-4.888519,-4.882721
77.222537,NaN,NaN,NaN,NaN,-0.087961,-2.076519,1.881879,13.689350,9.172747,8.187413,-5.026161,-4.888508,-4.882729
77.241949,NaN,NaN,NaN,NaN,-0.088048,-2.076099,1.882378,13.696636,9.183415,8.197979,-5.026447,-4.888504,-4.882729
77.261607,NaN,NaN,NaN,NaN,-0.088201,-2.075789,1.882693,13.707593,9.190508,8.204989,-5.026886,-4.888523,-4.882736
77.271076,NaN,NaN,NaN,NaN,-0.088252,-2.075632,1.882848,13.711243,9.194053,8.208498,-5.027020,-4.888535,-4.882736
77.281704,NaN,NaN,NaN,NaN,-0.088304,-2.075272,1.883160,13.714913,9.201106,8.215461,-5.027168,-4.888573,-4.882755
77.302117,NaN,NaN,NaN,NaN,-0.088408,-2.074909,1.883467,13.722249,9.208158,8.222432,-5.027443,-4.888622,-4.882740
77.311233,NaN,NaN,NaN,NaN,-0.088460,-2.074689,1.883741,13.725915,9.211676,8.229341,-5.027573,-4.888660,-4.882732
77.322137,NaN,NaN,NaN,NaN,-0.088572,-2.074248,1.883877,13.733276,9.218711,8.232799,-5.027863,-4.888744,-4.882729
77.330994,NaN,NaN,NaN,NaN,-0.088628,-2.074026,1.884011,13.736954,9.222227,8.236259,-5.027996,-4.888794,-4.882729
77.341929,NaN,NaN,NaN,NaN,-0.088726,-2.073770,1.884119,13.744316,9.225753,8.239682,-5.028263,-4.888844,-4.882725
77.362548,NaN,NaN,NaN,NaN,-0.088809,-2.073000,1.884440,13.751680,9.236326,8.249969,-5.028507,-4.889015,-4.882690
77.371604,NaN,NaN,NaN,NaN,-0.088852,-2.072744,1.884545,13.755361,9.239850,8.253405,-5.028618,-4.889076,-4.882679
77.381623,NaN,NaN,NaN,NaN,-0.088917,-2.072455,1.884634,13.762752,9.243382,8.256800,-5.028847,-4.889137,-4.882656
77.390404,NaN,NaN,NaN,NaN,-0.088951,-2.072167,1.884810,13.766444,9.246914,8.263598,-5.028954,-4.889198,-4.882622
77.403343,NaN,NaN,NaN,NaN,-0.088985,-2.071592,1.884897,13.770135,9.253974,8.267002,-5.029053,-4.889328,-4.882603
77.411146,NaN,NaN,NaN,NaN,-0.089068,-2.071280,1.884961,13.777549,9.257512,8.270380,-5.029221,-4.889389,-4.882565
77.421819,NaN,NaN,NaN,NaN,-0.089110,-2.070968,1.885026,13.781253,9.261050,8.273762,-5.029297,-4.889458,-4.882523
77.430164,NaN,NaN,NaN,NaN,-0.089152,-2.070347,1.885156,13.784954,9.268125,8.280534,-5.029369,-4.889595,-4.882446
77.441790,NaN,NaN,NaN,NaN,-0.089207,-2.070033,1.885194,13.788671,9.271667,8.283897,-5.029430,-4.889664,-4.882404
77.461459,NaN,NaN,NaN,NaN,-0.089374,-2.069407,1.885271,13.799807,9.278749,8.290634,-5.029587,-4.889835,-4.882328
77.472913,NaN,NaN,NaN,NaN,-0.089446,-2.068786,1.885335,13.803545,9.285849,8.297361,-5.029644,-4.890003,-4.882248
77.481630,NaN,NaN,NaN,NaN,-0.089518,-2.068478,1.885361,13.807281,9.289407,8.300720,-5.029697,-4.890087,-4.882206
77.502797,NaN,NaN,NaN,NaN,-0.089730,-2.067864,1.885412,13.818473,9.296520,8.307446,-5.029831,-4.890263,-4.882122
77.521752,NaN,NaN,NaN,NaN,-0.089886,-2.066957,1.885422,13.825970,9.307270,8.317499,-5.029900,-4.890469,-4.881977
77.541763,NaN,NaN,NaN,NaN,-0.090124,-2.066343,1.885399,13.837214,9.314446,8.324195,-5.030025,-4.890610,-4.881939
77.562079,NaN,NaN,NaN,NaN,-0.090289,-2.065720,1.885322,13.844722,9.321631,8.334229,-5.030071,-4.890751,-4.881886
77.582438,NaN,NaN,NaN,NaN,-0.090537,-2.064783,1.885170,13.856001,9.332428,8.344268,-5.030067,-4.890934,-4.881821
77.590432,NaN,NaN,NaN,NaN,-0.090620,-2.064471,1.885122,13.859760,9.336028,8.347621,-5.030056,-4.890991,-4.881809
77.602546,NaN,NaN,NaN,NaN,-0.090703,-2.063852,1.885071,13.863517,9.343242,8.350978,-5.030041,-4.891106,-4.881783
77.621771,NaN,NaN,NaN,NaN,-0.090947,-2.063240,1.884972,13.874799,9.350465,8.357699,-5.029957,-4.891220,-4.881733
77.630331,NaN,NaN,NaN,NaN,-0.091027,-2.062633,1.884876,13.878554,9.357685,8.364435,-5.029922,-4.891335,-4.881691
77.650456,NaN,NaN,NaN,NaN,-0.091198,-2.062016,1.884767,13.886070,9.364924,8.371211,-5.029850,-4.891460,-4.881641
77.662220,NaN,NaN,NaN,NaN,-0.091282,-2.061710,1.884660,13.889825,9.368543,8.377996,-5.029816,-4.891525,-4.881603
77.670780,NaN,NaN,NaN,NaN,-0.091365,-2.061405,1.884607,13.893576,9.372159,8.381409,-5.029778,-4.891594,-4.881584
77.681549,NaN,NaN,NaN,NaN,-0.091513,-2.060798,1.884555,13.901083,9.379394,8.384824,-5.029697,-4.891739,-4.881565
77.701774,NaN,NaN,NaN,NaN,-0.091726,-2.060200,1.884453,13.912329,9.386624,8.391661,-5.029556,-4.891895,-4.881531
77.722012,NaN,NaN,NaN,NaN,-0.091856,-2.059320,1.884305,13.919819,9.397475,8.401964,-5.029469,-4.892120,-4.881432
77.730970,NaN,NaN,NaN,NaN,-0.091920,-2.059031,1.884256,13.923559,9.401091,8.405402,-5.029427,-4.892200,-4.881405
77.751401,NaN,NaN,NaN,NaN,-0.092035,-2.058467,1.884158,13.931017,9.408314,8.412331,-5.029320,-4.892330,-4.881344
77.762518,NaN,NaN,NaN,NaN,-0.092205,-2.058187,1.884062,13.942185,9.411924,8.419268,-5.029152,-4.892399,-4.881287
77.782364,NaN,NaN,NaN,NaN,-0.092307,-2.057365,1.883972,13.949605,9.422751,8.426250,-5.028996,-4.892586,-4.881256
77.802056,NaN,NaN,NaN,NaN,-0.092408,-2.056564,1.883846,13.957015,9.433578,8.436752,-5.028839,-4.892735,-4.881203
77.810863,NaN,NaN,NaN,NaN,-0.092527,-2.056301,1.883808,13.964419,9.437188,8.440267,-5.028652,-4.892765,-4.881180
77.821816,NaN,NaN,NaN,NaN,-0.092586,-2.056040,1.883771,13.968118,9.440798,8.443783,-5.028557,-4.892799,-4.881161
77.841644,NaN,NaN,NaN,NaN,-0.092701,-2.055247,1.883659,13.975516,9.451615,8.454333,-5.028397,-4.892845,-4.881130
77.862581,NaN,NaN,NaN,NaN,-0.092870,-2.054721,1.883586,13.986610,9.458825,8.461372,-5.028156,-4.892868,-4.881115
77.872093,NaN,NaN,NaN,NaN,-0.092925,-2.054457,1.883530,13.990306,9.462412,8.468420,-5.028080,-4.892868,-4.881107
77.881572,NaN,NaN,NaN,NaN,-0.092978,-2.053937,1.883504,13.993999,9.469586,8.471946,-5.028004,-4.892876,-4.881104
77.890417,NaN,NaN,NaN,NaN,-0.093083,-2.053679,1.883477,14.001379,9.473175,8.475473,-5.027882,-4.892887,-4.881096
77.904324,NaN,NaN,NaN,NaN,-0.093127,-2.053424,1.883475,14.005071,9.476763,8.482542,-5.027821,-4.892899,-4.881084
77.921588,NaN,NaN,NaN,NaN,-0.093215,-2.052696,1.883523,14.012448,9.487464,8.489626,-5.027702,-4.892883,-4.881084
77.941710,NaN,NaN,NaN,NaN,-0.093343,-2.052202,1.883627,14.023520,9.494576,8.496722,-5.027542,-4.892895,-4.881088
77.962896,NaN,NaN,NaN,NaN,-0.093385,-2.051448,1.883863,14.027209,9.505214,8.507386,-5.027485,-4.892910,-4.881149
77.972393,NaN,NaN,NaN,NaN,-0.093527,-2.051190,1.883987,14.038296,9.508750,8.510954,-5.027321,-4.892918,-4.881180
77.981600,NaN,NaN,NaN,NaN,-0.093577,-2.050934,1.884109,14.041992,9.512287,8.514524,-5.027267,-4.892929,-4.881210
78.001674,NaN,NaN,NaN,NaN,-0.093689,-2.050169,1.884517,14.049395,9.522897,8.525265,-5.027161,-4.892952,-4.881306
78.021736,NaN,NaN,NaN,NaN,-0.093876,-2.049656,1.884844,14.060507,9.529961,8.532466,-5.026989,-4.892979,-4.881401
78.030215,NaN,NaN,NaN,NaN,-0.093937,-2.049402,1.885004,14.064205,9.533495,8.536067,-5.026936,-4.892994,-4.881451
78.042105,NaN,NaN,NaN,NaN,-0.094021,-2.048877,1.885395,14.067928,9.540551,8.543317,-5.026882,-4.893040,-4.881550
78.050243,NaN,NaN,NaN,NaN,-0.094186,-2.048618,1.885587,14.075367,9.544082,8.546944,-5.026779,-4.893070,-4.881599
78.062654,NaN,NaN,NaN,NaN,-0.094267,-2.048361,1.885776,14.079082,9.547614,8.550570,-5.026726,-4.893105,-4.881649
78.081927,NaN,NaN,NaN,NaN,-0.094465,-2.047592,1.886430,14.086535,9.558218,8.561535,-5.026627,-4.893257,-4.881828
78.090306,NaN,NaN,NaN,NaN,-0.094562,-2.047341,1.886642,14.090257,9.561757,8.565190,-5.026577,-4.893314,-4.881886
78.101712,NaN,NaN,NaN,NaN,-0.094754,-2.047087,1.886885,14.097705,9.565308,8.568875,-5.026489,-4.893379,-4.881947
78.122042,NaN,NaN,NaN,NaN,-0.094849,-2.046343,1.887594,14.101430,9.575969,8.579928,-5.026451,-4.893608,-4.882133
78.141995,NaN,NaN,NaN,NaN,-0.095195,-2.045831,1.888112,14.116286,9.583102,8.587346,-5.026363,-4.893745,-4.882286
78.151754,NaN,NaN,NaN,NaN,-0.095273,-2.045579,1.888618,14.119988,9.586670,8.594762,-5.026344,-4.893818,-4.882435
78.163083,NaN,NaN,NaN,NaN,-0.095350,-2.045083,1.888867,14.123690,9.593811,8.598469,-5.026325,-4.893963,-4.882504
78.172053,NaN,NaN,NaN,NaN,-0.095508,-2.044822,1.889142,14.131070,9.597404,8.602196,-5.026287,-4.894032,-4.882576
78.190570,NaN,NaN,NaN,NaN,-0.095586,-2.044307,1.889951,14.134757,9.604594,8.613374,-5.026264,-4.894165,-4.882790
78.202025,NaN,NaN,NaN,NaN,-0.095754,-2.043786,1.890248,14.142121,9.611817,8.617115,-5.026218,-4.894302,-4.882862
78.222553,NaN,NaN,NaN,NaN,-0.096024,-2.043258,1.891120,14.153147,9.619070,8.628337,-5.026131,-4.894440,-4.883068
78.230907,NaN,NaN,NaN,NaN,-0.096130,-2.042999,1.891436,14.156816,9.622697,8.632087,-5.026100,-4.894505,-4.883129
78.250106,NaN,NaN,NaN,NaN,-0.096234,-2.042260,1.892058,14.160484,9.633640,8.639585,-5.026070,-4.894699,-4.883251
78.262899,NaN,NaN,NaN,NaN,-0.096555,-2.042021,1.892365,14.171479,9.637289,8.643334,-5.025993,-4.894764,-4.883312
78.271665,NaN,NaN,NaN,NaN,-0.096668,-2.041792,1.893021,14.175142,9.640959,8.650844,-5.025967,-4.894836,-4.883427
78.282115,NaN,NaN,NaN,NaN,-0.096780,-2.041343,1.893344,14.178804,9.648297,8.654597,-5.025940,-4.894985,-4.883480
78.301786,NaN,NaN,NaN,NaN,-0.097109,-2.040908,1.893981,14.189780,9.655647,8.662097,-5.025852,-4.895145,-4.883591
78.322743,NaN,NaN,NaN,NaN,-0.097430,-2.040278,1.894913,14.200747,9.666689,8.673333,-5.025768,-4.895397,-4.883793
78.342633,NaN,NaN,NaN,NaN,-0.097644,-2.039888,1.895504,14.208048,9.674074,8.680815,-5.025723,-4.895538,-4.883923
78.350201,NaN,NaN,NaN,NaN,-0.097749,-2.039698,1.895795,14.211696,9.677767,8.684554,-5.025700,-4.895611,-4.883987
78.361787,NaN,NaN,NaN,NaN,-0.097853,-2.039510,1.896364,14.215342,9.681458,8.692020,-5.025673,-4.895679,-4.884125
78.381550,NaN,NaN,NaN,NaN,-0.098185,-2.038928,1.896919,14.226244,9.692598,8.699473,-5.025574,-4.895847,-4.884274
78.401586,NaN,NaN,NaN,NaN,-0.098418,-2.038358,1.897738,14.233485,9.703771,8.710625,-5.025497,-4.896000,-4.884491
78.423105,NaN,NaN,NaN,NaN,-0.098786,-2.037989,1.898535,14.244307,9.711228,8.721754,-5.025368,-4.896133,-4.884674
78.430613,NaN,NaN,NaN,NaN,-0.098912,-2.037810,1.898790,14.247904,9.714956,8.725452,-5.025341,-4.896202,-4.884724
78.441652,NaN,NaN,NaN,NaN,-0.099037,-2.037456,1.899042,14.251501,9.722458,8.729150,-5.025311,-4.896294,-4.884769
78.461730,NaN,NaN,NaN,NaN,-0.099410,-2.037115,1.899541,14.262292,9.729956,8.736541,-5.025219,-4.896393,-4.884857
78.481707,NaN,NaN,NaN,NaN,-0.099659,-2.036568,1.900245,14.269492,9.741251,8.747560,-5.025146,-4.896423,-4.884968
78.501656,NaN,NaN,NaN,NaN,-0.100032,-2.036210,1.900696,14.280303,9.748781,8.754876,-5.025032,-4.896431,-4.885036
78.510971,NaN,NaN,NaN,NaN,-0.100155,-2.036029,1.901130,14.283908,9.752547,8.762168,-5.024994,-4.896427,-4.885105
78.523217,NaN,NaN,NaN,NaN,-0.100277,-2.035853,1.901343,14.287511,9.756311,8.765813,-5.024956,-4.896431,-4.885139
78.543181,NaN,NaN,NaN,NaN,-0.100622,-2.035326,1.901754,14.298358,9.767630,8.773041,-5.024845,-4.896381,-4.885204
78.551177,NaN,NaN,NaN,NaN,-0.100734,-2.035154,1.901955,14.301970,9.771404,8.776653,-5.024811,-4.896362,-4.885231
78.571865,NaN,NaN,NaN,NaN,-0.100845,-2.034616,1.902530,14.305579,9.782768,8.787443,-5.024776,-4.896282,-4.885319
78.581496,NaN,NaN,NaN,NaN,-0.101190,-2.034437,1.902715,14.316440,9.786561,8.791032,-5.024658,-4.896255,-4.885349
78.601892,NaN,NaN,NaN,NaN,-0.101423,-2.033875,1.903227,14.323690,9.797969,8.801718,-5.024555,-4.896137,-4.885445
78.623230,NaN,NaN,NaN,NaN,-0.101778,-2.033503,1.903692,14.334582,9.805575,8.812348,-5.024345,-4.896065,-4.885548
78.641734,NaN,NaN,NaN,NaN,-0.102018,-2.032902,1.903970,14.341846,9.817014,8.819411,-5.024139,-4.895908,-4.885612
78.650117,NaN,NaN,NaN,NaN,-0.102252,-2.032711,1.904107,14.349103,9.820823,8.822944,-5.023945,-4.895874,-4.885647
78.661963,NaN,NaN,NaN,NaN,-0.102360,-2.032504,1.904228,14.352742,9.824647,8.826476,-5.023827,-4.895813,-4.885674
78.671110,NaN,NaN,NaN,NaN,-0.102466,-2.032302,1.904347,14.356380,9.828468,8.830009,-5.023727,-4.895756,-4.885693
78.691249,NaN,NaN,NaN,NaN,-0.102675,-2.031722,1.904702,14.363649,9.839919,8.840608,-5.023525,-4.895611,-4.885757
78.701791,NaN,NaN,NaN,NaN,-0.102861,-2.031526,1.904804,14.370950,9.843746,8.844142,-5.023277,-4.895535,-4.885761
78.723946,NaN,NaN,NaN,NaN,-0.103042,-2.030964,1.905107,14.378242,9.855213,8.854745,-5.023037,-4.895359,-4.885773
78.731618,NaN,NaN,NaN,NaN,-0.103127,-2.030765,1.905184,14.381904,9.859036,8.858277,-5.022900,-4.895279,-4.885769
78.741530,NaN,NaN,NaN,NaN,-0.103292,-2.030571,1.905260,14.389223,9.862858,8.861810,-5.022636,-4.895206,-4.885769
78.749978,NaN,NaN,NaN,NaN,-0.103373,-2.030197,1.905412,14.392879,9.870494,8.868876,-5.022507,-4.895073,-4.885761
78.761971,NaN,NaN,NaN,NaN,-0.103454,-2.030001,1.905454,14.396558,9.874298,8.872403,-5.022350,-4.894989,-4.885757
78.770956,NaN,NaN,NaN,NaN,-0.103534,-2.029810,1.905497,14.400234,9.878100,8.875931,-5.022202,-4.894905,-4.885754
78.782105,NaN,NaN,NaN,NaN,-0.103690,-2.029624,1.905540,14.407578,9.881900,8.879457,-5.021908,-4.894829,-4.885750
78.791114,NaN,NaN,NaN,NaN,-0.103751,-2.029441,1.905584,14.411264,9.885698,8.882984,-5.021725,-4.894753,-4.885738
78.801977,NaN,NaN,NaN,NaN,-0.103811,-2.029068,1.905620,14.414948,9.893261,8.890039,-5.021542,-4.894585,-4.885704
78.823501,NaN,NaN,NaN,NaN,-0.103989,-2.028713,1.905661,14.425982,9.900817,8.897094,-5.021027,-4.894436,-4.885674
78.830907,NaN,NaN,NaN,NaN,-0.104032,-2.028539,1.905674,14.429651,9.904586,8.900616,-5.020836,-4.894360,-4.885651
78.841731,NaN,NaN,NaN,NaN,-0.104074,-2.028205,1.905703,14.433318,9.912120,8.907661,-5.020649,-4.894218,-4.885609
78.861574,NaN,NaN,NaN,NaN,-0.104185,-2.027883,1.905727,14.444288,9.919623,8.914685,-5.020050,-4.894073,-4.885586
78.882298,NaN,NaN,NaN,NaN,-0.104232,-2.027574,1.905760,14.451570,9.927095,8.925192,-5.019642,-4.893936,-4.885532
78.890879,NaN,NaN,NaN,NaN,-0.104255,-2.027274,1.905768,14.455208,9.934520,8.928674,-5.019444,-4.893795,-4.885502
78.901714,NaN,NaN,NaN,NaN,-0.104274,-2.027127,1.905777,14.462458,9.938209,8.932157,-5.019016,-4.893723,-4.885475
78.910946,NaN,NaN,NaN,NaN,-0.104284,-2.026984,1.905787,14.466082,9.941896,8.935641,-5.018822,-4.893654,-4.885445
78.925307,NaN,NaN,NaN,NaN,-0.104294,-2.026698,1.905806,14.469704,9.949225,8.942590,-5.018631,-4.893520,-4.885376
78.931359,NaN,NaN,NaN,NaN,-0.104288,-2.026554,1.905814,14.473333,9.952867,8.946054,-5.018421,-4.893459,-4.885334
78.941849,NaN,NaN,NaN,NaN,-0.104278,-2.026414,1.905824,14.480590,9.956508,8.949520,-5.018017,-4.893398,-4.885296
78.951559,NaN,NaN,NaN,NaN,-0.104273,-2.026277,1.905835,14.484216,9.960149,8.952988,-5.017826,-4.893356,-4.885258
78.962260,NaN,NaN,NaN,NaN,-0.104280,-2.026001,1.905842,14.487852,9.967378,8.959907,-5.017609,-4.893276,-4.885174
78.982577,NaN,NaN,NaN,NaN,-0.104300,-2.025727,1.905836,14.498750,9.974557,8.966812,-5.017006,-4.893204,-4.885086
78.991421,NaN,NaN,NaN,NaN,-0.104328,-2.025596,1.905839,14.502393,9.978147,8.973710,-5.016777,-4.893173,-4.884995
79.010267,NaN,NaN,NaN,NaN,-0.104355,-2.025194,1.905852,14.506034,9.988768,8.980604,-5.016556,-4.893078,-4.884899
79.021930,NaN,NaN,NaN,NaN,-0.104460,-2.025067,1.905860,14.516958,9.992309,8.984053,-5.015907,-4.893055,-4.884857
79.031064,NaN,NaN,NaN,NaN,-0.104513,-2.024924,1.905907,14.520603,9.995812,8.990966,-5.015694,-4.893028,-4.884754
79.041500,NaN,NaN,NaN,NaN,-0.104565,-2.024648,1.905933,14.524247,10.002824,8.994425,-5.015491,-4.892982,-4.884705
79.051650,NaN,NaN,NaN,NaN,-0.104617,-2.024516,1.905959,14.527889,10.006330,8.997886,-5.015293,-4.892963,-4.884655
79.061741,NaN,NaN,NaN,NaN,-0.104774,-2.024364,1.905993,14.535177,10.009812,9.001356,-5.014870,-4.892944,-4.884583
79.070424,NaN,NaN,NaN,NaN,-0.104851,-2.024215,1.906064,14.538818,10.013296,9.008303,-5.014671,-4.892944,-4.884445
79.083611,NaN,NaN,NaN,NaN,-0.104926,-2.023931,1.906101,14.542458,10.020268,9.011779,-5.014477,-4.892944,-4.884377
79.101574,NaN,NaN,NaN,NaN,-0.105201,-2.023586,1.906197,14.553391,10.027205,9.018773,-5.013866,-4.892937,-4.884232
79.110141,NaN,NaN,NaN,NaN,-0.105299,-2.023419,1.906247,14.557035,10.030676,9.022273,-5.013664,-4.892933,-4.884159
79.122302,NaN,NaN,NaN,NaN,-0.105395,-2.023058,1.906340,14.560678,10.037597,9.029293,-5.013474,-4.892925,-4.884003
79.141500,NaN,NaN,NaN,NaN,-0.105742,-2.022673,1.906429,14.571610,10.044498,9.036336,-5.012886,-4.892944,-4.883835
79.161766,NaN,NaN,NaN,NaN,-0.105989,-2.022076,1.906553,14.578894,10.054824,9.046957,-5.012512,-4.892960,-4.883545
79.182207,NaN,NaN,NaN,NaN,-0.106384,-2.021682,1.906661,14.589811,10.061705,9.057633,-5.011993,-4.892967,-4.883251
79.201581,NaN,NaN,NaN,NaN,-0.106676,-2.021287,1.906715,14.597075,10.068543,9.064787,-5.011684,-4.892982,-4.883053
79.210570,NaN,NaN,NaN,NaN,-0.106819,-2.020910,1.906744,14.600704,10.075394,9.068364,-5.011532,-4.893002,-4.882965
79.222065,NaN,NaN,NaN,NaN,-0.107129,-2.020728,1.906773,14.607946,10.078823,9.071943,-5.011242,-4.893013,-4.882881
79.241565,NaN,NaN,NaN,NaN,-0.107460,-2.020202,1.906772,14.615170,10.089052,9.082755,-5.010967,-4.893009,-4.882587
79.251242,NaN,NaN,NaN,NaN,-0.107622,-2.020034,1.906775,14.618781,10.092467,9.086360,-5.010838,-4.893013,-4.882500
79.270414,NaN,NaN,NaN,NaN,-0.107983,-2.019735,1.906719,14.625998,10.099297,9.093607,-5.010601,-4.893005,-4.882282
79.281563,NaN,NaN,NaN,NaN,-0.108159,-2.019591,1.906668,14.629604,10.102715,9.100853,-5.010483,-4.893002,-4.882080
79.290930,NaN,NaN,NaN,NaN,-0.108333,-2.019325,1.906608,14.633209,10.109544,9.104485,-5.010372,-4.892986,-4.881962
79.302115,NaN,NaN,NaN,NaN,-0.108895,-2.019202,1.906551,14.644005,10.112953,9.108115,-5.010040,-4.892979,-4.881847
79.322218,NaN,NaN,NaN,NaN,-0.109266,-2.018964,1.906356,14.651196,10.119782,9.119008,-5.009838,-4.892910,-4.881516
79.341783,NaN,NaN,NaN,NaN,-0.109818,-2.018640,1.906190,14.661974,10.129985,9.126270,-5.009563,-4.892799,-4.881283
79.351990,NaN,NaN,NaN,NaN,-0.109996,-2.018538,1.906004,14.665564,10.133391,9.133530,-5.009483,-4.892769,-4.881058
79.362308,NaN,NaN,NaN,NaN,-0.110179,-2.018318,1.905900,14.669137,10.140175,9.137158,-5.009396,-4.892708,-4.880943
79.370781,NaN,NaN,NaN,NaN,-0.110536,-2.018212,1.905799,14.676282,10.143571,9.140786,-5.009228,-4.892677,-4.880833
79.382691,NaN,NaN,NaN,NaN,-0.110711,-2.018110,1.905589,14.679853,10.146972,9.148037,-5.009155,-4.892647,-4.880615
79.391211,NaN,NaN,NaN,NaN,-0.110871,-2.018006,1.905480,14.683401,10.150356,9.151660,-5.009087,-4.892628,-4.880505
79.401513,NaN,NaN,NaN,NaN,-0.111029,-2.017809,1.905374,14.686949,10.157136,9.155283,-5.009022,-4.892593,-4.880398
79.410237,NaN,NaN,NaN,NaN,-0.111337,-2.017716,1.905269,14.694043,10.160531,9.158904,-5.008911,-4.892578,-4.880295
79.422315,NaN,NaN,NaN,NaN,-0.111474,-2.017609,1.905167,14.697570,10.163909,9.162534,-5.008854,-4.892570,-4.880180
79.430515,NaN,NaN,NaN,NaN,-0.111608,-2.017506,1.905067,14.701097,10.167291,9.166163,-5.008804,-4.892597,-4.880074
79.441523,NaN,NaN,NaN,NaN,-0.111739,-2.017311,1.904875,14.704623,10.174064,9.173418,-5.008759,-4.892658,-4.879868
79.461660,NaN,NaN,NaN,NaN,-0.112071,-2.017105,1.904671,14.715129,10.180809,9.180653,-5.008614,-4.892719,-4.879646
79.470428,NaN,NaN,NaN,NaN,-0.112170,-2.017007,1.904479,14.718618,10.184188,9.187884,-5.008575,-4.892750,-4.879440
79.491050,NaN,NaN,NaN,NaN,-0.112266,-2.016730,1.904273,14.722110,10.194331,9.195109,-5.008541,-4.892853,-4.879238
79.501468,NaN,NaN,NaN,NaN,-0.112398,-2.016642,1.904162,14.729034,10.197710,9.198720,-5.008484,-4.892895,-4.879139
79.510686,NaN,NaN,NaN,NaN,-0.112523,-2.016476,1.904053,14.735963,10.204476,9.202330,-5.008457,-4.892979,-4.879063
79.522311,NaN,NaN,NaN,NaN,-0.112563,-2.016400,1.903840,14.739395,10.207850,9.209538,-5.008450,-4.893032,-4.878906
79.530919,NaN,NaN,NaN,NaN,-0.112638,-2.016328,1.903736,14.746264,10.211226,9.213136,-5.008453,-4.893085,-4.878834
79.542156,NaN,NaN,NaN,NaN,-0.112672,-2.016259,1.903635,14.749699,10.214607,9.216735,-5.008457,-4.893135,-4.878761
79.551142,NaN,NaN,NaN,NaN,-0.112687,-2.016193,1.903430,14.753106,10.217992,9.223930,-5.008469,-4.893196,-4.878616
79.570420,NaN,NaN,NaN,NaN,-0.112723,-2.016007,1.903227,14.763337,10.228085,9.231126,-5.008537,-4.893391,-4.878460
79.582765,NaN,NaN,NaN,NaN,-0.112729,-2.015951,1.903130,14.766721,10.231457,9.234724,-5.008568,-4.893456,-4.878380
79.591302,NaN,NaN,NaN,NaN,-0.112734,-2.015892,1.902925,14.770105,10.234805,9.241906,-5.008602,-4.893509,-4.878227
79.601591,NaN,NaN,NaN,NaN,-0.112738,-2.015784,1.902828,14.773491,10.241515,9.245498,-5.008640,-4.893612,-4.878155
79.621964,NaN,NaN,NaN,NaN,-0.112746,-2.015687,1.902634,14.783651,10.248224,9.252664,-5.008766,-4.893684,-4.878029
79.630323,NaN,NaN,NaN,NaN,-0.112750,-2.015643,1.902443,14.787038,10.251577,9.259816,-5.008820,-4.893715,-4.877899
79.642465,NaN,NaN,NaN,NaN,-0.112753,-2.015565,1.902352,14.790426,10.258296,9.263392,-5.008869,-4.893780,-4.877838
79.650722,NaN,NaN,NaN,NaN,-0.112754,-2.015526,1.902247,14.793816,10.261650,9.266963,-5.008926,-4.893795,-4.877773
79.661667,NaN,NaN,NaN,NaN,-0.112771,-2.015489,1.902146,14.800591,10.265008,9.270535,-5.009052,-4.893810,-4.877712
79.681527,NaN,NaN,NaN,NaN,-0.112781,-2.015383,1.901853,14.807374,10.275090,9.281257,-5.009186,-4.893898,-4.877541
79.701558,NaN,NaN,NaN,NaN,-0.112799,-2.015310,1.901662,14.810756,10.281809,9.288415,-5.009262,-4.893944,-4.877441
79.710747,NaN,NaN,NaN,NaN,-0.112828,-2.015278,1.901475,14.817523,10.285173,9.295586,-5.009418,-4.893970,-4.877365
79.721767,NaN,NaN,NaN,NaN,-0.112867,-2.015216,1.901381,14.824303,10.291885,9.299176,-5.009567,-4.894005,-4.877338
79.730924,NaN,NaN,NaN,NaN,-0.112891,-2.015190,1.901291,14.827697,10.295247,9.302767,-5.009636,-4.894028,-4.877316
79.743375,NaN,NaN,NaN,NaN,-0.112936,-2.015167,1.901203,14.834490,10.298614,9.306358,-5.009777,-4.894054,-4.877296
79.752090,NaN,NaN,NaN,NaN,-0.112974,-2.015147,1.901120,14.837892,10.301983,9.309950,-5.009819,-4.894077,-4.877274
79.770899,NaN,NaN,NaN,NaN,-0.113010,-2.015081,1.900872,14.841296,10.312044,9.320770,-5.009861,-4.894165,-4.877247
79.782288,NaN,NaN,NaN,NaN,-0.113127,-2.015065,1.900797,14.851517,10.315407,9.324378,-5.009979,-4.894196,-4.877239
79.801530,NaN,NaN,NaN,NaN,-0.113175,-2.015030,1.900603,14.854924,10.325431,9.335258,-5.010006,-4.894287,-4.877285
79.810999,NaN,NaN,NaN,NaN,-0.113263,-2.015024,1.900544,14.861746,10.328782,9.338885,-5.010067,-4.894321,-4.877308
79.821885,NaN,NaN,NaN,NaN,-0.113365,-2.015007,1.900494,14.868563,10.332108,9.342524,-5.010120,-4.894356,-4.877346
79.830451,NaN,NaN,NaN,NaN,-0.113412,-2.014993,1.900403,14.871975,10.335438,9.349802,-5.010151,-4.894390,-4.877426
79.842465,NaN,NaN,NaN,NaN,-0.113457,-2.014975,1.900362,14.875388,10.342113,9.353441,-5.010181,-4.894459,-4.877468
79.861740,NaN,NaN,NaN,NaN,-0.113578,-2.014950,1.900297,14.885645,10.348726,9.360749,-5.010281,-4.894535,-4.877567
79.881968,NaN,NaN,NaN,NaN,-0.113648,-2.014937,1.900225,14.892491,10.358665,9.371743,-5.010361,-4.894657,-4.877674
79.901509,NaN,NaN,NaN,NaN,-0.113752,-2.014945,1.900195,14.902800,10.365287,9.379115,-5.010471,-4.894749,-4.877754
79.910998,NaN,NaN,NaN,NaN,-0.113783,-2.014953,1.900184,14.906240,10.368606,9.382799,-5.010509,-4.894783,-4.877792
79.929531,NaN,NaN,NaN,NaN,-0.113820,-2.014997,1.900137,14.909703,10.378555,9.393918,-5.010548,-4.894882,-4.877934
79.942482,NaN,NaN,NaN,NaN,-0.113889,-2.015017,1.900127,14.916636,10.381882,9.397623,-5.010639,-4.894917,-4.877975
79.951078,NaN,NaN,NaN,NaN,-0.113953,-2.015037,1.900123,14.923597,10.385206,9.405091,-5.010746,-4.894947,-4.878082
79.961657,NaN,NaN,NaN,NaN,-0.113984,-2.015084,1.900126,14.927093,10.391870,9.408823,-5.010803,-4.895004,-4.878139
79.981665,NaN,NaN,NaN,NaN,-0.114082,-2.015149,1.900133,14.937586,10.398540,9.416311,-5.010979,-4.895107,-4.878242
80.001664,NaN,NaN,NaN,NaN,-0.114157,-2.015275,1.900161,14.944589,10.408566,9.427576,-5.011108,-4.895264,-4.878387
80.022622,NaN,NaN,NaN,NaN,-0.114280,-2.015368,1.900178,14.955127,10.415252,9.435089,-5.011295,-4.895370,-4.878487
80.030558,NaN,NaN,NaN,NaN,-0.114321,-2.015417,1.900190,14.958646,10.418591,9.442608,-5.011356,-4.895416,-4.878586
80.042932,NaN,NaN,NaN,NaN,-0.114360,-2.015522,1.900200,14.962165,10.425283,9.446364,-5.011417,-4.895508,-4.878639
80.061704,NaN,NaN,NaN,NaN,-0.114560,-2.015595,1.900199,14.972790,10.431976,9.453906,-5.011612,-4.895592,-4.878746
80.081851,NaN,NaN,NaN,NaN,-0.114724,-2.015716,1.900222,14.979896,10.442046,9.465209,-5.011742,-4.895721,-4.878914
80.101559,NaN,NaN,NaN,NaN,-0.115014,-2.015794,1.900252,14.990588,10.448775,9.472741,-5.011940,-4.895824,-4.879036
80.111131,NaN,NaN,NaN,NaN,-0.115138,-2.015837,1.900293,14.994181,10.452147,9.480259,-5.011990,-4.895874,-4.879162
80.122498,NaN,NaN,NaN,NaN,-0.115258,-2.015902,1.900318,14.997774,10.458889,9.484013,-5.012043,-4.895988,-4.879230
80.143403,NaN,NaN,NaN,NaN,-0.115600,-2.015979,1.900404,15.008552,10.465650,9.495255,-5.012199,-4.896103,-4.879440
80.151738,NaN,NaN,NaN,NaN,-0.115727,-2.015988,1.900434,15.012153,10.469018,9.498994,-5.012249,-4.896164,-4.879509
80.161737,NaN,NaN,NaN,NaN,-0.115851,-2.016015,1.900467,15.015753,10.475770,9.502731,-5.012299,-4.896286,-4.879578
80.170796,NaN,NaN,NaN,NaN,-0.115972,-2.016032,1.900503,15.019354,10.479154,9.506467,-5.012352,-4.896347,-4.879658
80.181815,NaN,NaN,NaN,NaN,-0.116228,-2.016017,1.900537,15.026567,10.482523,9.510182,-5.012451,-4.896404,-4.879742
80.190732,NaN,NaN,NaN,NaN,-0.116363,-2.016006,1.900614,15.030180,10.485897,9.517608,-5.012493,-4.896461,-4.879906
80.202203,NaN,NaN,NaN,NaN,-0.116622,-2.015997,1.900656,15.037405,10.489277,9.521317,-5.012585,-4.896515,-4.879986
80.221884,NaN,NaN,NaN,NaN,-0.116897,-2.015933,1.900751,15.044639,10.499413,9.528703,-5.012661,-4.896660,-4.880146
80.230086,NaN,NaN,NaN,NaN,-0.117029,-2.015908,1.900857,15.048256,10.502796,9.536080,-5.012711,-4.896706,-4.880276
80.243108,NaN,NaN,NaN,NaN,-0.117159,-2.015886,1.900908,15.051872,10.506184,9.539753,-5.012760,-4.896748,-4.880329
80.261483,NaN,NaN,NaN,NaN,-0.117549,-2.015771,1.901019,15.062737,10.516316,9.547091,-5.012901,-4.896862,-4.880436
80.281702,NaN,NaN,NaN,NaN,-0.117801,-2.015663,1.901188,15.069981,10.526473,9.558084,-5.013000,-4.897015,-4.880581
80.302756,NaN,NaN,NaN,NaN,-0.118166,-2.015572,1.901345,15.080845,10.533238,9.569049,-5.013145,-4.897121,-4.880699
80.310876,NaN,NaN,NaN,NaN,-0.118292,-2.015533,1.901372,15.084469,10.536629,9.572698,-5.013195,-4.897175,-4.880711
80.322063,NaN,NaN,NaN,NaN,-0.118415,-2.015406,1.901403,15.088093,10.543395,9.576344,-5.013245,-4.897308,-4.880722
80.341787,NaN,NaN,NaN,NaN,-0.118653,-2.015295,1.901474,15.095337,10.550181,9.583633,-5.013344,-4.897449,-4.880749
80.351032,NaN,NaN,NaN,NaN,-0.118909,-2.015128,1.901520,15.102576,10.556975,9.590903,-5.013454,-4.897594,-4.880730
80.361482,NaN,NaN,NaN,NaN,-0.119032,-2.015051,1.901549,15.106194,10.560381,9.594537,-5.013512,-4.897663,-4.880722
80.382186,NaN,NaN,NaN,NaN,-0.119400,-2.014881,1.901580,15.117045,10.567203,9.601798,-5.013706,-4.897804,-4.880688
80.402109,NaN,NaN,NaN,NaN,-0.119637,-2.014700,1.901601,15.124278,10.574040,9.612679,-5.013840,-4.897949,-4.880619
80.422078,NaN,NaN,NaN,NaN,-0.119989,-2.014395,1.901603,15.135131,10.584315,9.619901,-5.014088,-4.898167,-4.880543
80.430198,NaN,NaN,NaN,NaN,-0.120104,-2.014292,1.901622,15.138749,10.587747,9.627117,-5.014172,-4.898239,-4.880478
80.450464,NaN,NaN,NaN,NaN,-0.120215,-2.013951,1.901631,15.142366,10.598073,9.634306,-5.014259,-4.898453,-4.880394
80.461685,NaN,NaN,NaN,NaN,-0.120529,-2.013837,1.901642,15.153243,10.601525,9.637898,-5.014553,-4.898518,-4.880360
80.481929,NaN,NaN,NaN,NaN,-0.120726,-2.013460,1.901666,15.160511,10.611937,9.648610,-5.014740,-4.898712,-4.880180
80.503288,NaN,NaN,NaN,NaN,-0.121006,-2.013214,1.901690,15.171432,10.618906,9.655725,-5.015034,-4.898834,-4.880066
80.522141,NaN,NaN,NaN,NaN,-0.121193,-2.012783,1.901735,15.178755,10.629460,9.666366,-5.015244,-4.898987,-4.879848
80.544232,NaN,NaN,NaN,NaN,-0.121468,-2.012521,1.901798,15.189747,10.636516,9.676992,-5.015587,-4.899090,-4.879627
80.552157,NaN,NaN,NaN,NaN,-0.121564,-2.012371,1.901817,15.193420,10.640073,9.680529,-5.015705,-4.899132,-4.879539
80.571661,NaN,NaN,NaN,NaN,-0.121658,-2.012086,1.901865,15.197093,10.647196,9.687596,-5.015823,-4.899216,-4.879383
80.581944,NaN,NaN,NaN,NaN,-0.121930,-2.011810,1.901888,15.208127,10.654354,9.691125,-5.016151,-4.899319,-4.879299
80.602632,NaN,NaN,NaN,NaN,-0.122102,-2.011540,1.901977,15.215483,10.661549,9.701705,-5.016357,-4.899406,-4.879063
80.611996,NaN,NaN,NaN,NaN,-0.122192,-2.011260,1.902015,15.219188,10.668775,9.705231,-5.016460,-4.899490,-4.878967
80.621861,NaN,NaN,NaN,NaN,-0.122364,-2.011113,1.902055,15.226591,10.672402,9.708756,-5.016659,-4.899529,-4.878872
80.630006,NaN,NaN,NaN,NaN,-0.122445,-2.010972,1.902146,15.230289,10.676031,9.715803,-5.016754,-4.899586,-4.878704
80.641670,NaN,NaN,NaN,NaN,-0.122517,-2.010687,1.902205,15.234024,10.683302,9.719330,-5.016846,-4.899696,-4.878597
80.651175,NaN,NaN,NaN,NaN,-0.122586,-2.010543,1.902266,15.237757,10.686944,9.722856,-5.016933,-4.899742,-4.878502
80.671046,NaN,NaN,NaN,NaN,-0.122718,-2.010272,1.902396,15.245214,10.694235,9.729903,-5.017101,-4.899841,-4.878319
80.681737,NaN,NaN,NaN,NaN,-0.122834,-2.009983,1.902548,15.252683,10.701550,9.736951,-5.017265,-4.899902,-4.878094
80.690286,NaN,NaN,NaN,NaN,-0.122884,-2.009848,1.902628,15.256425,10.705210,9.740473,-5.017345,-4.899937,-4.877987
80.702886,NaN,NaN,NaN,NaN,-0.122979,-2.009720,1.902709,15.263904,10.708873,9.743994,-5.017498,-4.899975,-4.877888
80.721712,NaN,NaN,NaN,NaN,-0.123019,-2.009347,1.902971,15.267651,10.719923,9.754539,-5.017601,-4.900043,-4.877548
80.729944,NaN,NaN,NaN,NaN,-0.123058,-2.009235,1.903063,15.271396,10.723610,9.758051,-5.017700,-4.900066,-4.877441
80.743057,NaN,NaN,NaN,NaN,-0.123160,-2.009122,1.903152,15.282636,10.727298,9.761567,-5.017994,-4.900070,-4.877312
80.750343,NaN,NaN,NaN,NaN,-0.123190,-2.009015,1.903337,15.286390,10.730988,9.768596,-5.018093,-4.900085,-4.877071
80.761498,NaN,NaN,NaN,NaN,-0.123219,-2.008816,1.903432,15.290143,10.738373,9.772107,-5.018188,-4.900116,-4.876957
80.781668,NaN,NaN,NaN,NaN,-0.123263,-2.008628,1.903634,15.301417,10.745737,9.779119,-5.018486,-4.900131,-4.876698
80.790351,NaN,NaN,NaN,NaN,-0.123270,-2.008542,1.903736,15.305175,10.749421,9.782622,-5.018581,-4.900139,-4.876579
80.803079,NaN,NaN,NaN,NaN,-0.123276,-2.008385,1.903946,15.308929,10.756795,9.789628,-5.018673,-4.900162,-4.876354
80.821856,NaN,NaN,NaN,NaN,-0.123257,-2.008245,1.904172,15.312686,10.764168,9.796642,-5.018768,-4.900158,-4.876095
80.830256,NaN,NaN,NaN,NaN,-0.123197,-2.008124,1.904403,15.323941,10.771548,9.803654,-5.019032,-4.900158,-4.875862
80.841719,NaN,NaN,NaN,NaN,-0.123145,-2.008074,1.904521,15.327703,10.775232,9.807171,-5.019112,-4.900154,-4.875729
80.851262,NaN,NaN,NaN,NaN,-0.123093,-2.008029,1.904641,15.331463,10.778918,9.810687,-5.019188,-4.900154,-4.875599
80.862069,NaN,NaN,NaN,NaN,-0.122988,-2.007988,1.904761,15.338973,10.782606,9.814202,-5.019337,-4.900158,-4.875477
80.881579,NaN,NaN,NaN,NaN,-0.122926,-2.007896,1.905115,15.342744,10.793650,9.824759,-5.019417,-4.900234,-4.875092
80.890819,NaN,NaN,NaN,NaN,-0.122802,-2.007874,1.905234,15.350275,10.797329,9.828279,-5.019585,-4.900261,-4.874966
80.902588,NaN,NaN,NaN,NaN,-0.122672,-2.007857,1.905354,15.357807,10.801009,9.831798,-5.019764,-4.900284,-4.874847
80.922669,NaN,NaN,NaN,NaN,-0.122532,-2.007782,1.905698,15.365340,10.811994,9.842367,-5.019947,-4.900352,-4.874443
80.942316,NaN,NaN,NaN,NaN,-0.122308,-2.007741,1.905930,15.376631,10.819325,9.849421,-5.020214,-4.900394,-4.874187
80.963489,NaN,NaN,NaN,NaN,-0.122138,-2.007702,1.906281,15.384161,10.826663,9.860014,-5.020416,-4.900433,-4.873848
80.971157,NaN,NaN,NaN,NaN,-0.122053,-2.007679,1.906391,15.387922,10.834023,9.863546,-5.020512,-4.900467,-4.873726
80.981818,NaN,NaN,NaN,NaN,-0.121852,-2.007673,1.906503,15.395433,10.837710,9.867078,-5.020752,-4.900478,-4.873611
81.002040,NaN,NaN,NaN,NaN,-0.121752,-2.007684,1.906844,15.399184,10.848807,9.877673,-5.020866,-4.900562,-4.873295
81.009829,NaN,NaN,NaN,NaN,-0.121652,-2.007698,1.906962,15.402932,10.852526,9.881207,-5.020977,-4.900589,-4.873207
81.021857,NaN,NaN,NaN,NaN,-0.121331,-2.007715,1.907082,15.414172,10.856245,9.884740,-5.021320,-4.900616,-4.873119
81.041781,NaN,NaN,NaN,NaN,-0.121225,-2.007792,1.907447,15.417913,10.867472,9.895326,-5.021431,-4.900696,-4.872890
81.050626,NaN,NaN,NaN,NaN,-0.121103,-2.007825,1.907570,15.421654,10.871224,9.898852,-5.021561,-4.900734,-4.872826
81.062644,NaN,NaN,NaN,NaN,-0.120982,-2.007862,1.907694,15.425392,10.874977,9.902379,-5.021683,-4.900776,-4.872761
81.071947,NaN,NaN,NaN,NaN,-0.120740,-2.007901,1.907819,15.432859,10.878730,9.905905,-5.021919,-4.900814,-4.872696
81.081700,NaN,NaN,NaN,NaN,-0.120489,-2.008008,1.908090,15.440339,10.886277,9.912932,-5.022156,-4.900871,-4.872578
81.090457,NaN,NaN,NaN,NaN,-0.120366,-2.008066,1.908226,15.444075,10.890050,9.916446,-5.022266,-4.900898,-4.872524
81.102257,NaN,NaN,NaN,NaN,-0.120122,-2.008128,1.908363,15.451541,10.893823,9.919960,-5.022491,-4.900928,-4.872478
81.110713,NaN,NaN,NaN,NaN,-0.120002,-2.008202,1.908678,15.455272,10.897604,9.926940,-5.022606,-4.900944,-4.872425
81.121736,NaN,NaN,NaN,NaN,-0.119883,-2.008278,1.908836,15.459001,10.901384,9.930430,-5.022717,-4.900963,-4.872402
81.142116,NaN,NaN,NaN,NaN,-0.119512,-2.008542,1.909167,15.470164,10.912726,9.937387,-5.023056,-4.901020,-4.872349
81.162511,NaN,NaN,NaN,NaN,-0.119138,-2.008757,1.909682,15.481303,10.920290,9.947792,-5.023354,-4.901058,-4.872284
81.172306,NaN,NaN,NaN,NaN,-0.119014,-2.008999,1.909872,15.485010,10.927845,9.951248,-5.023438,-4.901085,-4.872261
81.181513,NaN,NaN,NaN,NaN,-0.118891,-2.009131,1.910061,15.488714,10.931618,9.954706,-5.023521,-4.901093,-4.872242
81.201673,NaN,NaN,NaN,NaN,-0.118647,-2.009402,1.910649,15.496115,10.939162,9.965065,-5.023670,-4.901112,-4.872169
81.221758,NaN,NaN,NaN,NaN,-0.118280,-2.009901,1.911066,15.507177,10.950449,9.971953,-5.023842,-4.901165,-4.872128
81.242242,NaN,NaN,NaN,NaN,-0.118046,-2.010471,1.911734,15.514547,10.961704,9.982229,-5.023933,-4.901237,-4.872086
81.262712,NaN,NaN,NaN,NaN,-0.117712,-2.010873,1.912191,15.525596,10.969194,9.989065,-5.024010,-4.901291,-4.872112
81.271427,NaN,NaN,NaN,NaN,-0.117602,-2.011096,1.912424,15.529286,10.972940,9.992471,-5.024014,-4.901329,-4.872135
81.281697,NaN,NaN,NaN,NaN,-0.117493,-2.011543,1.912888,15.532974,10.980431,9.999285,-5.024017,-4.901402,-4.872192
81.302451,NaN,NaN,NaN,NaN,-0.117175,-2.011997,1.913606,15.544022,10.987915,10.009480,-5.023998,-4.901505,-4.872314
81.311289,NaN,NaN,NaN,NaN,-0.117073,-2.012227,1.913849,15.547697,10.991656,10.012876,-5.023983,-4.901566,-4.872364
81.321729,NaN,NaN,NaN,NaN,-0.116971,-2.012687,1.914090,15.551370,10.999133,10.016273,-5.023968,-4.901691,-4.872410
81.332388,NaN,NaN,NaN,NaN,-0.116871,-2.012918,1.914330,15.555040,11.002869,10.019671,-5.023945,-4.901752,-4.872463
81.351146,NaN,NaN,NaN,NaN,-0.116583,-2.013422,1.915095,15.566005,11.010323,10.029814,-5.023849,-4.901897,-4.872688
81.363228,NaN,NaN,NaN,NaN,-0.116489,-2.013926,1.915347,15.569656,11.017770,10.033198,-5.023811,-4.902042,-4.872768
81.373420,NaN,NaN,NaN,NaN,-0.116288,-2.014190,1.915600,15.576911,11.021473,10.036572,-5.023720,-4.902111,-4.872860
81.381568,NaN,NaN,NaN,NaN,-0.116189,-2.014454,1.915851,15.580536,11.025175,10.039947,-5.023674,-4.902180,-4.872955
81.401987,NaN,NaN,NaN,NaN,-0.115994,-2.015258,1.916602,15.587752,11.036269,10.050076,-5.023567,-4.902393,-4.873241
81.410794,NaN,NaN,NaN,NaN,-0.115897,-2.015532,1.916852,15.591342,11.039962,10.053450,-5.023506,-4.902458,-4.873341
81.431115,NaN,NaN,NaN,NaN,-0.115706,-2.016354,1.917587,15.598516,11.051025,10.063579,-5.023388,-4.902660,-4.873646
81.442073,NaN,NaN,NaN,NaN,-0.115619,-2.016628,1.917824,15.602064,11.054705,10.066955,-5.023323,-4.902729,-4.873749
81.450007,NaN,NaN,NaN,NaN,-0.115531,-2.016903,1.918061,15.605609,11.058384,10.070334,-5.023262,-4.902798,-4.873852
81.462798,NaN,NaN,NaN,NaN,-0.115276,-2.017177,1.918296,15.616236,11.062061,10.073716,-5.023083,-4.902870,-4.873955
81.481529,NaN,NaN,NaN,NaN,-0.115121,-2.018007,1.918969,15.623255,11.073099,10.083899,-5.022953,-4.903034,-4.874249
81.490467,NaN,NaN,NaN,NaN,-0.114971,-2.018282,1.919192,15.630269,11.076777,10.087299,-5.022831,-4.903088,-4.874359
81.501801,NaN,NaN,NaN,NaN,-0.114880,-2.018559,1.919415,15.633758,11.080450,10.090695,-5.022762,-4.903141,-4.874470
81.510393,NaN,NaN,NaN,NaN,-0.114790,-2.018834,1.919858,15.637244,11.084124,10.097494,-5.022694,-4.903198,-4.874687
81.522406,NaN,NaN,NaN,NaN,-0.114701,-2.019384,1.920078,15.640731,11.091468,10.100898,-5.022629,-4.903305,-4.874798
81.530757,NaN,NaN,NaN,NaN,-0.114614,-2.019653,1.920307,15.644217,11.095131,10.104299,-5.022560,-4.903370,-4.874916
81.542001,NaN,NaN,NaN,NaN,-0.114408,-2.019922,1.920535,15.651149,11.098793,10.107701,-5.022396,-4.903439,-4.875031
81.562968,NaN,NaN,NaN,NaN,-0.114307,-2.020457,1.921202,15.654614,11.106118,10.117913,-5.022308,-4.903572,-4.875389
81.571086,NaN,NaN,NaN,NaN,-0.114086,-2.021002,1.921417,15.661522,11.113420,10.121314,-5.022118,-4.903725,-4.875500
81.581501,NaN,NaN,NaN,NaN,-0.113847,-2.021273,1.921631,15.668407,11.117072,10.124719,-5.021912,-4.903801,-4.875614
81.601521,NaN,NaN,NaN,NaN,-0.113599,-2.022077,1.922251,15.675279,11.128019,10.134938,-5.021690,-4.904060,-4.875957
81.610280,NaN,NaN,NaN,NaN,-0.113343,-2.022340,1.922446,15.682137,11.131662,10.138344,-5.021469,-4.904152,-4.876072
81.622637,NaN,NaN,NaN,NaN,-0.113218,-2.022601,1.922833,15.685568,11.135306,10.145164,-5.021362,-4.904247,-4.876297
81.631791,NaN,NaN,NaN,NaN,-0.113087,-2.022861,1.923015,15.688982,11.138950,10.148566,-5.021244,-4.904339,-4.876419
81.641769,NaN,NaN,NaN,NaN,-0.112958,-2.023118,1.923196,15.692398,11.142575,10.151973,-5.021130,-4.904446,-4.876545
81.650387,NaN,NaN,NaN,NaN,-0.112830,-2.023630,1.923377,15.695814,11.149828,10.155381,-5.021015,-4.904644,-4.876667
81.661561,NaN,NaN,NaN,NaN,-0.112565,-2.023885,1.923556,15.702641,11.153457,10.158793,-5.020794,-4.904743,-4.876789
81.681683,NaN,NaN,NaN,NaN,-0.112292,-2.024622,1.924106,15.709459,11.164325,10.169002,-5.020569,-4.905045,-4.877121
81.701611,NaN,NaN,NaN,NaN,-0.111874,-2.025098,1.924463,15.719671,11.171571,10.175805,-5.020256,-4.905247,-4.877323
81.723707,NaN,NaN,NaN,NaN,-0.111461,-2.025788,1.924984,15.729884,11.182445,10.186008,-5.019958,-4.905529,-4.877602
81.731878,NaN,NaN,NaN,NaN,-0.111327,-2.026030,1.925142,15.733284,11.186067,10.189401,-5.019871,-4.905636,-4.877682
81.751036,NaN,NaN,NaN,NaN,-0.111063,-2.026509,1.925456,15.740088,11.193316,10.196196,-5.019699,-4.905838,-4.877842
81.762494,NaN,NaN,NaN,NaN,-0.110934,-2.026747,1.925757,15.743492,11.196944,10.202990,-5.019619,-4.905933,-4.877987
81.770943,NaN,NaN,NaN,NaN,-0.110681,-2.027197,1.925901,15.750316,11.204179,10.206384,-5.019485,-4.906147,-4.878056
81.791012,NaN,NaN,NaN,NaN,-0.110435,-2.027419,1.926189,15.757146,11.207799,10.213183,-5.019352,-4.906246,-4.878197
81.810532,NaN,NaN,NaN,NaN,-0.110325,-2.028227,1.926603,15.760565,11.222231,10.223408,-5.019310,-4.906658,-4.878380
81.822607,NaN,NaN,NaN,NaN,-0.110005,-2.028421,1.926740,15.770828,11.225839,10.226823,-5.019188,-4.906757,-4.878441
81.841954,NaN,NaN,NaN,NaN,-0.109858,-2.028936,1.927119,15.777682,11.236601,10.237096,-5.019165,-4.907047,-4.878559
81.861821,NaN,NaN,NaN,NaN,-0.109683,-2.029274,1.927370,15.787992,11.243788,10.243960,-5.019192,-4.907230,-4.878658
81.881442,NaN,NaN,NaN,NaN,-0.109620,-2.029704,1.927668,15.794899,11.254516,10.254258,-5.019249,-4.907490,-4.878773
81.901616,NaN,NaN,NaN,NaN,-0.109606,-2.029995,1.927848,15.805288,11.261683,10.261139,-5.019382,-4.907696,-4.878830
81.910093,NaN,NaN,NaN,NaN,-0.109614,-2.030144,1.928009,15.808757,11.265270,10.268031,-5.019409,-4.907803,-4.878876
81.922943,NaN,NaN,NaN,NaN,-0.109623,-2.030438,1.928089,15.812226,11.272452,10.271482,-5.019436,-4.908009,-4.878902
81.942624,NaN,NaN,NaN,NaN,-0.109784,-2.030729,1.928211,15.822673,11.279634,10.278394,-5.019588,-4.908218,-4.878902
81.961944,NaN,NaN,NaN,NaN,-0.109837,-2.031160,1.928371,15.826157,11.290421,10.288774,-5.019638,-4.908554,-4.878891
81.971239,NaN,NaN,NaN,NaN,-0.109927,-2.031303,1.928409,15.829659,11.294019,10.292235,-5.019714,-4.908665,-4.878883
81.981462,NaN,NaN,NaN,NaN,-0.110194,-2.031445,1.928448,15.840167,11.297619,10.295699,-5.019913,-4.908775,-4.878880
81.991255,NaN,NaN,NaN,NaN,-0.110281,-2.031587,1.928494,15.843672,11.301221,10.302622,-5.019974,-4.908878,-4.878860
82.010952,NaN,NaN,NaN,NaN,-0.110396,-2.032041,1.928510,15.847187,11.312011,10.309541,-5.020069,-4.909214,-4.878838
82.023779,NaN,NaN,NaN,NaN,-0.110623,-2.032190,1.928520,15.854220,11.315612,10.313004,-5.020256,-4.909332,-4.878830
82.030415,NaN,NaN,NaN,NaN,-0.110736,-2.032351,1.928472,15.857738,11.319218,10.319921,-5.020344,-4.909462,-4.878792
82.041982,NaN,NaN,NaN,NaN,-0.111038,-2.032668,1.928450,15.864806,11.326436,10.323384,-5.020649,-4.909710,-4.878777
82.050045,NaN,NaN,NaN,NaN,-0.111335,-2.032825,1.928430,15.871878,11.330048,10.326850,-5.020935,-4.909832,-4.878761
82.062406,NaN,NaN,NaN,NaN,-0.111501,-2.032983,1.928369,15.875432,11.333658,10.330318,-5.021111,-4.909950,-4.878727
82.070760,NaN,NaN,NaN,NaN,-0.111666,-2.033139,1.928254,15.878987,11.337272,10.337262,-5.021282,-4.910069,-4.878662
82.081627,NaN,NaN,NaN,NaN,-0.111829,-2.033447,1.928200,15.882543,11.344502,10.340738,-5.021450,-4.910297,-4.878639
82.101717,NaN,NaN,NaN,NaN,-0.112355,-2.033763,1.928002,15.893248,11.351724,10.347700,-5.021973,-4.910534,-4.878536
82.124519,NaN,NaN,NaN,NaN,-0.112714,-2.034227,1.927722,15.900395,11.362571,10.358163,-5.022316,-4.910870,-4.878418
82.141683,NaN,NaN,NaN,NaN,-0.113119,-2.034557,1.927465,15.907558,11.369764,10.365148,-5.022697,-4.911110,-4.878319
82.151173,NaN,NaN,NaN,NaN,-0.113517,-2.034720,1.927340,15.914721,11.373365,10.368644,-5.023079,-4.911224,-4.878277
82.161870,NaN,NaN,NaN,NaN,-0.113731,-2.035047,1.927064,15.918304,11.380551,10.375653,-5.023293,-4.911453,-4.878201
82.182115,NaN,NaN,NaN,NaN,-0.113944,-2.035376,1.926620,15.921887,11.387725,10.386202,-5.023499,-4.911671,-4.878098
82.190903,NaN,NaN,NaN,NaN,-0.114604,-2.035538,1.926440,15.932644,11.391315,10.389724,-5.024101,-4.911785,-4.878048
82.201838,NaN,NaN,NaN,NaN,-0.114843,-2.035871,1.926263,15.936235,11.398479,10.393249,-5.024303,-4.912033,-4.878002
82.210248,NaN,NaN,NaN,NaN,-0.115314,-2.036035,1.926089,15.943417,11.402065,10.396774,-5.024708,-4.912151,-4.877953
82.223933,NaN,NaN,NaN,NaN,-0.115565,-2.036196,1.925711,15.947018,11.405654,10.403841,-5.024906,-4.912270,-4.877853
82.231980,NaN,NaN,NaN,NaN,-0.115813,-2.036364,1.925507,15.950618,11.409240,10.407383,-5.025101,-4.912403,-4.877808
82.241517,NaN,NaN,NaN,NaN,-0.116058,-2.036695,1.925306,15.954219,11.416417,10.410926,-5.025288,-4.912663,-4.877766
82.261715,NaN,NaN,NaN,NaN,-0.116801,-2.037026,1.924880,15.965025,11.423600,10.418022,-5.025810,-4.912910,-4.877682
82.271181,NaN,NaN,NaN,NaN,-0.117058,-2.037193,1.924435,15.968631,11.427194,10.425130,-5.025974,-4.913040,-4.877598
82.282802,NaN,NaN,NaN,NaN,-0.117312,-2.037520,1.924218,15.972237,11.434385,10.428685,-5.026134,-4.913288,-4.877563
82.301923,NaN,NaN,NaN,NaN,-0.118092,-2.037837,1.923747,15.983059,11.441594,10.435818,-5.026558,-4.913559,-4.877480
82.321703,NaN,NaN,NaN,NaN,-0.118609,-2.038311,1.923067,15.990273,11.452415,10.446537,-5.026802,-4.913940,-4.877380
82.341497,NaN,NaN,NaN,NaN,-0.119403,-2.038633,1.922626,16.001135,11.459627,10.453703,-5.027157,-4.914185,-4.877342
82.361873,NaN,NaN,NaN,NaN,-0.119918,-2.039122,1.922006,16.008371,11.470425,10.464483,-5.027367,-4.914539,-4.877277
82.382240,NaN,NaN,NaN,NaN,-0.120671,-2.039446,1.921427,16.019217,11.477621,10.475285,-5.027653,-4.914722,-4.877216
82.391042,NaN,NaN,NaN,NaN,-0.120909,-2.039607,1.921241,16.022842,11.481223,10.478899,-5.027740,-4.914810,-4.877174
82.401515,NaN,NaN,NaN,NaN,-0.121144,-2.039933,1.921058,16.026466,11.488406,10.482513,-5.027824,-4.914951,-4.877136
82.410302,NaN,NaN,NaN,NaN,-0.121377,-2.040094,1.920878,16.030090,11.492001,10.486130,-5.027905,-4.915020,-4.877106
82.421986,NaN,NaN,NaN,NaN,-0.121831,-2.040253,1.920702,16.037346,11.495597,10.489746,-5.028057,-4.915089,-4.877075
82.430329,NaN,NaN,NaN,NaN,-0.122054,-2.040416,1.920363,16.040976,11.499186,10.496984,-5.028126,-4.915142,-4.877010
82.441560,NaN,NaN,NaN,NaN,-0.122274,-2.040738,1.920199,16.044603,11.506369,10.500603,-5.028194,-4.915249,-4.876987
82.450206,NaN,NaN,NaN,NaN,-0.122490,-2.040896,1.920039,16.048233,11.509964,10.504224,-5.028271,-4.915298,-4.876957
82.461561,NaN,NaN,NaN,NaN,-0.122904,-2.041041,1.919871,16.055494,11.513540,10.507852,-5.028458,-4.915337,-4.876919
82.470607,NaN,NaN,NaN,NaN,-0.123107,-2.041185,1.919707,16.059124,11.517118,10.511480,-5.028542,-4.915371,-4.876888
82.491313,NaN,NaN,NaN,NaN,-0.123490,-2.041613,1.919198,16.066383,11.527853,10.522381,-5.028721,-4.915470,-4.876820
82.511047,NaN,NaN,NaN,NaN,-0.123849,-2.041898,1.918831,16.073637,11.535000,10.529666,-5.028904,-4.915531,-4.876785
82.522296,NaN,NaN,NaN,NaN,-0.124198,-2.042184,1.918435,16.080889,11.542138,10.536965,-5.029072,-4.915577,-4.876755
82.541823,NaN,NaN,NaN,NaN,-0.124643,-2.042471,1.918013,16.091776,11.549269,10.544278,-5.029327,-4.915607,-4.876732
82.552036,NaN,NaN,NaN,NaN,-0.124786,-2.042612,1.917562,16.095404,11.552837,10.551597,-5.029404,-4.915619,-4.876724
82.571623,NaN,NaN,NaN,NaN,-0.124902,-2.043068,1.917083,16.099031,11.563527,10.558919,-5.029484,-4.915619,-4.876713
82.582599,NaN,NaN,NaN,NaN,-0.125241,-2.043218,1.916852,16.109909,11.567095,10.562580,-5.029697,-4.915619,-4.876705
82.601926,NaN,NaN,NaN,NaN,-0.125415,-2.043654,1.916030,16.117144,11.577806,10.573584,-5.029831,-4.915611,-4.876709
82.610243,NaN,NaN,NaN,NaN,-0.125500,-2.043796,1.915768,16.120758,11.581380,10.577252,-5.029888,-4.915615,-4.876720
82.622060,NaN,NaN,NaN,NaN,-0.125645,-2.043943,1.915465,16.127985,11.584949,10.580914,-5.030006,-4.915604,-4.876728
82.641522,NaN,NaN,NaN,NaN,-0.125765,-2.044373,1.914590,16.135204,11.595663,10.591901,-5.030098,-4.915573,-4.876785
82.661735,NaN,NaN,NaN,NaN,-0.125917,-2.044659,1.913997,16.146027,11.602814,10.599221,-5.030224,-4.915546,-4.876831
82.670259,NaN,NaN,NaN,NaN,-0.125962,-2.044804,1.913391,16.149632,11.606392,10.606538,-5.030258,-4.915516,-4.876881
82.682948,NaN,NaN,NaN,NaN,-0.126006,-2.045090,1.913097,16.153236,11.613551,10.610197,-5.030293,-4.915455,-4.876911
82.691179,NaN,NaN,NaN,NaN,-0.126033,-2.045233,1.912763,16.156847,11.617131,10.613861,-5.030327,-4.915417,-4.876945
82.701511,NaN,NaN,NaN,NaN,-0.126085,-2.045375,1.912435,16.164066,11.620713,10.617525,-5.030388,-4.915382,-4.876980
82.710171,NaN,NaN,NaN,NaN,-0.126111,-2.045655,1.911799,16.167673,11.627882,10.624855,-5.030411,-4.915318,-4.877060
82.722102,NaN,NaN,NaN,NaN,-0.126129,-2.045794,1.911446,16.171282,11.631469,10.628510,-5.030441,-4.915272,-4.877098
82.730342,NaN,NaN,NaN,NaN,-0.126147,-2.045931,1.911100,16.174891,11.635056,10.632167,-5.030472,-4.915215,-4.877140
82.741541,NaN,NaN,NaN,NaN,-0.126182,-2.046068,1.910762,16.182106,11.638646,10.635824,-5.030518,-4.915157,-4.877186
82.751562,NaN,NaN,NaN,NaN,-0.126204,-2.046204,1.910057,16.185709,11.642237,10.643106,-5.030540,-4.915104,-4.877296
82.761770,NaN,NaN,NaN,NaN,-0.126227,-2.046341,1.909692,16.189310,11.645826,10.646731,-5.030563,-4.915043,-4.877350
82.770319,NaN,NaN,NaN,NaN,-0.126270,-2.046613,1.909333,16.196512,11.653011,10.650358,-5.030594,-4.914936,-4.877407
82.783061,NaN,NaN,NaN,NaN,-0.126291,-2.046747,1.908593,16.200113,11.656607,10.657599,-5.030605,-4.914883,-4.877514
82.801539,NaN,NaN,NaN,NaN,-0.126312,-2.047197,1.907837,16.207310,11.667351,10.664829,-5.030643,-4.914764,-4.877617
82.821974,NaN,NaN,NaN,NaN,-0.126335,-2.047520,1.907072,16.218103,11.674512,10.672043,-5.030659,-4.914692,-4.877708
82.830497,NaN,NaN,NaN,NaN,-0.126338,-2.047693,1.906682,16.221703,11.678091,10.675643,-5.030670,-4.914658,-4.877758
82.850119,NaN,NaN,NaN,NaN,-0.126345,-2.048240,1.905520,16.228901,11.688826,10.686430,-5.030685,-4.914558,-4.877914
82.861583,NaN,NaN,NaN,NaN,-0.126360,-2.048443,1.905124,16.236105,11.692400,10.690016,-5.030731,-4.914528,-4.877968
82.870462,NaN,NaN,NaN,NaN,-0.126366,-2.048645,1.904736,16.239706,11.695976,10.693603,-5.030735,-4.914497,-4.878017
82.882274,NaN,NaN,NaN,NaN,-0.126372,-2.048846,1.903951,16.243307,11.699554,10.700756,-5.030735,-4.914471,-4.878128
82.890430,NaN,NaN,NaN,NaN,-0.126371,-2.049301,1.903556,16.246916,11.706686,10.704323,-5.030746,-4.914417,-4.878193
82.910607,NaN,NaN,NaN,NaN,-0.126367,-2.049966,1.902413,16.257732,11.717398,10.715025,-5.030766,-4.914375,-4.878395
82.921816,NaN,NaN,NaN,NaN,-0.126353,-2.050219,1.902015,16.261337,11.720954,10.718578,-5.030781,-4.914360,-4.878471
82.943385,NaN,NaN,NaN,NaN,-0.126310,-2.050721,1.901240,16.272144,11.728072,10.725685,-5.030796,-4.914337,-4.878616
82.961990,NaN,NaN,NaN,NaN,-0.126273,-2.051475,1.900065,16.279354,11.738768,10.736338,-5.030815,-4.914299,-4.878841
82.981619,NaN,NaN,NaN,NaN,-0.126214,-2.051974,1.899295,16.290150,11.745907,10.743438,-5.030815,-4.914280,-4.879002
82.990828,NaN,NaN,NaN,NaN,-0.126192,-2.052227,1.898491,16.293739,11.749470,10.750518,-5.030804,-4.914265,-4.879169
83.010628,NaN,NaN,NaN,NaN,-0.126148,-2.052975,1.897714,16.300917,11.760168,10.757599,-5.030773,-4.914223,-4.879345
83.021890,NaN,NaN,NaN,NaN,-0.126098,-2.053230,1.897318,16.308073,11.763732,10.761128,-5.030716,-4.914196,-4.879421
83.030575,NaN,NaN,NaN,NaN,-0.126074,-2.053483,1.896547,16.311651,11.767298,10.768188,-5.030685,-4.914181,-4.879578
83.042635,NaN,NaN,NaN,NaN,-0.126051,-2.053984,1.896173,16.315229,11.774434,10.771720,-5.030655,-4.914150,-4.879662
83.051823,NaN,NaN,NaN,NaN,-0.126028,-2.054258,1.895793,16.318806,11.778005,10.775227,-5.030602,-4.914131,-4.879742
83.061610,NaN,NaN,NaN,NaN,-0.125971,-2.054530,1.895421,16.325909,11.781577,10.778733,-5.030483,-4.914112,-4.879822
83.081817,NaN,NaN,NaN,NaN,-0.125945,-2.055373,1.894345,16.329460,11.792299,10.789240,-5.030426,-4.914082,-4.880054
83.091718,NaN,NaN,NaN,NaN,-0.125919,-2.055676,1.893998,16.333012,11.795872,10.792731,-5.030365,-4.914082,-4.880127
83.101462,NaN,NaN,NaN,NaN,-0.125801,-2.055976,1.893658,16.343601,11.799447,10.796225,-5.030163,-4.914082,-4.880196
83.121998,NaN,NaN,NaN,NaN,-0.125714,-2.056924,1.892695,16.350636,11.810151,10.806686,-5.030022,-4.914135,-4.880413
83.130955,NaN,NaN,NaN,NaN,-0.125667,-2.057244,1.892389,16.354139,11.813718,10.810172,-5.029942,-4.914162,-4.880482
83.142556,NaN,NaN,NaN,NaN,-0.125577,-2.057562,1.892090,16.361151,11.817286,10.813661,-5.029789,-4.914185,-4.880554
83.161977,NaN,NaN,NaN,NaN,-0.125459,-2.058573,1.891225,16.368120,11.827920,10.824070,-5.029610,-4.914280,-4.880722
83.181780,NaN,NaN,NaN,NaN,-0.125292,-2.059231,1.890678,16.378572,11.835020,10.831021,-5.029343,-4.914345,-4.880840
83.201550,NaN,NaN,NaN,NaN,-0.125185,-2.060267,1.889893,16.385534,11.845635,10.841386,-5.029148,-4.914463,-4.880939
83.222790,NaN,NaN,NaN,NaN,-0.125088,-2.060956,1.889403,16.392504,11.852710,10.848289,-5.028946,-4.914570,-4.880974
83.230945,NaN,NaN,NaN,NaN,-0.125003,-2.061303,1.888942,16.399475,11.856243,10.855185,-5.028732,-4.914627,-4.880970
83.242311,NaN,NaN,NaN,NaN,-0.124962,-2.061985,1.888719,16.402964,11.863316,10.858637,-5.028625,-4.914742,-4.880970
83.250784,NaN,NaN,NaN,NaN,-0.124926,-2.062322,1.888505,16.406464,11.866837,10.862069,-5.028511,-4.914803,-4.880936
83.261598,NaN,NaN,NaN,NaN,-0.124857,-2.062656,1.888295,16.413465,11.870358,10.865504,-5.028282,-4.914867,-4.880909
83.270348,NaN,NaN,NaN,NaN,-0.124824,-2.062985,1.887892,16.416967,11.873883,10.872384,-5.028172,-4.914936,-4.880859
83.282371,NaN,NaN,NaN,NaN,-0.124799,-2.063312,1.887692,16.420477,11.877411,10.875804,-5.028053,-4.915001,-4.880817
83.301615,NaN,NaN,NaN,NaN,-0.124730,-2.064246,1.887307,16.431009,11.887929,10.882654,-5.027714,-4.915257,-4.880753
83.311178,NaN,NaN,NaN,NaN,-0.124709,-2.064552,1.887123,16.434521,11.891440,10.886082,-5.027599,-4.915337,-4.880722
83.323830,NaN,NaN,NaN,NaN,-0.124680,-2.065133,1.886811,16.438047,11.898438,10.892925,-5.027496,-4.915520,-4.880646
83.331173,NaN,NaN,NaN,NaN,-0.124653,-2.065419,1.886661,16.441576,11.901939,10.896350,-5.027397,-4.915615,-4.880611
83.344739,NaN,NaN,NaN,NaN,-0.124601,-2.065703,1.886517,16.448635,11.905444,10.899776,-5.027195,-4.915703,-4.880585
83.361844,NaN,NaN,NaN,NaN,-0.124526,-2.066527,1.886198,16.455736,11.915935,10.910063,-5.027012,-4.916004,-4.880482
83.381908,NaN,NaN,NaN,NaN,-0.124410,-2.067062,1.886029,16.466396,11.922935,10.916915,-5.026756,-4.916199,-4.880424
83.392187,NaN,NaN,NaN,NaN,-0.124366,-2.067325,1.885897,16.469955,11.926435,10.923760,-5.026676,-4.916283,-4.880379
83.411766,NaN,NaN,NaN,NaN,-0.124282,-2.068081,1.885796,16.477074,11.936944,10.930603,-5.026524,-4.916515,-4.880337
83.422041,NaN,NaN,NaN,NaN,-0.124178,-2.068319,1.885758,16.484209,11.940449,10.934023,-5.026382,-4.916588,-4.880314
83.430250,NaN,NaN,NaN,NaN,-0.124129,-2.068554,1.885724,16.487778,11.943956,10.937444,-5.026314,-4.916656,-4.880299
83.443592,NaN,NaN,NaN,NaN,-0.124081,-2.069017,1.885664,16.491346,11.950981,10.944292,-5.026245,-4.916794,-4.880272
83.461567,NaN,NaN,NaN,NaN,-0.123899,-2.069437,1.885648,16.502008,11.957980,10.951164,-5.026058,-4.916904,-4.880238
83.470992,NaN,NaN,NaN,NaN,-0.123841,-2.069643,1.885644,16.505566,11.961484,10.954602,-5.025990,-4.916958,-4.880215
83.481685,NaN,NaN,NaN,NaN,-0.123793,-2.069847,1.885669,16.509104,11.964991,10.961487,-5.025921,-4.917011,-4.880157
83.501987,NaN,NaN,NaN,NaN,-0.123745,-2.070391,1.885763,16.512644,11.975441,10.971826,-5.025848,-4.917149,-4.880070
83.510856,NaN,NaN,NaN,NaN,-0.123614,-2.070568,1.885832,16.523247,11.978930,10.975286,-5.025627,-4.917187,-4.880032
83.521723,NaN,NaN,NaN,NaN,-0.123574,-2.070876,1.885903,16.526770,11.985891,10.978746,-5.025547,-4.917233,-4.880001
83.530648,NaN,NaN,NaN,NaN,-0.123535,-2.071028,1.885975,16.530293,11.989375,10.982207,-5.025467,-4.917259,-4.880001
83.543196,NaN,NaN,NaN,NaN,-0.123470,-2.071178,1.886048,16.537325,11.992863,10.985669,-5.025307,-4.917282,-4.880001
83.551007,NaN,NaN,NaN,NaN,-0.123443,-2.071307,1.886273,16.540834,11.996342,10.992585,-5.025227,-4.917286,-4.879978
83.570948,NaN,NaN,NaN,NaN,-0.123392,-2.071686,1.886498,16.547855,12.006798,10.999502,-5.025070,-4.917286,-4.879974
83.581764,NaN,NaN,NaN,NaN,-0.123367,-2.071799,1.886628,16.551367,12.010274,11.002945,-5.024998,-4.917259,-4.879959
83.591108,NaN,NaN,NaN,NaN,-0.123337,-2.071911,1.886889,16.558367,12.013754,11.009832,-5.024849,-4.917236,-4.879936
83.610663,NaN,NaN,NaN,NaN,-0.123306,-2.072230,1.887174,16.565372,12.024215,11.016706,-5.024700,-4.917149,-4.879913
83.630254,NaN,NaN,NaN,NaN,-0.123317,-2.072422,1.887483,16.572344,12.031212,11.023568,-5.024563,-4.917068,-4.879890
83.641839,NaN,NaN,NaN,NaN,-0.123321,-2.072620,1.887814,16.575832,12.038208,11.030428,-5.024494,-4.916965,-4.879887
83.650201,NaN,NaN,NaN,NaN,-0.123325,-2.072722,1.887989,16.579321,12.041704,11.033857,-5.024429,-4.916904,-4.879890
83.661666,NaN,NaN,NaN,NaN,-0.123367,-2.072823,1.888163,16.589737,12.045203,11.037288,-5.024242,-4.916847,-4.879898
83.670418,NaN,NaN,NaN,NaN,-0.123379,-2.073034,1.888532,16.593212,12.052187,11.044145,-5.024181,-4.916718,-4.879925
83.681712,NaN,NaN,NaN,NaN,-0.123398,-2.073144,1.888726,16.596663,12.055671,11.047570,-5.024132,-4.916649,-4.879944
83.702110,NaN,NaN,NaN,NaN,-0.123451,-2.073359,1.889295,16.607033,12.062650,11.057854,-5.023987,-4.916515,-4.880032
83.711670,NaN,NaN,NaN,NaN,-0.123482,-2.073465,1.889510,16.610460,12.066143,11.061278,-5.023930,-4.916451,-4.880074
83.722151,NaN,NaN,NaN,NaN,-0.123512,-2.073665,1.889721,16.613890,12.073087,11.064705,-5.023876,-4.916298,-4.880123
83.741826,NaN,NaN,NaN,NaN,-0.123604,-2.073861,1.890138,16.624153,12.080043,11.071559,-5.023720,-4.916153,-4.880230
83.751235,NaN,NaN,NaN,NaN,-0.123637,-2.073957,1.890574,16.627556,12.083506,11.078418,-5.023670,-4.916088,-4.880360
83.761946,NaN,NaN,NaN,NaN,-0.123669,-2.074052,1.890787,16.630960,12.086972,11.081848,-5.023617,-4.916019,-4.880428
83.781664,NaN,NaN,NaN,NaN,-0.123765,-2.074337,1.891227,16.641146,12.097378,11.088713,-5.023491,-4.915817,-4.880585
83.802201,NaN,NaN,NaN,NaN,-0.123827,-2.074624,1.891893,16.647934,12.107788,11.099018,-5.023403,-4.915592,-4.880863
83.811673,NaN,NaN,NaN,NaN,-0.123877,-2.074721,1.892122,16.654703,12.111260,11.102465,-5.023338,-4.915478,-4.880974
83.823198,NaN,NaN,NaN,NaN,-0.123901,-2.074816,1.892571,16.658091,12.114737,11.109359,-5.023308,-4.915363,-4.881199
83.830070,NaN,NaN,NaN,NaN,-0.123923,-2.074911,1.892791,16.661484,12.118215,11.112807,-5.023266,-4.915253,-4.881310
83.841870,NaN,NaN,NaN,NaN,-0.123945,-2.075092,1.893025,16.664877,12.125169,11.116280,-5.023220,-4.915028,-4.881439
83.851116,NaN,NaN,NaN,NaN,-0.123958,-2.075180,1.893256,16.671650,12.128645,11.119753,-5.023155,-4.914913,-4.881569
83.871763,NaN,NaN,NaN,NaN,-0.123967,-2.075427,1.893940,16.678431,12.139078,11.130208,-5.023094,-4.914581,-4.881977
83.882218,NaN,NaN,NaN,NaN,-0.123953,-2.075501,1.894171,16.681826,12.142554,11.133715,-5.023067,-4.914471,-4.882130
83.903722,NaN,NaN,NaN,NaN,-0.123939,-2.075646,1.894841,16.685221,12.149513,11.144257,-5.023037,-4.914253,-4.882603
83.911928,NaN,NaN,NaN,NaN,-0.123873,-2.075710,1.895057,16.695435,12.152987,11.147783,-5.022957,-4.914135,-4.882759
83.922039,NaN,NaN,NaN,NaN,-0.123837,-2.075773,1.895270,16.698853,12.156462,11.151310,-5.022934,-4.914021,-4.882915
83.930052,NaN,NaN,NaN,NaN,-0.123765,-2.075898,1.895478,16.705692,12.163422,11.154839,-5.022892,-4.913780,-4.883068
83.941917,NaN,NaN,NaN,NaN,-0.123707,-2.075943,1.895688,16.709114,12.166902,11.158399,-5.022884,-4.913647,-4.883217
83.950773,NaN,NaN,NaN,NaN,-0.123650,-2.075987,1.895893,16.712540,12.170384,11.161960,-5.022888,-4.913517,-4.883366
83.961470,NaN,NaN,NaN,NaN,-0.123593,-2.076073,1.896293,16.715967,12.177359,11.169085,-5.022888,-4.913269,-4.883659
83.971651,NaN,NaN,NaN,NaN,-0.123536,-2.076114,1.896488,16.719397,12.180850,11.172648,-5.022892,-4.913147,-4.883804
83.981926,NaN,NaN,NaN,NaN,-0.123407,-2.076135,1.896685,16.726257,12.184334,11.176256,-5.022930,-4.913025,-4.883942
83.990412,NaN,NaN,NaN,NaN,-0.123343,-2.076156,1.897068,16.729691,12.187821,11.183474,-5.022949,-4.912907,-4.884212
84.011597,NaN,NaN,NaN,NaN,-0.123279,-2.076198,1.897449,16.733126,12.198271,11.190722,-5.022968,-4.912560,-4.884476
84.021693,NaN,NaN,NaN,NaN,-0.123214,-2.076200,1.897641,16.736549,12.201740,11.194361,-5.022987,-4.912449,-4.884602
84.041890,NaN,NaN,NaN,NaN,-0.122948,-2.076199,1.898201,16.750256,12.212156,11.205297,-5.023067,-4.912121,-4.884960
84.050735,NaN,NaN,NaN,NaN,-0.122877,-2.076196,1.898387,16.753681,12.215627,11.208955,-5.023102,-4.912006,-4.885063
84.061602,NaN,NaN,NaN,NaN,-0.122738,-2.076193,1.898569,16.760540,12.219100,11.212613,-5.023163,-4.911896,-4.885170
84.081557,NaN,NaN,NaN,NaN,-0.122603,-2.076188,1.899094,16.767418,12.229549,11.223608,-5.023209,-4.911556,-4.885452
84.103306,NaN,NaN,NaN,NaN,-0.122402,-2.076184,1.899576,16.777746,12.236535,11.234628,-5.023273,-4.911346,-4.885700
84.110378,NaN,NaN,NaN,NaN,-0.122322,-2.076168,1.899724,16.781202,12.240033,11.238311,-5.023300,-4.911240,-4.885773
84.131191,NaN,NaN,NaN,NaN,-0.122242,-2.076117,1.900009,16.784658,12.250546,11.245680,-5.023327,-4.910946,-4.885925
84.142006,NaN,NaN,NaN,NaN,-0.121990,-2.076098,1.900133,16.795059,12.254060,11.249381,-5.023399,-4.910839,-4.885994
84.151452,NaN,NaN,NaN,NaN,-0.121899,-2.076077,1.900370,16.798542,12.257576,11.256783,-5.023418,-4.910732,-4.886124
84.162690,NaN,NaN,NaN,NaN,-0.121808,-2.076055,1.900484,16.802027,12.261095,11.260484,-5.023441,-4.910633,-4.886192
84.182194,NaN,NaN,NaN,NaN,-0.121486,-2.075990,1.900678,16.812504,12.271646,11.267935,-5.023499,-4.910297,-4.886288
84.203722,NaN,NaN,NaN,NaN,-0.121258,-2.075946,1.900948,16.819498,12.278687,11.279138,-5.023540,-4.910072,-4.886490
84.211026,NaN,NaN,NaN,NaN,-0.121114,-2.075910,1.901033,16.822998,12.285740,11.282890,-5.023544,-4.909889,-4.886539
84.230712,NaN,NaN,NaN,NaN,-0.120691,-2.075892,1.901193,16.833500,12.289270,11.290393,-5.023552,-4.909805,-4.886646
84.249713,NaN,NaN,NaN,NaN,-0.120525,-2.075803,1.901418,16.836988,12.303391,11.301687,-5.023552,-4.909508,-4.886745
84.262842,NaN,NaN,NaN,NaN,-0.120039,-2.075778,1.901488,16.847460,12.306920,11.305458,-5.023556,-4.909451,-4.886768
84.272084,NaN,NaN,NaN,NaN,-0.119867,-2.075752,1.901633,16.850945,12.310453,11.313013,-5.023556,-4.909397,-4.886795
84.281549,NaN,NaN,NaN,NaN,-0.119697,-2.075717,1.901708,16.854431,12.317510,11.316797,-5.023556,-4.909340,-4.886806
84.290356,NaN,NaN,NaN,NaN,-0.119530,-2.075699,1.901779,16.857918,12.321041,11.320580,-5.023556,-4.909290,-4.886818
84.301690,NaN,NaN,NaN,NaN,-0.119185,-2.075679,1.901847,16.864895,12.324575,11.324361,-5.023556,-4.909245,-4.886829
84.310813,NaN,NaN,NaN,NaN,-0.119007,-2.075651,1.901934,16.868385,12.328110,11.328145,-5.023544,-4.909225,-4.886822
84.330788,NaN,NaN,NaN,NaN,-0.118657,-2.075564,1.902174,16.875370,12.338727,11.339491,-5.023521,-4.909180,-4.886803
84.341842,NaN,NaN,NaN,NaN,-0.118295,-2.075527,1.902277,16.882357,12.342263,11.343268,-5.023510,-4.909191,-4.886768
84.350403,NaN,NaN,NaN,NaN,-0.118116,-2.075490,1.902471,16.885849,12.345802,11.350820,-5.023502,-4.909184,-4.886703
84.362650,NaN,NaN,NaN,NaN,-0.117764,-2.075414,1.902563,16.892838,12.352885,11.354592,-5.023483,-4.909180,-4.886677
84.370680,NaN,NaN,NaN,NaN,-0.117581,-2.075380,1.902679,16.896326,12.356437,11.358367,-5.023472,-4.909199,-4.886627
84.381566,NaN,NaN,NaN,NaN,-0.117400,-2.075345,1.902791,16.899815,12.359990,11.362139,-5.023464,-4.909218,-4.886581
84.390435,NaN,NaN,NaN,NaN,-0.117221,-2.075310,1.903005,16.903303,12.363545,11.369678,-5.023453,-4.909237,-4.886497
84.401729,NaN,NaN,NaN,NaN,-0.117044,-2.075230,1.903136,16.906792,12.370668,11.373459,-5.023441,-4.909275,-4.886433
84.410878,NaN,NaN,NaN,NaN,-0.116855,-2.075187,1.903262,16.910276,12.374236,11.377236,-5.023434,-4.909290,-4.886372
84.421697,NaN,NaN,NaN,NaN,-0.116483,-2.075144,1.903385,16.917244,12.377805,11.381013,-5.023418,-4.909306,-4.886314
84.430275,NaN,NaN,NaN,NaN,-0.116301,-2.075100,1.903503,16.920727,12.381376,11.384788,-5.023403,-4.909321,-4.886257
84.441653,NaN,NaN,NaN,NaN,-0.116107,-2.074986,1.903785,16.924206,12.388540,11.392357,-5.023384,-4.909351,-4.886101
84.462480,NaN,NaN,NaN,NaN,-0.115541,-2.074871,1.904049,16.934639,12.395711,11.399919,-5.023323,-4.909386,-4.885967
84.471902,NaN,NaN,NaN,NaN,-0.115350,-2.074827,1.904197,16.938116,12.399317,11.403712,-5.023308,-4.909389,-4.885887
84.481550,NaN,NaN,NaN,NaN,-0.115162,-2.074783,1.904480,16.941593,12.402923,11.411293,-5.023296,-4.909397,-4.885735
84.501894,NaN,NaN,NaN,NaN,-0.114595,-2.074653,1.904746,16.952021,12.413751,11.418866,-5.023247,-4.909420,-4.885620
84.511189,NaN,NaN,NaN,NaN,-0.114401,-2.074616,1.904886,16.955500,12.417370,11.422655,-5.023235,-4.909420,-4.885551
84.522068,NaN,NaN,NaN,NaN,-0.114210,-2.074541,1.905153,16.958977,12.424610,11.430225,-5.023224,-4.909428,-4.885433
84.532166,NaN,NaN,NaN,NaN,-0.114021,-2.074503,1.905281,16.962456,12.428232,11.434006,-5.023212,-4.909439,-4.885376
84.542051,NaN,NaN,NaN,NaN,-0.113624,-2.074473,1.905430,16.969397,12.431870,11.437778,-5.023193,-4.909443,-4.885307
84.562470,NaN,NaN,NaN,NaN,-0.113237,-2.074383,1.905851,16.976336,12.442792,11.449086,-5.023186,-4.909470,-4.885120
84.582331,NaN,NaN,NaN,NaN,-0.112605,-2.074320,1.906143,16.986727,12.450092,11.456595,-5.023209,-4.909508,-4.884979
84.590352,NaN,NaN,NaN,NaN,-0.112399,-2.074287,1.906282,16.990192,12.453744,11.460347,-5.023212,-4.909542,-4.884914
84.601849,NaN,NaN,NaN,NaN,-0.112171,-2.074223,1.906568,16.993650,12.461059,11.467842,-5.023235,-4.909611,-4.884766
84.610622,NaN,NaN,NaN,NaN,-0.111946,-2.074191,1.906714,16.997112,12.464722,11.471585,-5.023247,-4.909645,-4.884682
84.621628,NaN,NaN,NaN,NaN,-0.111505,-2.074160,1.906855,17.004036,12.468386,11.475327,-5.023262,-4.909679,-4.884605
84.641652,NaN,NaN,NaN,NaN,-0.111050,-2.074068,1.907302,17.010963,12.479403,11.486560,-5.023289,-4.909798,-4.884338
84.662851,NaN,NaN,NaN,NaN,-0.110352,-2.074007,1.907593,17.021360,12.486759,11.494045,-5.023342,-4.909878,-4.884167
84.671269,NaN,NaN,NaN,NaN,-0.110109,-2.073966,1.907902,17.024828,12.490442,11.501563,-5.023365,-4.909927,-4.883930
84.690404,NaN,NaN,NaN,NaN,-0.109868,-2.073845,1.908191,17.028296,12.501493,11.509069,-5.023388,-4.910069,-4.883720
84.702303,NaN,NaN,NaN,NaN,-0.109147,-2.073808,1.908331,17.038708,12.505170,11.512845,-5.023453,-4.910126,-4.883595
84.710635,NaN,NaN,NaN,NaN,-0.108901,-2.073770,1.908466,17.042181,12.508848,11.516617,-5.023476,-4.910187,-4.883472
84.730723,NaN,NaN,NaN,NaN,-0.108658,-2.073651,1.908854,17.045656,12.519887,11.527931,-5.023499,-4.910381,-4.883114
84.742571,NaN,NaN,NaN,NaN,-0.107920,-2.073607,1.908982,17.056072,12.523568,11.531706,-5.023495,-4.910454,-4.882988
84.750133,NaN,NaN,NaN,NaN,-0.107676,-2.073564,1.909222,17.059544,12.527250,11.539249,-5.023491,-4.910526,-4.882748
84.762931,NaN,NaN,NaN,NaN,-0.107434,-2.073520,1.909336,17.063017,12.530932,11.543016,-5.023487,-4.910595,-4.882637
84.781490,NaN,NaN,NaN,NaN,-0.107197,-2.073393,1.909554,17.066494,12.541980,11.550550,-5.023495,-4.910797,-4.882404
84.801720,NaN,NaN,NaN,NaN,-0.106284,-2.073276,1.909848,17.080412,12.553026,11.561838,-5.023518,-4.910995,-4.882092
84.822578,NaN,NaN,NaN,NaN,-0.105646,-2.073208,1.910026,17.090864,12.560387,11.569358,-5.023548,-4.911137,-4.881893
84.830486,NaN,NaN,NaN,NaN,-0.105442,-2.073175,1.910109,17.094343,12.564066,11.573113,-5.023567,-4.911182,-4.881802
84.841648,NaN,NaN,NaN,NaN,-0.105240,-2.073125,1.910284,17.097822,12.571437,11.580617,-5.023586,-4.911301,-4.881607
84.850612,NaN,NaN,NaN,NaN,-0.104844,-2.073100,1.910365,17.104784,12.575121,11.584365,-5.023632,-4.911358,-4.881519
84.862522,NaN,NaN,NaN,NaN,-0.104671,-2.073075,1.910440,17.108257,12.578805,11.588111,-5.023663,-4.911415,-4.881432
84.871734,NaN,NaN,NaN,NaN,-0.104499,-2.073044,1.910520,17.111732,12.582513,11.591860,-5.023689,-4.911495,-4.881332
84.890671,NaN,NaN,NaN,NaN,-0.104160,-2.072952,1.910731,17.118685,12.593632,11.603092,-5.023739,-4.911720,-4.881077
84.901633,NaN,NaN,NaN,NaN,-0.103838,-2.072922,1.910797,17.125647,12.597380,11.606839,-5.023796,-4.911808,-4.880989
84.910627,NaN,NaN,NaN,NaN,-0.103684,-2.072892,1.910916,17.129131,12.601126,11.614326,-5.023842,-4.911896,-4.880886
84.923379,NaN,NaN,NaN,NaN,-0.103531,-2.072830,1.910970,17.132616,12.608613,11.618064,-5.023884,-4.912067,-4.880844
84.931269,NaN,NaN,NaN,NaN,-0.103381,-2.072789,1.911019,17.136105,12.612390,11.621816,-5.023926,-4.912163,-4.880791
84.941950,NaN,NaN,NaN,NaN,-0.103122,-2.072747,1.911064,17.143103,12.616165,11.625563,-5.024006,-4.912254,-4.880741
84.951155,NaN,NaN,NaN,NaN,-0.102996,-2.072707,1.911143,17.146603,12.619938,11.633050,-5.024044,-4.912346,-4.880657
84.961734,NaN,NaN,NaN,NaN,-0.102871,-2.072622,1.911178,17.150105,12.627517,11.636806,-5.024082,-4.912529,-4.880608
84.981724,NaN,NaN,NaN,NaN,-0.102459,-2.072536,1.911236,17.160658,12.635125,11.644307,-5.024200,-4.912704,-4.880524
84.990762,NaN,NaN,NaN,NaN,-0.102325,-2.072494,1.911260,17.164177,12.638926,11.648053,-5.024235,-4.912788,-4.880486
85.001939,NaN,NaN,NaN,NaN,-0.102181,-2.072405,1.911277,17.167700,12.646585,11.655565,-5.024284,-4.912945,-4.880398
85.022874,NaN,NaN,NaN,NaN,-0.101761,-2.072317,1.911278,17.178272,12.654233,11.666810,-5.024418,-4.913101,-4.880310
85.031710,NaN,NaN,NaN,NaN,-0.101614,-2.072273,1.911264,17.181808,12.658052,11.670566,-5.024460,-4.913177,-4.880295
85.050061,NaN,NaN,NaN,NaN,-0.101470,-2.072109,1.911228,17.185343,12.669580,11.678066,-5.024498,-4.913376,-4.880268
85.061773,NaN,NaN,NaN,NaN,-0.101047,-2.072055,1.911206,17.195946,12.673415,11.681812,-5.024609,-4.913441,-4.880264
85.081430,NaN,NaN,NaN,NaN,-0.100775,-2.071864,1.911127,17.203009,12.684975,11.693051,-5.024681,-4.913593,-4.880238
85.090335,NaN,NaN,NaN,NaN,-0.100495,-2.071801,1.911096,17.210060,12.688822,11.696793,-5.024754,-4.913643,-4.880234
85.101784,NaN,NaN,NaN,NaN,-0.100350,-2.071740,1.911065,17.213581,12.692683,11.700532,-5.024792,-4.913696,-4.880230
85.123578,NaN,NaN,NaN,NaN,-0.100066,-2.071556,1.910958,17.220623,12.704247,11.711740,-5.024857,-4.913860,-4.880234
85.141604,-0.070599,15.168488,-0.911315,0.929445,-0.099788,-2.071427,1.910879,17.227634,12.711956,11.719173,-5.024918,-4.913994,-4.880241
85.150252,-0.070599,15.168488,-0.911315,0.929445,-0.099518,-2.071362,1.910791,17.234652,12.715805,11.726598,-5.024975,-4.914059,-4.880264
85.161843,-0.070599,15.168488,-0.911315,0.929445,-0.099386,-2.071229,1.910749,17.238161,12.723489,11.730294,-5.024998,-4.914177,-4.880264
85.170526,-0.070599,15.168488,-0.911315,0.929445,-0.099252,-2.071160,1.910704,17.241671,12.727324,11.733988,-5.025024,-4.914230,-4.880264
85.181507,-0.070599,15.168488,-0.911315,0.929445,-0.098990,-2.071091,1.910658,17.248688,12.731157,11.737680,-5.025074,-4.914284,-4.880268
85.216194,-0.070599,15.168488,-0.911315,0.929445,-0.098863,-2.070860,1.910493,17.252199,12.742640,11.748729,-5.025093,-4.914394,-4.880264
85.225740,-0.070599,15.168488,-0.911315,0.929445,-0.098750,-2.070780,1.910431,17.255707,12.746462,11.752406,-5.025124,-4.914429,-4.880268
85.236942,-0.070599,15.168488,-0.911315,0.929445,-0.098420,-2.070699,1.910368,17.266237,12.750281,11.756082,-5.025208,-4.914463,-4.880272
85.245704,-0.070599,15.168488,-0.911315,0.929445,-0.098331,-2.070610,1.910226,17.269749,12.754110,11.763411,-5.025249,-4.914490,-4.880260
85.256272,-0.070599,15.168488,-0.911315,0.929445,-0.098243,-2.070433,1.910152,17.273260,12.761759,11.767075,-5.025288,-4.914543,-4.880260
85.276163,-0.070599,15.168488,-0.911315,0.929445,-0.097990,-2.070258,1.910016,17.283813,12.769402,11.774393,-5.025406,-4.914581,-4.880238
85.285028,-0.070599,15.168488,-0.911315,0.929445,-0.097910,-2.070171,1.909888,17.287338,12.773220,11.781702,-5.025448,-4.914600,-4.880230
85.296121,-0.070599,15.168488,-0.911315,0.929445,-0.097831,-2.069996,1.909822,17.290865,12.780849,11.785357,-5.025482,-4.914642,-4.880230
85.316258,-0.070599,15.168488,-0.911315,0.929445,-0.097642,-2.069826,1.909696,17.301502,12.788465,11.792653,-5.025593,-4.914680,-4.880215
85.338292,-0.070599,15.168488,-0.911315,0.929445,-0.097535,-2.069579,1.909511,17.308615,12.799866,11.803584,-5.025661,-4.914787,-4.880177
85.356227,-0.070599,15.168488,-0.911315,0.929445,-0.097437,-2.069408,1.909395,17.319345,12.807426,11.810835,-5.025764,-4.914848,-4.880127
85.365121,-0.070599,15.168488,-0.911315,0.929445,-0.097406,-2.069237,1.909275,17.322922,12.814977,11.818084,-5.025795,-4.914906,-4.880093
85.386085,-0.070599,15.168488,-0.911315,0.929445,-0.097394,-2.069051,1.909132,17.330120,12.822489,11.825284,-5.025867,-4.914940,-4.880039
85.396010,-0.070599,15.168488,-0.911315,0.929445,-0.097384,-2.068958,1.909060,17.337318,12.826241,11.828884,-5.025928,-4.914951,-4.880020
85.406369,-0.070599,15.168488,-0.911315,0.929445,-0.097415,-2.068752,1.908898,17.340937,12.833724,11.836051,-5.025967,-4.914974,-4.879974
85.416417,-0.070599,15.168488,-0.911315,0.929445,-0.097446,-2.068640,1.908809,17.344555,12.837454,11.839618,-5.026005,-4.914982,-4.879959
85.424792,-0.070599,15.168488,-0.911315,0.929445,-0.097506,-2.068528,1.908719,17.351789,12.841182,11.843185,-5.026070,-4.914989,-4.879944
85.445522,-0.070599,15.168488,-0.911315,0.929445,-0.097600,-2.068284,1.908520,17.359028,12.848622,11.850305,-5.026134,-4.914989,-4.879921
85.456135,-0.070599,15.168488,-0.911315,0.929445,-0.097662,-2.068025,1.908298,17.362650,12.856047,11.857409,-5.026165,-4.914974,-4.879913
85.476288,-0.070599,15.168488,-0.911315,0.929445,-0.097873,-2.067750,1.908064,17.373518,12.863446,11.864504,-5.026287,-4.914955,-4.879883
85.485008,-0.070599,15.168488,-0.911315,0.929445,-0.097958,-2.067604,1.907818,17.377142,12.867135,11.871589,-5.026325,-4.914940,-4.879864
85.506191,-0.070599,15.168488,-0.911315,0.929445,-0.098243,-2.067140,1.907569,17.388025,12.878185,11.878644,-5.026413,-4.914906,-4.879845
85.524844,-0.070599,15.168488,-0.911315,0.929445,-0.098469,-2.066798,1.907195,17.395294,12.885536,11.889186,-5.026489,-4.914894,-4.879818
85.545135,-0.070599,15.168488,-0.911315,0.929445,-0.098709,-2.066247,1.906921,17.402555,12.896516,11.896159,-5.026588,-4.914890,-4.879784
85.556241,-0.070599,15.168488,-0.911315,0.929445,-0.098962,-2.066058,1.906785,17.409811,12.900167,11.899650,-5.026680,-4.914894,-4.879772
85.565319,-0.070599,15.168488,-0.911315,0.929445,-0.099087,-2.065870,1.906516,17.413437,12.903817,11.906637,-5.026722,-4.914898,-4.879761
85.584824,-0.070599,15.168488,-0.911315,0.929445,-0.099231,-2.065274,1.906246,17.417074,12.914721,11.913576,-5.026764,-4.914913,-4.879711
85.596692,-0.070599,15.168488,-0.911315,0.929445,-0.099651,-2.065072,1.906113,17.427980,12.918346,11.917049,-5.026936,-4.914921,-4.879681
85.616077,-0.070599,15.168488,-0.911315,0.929445,-0.099924,-2.064661,1.905735,17.435268,12.925571,11.927421,-5.027061,-4.914928,-4.879601
85.637028,-0.070599,15.168488,-0.911315,0.929445,-0.100310,-2.064036,1.905493,17.446207,12.936371,11.934326,-5.027233,-4.914928,-4.879562
85.645596,-0.070599,15.168488,-0.911315,0.929445,-0.100430,-2.063822,1.905248,17.449858,12.939956,11.941221,-5.027302,-4.914925,-4.879555
85.656276,-0.070599,15.168488,-0.911315,0.929445,-0.100548,-2.063398,1.905127,17.453510,12.947124,11.944673,-5.027363,-4.914917,-4.879559
85.677646,-0.070599,15.168488,-0.911315,0.929445,-0.100883,-2.062966,1.904875,17.464474,12.954280,11.951568,-5.027542,-4.914906,-4.879581
85.685246,-0.070599,15.168488,-0.911315,0.929445,-0.100991,-2.062746,1.904613,17.468128,12.957853,11.958460,-5.027599,-4.914886,-4.879623
85.696658,-0.070599,15.168488,-0.911315,0.929445,-0.101096,-2.062528,1.904483,17.471781,12.961426,11.961908,-5.027649,-4.914867,-4.879646
85.706176,-0.070599,15.168488,-0.911315,0.929445,-0.101201,-2.062105,1.904348,17.475433,12.968550,11.965339,-5.027695,-4.914822,-4.879669
85.716390,-0.070599,15.168488,-0.911315,0.929445,-0.101388,-2.061899,1.904214,17.482727,12.972102,11.968771,-5.027771,-4.914795,-4.879696
85.725460,-0.070599,15.168488,-0.911315,0.929445,-0.101479,-2.061694,1.903947,17.486374,12.975654,11.975641,-5.027805,-4.914772,-4.879757
85.736420,-0.070599,15.168488,-0.911315,0.929445,-0.101569,-2.061297,1.903794,17.490017,12.982741,11.979062,-5.027836,-4.914715,-4.879791
85.756596,-0.070599,15.168488,-0.911315,0.929445,-0.101723,-2.060914,1.903490,17.497303,12.989815,11.985908,-5.027905,-4.914627,-4.879868
85.765484,-0.070599,15.168488,-0.911315,0.929445,-0.101872,-2.060724,1.903173,17.504583,12.993350,11.992743,-5.027962,-4.914581,-4.879951
85.776292,-0.070599,15.168488,-0.911315,0.929445,-0.101942,-2.060351,1.903008,17.508224,13.000401,11.996155,-5.028000,-4.914478,-4.879997
85.785241,-0.070599,15.168488,-0.911315,0.929445,-0.102010,-2.060165,1.902845,17.511866,13.003924,11.999569,-5.028034,-4.914429,-4.880043
85.797288,-0.070599,15.168488,-0.911315,0.929445,-0.102141,-2.059980,1.902682,17.519144,13.007447,12.002985,-5.028095,-4.914379,-4.880093
85.816155,-0.070599,15.168488,-0.911315,0.929445,-0.102199,-2.059453,1.902201,17.522785,13.018021,12.013206,-5.028141,-4.914253,-4.880230
85.824764,-0.070599,15.168488,-0.911315,0.929445,-0.102256,-2.059279,1.902043,17.526424,13.021544,12.016618,-5.028187,-4.914215,-4.880280
85.836581,-0.070599,15.168488,-0.911315,0.929445,-0.102417,-2.059106,1.901886,17.537336,13.025064,12.020032,-5.028297,-4.914181,-4.880329
85.845047,-0.070599,15.168488,-0.911315,0.929445,-0.102467,-2.058942,1.901555,17.540968,13.028590,12.026815,-5.028339,-4.914135,-4.880421
85.856774,-0.070599,15.168488,-0.911315,0.929445,-0.102515,-2.058778,1.901392,17.544600,13.032115,12.030212,-5.028381,-4.914093,-4.880470
85.876081,-0.070599,15.168488,-0.911315,0.929445,-0.102644,-2.058298,1.901075,17.555447,13.042695,12.037005,-5.028511,-4.913918,-4.880566
85.898497,-0.070599,15.168488,-0.911315,0.929445,-0.102721,-2.057990,1.900621,17.562662,13.049762,12.047207,-5.028568,-4.913776,-4.880714
85.906586,-0.070599,15.168488,-0.911315,0.929445,-0.102742,-2.057693,1.900476,17.566244,13.056836,12.050602,-5.028614,-4.913616,-4.880764
85.916132,-0.070599,15.168488,-0.911315,0.929445,-0.102782,-2.057550,1.900333,17.573406,13.060377,12.054001,-5.028690,-4.913528,-4.880810
85.936426,-0.038459,15.209746,-0.947221,0.970928,-0.102799,-2.057139,1.899913,17.580555,13.071014,12.064200,-5.028767,-4.913261,-4.880966
85.956211,-0.038459,15.209746,-0.947221,0.970928,-0.102793,-2.056887,1.899644,17.591253,13.078128,12.070993,-5.028889,-4.913067,-4.881081
85.977209,-0.038459,15.209746,-0.947221,0.970928,-0.102767,-2.056565,1.899253,17.598370,13.088849,12.081139,-5.028969,-4.912769,-4.881287
85.984754,-0.038459,15.209746,-0.947221,0.970928,-0.102721,-2.056467,1.899125,17.605471,13.092429,12.084517,-5.029045,-4.912682,-4.881359
86.004831,-0.038459,15.209746,-0.947221,0.970928,-0.102698,-2.056292,1.898772,17.609020,13.099603,12.094620,-5.029076,-4.912498,-4.881569
86.016028,-0.038459,15.209746,-0.947221,0.970928,-0.102653,-2.056138,1.898661,17.616104,13.106789,12.097988,-5.029140,-4.912312,-4.881641
86.036165,-0.038459,15.209746,-0.947221,0.970928,-0.102586,-2.055997,1.898448,17.626720,13.113987,12.104719,-5.029224,-4.912121,-4.881775
86.056187,-0.038459,15.209746,-0.947221,0.970928,-0.102544,-2.055804,1.898149,17.633785,13.124803,12.114824,-5.029278,-4.911808,-4.881969
86.076220,-0.038459,15.209746,-0.947221,0.970928,-0.102522,-2.055683,1.897970,17.637318,13.132060,12.121565,-5.029316,-4.911594,-4.882122
86.085033,-0.038459,15.209746,-0.947221,0.970928,-0.102504,-2.055623,1.897794,17.647915,13.135686,12.128325,-5.029427,-4.911495,-4.882275
86.096568,-0.038459,15.209746,-0.947221,0.970928,-0.102498,-2.055504,1.897708,17.651449,13.142934,12.131713,-5.029457,-4.911308,-4.882355
86.116194,-0.038459,15.209746,-0.947221,0.970928,-0.102500,-2.055409,1.897578,17.662075,13.150229,12.138474,-5.029545,-4.911083,-4.882492
86.136979,-0.038459,15.209746,-0.947221,0.970928,-0.102515,-2.055281,1.897406,17.669163,13.161191,12.148640,-5.029602,-4.910774,-4.882736
86.157847,-0.038459,15.209746,-0.947221,0.970928,-0.102557,-2.055216,1.897317,17.679806,13.168532,12.155426,-5.029663,-4.910576,-4.882889
86.167466,-0.038459,15.209746,-0.947221,0.970928,-0.102571,-2.055183,1.897274,17.683365,13.172199,12.158826,-5.029678,-4.910496,-4.882969
86.176209,-0.038459,15.209746,-0.947221,0.970928,-0.102585,-2.055161,1.897229,17.686926,13.179571,12.165625,-5.029694,-4.910316,-4.883133
86.184993,-0.038459,15.209746,-0.947221,0.970928,-0.102599,-2.055149,1.897207,17.690487,13.183254,12.169031,-5.029713,-4.910233,-4.883232
86.197286,-0.038459,15.209746,-0.947221,0.970928,-0.102622,-2.055136,1.897186,17.697615,13.186934,12.172441,-5.029736,-4.910152,-4.883327
86.215999,-0.038459,15.209746,-0.947221,0.970928,-0.102639,-2.055160,1.897177,17.704750,13.198025,12.182666,-5.029747,-4.909893,-4.883621
86.224931,-0.038459,15.209746,-0.947221,0.970928,-0.102648,-2.055166,1.897174,17.708319,13.201716,12.186083,-5.029747,-4.909824,-4.883717
86.245280,-0.038459,15.209746,-0.947221,0.970928,-0.102668,-2.055210,1.897176,17.719034,13.209120,12.192901,-5.029705,-4.909657,-4.883915
86.256871,-0.038459,15.209746,-0.947221,0.970928,-0.102674,-2.055248,1.897179,17.722609,13.216514,12.199739,-5.029678,-4.909508,-4.884106
86.276085,-0.038459,15.209746,-0.947221,0.970928,-0.102680,-2.055303,1.897186,17.726185,13.223916,12.206569,-5.029652,-4.909340,-4.884308
86.284447,-0.038459,15.209746,-0.947221,0.970928,-0.102690,-2.055328,1.897193,17.733351,13.227613,12.213417,-5.029568,-4.909264,-4.884502
86.296658,-0.038459,15.209746,-0.947221,0.970928,-0.102696,-2.055374,1.897190,17.736935,13.235013,12.216830,-5.029526,-4.909115,-4.884609
86.305669,-0.038459,15.209746,-0.947221,0.970928,-0.102702,-2.055395,1.897186,17.740519,13.238716,12.220249,-5.029476,-4.909039,-4.884712
86.316141,-0.038459,15.209746,-0.947221,0.970928,-0.102698,-2.055415,1.897184,17.751282,13.242416,12.223673,-5.029270,-4.908966,-4.884811
86.336192,-0.023807,15.233269,-0.965355,0.993424,-0.102690,-2.055423,1.897166,17.758463,13.253539,12.233935,-5.029114,-4.908726,-4.885117
86.358275,-0.023807,15.233269,-0.965355,0.993424,-0.102682,-2.055409,1.897153,17.762054,13.260953,12.240790,-5.029026,-4.908566,-4.885323
86.366102,-0.023807,15.233269,-0.965355,0.993424,-0.102670,-2.055401,1.897147,17.769238,13.264655,12.244225,-5.028854,-4.908493,-4.885422
86.377201,-0.023807,15.233269,-0.965355,0.993424,-0.102650,-2.055343,1.897130,17.772829,13.272063,12.251087,-5.028767,-4.908318,-4.885651
86.384761,-0.023807,15.233269,-0.965355,0.993424,-0.102615,-2.055313,1.897123,17.780014,13.275763,12.254525,-5.028591,-4.908234,-4.885765
86.396375,-0.023807,15.233269,-0.965355,0.993424,-0.102563,-2.055281,1.897116,17.787197,13.279460,12.257968,-5.028408,-4.908154,-4.885876
86.405698,-0.023807,15.233269,-0.965355,0.993424,-0.102529,-2.055227,1.897090,17.790789,13.283156,12.264841,-5.028313,-4.908039,-4.886116
86.416241,-0.023807,15.233269,-0.965355,0.993424,-0.102496,-2.055119,1.897078,17.794378,13.290539,12.268285,-5.028217,-4.907818,-4.886230
86.436255,-0.023807,15.233269,-0.965355,0.993424,-0.102394,-2.054997,1.897038,17.805157,13.297906,12.275175,-5.027916,-4.907593,-4.886459
86.457023,-0.023807,15.233269,-0.965355,0.993424,-0.102329,-2.054862,1.896960,17.812344,13.305257,12.285528,-5.027714,-4.907368,-4.886810
86.466458,-0.023807,15.233269,-0.965355,0.993424,-0.102300,-2.054710,1.896929,17.815939,13.312585,12.288968,-5.027607,-4.907143,-4.886936
86.476215,-0.023807,15.233269,-0.965355,0.993424,-0.102247,-2.054626,1.896898,17.823133,13.316238,12.292413,-5.027390,-4.907028,-4.887062
86.485004,-0.023807,15.233269,-0.965355,0.993424,-0.102222,-2.054543,1.896869,17.826733,13.319891,12.295862,-5.027279,-4.906918,-4.887180
86.496183,-0.023807,15.233269,-0.965355,0.993424,-0.102200,-2.054373,1.896798,17.830332,13.327182,12.302740,-5.027168,-4.906700,-4.887436
86.516275,-0.023807,15.233269,-0.965355,0.993424,-0.102120,-2.054198,1.896718,17.841116,13.334458,12.309602,-5.026810,-4.906498,-4.887695
86.526992,-0.023807,15.233269,-0.965355,0.993424,-0.102097,-2.054110,1.896680,17.844711,13.338094,12.313040,-5.026691,-4.906403,-4.887825
86.545739,-0.023807,15.233269,-0.965355,0.993424,-0.102062,-2.053864,1.896534,17.848307,13.348980,12.323302,-5.026566,-4.906139,-4.888260
86.558214,-0.023807,15.233269,-0.965355,0.993424,-0.101966,-2.053782,1.896436,17.859100,13.352605,12.330138,-5.026241,-4.906059,-4.888561
86.576306,-0.023807,15.233269,-0.965355,0.993424,-0.101917,-2.053512,1.896337,17.862684,13.363472,12.336963,-5.026134,-4.905846,-4.888863
86.585252,-0.023807,15.233269,-0.965355,0.993424,-0.101869,-2.053422,1.896291,17.866268,13.367090,12.340384,-5.026024,-4.905777,-4.889008
86.597124,-0.023807,15.233269,-0.965355,0.993424,-0.101724,-2.053315,1.896243,17.877005,13.370725,12.343778,-5.025703,-4.905716,-4.889153
86.605710,-0.023807,15.233269,-0.965355,0.993424,-0.101672,-2.053209,1.896197,17.880569,13.374356,12.347178,-5.025608,-4.905655,-4.889294
86.615996,-0.023807,15.233269,-0.965355,0.993424,-0.101623,-2.052995,1.896108,17.884138,13.381613,12.353992,-5.025513,-4.905548,-4.889576
86.637233,-0.023807,15.233269,-0.965355,0.993424,-0.101454,-2.052786,1.896022,17.894775,13.388873,12.360810,-5.025234,-4.905453,-4.889843
86.644759,-0.023807,15.233269,-0.965355,0.993424,-0.101395,-2.052682,1.895938,17.898312,13.392505,12.367630,-5.025143,-4.905418,-4.890102
86.657392,-0.023807,15.233269,-0.965355,0.993424,-0.101339,-2.052476,1.895898,17.901850,13.399762,12.371047,-5.025051,-4.905354,-4.890228
86.676016,-0.023807,15.233269,-0.965355,0.993424,-0.101194,-2.052261,1.895805,17.912334,13.407053,12.377892,-5.024769,-4.905308,-4.890457
86.696466,-0.023807,15.233269,-0.965355,0.993424,-0.101104,-2.051931,1.895657,17.919302,13.417979,12.388193,-5.024574,-4.905258,-4.890778
86.705827,-0.023807,15.233269,-0.965355,0.993424,-0.101060,-2.051815,1.895597,17.922773,13.421623,12.391636,-5.024479,-4.905228,-4.890881
86.715998,-0.023807,15.233269,-0.965355,0.993424,-0.100976,-2.051699,1.895539,17.929722,13.425264,12.395082,-5.024284,-4.905205,-4.890980
86.725868,-0.023807,15.233269,-0.965355,0.993424,-0.100934,-2.051470,1.895391,17.933172,13.432544,12.401980,-5.024197,-4.905174,-4.891148
86.737539,-0.019034,15.262097,-1.000419,1.034357,-0.100894,-2.051357,1.895302,17.936626,13.436182,12.405431,-5.024113,-4.905174,-4.891224
86.744698,-0.019034,15.262097,-1.000419,1.034357,-0.100855,-2.051243,1.895214,17.940083,13.439817,12.408887,-5.024029,-4.905170,-4.891300
86.758164,-0.019034,15.262097,-1.000419,1.034357,-0.100781,-2.051131,1.895128,17.947002,13.443450,12.412348,-5.023861,-4.905170,-4.891376
86.776263,-0.019034,15.262097,-1.000419,1.034357,-0.100720,-2.050777,1.894833,17.953873,13.454415,12.422740,-5.023674,-4.905254,-4.891556
86.785618,-0.019034,15.262097,-1.000419,1.034357,-0.100691,-2.050659,1.894738,17.957314,13.458065,12.426213,-5.023579,-4.905285,-4.891628
86.796122,-0.019034,15.262097,-1.000419,1.034357,-0.100639,-2.050546,1.894631,17.964170,13.461740,12.429690,-5.023384,-4.905323,-4.891678
86.805453,-0.019034,15.262097,-1.000419,1.034357,-0.100615,-2.050433,1.894424,17.967588,13.465413,12.436659,-5.023285,-4.905361,-4.891769
86.816805,-0.019034,15.262097,-1.000419,1.034357,-0.100592,-2.050209,1.894323,17.971010,13.472749,12.440149,-5.023190,-4.905437,-4.891815
86.826188,-0.019034,15.262097,-1.000419,1.034357,-0.100570,-2.050095,1.894210,17.974434,13.476439,12.443649,-5.023094,-4.905476,-4.891834
86.844916,-0.019034,15.262097,-1.000419,1.034357,-0.100502,-2.049866,1.893882,17.984634,13.483807,12.454175,-5.022858,-4.905552,-4.891891
86.865521,-0.019034,15.262097,-1.000419,1.034357,-0.100445,-2.049526,1.893638,17.991419,13.494830,12.461221,-5.022747,-4.905666,-4.891880
86.876082,-0.019034,15.262097,-1.000419,1.034357,-0.100377,-2.049412,1.893519,17.998186,13.498499,12.464749,-5.022644,-4.905704,-4.891876
86.885015,-0.019034,15.262097,-1.000419,1.034357,-0.100345,-2.049299,1.893402,18.001574,13.502164,12.468283,-5.022594,-4.905746,-4.891872
86.896278,-0.019034,15.262097,-1.000419,1.034357,-0.100302,-2.049072,1.893168,18.004946,13.509481,12.475353,-5.022552,-4.905827,-4.891857
86.917179,-0.019034,15.262097,-1.000419,1.034357,-0.100181,-2.048843,1.892821,18.015079,13.516782,12.485979,-5.022358,-4.905899,-4.891777
86.926750,-0.019034,15.262097,-1.000419,1.034357,-0.100145,-2.048729,1.892694,18.018448,13.520429,12.489525,-5.022308,-4.905937,-4.891750
86.945041,-0.019034,15.262097,-1.000419,1.034357,-0.100075,-2.048367,1.892446,18.025194,13.531347,12.496632,-5.022205,-4.906055,-4.891693
86.956619,-0.019034,15.262097,-1.000419,1.034357,-0.100021,-2.048247,1.892325,18.031944,13.534982,12.500192,-5.022114,-4.906086,-4.891666
86.976427,-0.019034,15.262097,-1.000419,1.034357,-0.099981,-2.047927,1.891948,18.038700,13.545886,12.510932,-5.022060,-4.906170,-4.891567
86.985322,-0.019034,15.262097,-1.000419,1.034357,-0.099963,-2.047821,1.891825,18.042084,13.549515,12.514520,-5.022038,-4.906197,-4.891537
86.996207,-0.019034,15.262097,-1.000419,1.034357,-0.099958,-2.047716,1.891702,18.048845,13.553145,12.518116,-5.022007,-4.906223,-4.891502
87.016774,-0.019034,15.262097,-1.000419,1.034357,-0.099956,-2.047506,1.891344,18.055616,13.560399,12.528925,-5.021976,-4.906292,-4.891411
87.036423,-0.019034,15.262097,-1.000419,1.034357,-0.099966,-2.047169,1.891101,18.065798,13.571292,12.536139,-5.021961,-4.906395,-4.891335
87.057295,-0.019034,15.262097,-1.000419,1.034357,-0.099978,-2.046806,1.890744,18.072599,13.582177,12.546971,-5.021954,-4.906509,-4.891228
87.065019,-0.019034,15.262097,-1.000419,1.034357,-0.099985,-2.046676,1.890623,18.076006,13.585801,12.550580,-5.021957,-4.906551,-4.891193
87.076031,-0.019034,15.262097,-1.000419,1.034357,-0.099997,-2.046547,1.890505,18.082825,13.589422,12.554193,-5.021961,-4.906593,-4.891159
87.096243,-0.019034,15.262097,-1.000419,1.034357,-0.100004,-2.046113,1.890182,18.086239,13.600286,12.565051,-5.021961,-4.906731,-4.891090
87.105317,-0.019034,15.262097,-1.000419,1.034357,-0.100024,-2.045962,1.890082,18.093065,13.603905,12.568679,-5.021988,-4.906776,-4.891068
87.117110,-0.019034,15.262097,-1.000419,1.034357,-0.100044,-2.045812,1.889984,18.099903,13.607520,12.572309,-5.022015,-4.906826,-4.891052
87.127093,-0.009730,15.253765,-1.018715,1.049891,-0.100046,-2.045636,1.889810,18.103321,13.611130,12.579586,-5.022034,-4.906879,-4.891037
87.136326,-0.009730,15.253765,-1.018715,1.049891,-0.100047,-2.045288,1.889726,18.106743,13.618340,12.583230,-5.022049,-4.906982,-4.891033
87.156971,-0.009730,15.253765,-1.018715,1.049891,-0.100046,-2.044944,1.889566,18.117004,13.625541,12.590525,-5.022083,-4.907085,-4.891010
87.165517,-0.009730,15.253765,-1.018715,1.049891,-0.100042,-2.044757,1.889511,18.120420,13.629125,12.594184,-5.022099,-4.907150,-4.891018
87.176125,-0.009730,15.253765,-1.018715,1.049891,-0.100037,-2.044390,1.889406,18.123840,13.636284,12.601509,-5.022114,-4.907280,-4.891033
87.185092,-0.009730,15.253765,-1.018715,1.049891,-0.100033,-2.044208,1.889356,18.127262,13.639860,12.605175,-5.022129,-4.907360,-4.891045
87.196087,-0.009730,15.253765,-1.018715,1.049891,-0.100019,-2.044011,1.889322,18.134102,13.643434,12.608861,-5.022190,-4.907452,-4.891079
87.205387,-0.009730,15.253765,-1.018715,1.049891,-0.100012,-2.043815,1.889289,18.137527,13.647005,12.612550,-5.022213,-4.907543,-4.891102
87.226099,-0.009730,15.253765,-1.018715,1.049891,-0.099989,-2.043242,1.889211,18.144379,13.657698,12.623651,-5.022282,-4.907825,-4.891197
87.244519,-0.009730,15.253765,-1.018715,1.049891,-0.099959,-2.042871,1.889182,18.151234,13.664804,12.631088,-5.022366,-4.908039,-4.891281
87.256605,-0.009730,15.253765,-1.018715,1.049891,-0.099937,-2.042508,1.889171,18.158091,13.671896,12.638541,-5.022469,-4.908268,-4.891365
87.265345,-0.009730,15.253765,-1.018715,1.049891,-0.099930,-2.042330,1.889172,18.161516,13.675436,12.642274,-5.022526,-4.908382,-4.891399
87.276040,-0.009730,15.253765,-1.018715,1.049891,-0.099916,-2.042154,1.889175,18.168377,13.678974,12.646009,-5.022636,-4.908497,-4.891434
87.285620,-0.009730,15.253765,-1.018715,1.049891,-0.099908,-2.041980,1.889179,18.171810,13.682511,12.649746,-5.022690,-4.908607,-4.891468
87.296122,-0.009730,15.253765,-1.018715,1.049891,-0.099902,-2.041820,1.889258,18.175234,13.686040,12.657251,-5.022758,-4.908722,-4.891541
87.305096,-0.009730,15.253765,-1.018715,1.049891,-0.099896,-2.041504,1.889299,18.178661,13.693090,12.661007,-5.022823,-4.908936,-4.891579
87.326299,-0.009730,15.253765,-1.018715,1.049891,-0.099874,-2.041207,1.889508,18.188942,13.700137,12.672297,-5.023041,-4.909138,-4.891678
87.345241,-0.009730,15.253765,-1.018715,1.049891,-0.099858,-2.040794,1.889675,18.195789,13.710696,12.679836,-5.023212,-4.909431,-4.891747
87.356346,-0.009730,15.253765,-1.018715,1.049891,-0.099861,-2.040660,1.889783,18.202610,13.714214,12.683621,-5.023388,-4.909534,-4.891777
87.366023,-0.009730,15.253765,-1.018715,1.049891,-0.099872,-2.040395,1.890001,18.206009,13.721246,12.691195,-5.023479,-4.909763,-4.891846
87.386573,-0.009730,15.253765,-1.018715,1.049891,-0.099892,-2.040137,1.890234,18.212814,13.728288,12.698771,-5.023632,-4.909981,-4.891918
87.396188,-0.009730,15.253765,-1.018715,1.049891,-0.099939,-2.040010,1.890358,18.219584,13.731814,12.702560,-5.023766,-4.910084,-4.891956
87.405189,-0.009730,15.253765,-1.018715,1.049891,-0.099961,-2.039886,1.890605,18.222973,13.735340,12.710142,-5.023827,-4.910187,-4.892033
87.417616,-0.009730,15.253765,-1.018715,1.049891,-0.099982,-2.039641,1.890729,18.226366,13.742384,12.713934,-5.023888,-4.910385,-4.892071
87.435988,-0.009730,15.253765,-1.018715,1.049891,-0.100026,-2.039399,1.890982,18.229748,13.749478,12.721503,-5.023949,-4.910595,-4.892132
87.445295,-0.009730,15.253765,-1.018715,1.049891,-0.100154,-2.039164,1.891237,18.239916,13.756562,12.729077,-5.024101,-4.910797,-4.892231
87.456391,-0.009730,15.253765,-1.018715,1.049891,-0.100208,-2.039048,1.891364,18.243286,13.760112,12.732843,-5.024155,-4.910896,-4.892265
87.476637,-0.009730,15.253765,-1.018715,1.049891,-0.100365,-2.038822,1.891746,18.253418,13.767203,12.744151,-5.024292,-4.911083,-4.892365
87.496646,-0.009730,15.253765,-1.018715,1.049891,-0.100491,-2.038493,1.892017,18.260151,13.777847,12.751670,-5.024391,-4.911354,-4.892395
87.517322,-0.009730,15.253765,-1.018715,1.049891,-0.100679,-2.038282,1.892288,18.270267,13.784937,12.759195,-5.024532,-4.911522,-4.892426
87.536239,-0.002987,15.283731,-0.971048,1.011656,-0.100809,-2.037970,1.892703,18.277014,13.795550,12.770454,-5.024612,-4.911758,-4.892414
87.545127,-0.002987,15.283731,-0.971048,1.011656,-0.100874,-2.037870,1.892841,18.280392,13.799083,12.774210,-5.024651,-4.911823,-4.892414
87.556325,-0.002987,15.283731,-0.971048,1.011656,-0.101008,-2.037760,1.892995,18.287161,13.802602,12.777966,-5.024712,-4.911888,-4.892403
87.565050,-0.002987,15.283731,-0.971048,1.011656,-0.101077,-2.037652,1.893302,18.290552,13.806119,12.785483,-5.024738,-4.911949,-4.892406
87.577778,-0.002987,15.283731,-0.971048,1.011656,-0.101145,-2.037546,1.893455,18.293945,13.809633,12.789244,-5.024769,-4.912010,-4.892410
87.596043,-0.002987,15.283731,-0.971048,1.011656,-0.101212,-2.037270,1.893780,18.297342,13.820145,12.796805,-5.024792,-4.912167,-4.892406
87.604882,-0.002987,15.283731,-0.971048,1.011656,-0.101407,-2.037188,1.893942,18.307585,13.823643,12.800587,-5.024857,-4.912228,-4.892406
87.616160,-0.002987,15.283731,-0.971048,1.011656,-0.101472,-2.037036,1.894267,18.311007,13.830635,12.808183,-5.024872,-4.912342,-4.892403
87.636220,-0.002987,15.283731,-0.971048,1.011656,-0.101636,-2.036899,1.894594,18.321304,13.837622,12.815810,-5.024910,-4.912445,-4.892387
87.656273,-0.002987,15.283731,-0.971048,1.011656,-0.101726,-2.036714,1.895083,18.328207,13.848094,12.827308,-5.024921,-4.912601,-4.892365
87.676739,-0.002987,15.283731,-0.971048,1.011656,-0.101763,-2.036603,1.895409,18.331675,13.855069,12.834990,-5.024921,-4.912731,-4.892353
87.685501,-0.002987,15.283731,-0.971048,1.011656,-0.101836,-2.036551,1.895570,18.338614,13.858553,12.838829,-5.024921,-4.912796,-4.892365
87.696142,-0.002987,15.283731,-0.971048,1.011656,-0.101891,-2.036442,1.895898,18.345623,13.865519,12.846519,-5.024887,-4.912910,-4.892376
87.705421,-0.002987,15.283731,-0.971048,1.011656,-0.101918,-2.036390,1.896061,18.349129,13.868999,12.850364,-5.024864,-4.912968,-4.892384
87.716305,-0.002987,15.283731,-0.971048,1.011656,-0.101951,-2.036341,1.896225,18.356167,13.872478,12.854208,-5.024815,-4.913021,-4.892391
87.725867,-0.002987,15.283731,-0.971048,1.011656,-0.101956,-2.036276,1.896534,18.359697,13.875966,12.861914,-5.024784,-4.913086,-4.892410
87.737365,-0.002987,15.283731,-0.971048,1.011656,-0.101961,-2.036154,1.896688,18.363230,13.882937,12.865766,-5.024750,-4.913212,-4.892422
87.756557,-0.002987,15.283731,-0.971048,1.011656,-0.101945,-2.036026,1.896984,18.373848,13.889894,12.873467,-5.024651,-4.913334,-4.892441
87.766460,-0.002987,15.283731,-0.971048,1.011656,-0.101936,-2.035958,1.897126,18.377392,13.893365,12.877316,-5.024620,-4.913391,-4.892452
87.786981,-0.002987,15.283731,-0.971048,1.011656,-0.101926,-2.035760,1.897539,18.380936,13.903769,12.888874,-5.024586,-4.913559,-4.892502
87.796066,-0.002987,15.283731,-0.971048,1.011656,-0.101849,-2.035693,1.897669,18.391546,13.907233,12.892735,-5.024460,-4.913609,-4.892525
87.804871,-0.002987,15.283731,-0.971048,1.011656,-0.101824,-2.035628,1.897927,18.395086,13.910697,12.900453,-5.024403,-4.913658,-4.892601
87.817310,-0.002987,15.283731,-0.971048,1.011656,-0.101800,-2.035566,1.898047,18.398626,13.914158,12.904334,-5.024345,-4.913708,-4.892643
87.836011,-0.002987,15.283731,-0.971048,1.011656,-0.101727,-2.035362,1.898289,18.405655,13.924585,12.912092,-5.024216,-4.913857,-4.892723
87.845676,-0.002987,15.283731,-0.971048,1.011656,-0.101656,-2.035300,1.898409,18.412689,13.928057,12.915969,-5.024086,-4.913902,-4.892765
87.857480,-0.002987,15.283731,-0.971048,1.011656,-0.101614,-2.035176,1.898654,18.416191,13.935011,12.923765,-5.024014,-4.914005,-4.892841
87.877096,-0.002987,15.283731,-0.971048,1.011656,-0.101495,-2.035064,1.899030,18.426710,13.941958,12.935462,-5.023796,-4.914104,-4.892941
87.886837,-0.002987,15.283731,-0.971048,1.011656,-0.101446,-2.035016,1.899161,18.430199,13.945442,12.939367,-5.023724,-4.914162,-4.892975
87.896126,-0.002987,15.283731,-0.971048,1.011656,-0.101399,-2.034927,1.899291,18.433687,13.952403,12.943272,-5.023651,-4.914268,-4.893013
87.916854,-0.002987,15.283731,-0.971048,1.011656,-0.101353,-2.034851,1.899562,18.437180,13.959361,12.951081,-5.023582,-4.914387,-4.893078
87.925519,-0.002987,15.283731,-0.971048,1.011656,-0.101249,-2.034819,1.899842,18.444153,13.962838,12.958891,-5.023441,-4.914455,-4.893108
87.936217,0.001024,15.316725,-0.912959,0.966338,-0.101134,-2.034763,1.899981,18.451117,13.969789,12.962792,-5.023315,-4.914585,-4.893124
87.956537,0.001024,15.316725,-0.912959,0.966338,-0.100946,-2.034723,1.900272,18.461555,13.976743,12.970593,-5.023132,-4.914719,-4.893166
87.978240,0.001024,15.316725,-0.912959,0.966338,-0.100818,-2.034691,1.900725,18.468519,13.987178,12.982284,-5.023014,-4.914921,-4.893246
87.996362,0.001024,15.316725,-0.912959,0.966338,-0.100572,-2.034671,1.901034,18.478981,13.994142,12.990082,-5.022881,-4.915058,-4.893288
88.005138,0.001024,15.316725,-0.912959,0.966338,-0.100492,-2.034657,1.901341,18.482473,14.001101,12.997870,-5.022839,-4.915188,-4.893333
88.016867,0.001024,15.316725,-0.912959,0.966338,-0.100399,-2.034655,1.901492,18.485973,14.004566,13.001767,-5.022797,-4.915249,-4.893364
88.025987,0.001024,15.316725,-0.912959,0.966338,-0.100308,-2.034654,1.901642,18.489477,14.008030,13.005662,-5.022758,-4.915310,-4.893394
88.036202,0.001024,15.316725,-0.912959,0.966338,-0.100131,-2.034654,1.901792,18.496487,14.011494,13.009553,-5.022675,-4.915371,-4.893425
88.056322,0.001024,15.316725,-0.912959,0.966338,-0.099950,-2.034677,1.902200,18.503527,14.021824,13.021217,-5.022549,-4.915508,-4.893539
88.076768,0.001024,15.316725,-0.912959,0.966338,-0.099689,-2.034703,1.902458,18.514093,14.028690,13.028981,-5.022366,-4.915585,-4.893620
88.085644,0.001024,15.316725,-0.912959,0.966338,-0.099608,-2.034735,1.902656,18.517622,14.032091,13.036731,-5.022312,-4.915596,-4.893711
88.105504,0.001024,15.316725,-0.912959,0.966338,-0.099528,-2.034834,1.902856,18.521152,14.042292,13.044472,-5.022255,-4.915634,-4.893795
88.117520,0.001024,15.316725,-0.912959,0.966338,-0.099318,-2.034869,1.902929,18.531761,14.045666,13.048348,-5.022049,-4.915634,-4.893841
88.126177,0.001024,15.316725,-0.912959,0.966338,-0.099262,-2.034905,1.903076,18.535305,14.049042,13.056093,-5.021988,-4.915638,-4.893932
88.146159,0.001024,15.316725,-0.912959,0.966338,-0.099154,-2.035016,1.903191,18.542398,14.059151,13.063825,-5.021866,-4.915638,-4.894035
88.156646,0.001024,15.316725,-0.912959,0.966338,-0.099062,-2.035053,1.903233,18.549503,14.062508,13.067685,-5.021774,-4.915634,-4.894093
88.178540,0.001024,15.316725,-0.912959,0.966338,-0.098973,-2.035127,1.903339,18.556614,14.069225,13.079246,-5.021675,-4.915630,-4.894295
88.186171,0.001024,15.316725,-0.912959,0.966338,-0.098944,-2.035194,1.903360,18.560171,14.075916,13.083091,-5.021641,-4.915592,-4.894363
88.196261,0.001024,15.316725,-0.912959,0.966338,-0.098887,-2.035229,1.903381,18.567287,14.079264,13.086933,-5.021572,-4.915569,-4.894436
88.206470,0.001024,15.316725,-0.912959,0.966338,-0.098860,-2.035264,1.903425,18.570848,14.082613,13.094608,-5.021538,-4.915554,-4.894573
88.216169,0.001024,15.316725,-0.912959,0.966338,-0.098847,-2.035301,1.903412,18.574402,14.085962,13.098436,-5.021511,-4.915535,-4.894638
88.225543,0.001024,15.316725,-0.912959,0.966338,-0.098821,-2.035343,1.903400,18.581511,14.092644,13.102262,-5.021484,-4.915466,-4.894691
88.237752,0.001024,15.316725,-0.912959,0.966338,-0.098808,-2.035365,1.903379,18.585068,14.095987,13.109906,-5.021469,-4.915432,-4.894802
88.256166,0.001024,15.316725,-0.912959,0.966338,-0.098813,-2.035374,1.903314,18.588610,14.106001,13.117527,-5.021465,-4.915314,-4.894897
88.264520,0.001024,15.316725,-0.912959,0.966338,-0.098818,-2.035369,1.903283,18.592155,14.109337,13.121333,-5.021465,-4.915283,-4.894947
88.276522,0.001024,15.316725,-0.912959,0.966338,-0.098844,-2.035365,1.903254,18.602781,14.112675,13.125137,-5.021481,-4.915253,-4.894997
88.285359,0.001024,15.316725,-0.912959,0.966338,-0.098858,-2.035338,1.903139,18.606318,14.116009,13.132699,-5.021503,-4.915226,-4.895084
88.296084,0.001024,15.316725,-0.912959,0.966338,-0.098872,-2.035288,1.903085,18.609854,14.122683,13.136477,-5.021526,-4.915169,-4.895130
88.305839,0.001024,15.316725,-0.912959,0.966338,-0.098888,-2.035266,1.903032,18.613390,14.126020,13.140252,-5.021545,-4.915142,-4.895176
88.316238,0.001024,15.316725,-0.912959,0.966338,-0.098929,-2.035225,1.902966,18.620468,14.129358,13.144017,-5.021618,-4.915123,-4.895214
88.325076,0.001024,15.316725,-0.912959,0.966338,-0.098950,-2.035185,1.902841,18.624008,14.132698,13.151543,-5.021652,-4.915108,-4.895287
88.337337,0.042891,15.342391,-0.826310,0.895466,-0.098971,-2.035147,1.902781,18.627548,14.136038,13.155302,-5.021687,-4.915092,-4.895325
88.345868,0.042891,15.342391,-0.826310,0.895466,-0.098992,-2.035042,1.902722,18.631090,14.142715,13.159048,-5.021702,-4.915058,-4.895355
88.364722,0.042891,15.342391,-0.826310,0.895466,-0.099067,-2.034910,1.902557,18.641710,14.149391,13.170276,-5.021797,-4.915016,-4.895447
88.377227,0.042891,15.342391,-0.826310,0.895466,-0.099093,-2.034847,1.902504,18.645252,14.152733,13.173998,-5.021828,-4.914993,-4.895481
88.396054,0.042891,15.342391,-0.826310,0.895466,-0.099152,-2.034616,1.902407,18.655899,14.162764,13.181439,-5.021965,-4.914886,-4.895550
88.404834,0.042891,15.342391,-0.826310,0.895466,-0.099172,-2.034544,1.902326,18.659449,14.166111,13.188852,-5.021988,-4.914852,-4.895603
88.416208,0.042891,15.342391,-0.826310,0.895466,-0.099184,-2.034367,1.902292,18.662992,14.172794,13.192547,-5.022030,-4.914761,-4.895630
88.425675,0.042891,15.342391,-0.826310,0.895466,-0.099197,-2.034282,1.902260,18.666538,14.176140,13.196240,-5.022064,-4.914715,-4.895660
88.436793,0.042891,15.342391,-0.826310,0.895466,-0.099222,-2.034199,1.902230,18.673630,14.179489,13.199932,-5.022137,-4.914673,-4.895691
88.445132,0.042891,15.342391,-0.826310,0.895466,-0.099221,-2.034101,1.902195,18.677177,14.182817,13.207290,-5.022186,-4.914608,-4.895729
88.465292,0.042891,15.342391,-0.826310,0.895466,-0.099220,-2.033822,1.902170,18.680727,14.192820,13.214643,-5.022236,-4.914429,-4.895771
88.476302,0.042891,15.342391,-0.826310,0.895466,-0.099207,-2.033734,1.902161,18.691389,14.196157,13.218318,-5.022411,-4.914371,-4.895790
88.484863,0.042891,15.342391,-0.826310,0.895466,-0.099194,-2.033625,1.902144,18.694950,14.199467,13.225669,-5.022469,-4.914276,-4.895813
88.496033,0.042891,15.342391,-0.826310,0.895466,-0.099182,-2.033414,1.902139,18.698509,14.206095,13.229342,-5.022522,-4.914089,-4.895824
88.505304,0.042891,15.342391,-0.826310,0.895466,-0.099136,-2.033312,1.902136,18.705648,14.209412,13.233014,-5.022617,-4.913990,-4.895836
88.516347,0.042891,15.342391,-0.826310,0.895466,-0.099102,-2.033208,1.902140,18.709225,14.212698,13.236682,-5.022659,-4.913864,-4.895840
88.525573,0.042891,15.342391,-0.826310,0.895466,-0.099070,-2.033106,1.902156,18.712801,14.215986,13.244011,-5.022686,-4.913742,-4.895863
88.538014,0.042891,15.342391,-0.826310,0.895466,-0.099039,-2.032909,1.902168,18.716377,14.222572,13.247675,-5.022709,-4.913506,-4.895874
88.546170,0.042891,15.342391,-0.826310,0.895466,-0.098975,-2.032820,1.902183,18.719971,14.225843,13.251342,-5.022720,-4.913357,-4.895874
88.556860,0.042891,15.342391,-0.826310,0.895466,-0.098852,-2.032734,1.902201,18.727156,14.229116,13.255007,-5.022743,-4.913216,-4.895878
88.565106,0.042891,15.342391,-0.826310,0.895466,-0.098793,-2.032649,1.902245,18.730749,14.232391,13.262334,-5.022751,-4.913090,-4.895885
88.585168,0.042891,15.342391,-0.826310,0.895466,-0.098707,-2.032425,1.902283,18.734360,14.242201,13.269691,-5.022739,-4.912659,-4.895866
88.595960,0.042891,15.342391,-0.826310,0.895466,-0.098623,-2.032356,1.902307,18.737972,14.245472,13.273369,-5.022747,-4.912510,-4.895859
88.606788,0.042891,15.342391,-0.826310,0.895466,-0.098379,-2.032237,1.902351,18.748800,14.252005,13.280749,-5.022762,-4.912197,-4.895828
88.616401,0.042891,15.342391,-0.826310,0.895466,-0.098265,-2.032186,1.902370,18.752426,14.255270,13.284453,-5.022751,-4.912033,-4.895802
88.638690,0.042891,15.342391,-0.826310,0.895466,-0.098040,-2.032089,1.902417,18.759672,14.261806,13.291857,-5.022720,-4.911697,-4.895760
88.645975,0.042891,15.342391,-0.826310,0.895466,-0.097930,-2.032055,1.902429,18.763296,14.265078,13.295584,-5.022705,-4.911510,-4.895744
88.656160,0.042891,15.342391,-0.826310,0.895466,-0.097620,-2.031990,1.902461,18.770582,14.271627,13.303032,-5.022610,-4.911152,-4.895725
88.676307,0.042891,15.342391,-0.826310,0.895466,-0.097319,-2.031934,1.902483,18.777864,14.278200,13.310498,-5.022511,-4.910797,-4.895710
88.685581,0.042891,15.342391,-0.826310,0.895466,-0.097120,-2.031910,1.902495,18.781528,14.281496,13.317981,-5.022449,-4.910622,-4.895699
88.696001,0.042891,15.342391,-0.826310,0.895466,-0.096729,-2.031887,1.902506,18.788853,14.284794,13.321719,-5.022327,-4.910450,-4.895695
88.716174,0.042891,15.342391,-0.826310,0.895466,-0.096071,-2.031827,1.902498,18.799910,14.294729,13.329230,-5.022156,-4.909927,-4.895668
88.724779,0.042891,15.342391,-0.826310,0.895466,-0.095843,-2.031810,1.902502,18.803604,14.298050,13.336732,-5.022095,-4.909760,-4.895645
88.737791,0.051669,15.344507,-0.768973,0.844200,-0.095369,-2.031780,1.902508,18.811031,14.304699,13.340480,-5.021954,-4.909439,-4.895638
88.756217,0.051669,15.344507,-0.768973,0.844200,-0.094880,-2.031753,1.902493,18.818489,14.311388,13.347991,-5.021797,-4.909126,-4.895622
88.776196,0.051669,15.344507,-0.768973,0.844200,-0.094641,-2.031717,1.902487,18.822214,14.321449,13.359254,-5.021717,-4.908695,-4.895546
88.784841,0.051669,15.344507,-0.768973,0.844200,-0.094125,-2.031701,1.902489,18.829729,14.324820,13.363015,-5.021511,-4.908558,-4.895523
88.796775,0.051669,15.344507,-0.768973,0.844200,-0.093624,-2.031687,1.902493,18.837234,14.328190,13.366774,-5.021313,-4.908424,-4.895508
88.806255,0.051669,15.344507,-0.768973,0.844200,-0.093361,-2.031675,1.902509,18.841007,14.331562,13.374314,-5.021194,-4.908318,-4.895477
88.816210,0.051669,15.344507,-0.768973,0.844200,-0.093102,-2.031617,1.902520,18.844776,14.338339,13.378097,-5.021076,-4.908104,-4.895466
88.838021,0.051669,15.344507,-0.768973,0.844200,-0.092847,-2.031567,1.902548,18.848541,14.345123,13.385653,-5.020954,-4.907902,-4.895451
88.844747,0.051669,15.344507,-0.768973,0.844200,-0.092344,-2.031526,1.902577,18.856081,14.348515,13.393273,-5.020683,-4.907795,-4.895451
88.856352,0.051669,15.344507,-0.768973,0.844200,-0.091853,-2.031450,1.902596,18.863626,14.355301,13.397079,-5.020393,-4.907597,-4.895451
88.877534,0.051669,15.344507,-0.768973,0.844200,-0.091132,-2.031362,1.902667,18.874941,14.362091,13.408535,-5.019955,-4.907375,-4.895477
88.885063,0.051669,15.344507,-0.768973,0.844200,-0.090889,-2.031311,1.902696,18.878719,14.365488,13.412356,-5.019806,-4.907265,-4.895493
88.906070,0.051669,15.344507,-0.768973,0.844200,-0.090416,-2.031163,1.902762,18.886267,14.375675,13.420020,-5.019520,-4.906948,-4.895531
88.916209,0.051669,15.344507,-0.768973,0.844200,-0.089956,-2.031113,1.902800,18.893848,14.379065,13.423862,-5.019188,-4.906841,-4.895550
88.925281,0.051669,15.344507,-0.768973,0.844200,-0.089732,-2.031065,1.902839,18.897635,14.382458,13.427698,-5.019028,-4.906727,-4.895569
88.936572,0.051669,15.344507,-0.768973,0.844200,-0.089512,-2.030965,1.902933,18.901417,14.389235,13.435394,-5.018867,-4.906506,-4.895603
88.946081,0.051669,15.344507,-0.768973,0.844200,-0.089301,-2.030914,1.902988,18.905210,14.392622,13.439252,-5.018696,-4.906395,-4.895615
88.965707,0.051669,15.344507,-0.768973,0.844200,-0.088692,-2.030818,1.903102,18.916573,14.399403,13.446953,-5.018204,-4.906185,-4.895645
88.976467,0.051669,15.344507,-0.768973,0.844200,-0.088484,-2.030761,1.903247,18.920376,14.402800,13.454700,-5.018040,-4.906082,-4.895664
88.984920,0.051669,15.344507,-0.768973,0.844200,-0.088280,-2.030653,1.903320,18.924175,14.409599,13.458567,-5.017879,-4.905899,-4.895672
88.997251,0.051669,15.344507,-0.768973,0.844200,-0.087884,-2.030601,1.903394,18.931761,14.413002,13.462428,-5.017574,-4.905815,-4.895683
89.007714,0.051669,15.344507,-0.768973,0.844200,-0.087677,-2.030552,1.903469,18.935553,14.416407,13.466285,-5.017414,-4.905731,-4.895699
89.016061,0.051669,15.344507,-0.768973,0.844200,-0.087475,-2.030452,1.903644,18.939341,14.423264,13.474041,-5.017262,-4.905571,-4.895725
89.036335,0.051669,15.344507,-0.768973,0.844200,-0.086895,-2.030359,1.903821,18.950687,14.430124,13.481778,-5.016823,-4.905418,-4.895756
89.056196,0.051669,15.344507,-0.768973,0.844200,-0.086534,-2.030207,1.904130,18.958242,14.440540,13.493454,-5.016544,-4.905178,-4.895767
89.076196,0.051669,15.344507,-0.768973,0.844200,-0.086012,-2.030099,1.904362,18.969551,14.447544,13.501246,-5.016129,-4.905037,-4.895767
89.085889,0.051669,15.344507,-0.768973,0.844200,-0.085844,-2.030041,1.904617,18.973314,14.451075,13.509051,-5.015999,-4.904972,-4.895748
89.097328,0.051669,15.344507,-0.768973,0.844200,-0.085680,-2.029983,1.904745,18.977076,14.454605,13.512944,-5.015877,-4.904911,-4.895737
89.116068,0.051669,15.344507,-0.768973,0.844200,-0.085338,-2.029811,1.905034,18.984587,14.465324,13.520817,-5.015636,-4.904705,-4.895706
89.124127,0.051669,15.344507,-0.768973,0.844200,-0.085172,-2.029755,1.905177,18.988335,14.468918,13.524743,-5.015526,-4.904633,-4.895695
89.136361,0.051669,15.344507,-0.768973,0.844200,-0.085011,-2.029702,1.905459,18.992081,14.472511,13.532616,-5.015400,-4.904564,-4.895664
89.144799,0.051669,15.344507,-0.768973,0.844200,-0.084853,-2.029608,1.905597,18.995823,14.479799,13.536562,-5.015278,-4.904408,-4.895641
89.156212,0.051669,15.344507,-0.768973,0.844200,-0.084407,-2.029564,1.905736,19.006968,14.483440,13.540502,-5.014923,-4.904331,-4.895622
89.165307,0.051669,15.344507,-0.768973,0.844200,-0.084266,-2.029521,1.905873,19.010677,14.487082,13.544435,-5.014816,-4.904251,-4.895603
89.177670,0.051669,15.344507,-0.768973,0.844200,-0.084137,-2.029461,1.906114,19.014364,14.494438,13.552363,-5.014717,-4.904083,-4.895554
89.196830,0.051669,15.344507,-0.768973,0.844200,-0.083772,-2.029409,1.906356,19.025412,14.501787,13.560264,-5.014442,-4.903923,-4.895508
89.206447,0.051669,15.344507,-0.768973,0.844200,-0.083662,-2.029395,1.906568,19.029078,14.505499,13.568207,-5.014366,-4.903843,-4.895466
89.216314,0.051669,15.344507,-0.768973,0.844200,-0.083555,-2.029370,1.906675,19.032740,14.512913,13.572167,-5.014294,-4.903683,-4.895443
89.236434,0.051669,15.344507,-0.768973,0.844200,-0.083262,-2.029345,1.906877,19.043699,14.520350,13.580070,-5.014091,-4.903530,-4.895416
89.256401,0.051669,15.344507,-0.768973,0.844200,-0.083093,-2.029310,1.907164,19.050974,14.531532,13.591878,-5.013935,-4.903324,-4.895359
89.265296,0.051669,15.344507,-0.768973,0.844200,-0.083013,-2.029300,1.907260,19.054607,14.535257,13.595801,-5.013863,-4.903263,-4.895340
89.276208,0.051669,15.344507,-0.768973,0.844200,-0.082868,-2.029288,1.907350,19.061876,14.539007,13.599721,-5.013718,-4.903217,-4.895329
89.284972,0.051669,15.344507,-0.768973,0.844200,-0.082798,-2.029278,1.907530,19.065508,14.542753,13.607540,-5.013649,-4.903175,-4.895302
89.296827,0.051669,15.344507,-0.768973,0.844200,-0.082667,-2.029259,1.907620,19.072771,14.550241,13.611441,-5.013508,-4.903095,-4.895287
89.305744,0.051669,15.344507,-0.768973,0.844200,-0.082606,-2.029230,1.907708,19.076405,14.554001,13.615332,-5.013435,-4.903084,-4.895260
89.316189,0.051669,15.344507,-0.768973,0.844200,-0.082546,-2.029202,1.907795,19.080034,14.557758,13.619217,-5.013367,-4.903076,-4.895237
89.336559,0.051669,15.344507,-0.768973,0.844200,-0.082449,-2.029110,1.908053,19.087297,14.569036,13.630839,-5.013229,-4.903084,-4.895157
89.356423,0.051669,15.344507,-0.768973,0.844200,-0.082338,-2.029033,1.908216,19.098190,14.576569,13.638562,-5.013031,-4.903149,-4.895103
89.376211,0.051669,15.344507,-0.768973,0.844200,-0.082308,-2.028913,1.908455,19.101835,14.587900,13.650119,-5.012955,-4.903301,-4.895008
89.385432,0.051669,15.344507,-0.768973,0.844200,-0.082225,-2.028873,1.908534,19.112753,14.591681,13.653961,-5.012753,-4.903358,-4.894978
89.397306,0.051669,15.344507,-0.768973,0.844200,-0.082200,-2.028835,1.908612,19.116388,14.595457,13.657799,-5.012691,-4.903412,-4.894947
89.415992,0.051669,15.344507,-0.768973,0.844200,-0.082166,-2.028717,1.908818,19.123682,14.606869,13.669275,-5.012577,-4.903614,-4.894863
89.436334,0.051669,15.344507,-0.768973,0.844200,-0.082136,-2.028645,1.908960,19.134604,14.614477,13.676895,-5.012421,-4.903751,-4.894810
89.456868,0.051669,15.344507,-0.768973,0.844200,-0.082136,-2.028540,1.909182,19.141876,14.625885,13.688278,-5.012337,-4.903969,-4.894741
89.476225,0.051669,15.344507,-0.768973,0.844200,-0.082160,-2.028482,1.909334,19.152765,14.633471,13.695861,-5.012230,-4.904099,-4.894722
89.497621,0.051669,15.344507,-0.768973,0.844200,-0.082173,-2.028401,1.909570,19.156391,14.644819,13.707179,-5.012199,-4.904285,-4.894714
89.505446,0.051669,15.344507,-0.768973,0.844200,-0.082186,-2.028375,1.909656,19.160013,14.648594,13.710933,-5.012169,-4.904346,-4.894722
89.515991,0.051669,15.344507,-0.768973,0.844200,-0.082212,-2.028349,1.909742,19.163618,14.652365,13.714682,-5.012138,-4.904411,-4.894726
89.536272,0.082381,15.371440,-0.669309,0.769889,-0.082291,-2.028275,1.909999,19.174421,14.663662,13.725893,-5.012058,-4.904633,-4.894753
89.545171,0.082381,15.371440,-0.669309,0.769889,-0.082410,-2.028247,1.910084,19.185181,14.667423,13.729619,-5.012032,-4.904713,-4.894756
89.556954,0.082381,15.371440,-0.669309,0.769889,-0.082451,-2.028221,1.910254,19.188765,14.671179,13.737057,-5.012032,-4.904789,-4.894764
89.565763,0.082381,15.371440,-0.669309,0.769889,-0.082501,-2.028197,1.910340,19.192347,14.674932,13.740758,-5.012043,-4.904865,-4.894775
89.584714,0.082381,15.371440,-0.669309,0.769889,-0.082600,-2.028090,1.910513,19.199507,14.686176,13.748146,-5.012070,-4.905117,-4.894794
89.596310,0.082381,15.371440,-0.669309,0.769889,-0.082713,-2.028057,1.910599,19.206673,14.689917,13.751834,-5.012096,-4.905186,-4.894806
89.605179,0.082381,15.371440,-0.669309,0.769889,-0.082777,-2.028003,1.910682,19.210258,14.693657,13.755509,-5.012104,-4.905273,-4.894810
89.624934,0.082381,15.371440,-0.669309,0.769889,-0.082840,-2.027848,1.910928,19.213844,14.704861,13.766511,-5.012115,-4.905525,-4.894821
89.636377,0.082381,15.371440,-0.669309,0.769889,-0.082903,-2.027783,1.911005,19.217428,14.708591,13.770147,-5.012123,-4.905632,-4.894833
89.645000,0.082381,15.371440,-0.669309,0.769889,-0.083056,-2.027721,1.911161,19.224607,14.712317,13.777409,-5.012146,-4.905743,-4.894855
89.657079,0.082381,15.371440,-0.669309,0.769889,-0.083208,-2.027661,1.911238,19.231779,14.716042,13.781033,-5.012177,-4.905853,-4.894867
89.676227,0.082381,15.371440,-0.669309,0.769889,-0.083439,-2.027443,1.911399,19.242561,14.727198,13.788203,-5.012249,-4.906216,-4.894939
89.685130,0.082381,15.371440,-0.669309,0.769889,-0.083516,-2.027366,1.911479,19.246159,14.730911,13.791784,-5.012276,-4.906338,-4.894978
89.696141,0.082381,15.371440,-0.669309,0.769889,-0.083593,-2.027196,1.911637,19.249754,14.738335,13.798899,-5.012302,-4.906590,-4.895065
89.705763,0.082381,15.371440,-0.669309,0.769889,-0.083757,-2.027102,1.911715,19.256992,14.742044,13.802433,-5.012360,-4.906727,-4.895115
89.716163,0.082381,15.371440,-0.669309,0.769889,-0.083837,-2.027011,1.911794,19.260609,14.745752,13.805964,-5.012386,-4.906860,-4.895168
89.726133,0.082381,15.371440,-0.669309,0.769889,-0.083918,-2.026922,1.911953,19.264221,14.749454,13.812993,-5.012409,-4.906990,-4.895287
89.745947,0.082381,15.371440,-0.669309,0.769889,-0.084002,-2.026611,1.912112,19.267843,14.760571,13.819985,-5.012440,-4.907417,-4.895420
89.757861,0.082381,15.371440,-0.669309,0.769889,-0.084250,-2.026511,1.912190,19.278694,14.764269,13.823478,-5.012543,-4.907551,-4.895485
89.776415,0.082381,15.371440,-0.669309,0.769889,-0.084418,-2.026206,1.912396,19.285954,14.775400,13.833819,-5.012657,-4.907997,-4.895729
89.785190,0.082381,15.371440,-0.669309,0.769889,-0.084501,-2.026108,1.912465,19.289579,14.779102,13.837264,-5.012703,-4.908134,-4.895798
89.796503,0.082381,15.371440,-0.669309,0.769889,-0.084663,-2.026012,1.912534,19.296848,14.782803,13.840707,-5.012814,-4.908272,-4.895866
89.816015,0.082381,15.371440,-0.669309,0.769889,-0.084742,-2.025722,1.912692,19.300491,14.793924,13.850863,-5.012878,-4.908707,-4.896103
89.836371,0.082381,15.371440,-0.669309,0.769889,-0.084993,-2.025533,1.912767,19.315084,14.801338,13.857591,-5.013165,-4.909012,-4.896263
89.844708,0.082381,15.371440,-0.669309,0.769889,-0.085040,-2.025438,1.912812,19.318739,14.805048,13.864278,-5.013245,-4.909168,-4.896423
89.856906,0.082381,15.371440,-0.669309,0.769889,-0.085095,-2.025253,1.912836,19.326048,14.812456,13.867621,-5.013424,-4.909462,-4.896503
89.865849,0.082381,15.371440,-0.669309,0.769889,-0.085104,-2.025155,1.912820,19.329702,14.816168,13.870933,-5.013515,-4.909618,-4.896576
89.876150,0.082381,15.371440,-0.669309,0.769889,-0.085112,-2.025058,1.912804,19.333353,14.819876,13.874245,-5.013611,-4.909771,-4.896648
89.884768,0.082381,15.371440,-0.669309,0.769889,-0.085120,-2.024962,1.912774,19.337004,14.823580,13.880869,-5.013702,-4.909927,-4.896797
89.897577,0.082381,15.371440,-0.669309,0.769889,-0.085100,-2.024770,1.912724,19.340658,14.830992,13.884159,-5.013798,-4.910229,-4.896862
89.915966,0.082381,15.371440,-0.669309,0.769889,-0.085081,-2.024579,1.912628,19.344309,14.838400,13.890742,-5.013897,-4.910515,-4.896996
89.925587,0.082381,15.371440,-0.669309,0.769889,-0.085028,-2.024486,1.912485,19.355251,14.842100,13.897317,-5.014183,-4.910656,-4.897114
89.937691,0.083047,15.370659,-0.604927,0.714298,-0.085005,-2.024299,1.912389,19.358904,14.849520,13.900599,-5.014286,-4.910919,-4.897167
89.944797,0.083047,15.370659,-0.604927,0.714298,-0.084983,-2.024208,1.912295,19.362555,14.853224,13.903883,-5.014385,-4.911030,-4.897217
89.957868,0.083047,15.370659,-0.604927,0.714298,-0.084940,-2.024118,1.912203,19.369848,14.856924,13.907167,-5.014584,-4.911137,-4.897270
89.965153,0.083047,15.370659,-0.604927,0.714298,-0.084908,-2.024034,1.911950,19.373508,14.860615,13.913729,-5.014706,-4.911247,-4.897358
89.984719,0.083047,15.370659,-0.604927,0.714298,-0.084877,-2.023794,1.911706,19.377165,14.871664,13.920295,-5.014828,-4.911552,-4.897446
89.997023,0.083047,15.370659,-0.604927,0.714298,-0.084774,-2.023729,1.911573,19.388144,14.875341,13.923553,-5.015182,-4.911652,-4.897476
90.005284,0.083047,15.370659,-0.604927,0.714298,-0.084732,-2.023667,1.911313,19.391811,14.879017,13.930076,-5.015305,-4.911758,-4.897533
90.016222,0.083047,15.370659,-0.604927,0.714298,-0.084691,-2.023547,1.911187,19.395477,14.886354,13.933340,-5.015427,-4.911957,-4.897560
90.036294,0.083047,15.370659,-0.604927,0.714298,-0.084570,-2.023428,1.910880,19.406525,14.893728,13.939838,-5.015762,-4.912136,-4.897629
90.057486,0.083047,15.370659,-0.604927,0.714298,-0.084493,-2.023315,1.910438,19.413897,14.901087,13.949601,-5.015984,-4.912308,-4.897736
90.076118,0.083047,15.370659,-0.604927,0.714298,-0.084426,-2.023153,1.910108,19.421295,14.912136,13.956094,-5.016209,-4.912491,-4.897781
90.096051,0.083047,15.370659,-0.604927,0.714298,-0.084326,-2.022982,1.909606,19.432394,14.923187,13.965837,-5.016525,-4.912621,-4.897854
90.105363,0.083047,15.370659,-0.604927,0.714298,-0.084293,-2.022915,1.909425,19.436102,14.926874,13.969083,-5.016624,-4.912651,-4.897873
90.117033,0.083047,15.370659,-0.604927,0.714298,-0.084228,-2.022849,1.909073,19.443508,14.930559,13.975582,-5.016819,-4.912678,-4.897915
90.126202,0.083047,15.370659,-0.604927,0.714298,-0.084196,-2.022784,1.908870,19.447231,14.934240,13.978839,-5.016918,-4.912720,-4.897942
90.136328,0.083047,15.370659,-0.604927,0.714298,-0.084165,-2.022602,1.908671,19.450951,14.941618,13.982099,-5.017017,-4.912766,-4.897968
90.146259,0.083047,15.370659,-0.604927,0.714298,-0.084135,-2.022515,1.908475,19.454668,14.945301,13.985361,-5.017113,-4.912788,-4.897987
90.158374,0.083047,15.370659,-0.604927,0.714298,-0.084077,-2.022429,1.908281,19.462111,14.948980,13.988626,-5.017307,-4.912811,-4.898010
90.166643,0.083047,15.370659,-0.604927,0.714298,-0.084048,-2.022329,1.907829,19.465834,14.952677,13.995176,-5.017399,-4.912811,-4.898056
90.184879,0.083047,15.370659,-0.604927,0.714298,-0.083966,-2.022042,1.907392,19.476992,14.963747,14.001736,-5.017666,-4.912788,-4.898106
90.196450,0.083047,15.370659,-0.604927,0.714298,-0.083947,-2.021937,1.907143,19.480736,14.967443,14.005026,-5.017754,-4.912746,-4.898132
90.217813,0.083047,15.370659,-0.604927,0.714298,-0.083900,-2.021633,1.906421,19.491957,14.978514,14.014908,-5.017925,-4.912617,-4.898235
90.227679,0.083047,15.370659,-0.604927,0.714298,-0.083883,-2.021538,1.906165,19.495726,14.982197,14.018219,-5.017998,-4.912548,-4.898266
90.236070,0.083047,15.370659,-0.604927,0.714298,-0.083866,-2.021445,1.905913,19.499491,14.985878,14.021532,-5.018066,-4.912483,-4.898296
90.256494,0.083047,15.370659,-0.604927,0.714298,-0.083837,-2.021172,1.905156,19.507011,14.996902,14.031496,-5.018204,-4.912262,-4.898384
90.276014,0.083047,15.370659,-0.604927,0.714298,-0.083782,-2.020991,1.904639,19.518339,15.004242,14.038162,-5.018478,-4.912094,-4.898430
90.285232,0.083047,15.370659,-0.604927,0.714298,-0.083766,-2.020903,1.904386,19.522108,15.007906,14.041500,-5.018562,-4.912010,-4.898453
90.296174,0.083047,15.370659,-0.604927,0.714298,-0.083749,-2.020735,1.903842,19.525898,15.015234,14.048235,-5.018665,-4.911793,-4.898476
90.305299,0.083047,15.370659,-0.604927,0.714298,-0.083733,-2.020653,1.903577,19.529684,15.018892,14.051605,-5.018768,-4.911671,-4.898491
90.317273,0.083047,15.370659,-0.604927,0.714298,-0.083703,-2.020574,1.903316,19.537245,15.022549,14.054979,-5.018963,-4.911552,-4.898502
90.326620,0.083047,15.370659,-0.604927,0.714298,-0.083692,-2.020495,1.902768,19.541040,15.026203,14.061745,-5.019089,-4.911438,-4.898521
90.336179,0.083047,15.370659,-0.604927,0.714298,-0.083682,-2.020342,1.902481,19.544832,15.033476,14.065138,-5.019211,-4.911156,-4.898525
90.356615,0.083047,15.370659,-0.604927,0.714298,-0.083658,-2.020195,1.901922,19.556208,15.040741,14.071928,-5.019585,-4.910892,-4.898537
90.365886,0.083047,15.370659,-0.604927,0.714298,-0.083652,-2.020115,1.901303,19.560011,15.044357,14.078728,-5.019718,-4.910732,-4.898510
90.376079,0.083047,15.370659,-0.604927,0.714298,-0.083647,-2.019958,1.901001,19.563808,15.051582,14.082129,-5.019848,-4.910423,-4.898499
90.396049,0.083047,15.370659,-0.604927,0.714298,-0.083640,-2.019797,1.900388,19.575207,15.058783,14.088928,-5.020233,-4.910099,-4.898457
90.405304,0.083047,15.370659,-0.604927,0.714298,-0.083641,-2.019714,1.899772,19.579002,15.062372,14.095720,-5.020363,-4.909931,-4.898403
90.417163,0.083047,15.370659,-0.604927,0.714298,-0.083644,-2.019550,1.899471,19.582794,15.069546,14.099121,-5.020485,-4.909611,-4.898376
90.425178,0.083047,15.370659,-0.604927,0.714298,-0.083648,-2.019458,1.899169,19.586599,15.073126,14.102512,-5.020611,-4.909431,-4.898335
90.436232,0.083047,15.370659,-0.604927,0.714298,-0.083659,-2.019366,1.898873,19.594202,15.076702,14.105907,-5.020851,-4.909256,-4.898296
90.456744,0.083047,15.370659,-0.604927,0.714298,-0.083676,-2.019189,1.898026,19.601786,15.083853,14.116098,-5.021091,-4.908920,-4.898163
90.476069,0.083047,15.370659,-0.604927,0.714298,-0.083722,-2.018931,1.897501,19.613146,15.094536,14.122892,-5.021431,-4.908428,-4.898075
90.484826,0.083047,15.370659,-0.604927,0.714298,-0.083740,-2.018772,1.897023,19.616924,15.101643,14.129688,-5.021534,-4.908123,-4.897991
90.496104,0.083047,15.370659,-0.604927,0.714298,-0.083756,-2.018697,1.896806,19.620699,15.105188,14.133085,-5.021637,-4.907974,-4.897949
90.505770,0.083047,15.370659,-0.604927,0.714298,-0.083773,-2.018623,1.896592,19.624470,15.108734,14.136484,-5.021748,-4.907833,-4.897903
90.517774,0.083047,15.370659,-0.604927,0.714298,-0.083811,-2.018551,1.896383,19.632000,15.112280,14.139885,-5.021961,-4.907700,-4.897861
90.536433,0.083047,15.370659,-0.604927,0.714298,-0.083837,-2.018311,1.895861,19.639500,15.122917,14.150030,-5.022156,-4.907333,-4.897736
90.545494,0.083047,15.370659,-0.604927,0.714298,-0.083852,-2.018234,1.895695,19.643246,15.126459,14.153416,-5.022247,-4.907204,-4.897697
90.556706,0.083047,15.370659,-0.604927,0.714298,-0.083878,-2.018160,1.895540,19.650715,15.130013,14.156797,-5.022411,-4.907085,-4.897663
90.565213,0.083047,15.370659,-0.604927,0.714298,-0.083889,-2.018087,1.895388,19.654442,15.133564,14.160181,-5.022472,-4.906975,-4.897640
90.585519,0.083047,15.370659,-0.604927,0.714298,-0.083910,-2.017874,1.894957,19.665598,15.144211,14.170349,-5.022636,-4.906670,-4.897575
90.596232,0.083047,15.370659,-0.604927,0.714298,-0.083908,-2.017821,1.894815,19.669312,15.147774,14.173746,-5.022682,-4.906582,-4.897572
90.605245,0.083047,15.370659,-0.604927,0.714298,-0.083907,-2.017769,1.894542,19.673021,15.151335,14.180548,-5.022724,-4.906517,-4.897572
90.617564,0.083047,15.370659,-0.604927,0.714298,-0.083907,-2.017668,1.894412,19.676729,15.158453,14.183952,-5.022766,-4.906399,-4.897572
90.625220,0.083047,15.370659,-0.604927,0.714298,-0.083888,-2.017646,1.894294,19.684168,15.162024,14.187355,-5.022823,-4.906361,-4.897606
90.636118,0.083047,15.370659,-0.604927,0.714298,-0.083882,-2.017624,1.894180,19.687883,15.165592,14.190758,-5.022846,-4.906322,-4.897636
90.644752,0.083047,15.370659,-0.604927,0.714298,-0.083876,-2.017603,1.893962,19.691597,15.169159,14.197573,-5.022869,-4.906292,-4.897697
90.656752,0.083047,15.370659,-0.604927,0.714298,-0.083849,-2.017583,1.893875,19.695324,15.172726,14.200991,-5.022873,-4.906258,-4.897739
90.665345,0.083047,15.370659,-0.604927,0.714298,-0.083799,-2.017557,1.893790,19.702768,15.179857,14.204412,-5.022881,-4.906277,-4.897781
90.685227,0.083047,15.370659,-0.604927,0.714298,-0.083777,-2.017543,1.893632,19.706486,15.183420,14.211260,-5.022881,-4.906296,-4.897854
90.696650,0.083047,15.370659,-0.604927,0.714298,-0.083758,-2.017527,1.893538,19.710218,15.194111,14.218161,-5.022858,-4.906406,-4.897953
90.705130,0.083047,15.370659,-0.604927,0.714298,-0.083707,-2.017525,1.893495,19.721394,15.197674,14.221613,-5.022781,-4.906448,-4.897999
90.718343,0.083047,15.370659,-0.604927,0.714298,-0.083692,-2.017523,1.893454,19.725113,15.201233,14.225067,-5.022755,-4.906494,-4.898045
90.725811,0.083047,15.370659,-0.604927,0.714298,-0.083682,-2.017533,1.893417,19.728840,15.204798,14.232010,-5.022724,-4.906548,-4.898190
90.736057,0.083047,15.370659,-0.604927,0.714298,-0.083673,-2.017554,1.893402,19.732563,15.211920,14.235481,-5.022694,-4.906654,-4.898258
90.756414,0.083047,15.370659,-0.604927,0.714298,-0.083638,-2.017585,1.893399,19.743711,15.219030,14.242443,-5.022629,-4.906773,-4.898438
90.764821,0.083047,15.370659,-0.604927,0.714298,-0.083621,-2.017607,1.893421,19.747423,15.222582,14.249422,-5.022606,-4.906837,-4.898636
90.777024,0.083047,15.370659,-0.604927,0.714298,-0.083589,-2.017649,1.893435,19.754833,15.229683,14.252914,-5.022560,-4.906967,-4.898731
90.796110,0.083047,15.370659,-0.604927,0.714298,-0.083542,-2.017727,1.893501,19.762260,15.236765,14.259914,-5.022533,-4.907135,-4.898956
90.818934,0.083047,15.370659,-0.604927,0.714298,-0.083500,-2.017803,1.893623,19.769676,15.243845,14.270433,-5.022465,-4.907307,-4.899330
90.824972,0.083047,15.370659,-0.604927,0.714298,-0.083472,-2.017923,1.893672,19.773401,15.250904,14.273949,-5.022434,-4.907509,-4.899471
90.836061,0.083047,15.370659,-0.604927,0.714298,-0.083419,-2.017983,1.893723,19.780840,15.254431,14.277466,-5.022373,-4.907608,-4.899612
90.844827,0.083047,15.370659,-0.604927,0.714298,-0.083394,-2.018100,1.893831,19.784555,15.261484,14.284502,-5.022339,-4.907825,-4.899883
90.856501,0.083047,15.370659,-0.604927,0.714298,-0.083356,-2.018180,1.893889,19.788296,15.264990,14.288034,-5.022316,-4.907940,-4.900040
90.865478,0.083047,15.370659,-0.604927,0.714298,-0.083321,-2.018260,1.893949,19.792032,15.268494,14.291569,-5.022282,-4.908054,-4.900185
90.876774,0.083047,15.370659,-0.604927,0.714298,-0.083253,-2.018339,1.894076,19.799498,15.271997,14.298639,-5.022213,-4.908169,-4.900467
90.885108,0.083047,15.370659,-0.604927,0.714298,-0.083218,-2.018418,1.894151,19.803267,15.275501,14.302187,-5.022194,-4.908279,-4.900620
90.896915,0.083047,15.370659,-0.604927,0.714298,-0.083184,-2.018579,1.894228,19.807032,15.282465,14.305737,-5.022179,-4.908512,-4.900768
90.905304,0.083047,15.370659,-0.604927,0.714298,-0.083151,-2.018658,1.894306,19.810793,15.285948,14.309286,-5.022160,-4.908634,-4.900913
90.926291,0.083047,15.370659,-0.604927,0.714298,-0.083020,-2.018806,1.894574,19.822138,15.292894,14.319981,-5.022156,-4.908875,-4.901379
90.936456,0.083047,15.370659,-0.604927,0.714298,-0.082972,-2.018946,1.894671,19.825924,15.299828,14.323553,-5.022167,-4.909111,-4.901531
90.945591,0.083047,15.370659,-0.604927,0.714298,-0.082925,-2.019015,1.894769,19.829708,15.303295,14.327127,-5.022179,-4.909229,-4.901684
90.966455,0.083047,15.370659,-0.604927,0.714298,-0.082740,-2.019147,1.895085,19.841208,15.310167,14.337841,-5.022247,-4.909451,-4.902191
90.977462,0.083047,15.370659,-0.604927,0.714298,-0.082681,-2.019212,1.895192,19.845034,15.313606,14.341412,-5.022266,-4.909554,-4.902355
90.985980,0.083047,15.370659,-0.604927,0.714298,-0.082624,-2.019345,1.895302,19.848852,15.320457,14.344986,-5.022274,-4.909756,-4.902546
90.996070,0.083047,15.370659,-0.604927,0.714298,-0.082459,-2.019413,1.895413,19.856571,15.323872,14.348560,-5.022301,-4.909859,-4.902729
91.005028,0.083047,15.370659,-0.604927,0.714298,-0.082379,-2.019480,1.895638,19.860422,15.327286,14.355707,-5.022308,-4.909962,-4.903088
91.024921,0.083047,15.370659,-0.604927,0.714298,-0.082211,-2.019701,1.895871,19.868162,15.337492,14.362843,-5.022339,-4.910324,-4.903484
91.036018,0.083047,15.370659,-0.604927,0.714298,-0.082036,-2.019778,1.895989,19.875929,15.340891,14.366409,-5.022377,-4.910454,-4.903679
91.045159,0.083047,15.370659,-0.604927,0.714298,-0.081951,-2.019950,1.896107,19.879807,15.347677,14.369978,-5.022381,-4.910744,-4.903862
91.056330,0.083047,15.370659,-0.604927,0.714298,-0.081860,-2.020045,1.896340,19.883720,15.351065,14.377090,-5.022392,-4.910900,-4.904278
91.064706,0.083047,15.370659,-0.604927,0.714298,-0.081770,-2.020140,1.896457,19.887630,15.354456,14.380648,-5.022408,-4.911049,-4.904476
91.077145,0.083047,15.370659,-0.604927,0.714298,-0.081595,-2.020233,1.896576,19.895433,15.357847,14.384205,-5.022430,-4.911198,-4.904667
91.086403,0.083047,15.370659,-0.604927,0.714298,-0.081502,-2.020344,1.896820,19.899351,15.361237,14.391312,-5.022449,-4.911385,-4.905125
91.096365,0.083047,15.370659,-0.604927,0.714298,-0.081410,-2.020563,1.896943,19.903265,15.368017,14.394865,-5.022465,-4.911739,-4.905342
91.104928,0.083047,15.370659,-0.604927,0.714298,-0.081320,-2.020672,1.897068,19.907173,15.371412,14.398418,-5.022495,-4.911911,-4.905556
91.125283,0.083047,15.370659,-0.604927,0.714298,-0.081145,-2.020889,1.897314,19.914988,15.378218,14.405521,-5.022552,-4.912262,-4.906010
91.136158,0.083047,15.370659,-0.604927,0.714298,-0.080973,-2.021105,1.897559,19.922796,15.385044,14.412619,-5.022610,-4.912613,-4.906479
91.156499,0.083047,15.370659,-0.604927,0.714298,-0.080890,-2.021324,1.897795,19.926693,15.391891,14.419720,-5.022636,-4.912975,-4.906967
91.165381,0.083047,15.370659,-0.604927,0.714298,-0.080635,-2.021433,1.898019,19.938379,15.395325,14.426825,-5.022694,-4.913162,-4.907490
91.177739,0.083047,15.370659,-0.604927,0.714298,-0.080555,-2.021650,1.898132,19.942265,15.402195,14.430376,-5.022701,-4.913521,-4.907738
91.196070,0.083047,15.370659,-0.604927,0.714298,-0.080269,-2.021874,1.898333,19.953905,15.409117,14.437475,-5.022728,-4.913910,-4.908279
91.216396,0.083047,15.370659,-0.604927,0.714298,-0.080178,-2.022196,1.898636,19.957777,15.419542,14.448107,-5.022736,-4.914448,-4.909069
91.225200,0.083047,15.370659,-0.604927,0.714298,-0.080077,-2.022296,1.898736,19.961647,15.423042,14.451641,-5.022755,-4.914631,-4.909351
91.236189,0.083047,15.370659,-0.604927,0.714298,-0.079786,-2.022395,1.898837,19.973230,15.426540,14.455175,-5.022888,-4.914814,-4.909626
91.245015,0.083047,15.370659,-0.604927,0.714298,-0.079693,-2.022494,1.898938,19.977083,15.430042,14.458712,-5.022926,-4.914989,-4.909897
91.256221,0.083047,15.370659,-0.604927,0.714298,-0.079589,-2.022580,1.899151,19.980947,15.433582,14.465750,-5.022987,-4.915173,-4.910461
91.276829,0.083047,15.370659,-0.604927,0.714298,-0.079488,-2.022836,1.899365,19.984810,15.444212,14.472792,-5.023048,-4.915691,-4.910999
91.284361,0.083047,15.370659,-0.604927,0.714298,-0.079291,-2.022909,1.899483,19.992517,15.447786,14.476307,-5.023159,-4.915855,-4.911278
91.296098,0.083047,15.370659,-0.604927,0.714298,-0.079110,-2.022981,1.899720,20.000229,15.451363,14.483339,-5.023266,-4.916019,-4.911812
91.305185,0.083047,15.370659,-0.604927,0.714298,-0.078937,-2.023125,1.899839,20.007921,15.458517,14.486856,-5.023361,-4.916328,-4.912067
91.316516,0.083047,15.370659,-0.604927,0.714298,-0.078879,-2.023187,1.899972,20.011768,15.462116,14.490370,-5.023415,-4.916473,-4.912327
91.326229,0.083047,15.370659,-0.604927,0.714298,-0.078823,-2.023250,1.900236,20.015610,15.465717,14.497398,-5.023464,-4.916618,-4.912830
91.336202,0.083047,15.370659,-0.604927,0.714298,-0.078768,-2.023374,1.900367,20.019447,15.472919,14.500912,-5.023514,-4.916897,-4.913071
91.345963,0.083047,15.370659,-0.604927,0.714298,-0.078715,-2.023407,1.900506,20.023279,15.476549,14.504421,-5.023540,-4.917027,-4.913330
91.356391,0.083047,15.370659,-0.604927,0.714298,-0.078635,-2.023441,1.900644,20.030935,15.480177,14.507933,-5.023571,-4.917149,-4.913582
91.366290,0.083047,15.370659,-0.604927,0.714298,-0.078596,-2.023476,1.900918,20.034758,15.483807,14.514954,-5.023586,-4.917267,-4.914070
91.377209,0.083047,15.370659,-0.604927,0.714298,-0.078559,-2.023546,1.901054,20.038574,15.491066,14.518465,-5.023598,-4.917492,-4.914303
91.385184,0.083047,15.370659,-0.604927,0.714298,-0.078529,-2.023552,1.901196,20.042389,15.494726,14.521975,-5.023609,-4.917576,-4.914543
91.397237,0.083047,15.370659,-0.604927,0.714298,-0.078473,-2.023558,1.901475,20.050003,15.498384,14.528996,-5.023621,-4.917656,-4.914993
91.405493,0.083047,15.370659,-0.604927,0.714298,-0.078447,-2.023565,1.901614,20.053806,15.502045,14.532505,-5.023628,-4.917732,-4.915207
91.424885,0.083047,15.370659,-0.604927,0.714298,-0.078416,-2.023542,1.901919,20.057613,15.513065,14.539513,-5.023640,-4.917961,-4.915661
91.437137,0.083047,15.370659,-0.604927,0.714298,-0.078332,-2.023528,1.902070,20.069014,15.516745,14.543016,-5.023663,-4.918034,-4.915878
91.456792,0.083047,15.370659,-0.604927,0.714298,-0.078262,-2.023463,1.902521,20.076553,15.527792,14.553499,-5.023678,-4.918266,-4.916500
91.477411,0.083047,15.370659,-0.604927,0.714298,-0.078229,-2.023414,1.902982,20.080318,15.535158,14.563938,-5.023682,-4.918419,-4.917084
91.485427,0.083047,15.370659,-0.604927,0.714298,-0.078125,-2.023371,1.903145,20.091555,15.538847,14.567400,-5.023697,-4.918495,-4.917267
91.496128,0.083047,15.370659,-0.604927,0.714298,-0.078092,-2.023329,1.903307,20.095287,15.542534,14.570862,-5.023701,-4.918571,-4.917439
91.516216,0.083047,15.370659,-0.604927,0.714298,-0.077986,-2.023203,1.903637,20.106449,15.553610,14.577761,-5.023712,-4.918816,-4.917767
91.525318,0.083047,15.370659,-0.604927,0.714298,-0.077945,-2.023157,1.903803,20.110153,15.557308,14.581198,-5.023720,-4.918900,-4.917942
91.537767,0.083047,15.370659,-0.604927,0.714298,-0.077867,-2.023068,1.904133,20.117550,15.564707,14.588078,-5.023727,-4.919064,-4.918270
91.546885,0.083047,15.370659,-0.604927,0.714298,-0.077812,-2.023030,1.904327,20.121229,15.568411,14.591509,-5.023731,-4.919151,-4.918423
91.556289,0.083047,15.370659,-0.604927,0.714298,-0.077758,-2.022992,1.904519,20.124903,15.572115,14.594942,-5.023731,-4.919243,-4.918571
91.564532,0.083047,15.370659,-0.604927,0.714298,-0.077705,-2.022956,1.904898,20.128574,15.575821,14.601810,-5.023735,-4.919334,-4.918854
91.585761,0.083047,15.370659,-0.604927,0.714298,-0.077514,-2.022847,1.905335,20.139521,15.586931,14.608627,-5.023697,-4.919613,-4.919083
91.596065,0.083047,15.370659,-0.604927,0.714298,-0.077447,-2.022812,1.905550,20.143154,15.590633,14.612038,-5.023678,-4.919704,-4.919186
91.616097,0.083047,15.370659,-0.604927,0.714298,-0.077298,-2.022652,1.906248,20.150394,15.601725,14.622202,-5.023617,-4.919994,-4.919437
91.636750,0.083047,15.370659,-0.604927,0.714298,-0.077060,-2.022532,1.906723,20.161213,15.609116,14.628960,-5.023502,-4.920197,-4.919575
91.645784,0.083047,15.370659,-0.604927,0.714298,-0.076977,-2.022475,1.907212,20.164812,15.612810,14.635700,-5.023453,-4.920292,-4.919659
91.665259,0.083047,15.370659,-0.604927,0.714298,-0.076815,-2.022250,1.907714,20.172007,15.623856,14.642424,-5.023354,-4.920582,-4.919731
91.676392,0.083047,15.370659,-0.604927,0.714298,-0.076632,-2.022177,1.907962,20.179188,15.627539,14.645786,-5.023243,-4.920673,-4.919762
91.685230,0.083047,15.370659,-0.604927,0.714298,-0.076531,-2.022090,1.908468,20.182772,15.631197,14.652485,-5.023186,-4.920761,-4.919800
91.705246,0.083047,15.370659,-0.604927,0.714298,-0.076204,-2.021837,1.908966,20.193518,15.642178,14.659187,-5.023026,-4.921017,-4.919830
91.726800,0.083047,15.370659,-0.604927,0.714298,-0.075953,-2.021615,1.909719,20.200684,15.649464,14.669189,-5.022926,-4.921154,-4.919838
91.737946,0.083047,15.370659,-0.604927,0.714298,-0.075832,-2.021400,1.909965,20.204264,15.656752,14.672527,-5.022881,-4.921280,-4.919838
91.756502,0.083047,15.370659,-0.604927,0.714298,-0.075391,-2.021131,1.910436,20.215015,15.664040,14.679190,-5.022781,-4.921406,-4.919834
91.765514,0.083047,15.370659,-0.604927,0.714298,-0.075250,-2.021000,1.910669,20.218596,15.667685,14.682524,-5.022739,-4.921463,-4.919849
91.776355,0.083047,15.370659,-0.604927,0.714298,-0.075112,-2.020871,1.911124,20.222174,15.671331,14.689201,-5.022697,-4.921520,-4.919880
91.795994,0.083047,15.370659,-0.604927,0.714298,-0.074946,-2.020430,1.911567,20.225769,15.682285,14.695890,-5.022667,-4.921669,-4.919910
91.817011,0.083047,15.370659,-0.604927,0.714298,-0.074279,-2.019976,1.912202,20.240149,15.693232,14.705948,-5.022560,-4.921753,-4.919971
91.837371,0.083047,15.370659,-0.604927,0.714298,-0.073736,-2.019674,1.912613,20.250940,15.700529,14.712666,-5.022480,-4.921795,-4.920052
91.856404,0.083047,15.370659,-0.604927,0.714298,-0.073534,-2.019184,1.913208,20.254560,15.711483,14.722820,-5.022449,-4.921829,-4.920227
91.864488,0.083047,15.370659,-0.604927,0.714298,-0.073336,-2.019026,1.913402,20.258179,15.715136,14.726210,-5.022419,-4.921837,-4.920280
91.876756,0.083047,15.370659,-0.604927,0.714298,-0.073142,-2.018856,1.913608,20.261795,15.718801,14.729603,-5.022392,-4.921837,-4.920349
91.885200,0.083047,15.370659,-0.604927,0.714298,-0.072548,-2.018689,1.914014,20.272680,15.722467,14.736399,-5.022270,-4.921833,-4.920479
91.906015,0.083047,15.370659,-0.604927,0.714298,-0.072161,-2.018524,1.914413,20.279943,15.726135,14.743204,-5.022167,-4.921825,-4.920593
91.924732,0.083047,15.370659,-0.604927,0.714298,-0.071550,-2.017876,1.915006,20.290850,15.740803,14.753468,-5.021927,-4.921780,-4.920784
91.937950,0.083047,15.370659,-0.604927,0.714298,-0.071155,-2.017558,1.915200,20.298132,15.748138,14.756891,-5.021748,-4.921749,-4.920841
91.956159,0.083047,15.370659,-0.604927,0.714298,-0.070771,-2.017252,1.915568,20.305428,15.755451,14.763771,-5.021545,-4.921696,-4.920967
91.976371,0.083047,15.370659,-0.604927,0.714298,-0.070429,-2.016817,1.916085,20.312731,15.766401,14.774115,-5.021343,-4.921608,-4.921139
91.996039,0.083047,15.370659,-0.604927,0.714298,-0.069983,-2.016546,1.916393,20.323694,15.773676,14.781034,-5.021046,-4.921562,-4.921246
92.016229,0.083047,15.370659,-0.604927,0.714298,-0.069767,-2.016168,1.916821,20.331018,15.784557,14.791449,-5.020805,-4.921459,-4.921413
92.036743,0.083047,15.370659,-0.604927,0.714298,-0.069459,-2.015930,1.917093,20.341993,15.791807,14.798405,-5.020473,-4.921383,-4.921524
92.045266,0.083047,15.370659,-0.604927,0.714298,-0.069392,-2.015809,1.917203,20.345659,15.795410,14.801912,-5.020351,-4.921345,-4.921574
92.056184,0.083047,15.370659,-0.604927,0.714298,-0.069327,-2.015689,1.917420,20.349325,15.799015,14.808929,-5.020233,-4.921303,-4.921661
92.076228,0.083047,15.370659,-0.604927,0.714298,-0.069158,-2.015340,1.917633,20.360312,15.809799,14.815973,-5.019867,-4.921165,-4.921753
92.085111,0.083047,15.370659,-0.604927,0.714298,-0.069117,-2.015228,1.917842,20.363972,15.813374,14.823042,-5.019737,-4.921104,-4.921837
92.096697,0.083047,15.370659,-0.604927,0.714298,-0.069039,-2.015006,1.917946,20.371290,15.820528,14.826576,-5.019485,-4.920982,-4.921875
92.116369,0.083047,15.370659,-0.604927,0.714298,-0.068991,-2.014791,1.918168,20.378609,15.827629,14.833708,-5.019222,-4.920834,-4.921932
92.139339,0.083047,15.370659,-0.604927,0.714298,-0.068947,-2.014477,1.918503,20.385920,15.838264,14.844440,-5.018978,-4.920586,-4.921947
92.145953,0.083047,15.370659,-0.604927,0.714298,-0.068931,-2.014373,1.918618,20.389572,15.841795,14.848042,-5.018848,-4.920490,-4.921940
92.157884,0.083047,15.370659,-0.604927,0.714298,-0.068901,-2.014269,1.918731,20.396873,15.845327,14.851643,-5.018604,-4.920395,-4.921936
92.165806,0.083047,15.370659,-0.604927,0.714298,-0.068888,-2.014167,1.918954,20.400520,15.848862,14.858841,-5.018486,-4.920296,-4.921921
92.177138,0.083047,15.370659,-0.604927,0.714298,-0.068895,-2.013970,1.919069,20.404163,15.855927,14.862461,-5.018356,-4.920082,-4.921902
92.185961,0.083047,15.370659,-0.604927,0.714298,-0.068903,-2.013875,1.919182,20.407804,15.859457,14.866077,-5.018227,-4.919964,-4.921886
92.205930,0.083047,15.370659,-0.604927,0.714298,-0.068921,-2.013689,1.919500,20.415085,15.866524,14.876955,-5.017975,-4.919743,-4.921814
92.216392,0.083047,15.370659,-0.604927,0.714298,-0.068947,-2.013549,1.919594,20.418724,15.873606,14.880598,-5.017849,-4.919472,-4.921776
92.224786,0.083047,15.370659,-0.604927,0.714298,-0.069001,-2.013479,1.919686,20.425997,15.877150,14.884241,-5.017609,-4.919323,-4.921738
92.245196,0.083047,15.370659,-0.604927,0.714298,-0.069052,-2.013353,1.919868,20.433270,15.884233,14.891542,-5.017387,-4.919010,-4.921642
92.256130,0.083047,15.370659,-0.604927,0.714298,-0.069100,-2.013241,1.920045,20.440540,15.891315,14.898861,-5.017223,-4.918686,-4.921532
92.265263,0.083047,15.370659,-0.604927,0.714298,-0.069124,-2.013185,1.920133,20.444174,15.894859,14.902519,-5.017147,-4.918530,-4.921474
92.276336,0.083047,15.370659,-0.604927,0.714298,-0.069194,-2.013143,1.920208,20.451447,15.898403,14.906189,-5.017006,-4.918354,-4.921402
92.285290,0.083047,15.370659,-0.604927,0.714298,-0.069230,-2.013101,1.920356,20.455080,15.901947,14.913528,-5.016941,-4.918186,-4.921253
92.297234,0.083047,15.370659,-0.604927,0.714298,-0.069266,-2.013018,1.920430,20.458714,15.909042,14.917194,-5.016876,-4.917858,-4.921177
92.316136,0.083047,15.370659,-0.604927,0.714298,-0.069394,-2.012970,1.920597,20.469612,15.916090,14.924551,-5.016693,-4.917515,-4.921043
92.336325,0.083047,15.370659,-0.604927,0.714298,-0.069487,-2.012911,1.920863,20.476870,15.926657,14.935612,-5.016582,-4.917000,-4.920830
92.356254,0.083047,15.370659,-0.604927,0.714298,-0.069689,-2.012887,1.921066,20.487749,15.933687,14.943024,-5.016445,-4.916656,-4.920666
92.376507,0.083047,15.370659,-0.604927,0.714298,-0.069834,-2.012853,1.921436,20.494995,15.944220,14.954185,-5.016392,-4.916138,-4.920376
92.384966,0.083047,15.370659,-0.604927,0.714298,-0.069911,-2.012843,1.921568,20.498615,15.947731,14.957911,-5.016376,-4.915966,-4.920277
92.396965,0.083047,15.370659,-0.604927,0.714298,-0.070065,-2.012833,1.921699,20.505854,15.951242,14.961634,-5.016354,-4.915798,-4.920177
92.416065,0.083047,15.370659,-0.604927,0.714298,-0.070158,-2.012783,1.922153,20.509472,15.961798,14.972900,-5.016365,-4.915264,-4.919857
92.424962,0.083047,15.370659,-0.604927,0.714298,-0.070343,-2.012766,1.922301,20.516701,15.965319,14.976652,-5.016376,-4.915092,-4.919762
92.445527,0.083047,15.370659,-0.604927,0.714298,-0.070540,-2.012726,1.922815,20.523937,15.972376,14.987942,-5.016403,-4.914757,-4.919476
92.456262,0.083047,15.370659,-0.604927,0.714298,-0.070747,-2.012680,1.922995,20.531178,15.979446,14.991709,-5.016449,-4.914429,-4.919384
92.476295,0.083047,15.370659,-0.604927,0.714298,-0.071077,-2.012630,1.923385,20.542009,15.986528,14.999250,-5.016537,-4.914116,-4.919193
92.485109,0.083047,15.370659,-0.604927,0.714298,-0.071190,-2.012603,1.923801,20.545612,15.990072,15.006800,-5.016579,-4.913963,-4.919003
92.496781,0.083047,15.370659,-0.604927,0.714298,-0.071302,-2.012549,1.924004,20.549215,15.997168,15.010571,-5.016621,-4.913673,-4.918907
92.506181,0.083047,15.370659,-0.604927,0.714298,-0.071426,-2.012528,1.924240,20.552797,16.000734,15.014355,-5.016678,-4.913536,-4.918819
92.516255,0.083047,15.370659,-0.604927,0.714298,-0.071672,-2.012507,1.924471,20.559959,16.004303,15.018137,-5.016796,-4.913403,-4.918732
92.525522,0.083047,15.370659,-0.604927,0.714298,-0.071794,-2.012486,1.924699,20.563540,16.007874,15.021915,-5.016857,-4.913273,-4.918648
92.546448,0.083047,15.370659,-0.604927,0.714298,-0.072180,-2.012455,1.925412,20.574184,16.018623,15.033285,-5.017044,-4.912907,-4.918400
92.556940,0.083047,15.370659,-0.604927,0.714298,-0.072307,-2.012449,1.925652,20.577730,16.022213,15.037077,-5.017097,-4.912788,-4.918316
92.576444,0.083047,15.370659,-0.604927,0.714298,-0.072433,-2.012444,1.926400,20.581276,16.033012,15.048475,-5.017155,-4.912457,-4.918076
92.590707,0.083047,15.370659,-0.604927,0.714298,-0.072822,-2.012444,1.926650,20.591833,16.036615,15.052273,-5.017345,-4.912354,-4.917999
92.608776,0.083047,15.370659,-0.604927,0.714298,-0.073081,-2.012447,1.927407,20.598854,16.043835,15.063656,-5.017506,-4.912159,-4.917778
92.617548,0.083047,15.370659,-0.604927,0.714298,-0.073212,-2.012454,1.927657,20.602358,16.051062,15.067446,-5.017601,-4.911968,-4.917709
92.636340,0.083047,15.370659,-0.604927,0.714298,-0.073597,-2.012466,1.928166,20.612860,16.058292,15.075016,-5.017895,-4.911789,-4.917591
92.656373,0.083047,15.370659,-0.604927,0.714298,-0.073849,-2.012494,1.928934,20.619852,16.069147,15.086348,-5.018101,-4.911522,-4.917450
92.682039,0.083047,15.370659,-0.604927,0.714298,-0.074194,-2.012524,1.929463,20.630322,16.076380,15.093882,-5.018406,-4.911358,-4.917358
92.690566,0.083047,15.370659,-0.604927,0.714298,-0.074303,-2.012538,1.929722,20.633808,16.079996,15.097645,-5.018509,-4.911282,-4.917309
92.702020,0.083047,15.370659,-0.604927,0.714298,-0.074411,-2.012561,1.930229,20.637295,16.087225,15.105165,-5.018608,-4.911133,-4.917217
92.720810,0.083047,15.370659,-0.604927,0.714298,-0.074670,-2.012609,1.930763,20.647774,16.094461,15.112669,-5.018906,-4.911015,-4.917133
92.740866,0.083047,15.370659,-0.604927,0.714298,-0.074756,-2.012682,1.931530,20.651266,16.105301,15.123905,-5.018974,-4.910854,-4.916992
92.749795,0.083047,15.370659,-0.604927,0.714298,-0.074889,-2.012712,1.931776,20.658264,16.108904,15.127645,-5.019119,-4.910801,-4.916946
92.761274,0.083047,15.370659,-0.604927,0.714298,-0.075023,-2.012739,1.932018,20.665262,16.112507,15.131382,-5.019260,-4.910751,-4.916901
92.770658,0.083047,15.370659,-0.604927,0.714298,-0.075076,-2.012766,1.932256,20.668758,16.116110,15.135117,-5.019333,-4.910698,-4.916855
92.789817,0.083047,15.370659,-0.604927,0.714298,-0.075183,-2.012858,1.932956,20.675751,16.126904,15.146334,-5.019482,-4.910538,-4.916767
92.801325,0.083047,15.370659,-0.604927,0.714298,-0.075285,-2.012887,1.933182,20.682743,16.130501,15.150068,-5.019638,-4.910488,-4.916748
92.810229,0.083047,15.370659,-0.604927,0.714298,-0.075333,-2.012916,1.933636,20.686237,16.134090,15.157558,-5.019718,-4.910439,-4.916721
92.820881,0.083047,15.370659,-0.604927,0.714298,-0.075381,-2.012971,1.933858,20.689734,16.141270,15.161299,-5.019794,-4.910343,-4.916706
92.829738,0.083047,15.370659,-0.604927,0.714298,-0.075475,-2.012996,1.934076,20.696720,16.144859,15.165037,-5.019939,-4.910305,-4.916691
92.841431,0.083047,15.370659,-0.604927,0.714298,-0.075517,-2.013044,1.934305,20.700220,16.148455,15.168781,-5.020016,-4.910263,-4.916676
92.861991,0.083047,15.370659,-0.604927,0.714298,-0.075559,-2.013136,1.934970,20.703720,16.155645,15.179993,-5.020092,-4.910179,-4.916649
92.870203,0.083047,15.370659,-0.604927,0.714298,-0.075601,-2.013254,1.935200,20.707220,16.162849,15.183737,-5.020164,-4.910088,-4.916637
92.881021,0.083047,15.370659,-0.604927,0.714298,-0.075713,-2.013326,1.935427,20.717716,16.166460,15.187479,-5.020363,-4.910042,-4.916630
92.900657,0.083047,15.370659,-0.604927,0.714298,-0.075783,-2.013465,1.936103,20.724710,16.173681,15.198702,-5.020481,-4.909943,-4.916592
92.921315,0.083047,15.370659,-0.604927,0.714298,-0.075863,-2.013753,1.936557,20.735212,16.184509,15.206188,-5.020615,-4.909801,-4.916531
92.941083,0.083047,15.370659,-0.604927,0.714298,-0.075890,-2.014082,1.937246,20.738712,16.195335,15.217392,-5.020657,-4.909679,-4.916412
92.950985,0.083047,15.370659,-0.604927,0.714298,-0.075892,-2.014198,1.937475,20.742208,16.198944,15.221119,-5.020699,-4.909622,-4.916367
92.962147,0.083047,15.370659,-0.604927,0.714298,-0.075900,-2.014312,1.937700,20.752695,16.202551,15.224844,-5.020828,-4.909565,-4.916325
92.970867,0.083047,15.370659,-0.604927,0.714298,-0.075880,-2.014424,1.937922,20.756199,16.206160,15.228567,-5.020851,-4.909512,-4.916279
92.980849,0.083047,15.370659,-0.604927,0.714298,-0.075862,-2.014724,1.938391,20.759701,16.213375,15.236015,-5.020874,-4.909397,-4.916126
92.991249,0.083047,15.370659,-0.604927,0.714298,-0.075844,-2.014870,1.938619,20.763205,16.216984,15.239735,-5.020893,-4.909340,-4.916054
93.001048,0.083047,15.370659,-0.604927,0.714298,-0.075786,-2.015013,1.938844,20.770220,16.220592,15.243452,-5.020931,-4.909286,-4.915977
93.021440,0.083047,15.370659,-0.604927,0.714298,-0.075707,-2.015481,1.939546,20.777246,16.231441,15.254623,-5.020966,-4.909134,-4.915718
93.040946,0.083047,15.370659,-0.604927,0.714298,-0.075555,-2.015801,1.940000,20.787783,16.238689,15.262077,-5.020981,-4.909027,-4.915543
93.061808,0.083047,15.370659,-0.604927,0.714298,-0.075500,-2.016130,1.940661,20.791294,16.245949,15.273264,-5.020985,-4.908913,-4.915257
93.071731,0.083047,15.370659,-0.604927,0.714298,-0.075296,-2.016467,1.940872,20.801821,16.253220,15.276989,-5.020973,-4.908764,-4.915138
93.081213,0.083047,15.370659,-0.604927,0.714298,-0.075222,-2.016642,1.941080,20.805330,16.256863,15.280708,-5.020966,-4.908672,-4.915024
93.089808,0.083047,15.370659,-0.604927,0.714298,-0.075150,-2.016815,1.941284,20.808838,16.260504,15.284422,-5.020958,-4.908585,-4.914902
93.103024,0.083047,15.370659,-0.604927,0.714298,-0.075079,-2.017167,1.941694,20.812346,16.267807,15.291838,-5.020950,-4.908405,-4.914639
93.110310,0.083047,15.370659,-0.604927,0.714298,-0.074979,-2.017347,1.941900,20.815849,16.271467,15.295538,-5.020939,-4.908314,-4.914505
93.120741,0.083047,15.370659,-0.604927,0.714298,-0.074784,-2.017524,1.942102,20.822855,16.275129,15.299234,-5.020916,-4.908226,-4.914371
93.140780,0.083047,15.370659,-0.604927,0.714298,-0.074689,-2.018058,1.942708,20.826357,16.286125,15.310284,-5.020905,-4.907963,-4.913948
93.149681,0.083047,15.370659,-0.604927,0.714298,-0.074577,-2.018233,1.942907,20.829863,16.289791,15.313955,-5.020885,-4.907875,-4.913807
93.161779,0.083047,15.370659,-0.604927,0.714298,-0.074359,-2.018406,1.943101,20.836874,16.293459,15.317625,-5.020847,-4.907795,-4.913670
93.171386,0.083047,15.370659,-0.604927,0.714298,-0.074142,-2.018580,1.943513,20.843891,16.297115,15.324903,-5.020802,-4.907696,-4.913353
93.180740,0.083047,15.370659,-0.604927,0.714298,-0.074033,-2.018751,1.943713,20.847404,16.300772,15.328537,-5.020779,-4.907600,-4.913197
93.189786,0.083047,15.370659,-0.604927,0.714298,-0.073926,-2.019087,1.943909,20.850916,16.308086,15.332165,-5.020752,-4.907429,-4.913044
93.200840,0.083047,15.370659,-0.604927,0.714298,-0.073718,-2.019243,1.944108,20.857962,16.311739,15.335785,-5.020691,-4.907341,-4.912872
93.221005,0.083047,15.370659,-0.604927,0.714298,-0.073520,-2.019698,1.944686,20.865028,16.322699,15.346617,-5.020630,-4.907093,-4.912331
93.241617,0.083047,15.370659,-0.604927,0.714298,-0.073253,-2.019975,1.945058,20.875643,16.330002,15.353806,-5.020519,-4.906925,-4.911964
93.261428,0.083047,15.370659,-0.604927,0.714298,-0.073088,-2.020355,1.945597,20.882721,16.340948,15.364544,-5.020439,-4.906673,-4.911407
93.280720,0.083047,15.370659,-0.604927,0.714298,-0.072852,-2.020571,1.945935,20.893375,16.348253,15.371637,-5.020329,-4.906483,-4.910984
93.289960,0.083047,15.370659,-0.604927,0.714298,-0.072777,-2.020781,1.946262,20.896925,16.355560,15.378719,-5.020294,-4.906303,-4.910576
93.301034,0.083047,15.370659,-0.604927,0.714298,-0.072711,-2.020867,1.946420,20.900488,16.359228,15.382246,-5.020256,-4.906200,-4.910358
93.309913,0.083047,15.370659,-0.604927,0.714298,-0.072647,-2.020951,1.946575,20.904051,16.362896,15.385769,-5.020222,-4.906124,-4.910141
93.332175,0.083047,15.370659,-0.604927,0.714298,-0.072467,-2.021182,1.946875,20.914762,16.373901,15.392809,-5.020115,-4.905903,-4.909721
93.342122,0.083047,15.370659,-0.604927,0.714298,-0.072411,-2.021245,1.947162,20.918346,16.377573,15.399818,-5.020077,-4.905830,-4.909286
93.362129,0.083047,15.370659,-0.604927,0.714298,-0.072251,-2.021369,1.947438,20.929098,16.384916,15.406820,-5.019970,-4.905689,-4.908871
93.380839,0.083047,15.370659,-0.604927,0.714298,-0.072170,-2.021545,1.947805,20.936298,16.395962,15.417288,-5.019909,-4.905418,-4.908245
93.389748,0.083047,15.370659,-0.604927,0.714298,-0.072096,-2.021601,1.947922,20.943495,16.399643,15.420776,-5.019852,-4.905331,-4.908043
93.401320,0.083047,15.370659,-0.604927,0.714298,-0.072070,-2.021649,1.948034,20.947105,16.403337,15.424261,-5.019821,-4.905231,-4.907829
93.409999,0.083047,15.370659,-0.604927,0.714298,-0.072045,-2.021695,1.948250,20.950716,16.407030,15.431227,-5.019791,-4.905132,-4.907417
93.421991,0.083047,15.370659,-0.604927,0.714298,-0.072022,-2.021785,1.948353,20.954325,16.414417,15.434708,-5.019760,-4.904949,-4.907219
93.441198,0.083047,15.370659,-0.604927,0.714298,-0.071946,-2.021849,1.948527,20.965187,16.421839,15.441671,-5.019669,-4.904778,-4.906803
93.462056,0.083047,15.370659,-0.604927,0.714298,-0.071899,-2.021937,1.948766,20.972439,16.432970,15.452093,-5.019596,-4.904537,-4.906143
93.480695,0.083047,15.370659,-0.604927,0.714298,-0.071761,-2.021988,1.948912,20.983356,16.440392,15.459017,-5.019459,-4.904385,-4.905693
93.500795,0.083047,15.370659,-0.604927,0.714298,-0.071658,-2.022060,1.949103,20.990641,16.451525,15.469389,-5.019352,-4.904118,-4.905033
93.521994,0.083047,15.370659,-0.604927,0.714298,-0.071488,-2.022101,1.949253,21.001572,16.458946,15.479744,-5.019215,-4.903946,-4.904385
93.540841,0.083047,15.370659,-0.604927,0.714298,-0.071352,-2.022174,1.949340,21.008854,16.470064,15.486620,-5.019085,-4.903694,-4.903919
93.560868,0.083047,15.370659,-0.604927,0.714298,-0.071131,-2.022224,1.949420,21.019766,16.477472,15.493500,-5.018883,-4.903587,-4.903477
93.580626,0.083047,15.370659,-0.604927,0.714298,-0.071041,-2.022335,1.949548,21.023399,16.488585,15.503786,-5.018803,-4.903419,-4.902824
93.590070,0.083047,15.370659,-0.604927,0.714298,-0.070766,-2.022371,1.949586,21.034296,16.492289,15.507217,-5.018555,-4.903370,-4.902615
93.600984,0.083047,15.370659,-0.604927,0.714298,-0.070669,-2.022427,1.949635,21.037926,16.496006,15.510632,-5.018467,-4.903320,-4.902397
93.622189,0.083047,15.370659,-0.604927,0.714298,-0.070481,-2.022535,1.949767,21.045181,16.503435,15.520889,-5.018299,-4.903225,-4.901772
93.631187,0.083047,15.370659,-0.604927,0.714298,-0.070390,-2.022647,1.949821,21.048809,16.510883,15.524286,-5.018211,-4.903137,-4.901569
93.649496,0.083047,15.370659,-0.604927,0.714298,-0.070132,-2.022762,1.949924,21.059694,16.518349,15.531088,-5.017906,-4.903053,-4.901173
93.661115,0.083047,15.370659,-0.604927,0.714298,-0.070050,-2.022817,1.950030,21.063320,16.522079,15.537870,-5.017815,-4.903015,-4.900784
93.680670,0.083047,15.370659,-0.604927,0.714298,-0.069786,-2.023001,1.950140,21.074141,16.533316,15.544636,-5.017498,-4.902908,-4.900402
93.689691,0.083047,15.370659,-0.604927,0.714298,-0.069701,-2.023061,1.950250,21.077745,16.537058,15.551382,-5.017395,-4.902870,-4.900059
93.700744,0.083047,15.370659,-0.604927,0.714298,-0.069613,-2.023183,1.950306,21.081324,16.544569,15.554743,-5.017281,-4.902824,-4.899895
93.723015,0.083047,15.370659,-0.604927,0.714298,-0.069527,-2.023302,1.950408,21.084902,16.552074,15.561474,-5.017174,-4.902782,-4.899578
93.732945,0.083047,15.370659,-0.604927,0.714298,-0.069274,-2.023357,1.950511,21.095612,16.555822,15.568151,-5.016857,-4.902790,-4.899261
93.741408,0.083047,15.370659,-0.604927,0.714298,-0.069192,-2.023411,1.950558,21.099163,16.559570,15.571493,-5.016754,-4.902798,-4.899109
93.751064,0.083047,15.370659,-0.604927,0.714298,-0.069111,-2.023518,1.950603,21.102716,16.567060,15.574839,-5.016655,-4.902813,-4.898949
93.776440,0.083047,15.370659,-0.604927,0.714298,-0.068950,-2.023625,1.950725,21.109810,16.574545,15.584831,-5.016438,-4.902855,-4.898479
93.795238,0.083047,15.370659,-0.604927,0.714298,-0.068788,-2.023786,1.950794,21.116892,16.585762,15.591486,-5.016212,-4.902943,-4.898182
93.806363,0.083047,15.370659,-0.604927,0.714298,-0.068525,-2.023840,1.950828,21.127491,16.589495,15.594810,-5.015846,-4.902973,-4.898022
93.826777,0.083047,15.370659,-0.604927,0.714298,-0.068346,-2.023998,1.950913,21.134552,16.600687,15.604805,-5.015568,-4.903057,-4.897594
93.845877,0.083047,15.370659,-0.604927,0.714298,-0.068070,-2.024075,1.950974,21.145138,16.608173,15.611456,-5.015114,-4.903133,-4.897297
93.866723,0.083047,15.370659,-0.604927,0.714298,-0.067980,-2.024169,1.951056,21.148666,16.619408,15.621443,-5.014973,-4.903271,-4.896870
93.875039,0.083047,15.370659,-0.604927,0.714298,-0.067708,-2.024187,1.951085,21.159266,16.623161,15.624771,-5.014572,-4.903320,-4.896729
93.885839,0.083047,15.370659,-0.604927,0.714298,-0.067619,-2.024205,1.951112,21.162800,16.626915,15.628103,-5.014458,-4.903370,-4.896591
93.895263,0.083047,15.370659,-0.604927,0.714298,-0.067531,-2.024223,1.951136,21.166332,16.630667,15.631439,-5.014343,-4.903416,-4.896458
93.914601,0.083047,15.370659,-0.604927,0.714298,-0.067437,-2.024222,1.951251,21.169851,16.641943,15.641443,-5.014214,-4.903549,-4.896069
93.927789,0.083047,15.370659,-0.604927,0.714298,-0.067163,-2.024222,1.951284,21.180410,16.645699,15.644785,-5.013859,-4.903610,-4.895947
93.935073,0.083047,15.370659,-0.604927,0.714298,-0.067078,-2.024198,1.951368,21.183920,16.649469,15.651484,-5.013729,-4.903671,-4.895737
93.954785,0.083047,15.370659,-0.604927,0.714298,-0.066830,-2.024129,1.951440,21.194452,16.660774,15.658199,-5.013374,-4.903847,-4.895546
93.966800,0.083047,15.370659,-0.604927,0.714298,-0.066757,-2.024084,1.951479,21.197948,16.664551,15.661558,-5.013252,-4.903919,-4.895451
93.985948,0.083047,15.370659,-0.604927,0.714298,-0.066614,-2.023954,1.951576,21.204945,16.675863,15.671661,-5.013023,-4.904144,-4.895187
94.006553,0.083047,15.370659,-0.604927,0.714298,-0.066429,-2.023806,1.951652,21.215355,16.683426,15.678400,-5.012726,-4.904301,-4.895016
94.026673,0.083047,15.370659,-0.604927,0.714298,-0.066316,-2.023590,1.951744,21.222273,16.694757,15.688541,-5.012543,-4.904518,-4.894783
94.035249,0.083047,15.370659,-0.604927,0.714298,-0.066264,-2.023497,1.951781,21.229139,16.698528,15.691916,-5.012371,-4.904606,-4.894714
94.045928,0.083047,15.370659,-0.604927,0.714298,-0.066238,-2.023406,1.951814,21.232576,16.702299,15.695295,-5.012295,-4.904690,-4.894646
94.055468,0.083047,15.370659,-0.604927,0.714298,-0.066212,-2.023315,1.951872,21.236015,16.706068,15.702068,-5.012222,-4.904778,-4.894520
94.066054,0.083047,15.370659,-0.604927,0.714298,-0.066200,-2.023113,1.951889,21.239433,16.713594,15.705442,-5.012142,-4.904949,-4.894455
94.086506,0.083047,15.370659,-0.604927,0.714298,-0.066166,-2.022892,1.951924,21.249701,16.721106,15.715593,-5.011932,-4.905128,-4.894279
94.106507,0.083047,15.370659,-0.604927,0.714298,-0.066179,-2.022510,1.951925,21.256531,16.732347,15.722374,-5.011780,-4.905365,-4.894157
94.115612,0.083047,15.370659,-0.604927,0.714298,-0.066191,-2.022375,1.951922,21.263369,16.736090,15.725773,-5.011612,-4.905445,-4.894104
94.136309,0.083047,15.370659,-0.604927,0.714298,-0.066217,-2.022083,1.951900,21.270195,16.743567,15.732576,-5.011436,-4.905617,-4.893990
94.146587,0.083047,15.370659,-0.604927,0.714298,-0.066230,-2.021772,1.951862,21.273611,16.751034,15.739389,-5.011353,-4.905796,-4.893875
94.166101,0.083047,15.370659,-0.604927,0.714298,-0.066269,-2.021437,1.951799,21.283863,16.758478,15.746212,-5.011127,-4.905994,-4.893757
94.175800,0.083047,15.370659,-0.604927,0.714298,-0.066280,-2.021258,1.951755,21.287279,16.762188,15.749628,-5.011051,-4.906105,-4.893696
94.187949,0.083047,15.370659,-0.604927,0.714298,-0.066293,-2.021081,1.951663,21.290697,16.765900,15.756474,-5.010983,-4.906212,-4.893581
94.195140,0.083047,15.370659,-0.604927,0.714298,-0.066305,-2.020705,1.951597,21.294117,16.773304,15.759890,-5.010914,-4.906445,-4.893513
94.214423,0.083047,15.370659,-0.604927,0.714298,-0.066323,-2.020310,1.951387,21.300957,16.780693,15.770164,-5.010769,-4.906696,-4.893318
94.225948,0.083047,15.370659,-0.604927,0.714298,-0.066343,-2.019905,1.951298,21.307804,16.788061,15.773586,-5.010635,-4.906944,-4.893250
94.235210,0.083047,15.370659,-0.604927,0.714298,-0.066354,-2.019695,1.951208,21.311216,16.791739,15.777010,-5.010567,-4.907074,-4.893169
94.245801,0.083047,15.370659,-0.604927,0.714298,-0.066378,-2.019488,1.951117,21.318050,16.795414,15.780439,-5.010433,-4.907196,-4.893093
94.255507,0.083047,15.370659,-0.604927,0.714298,-0.066391,-2.019283,1.951025,21.321468,16.799089,15.783875,-5.010372,-4.907314,-4.893021
94.266104,0.083047,15.370659,-0.604927,0.714298,-0.066409,-2.018865,1.950781,21.324873,16.806419,15.790730,-5.010296,-4.907566,-4.892860
94.287454,0.083047,15.370659,-0.604927,0.714298,-0.066464,-2.018454,1.950407,21.335102,16.813747,15.801046,-5.010082,-4.907784,-4.892643
94.295680,0.083047,15.370659,-0.604927,0.714298,-0.066484,-2.018251,1.950259,21.338491,16.817411,15.804476,-5.010002,-4.907887,-4.892563
94.306281,0.083047,15.370659,-0.604927,0.714298,-0.066505,-2.017846,1.950110,21.341885,16.824703,15.807909,-5.009926,-4.908112,-4.892483
94.326199,0.083047,15.370659,-0.604927,0.714298,-0.066565,-2.017448,1.949811,21.352053,16.831997,15.814791,-5.009708,-4.908325,-4.892338
94.345877,0.083047,15.370659,-0.604927,0.714298,-0.066596,-2.016847,1.949361,21.358814,16.842894,15.825083,-5.009563,-4.908627,-4.892094
94.365958,0.083047,15.370659,-0.604927,0.714298,-0.066629,-2.016430,1.949052,21.368948,16.850145,15.831955,-5.009388,-4.908825,-4.891998
94.386696,0.083047,15.370659,-0.604927,0.714298,-0.066649,-2.015996,1.948576,21.375708,16.857388,15.842278,-5.009281,-4.909023,-4.891869
94.395212,0.083047,15.370659,-0.604927,0.714298,-0.066647,-2.015559,1.948414,21.379084,16.864632,15.845720,-5.009228,-4.909206,-4.891823
94.414666,0.083047,15.370659,-0.604927,0.714298,-0.066648,-2.015119,1.948091,21.385843,16.871878,15.852617,-5.009129,-4.909378,-4.891731
94.426178,0.083047,15.370659,-0.604927,0.714298,-0.066650,-2.014903,1.947770,21.389229,16.875500,15.859543,-5.009060,-4.909458,-4.891636
94.435043,0.083047,15.370659,-0.604927,0.714298,-0.066633,-2.014488,1.947612,21.399349,16.882740,15.863018,-5.008873,-4.909615,-4.891586
94.445884,0.083047,15.370659,-0.604927,0.714298,-0.066625,-2.014284,1.947455,21.402721,16.886360,15.866497,-5.008816,-4.909691,-4.891541
94.455694,0.083047,15.370659,-0.604927,0.714298,-0.066618,-2.014082,1.947297,21.406097,16.889978,15.869980,-5.008762,-4.909752,-4.891499
94.465989,0.083047,15.370659,-0.604927,0.714298,-0.066578,-2.013681,1.946954,21.409451,16.897219,15.876970,-5.008701,-4.909882,-4.891411
94.486500,0.083047,15.370659,-0.604927,0.714298,-0.066465,-2.013289,1.946614,21.419529,16.904455,15.883978,-5.008518,-4.909996,-4.891342
94.494791,0.083047,15.370659,-0.604927,0.714298,-0.066404,-2.013103,1.946213,21.422884,16.908081,15.890995,-5.008446,-4.910057,-4.891266
94.506236,0.083047,15.370659,-0.604927,0.714298,-0.066345,-2.012738,1.946016,21.426241,16.915333,15.894510,-5.008373,-4.910168,-4.891232
94.526505,0.083047,15.370659,-0.604927,0.714298,-0.066152,-2.012403,1.945593,21.436337,16.922579,15.901545,-5.008167,-4.910286,-4.891151
94.546034,0.083047,15.370659,-0.604927,0.714298,-0.065996,-2.011946,1.944926,21.443085,16.933445,15.912113,-5.007977,-4.910473,-4.891022
94.557011,0.083047,15.370659,-0.604927,0.714298,-0.065831,-2.011798,1.944708,21.449862,16.937065,15.915644,-5.007790,-4.910530,-4.890984
94.566443,0.083047,15.370659,-0.604927,0.714298,-0.065743,-2.011667,1.944467,21.453260,16.940689,15.919184,-5.007698,-4.910603,-4.890919
94.576758,0.083047,15.370659,-0.604927,0.714298,-0.065657,-2.011538,1.943994,21.456663,16.944311,15.926277,-5.007614,-4.910660,-4.890800
94.595784,0.083047,15.370659,-0.604927,0.714298,-0.065572,-2.011167,1.943508,21.460070,16.955177,15.933388,-5.007530,-4.910835,-4.890656
94.606093,0.083047,15.370659,-0.604927,0.714298,-0.065315,-2.011052,1.943257,21.470381,16.958797,15.936949,-5.007263,-4.910900,-4.890572
94.626317,0.083047,15.370659,-0.604927,0.714298,-0.065232,-2.010736,1.942493,21.473824,16.969662,15.947670,-5.007183,-4.911106,-4.890320
94.635484,0.083047,15.370659,-0.604927,0.714298,-0.065151,-2.010646,1.942226,21.477293,16.973286,15.951256,-5.007088,-4.911163,-4.890228
94.645821,0.083047,15.370659,-0.604927,0.714298,-0.064917,-2.010557,1.941963,21.487713,16.976908,15.954847,-5.006840,-4.911217,-4.890141
94.655830,0.083047,15.370659,-0.604927,0.714298,-0.064851,-2.010396,1.941424,21.491205,16.984144,15.962057,-5.006756,-4.911343,-4.889984
94.666256,0.083047,15.370659,-0.604927,0.714298,-0.064786,-2.010323,1.941148,21.494698,16.987757,15.965675,-5.006676,-4.911411,-4.889900
94.688063,0.083047,15.370659,-0.604927,0.714298,-0.064660,-2.010181,1.940609,21.501690,16.994982,15.972919,-5.006531,-4.911541,-4.889751
94.695343,0.083047,15.370659,-0.604927,0.714298,-0.064548,-2.010123,1.940049,21.508713,16.998587,15.980206,-5.006390,-4.911629,-4.889606
94.715134,0.083047,15.370659,-0.604927,0.714298,-0.064450,-2.009956,1.939504,21.515766,17.009401,15.987501,-5.006245,-4.911869,-4.889488
94.725938,0.083047,15.370659,-0.604927,0.714298,-0.064354,-2.009909,1.939214,21.522846,17.013020,15.991169,-5.006104,-4.911961,-4.889442
94.734815,0.083047,15.370659,-0.604927,0.714298,-0.064306,-2.009863,1.938647,21.526398,17.016638,15.998508,-5.006039,-4.912048,-4.889359
94.755906,0.083047,15.370659,-0.604927,0.714298,-0.064259,-2.009747,1.938072,21.529951,17.027494,16.005861,-5.005978,-4.912315,-4.889286
94.766438,0.083047,15.370659,-0.604927,0.714298,-0.064113,-2.009721,1.937778,21.540644,17.031118,16.009542,-5.005814,-4.912411,-4.889259
94.787862,0.083047,15.370659,-0.604927,0.714298,-0.064019,-2.009670,1.936902,21.547781,17.038366,16.020609,-5.005703,-4.912598,-4.889217
94.806035,0.083047,15.370659,-0.604927,0.714298,-0.063877,-2.009604,1.936311,21.558573,17.049257,16.028006,-5.005558,-4.912876,-4.889206
94.814614,0.083047,15.370659,-0.604927,0.714298,-0.063832,-2.009583,1.935739,21.562170,17.052885,16.035408,-5.005520,-4.912964,-4.889206
94.826032,0.083047,15.370659,-0.604927,0.714298,-0.063787,-2.009540,1.935433,21.565784,17.060148,16.039135,-5.005474,-4.913147,-4.889210
94.834896,0.083047,15.370659,-0.604927,0.714298,-0.063743,-2.009518,1.935132,21.569397,17.063784,16.042864,-5.005440,-4.913242,-4.889194
94.846625,0.083047,15.370659,-0.604927,0.714298,-0.063660,-2.009498,1.934835,21.576622,17.067419,16.046591,-5.005383,-4.913334,-4.889187
